base_BGC	label	plot_class	any_saccharide	pure_saccharide	source_row_IDs	source_row_indices	augmentation_suffixes	n_augmentations	UMAP1	UMAP2
BGC0000001	Polyketide	Polyketide	False	False	"[""BGC0000001_-1"", ""BGC0000001_0"", ""BGC0000001_1"", ""BGC0000001_2"", ""BGC0000001_3""]"	[1, 0, 2, 3, 4]	[-1, 0, 1, 2, 3]	5	13.133908271789551	13.203068733215332
BGC0000002	Polyketide	Polyketide	False	False	"[""BGC0000002_-1"", ""BGC0000002_0"", ""BGC0000002_1"", ""BGC0000002_2"", ""BGC0000002_3""]"	[6, 5, 7, 8, 9]	[-1, 0, 1, 2, 3]	5	12.443088531494141	12.572032928466797
BGC0000003	Polyketide	Polyketide	False	False	"[""BGC0000003_-1"", ""BGC0000003_0"", ""BGC0000003_1"", ""BGC0000003_2"", ""BGC0000003_3""]"	[11, 10, 12, 13, 14]	[-1, 0, 1, 2, 3]	5	16.014089584350586	11.128371238708496
BGC0000004	Polyketide	Polyketide	False	False	"[""BGC0000004_-1"", ""BGC0000004_0"", ""BGC0000004_1"", ""BGC0000004_2"", ""BGC0000004_3""]"	[16, 15, 17, 18, 19]	[-1, 0, 1, 2, 3]	5	15.082805633544922	14.617856025695801
BGC0000006	Polyketide	Polyketide	False	False	"[""BGC0000006_-1"", ""BGC0000006_0"", ""BGC0000006_1"", ""BGC0000006_2"", ""BGC0000006_3""]"	[21, 20, 22, 23, 24]	[-1, 0, 1, 2, 3]	5	15.050092697143555	14.494050025939941
BGC0000007	Polyketide	Polyketide	False	False	"[""BGC0000007_-1"", ""BGC0000007_0"", ""BGC0000007_1"", ""BGC0000007_2"", ""BGC0000007_3""]"	[26, 25, 27, 28, 29]	[-1, 0, 1, 2, 3]	5	15.099126815795898	14.558651924133301
BGC0000008	Polyketide	Polyketide	False	False	"[""BGC0000008_-1"", ""BGC0000008_0"", ""BGC0000008_1"", ""BGC0000008_2"", ""BGC0000008_3""]"	[31, 30, 32, 33, 34]	[-1, 0, 1, 2, 3]	5	15.062962532043457	14.569369316101074
BGC0000009	Polyketide	Polyketide	False	False	"[""BGC0000009_-1"", ""BGC0000009_0"", ""BGC0000009_1"", ""BGC0000009_2"", ""BGC0000009_3""]"	[36, 35, 37, 38, 39]	[-1, 0, 1, 2, 3]	5	15.035666465759277	14.654138565063477
BGC0000010	Polyketide	Polyketide	False	False	"[""BGC0000010_-1"", ""BGC0000010_0"", ""BGC0000010_1"", ""BGC0000010_2"", ""BGC0000010_3""]"	[41, 40, 42, 43, 44]	[-1, 0, 1, 2, 3]	5	16.353811264038086	11.727590560913086
BGC0000011	Polyketide	Polyketide	False	False	"[""BGC0000011_-1"", ""BGC0000011_0"", ""BGC0000011_1"", ""BGC0000011_2"", ""BGC0000011_3""]"	[46, 45, 47, 48, 49]	[-1, 0, 1, 2, 3]	5	15.09123706817627	14.883068084716797
BGC0000012	Polyketide	Polyketide	False	False	"[""BGC0000012_-1"", ""BGC0000012_0"", ""BGC0000012_1"", ""BGC0000012_2"", ""BGC0000012_3""]"	[51, 50, 52, 53, 54]	[-1, 0, 1, 2, 3]	5	15.904304504394531	11.84859561920166
BGC0000013	Polyketide	Polyketide	False	False	"[""BGC0000013_-1"", ""BGC0000013_0"", ""BGC0000013_1"", ""BGC0000013_2"", ""BGC0000013_3""]"	[56, 55, 57, 58, 59]	[-1, 0, 1, 2, 3]	5	14.972352027893066	12.483706474304199
BGC0000014	Polyketide	Polyketide	False	False	"[""BGC0000014_-1"", ""BGC0000014_0"", ""BGC0000014_1"", ""BGC0000014_2"", ""BGC0000014_3""]"	[61, 60, 62, 63, 64]	[-1, 0, 1, 2, 3]	5	15.86677074432373	9.7886562347412109
BGC0000016	Other	Other	False	False	"[""BGC0000016_-1"", ""BGC0000016_0"", ""BGC0000016_1"", ""BGC0000016_2"", ""BGC0000016_3""]"	[66, 65, 67, 68, 69]	[-1, 0, 1, 2, 3]	5	2.1013143062591553	1.7463637590408325
BGC0000017	Polyketide Alkaloid	Hybrid	False	False	"[""BGC0000017_-1"", ""BGC0000017_0"", ""BGC0000017_1"", ""BGC0000017_2"", ""BGC0000017_3""]"	[71, 70, 72, 73, 74]	[-1, 0, 1, 2, 3]	5	14.793146133422852	10.524216651916504
BGC0000018	Polyketide	Polyketide	False	False	"[""BGC0000018_-1"", ""BGC0000018_0"", ""BGC0000018_1"", ""BGC0000018_2"", ""BGC0000018_3""]"	[76, 75, 77, 78, 79]	[-1, 0, 1, 2, 3]	5	13.580817222595215	13.580818176269531
BGC0000019	Polyketide	Polyketide	False	False	"[""BGC0000019_-1"", ""BGC0000019_0"", ""BGC0000019_1"", ""BGC0000019_2"", ""BGC0000019_3""]"	[81, 80, 82, 83, 84]	[-1, 0, 1, 2, 3]	5	11.990649223327637	13.730607986450195
BGC0000020	Polyketide	Polyketide	False	False	"[""BGC0000020_-1"", ""BGC0000020_0"", ""BGC0000020_1"", ""BGC0000020_2"", ""BGC0000020_3""]"	[86, 85, 87, 88, 89]	[-1, 0, 1, 2, 3]	5	12.662923812866211	13.103058815002441
BGC0000021	Polyketide	Polyketide	False	False	"[""BGC0000021_-1"", ""BGC0000021_0"", ""BGC0000021_1"", ""BGC0000021_2"", ""BGC0000021_3""]"	[91, 90, 92, 93, 94]	[-1, 0, 1, 2, 3]	5	12.668912887573242	13.046674728393555
BGC0000022	Polyketide	Polyketide	False	False	"[""BGC0000022_-1"", ""BGC0000022_0"", ""BGC0000022_1"", ""BGC0000022_2"", ""BGC0000022_3""]"	[96, 95, 97, 98, 99]	[-1, 0, 1, 2, 3]	5	15.286534309387207	11.424213409423828
BGC0000023	Polyketide	Polyketide	False	False	"[""BGC0000023_-1"", ""BGC0000023_0"", ""BGC0000023_1"", ""BGC0000023_2"", ""BGC0000023_3""]"	[101, 100, 102, 103, 104]	[-1, 0, 1, 2, 3]	5	15.583271026611328	11.356616020202637
BGC0000024	Polyketide	Polyketide	False	False	"[""BGC0000024_-1"", ""BGC0000024_0"", ""BGC0000024_1"", ""BGC0000024_2"", ""BGC0000024_3""]"	[106, 105, 107, 108, 109]	[-1, 0, 1, 2, 3]	5	13.389266967773438	12.839473724365234
BGC0000025	Polyketide	Polyketide	False	False	"[""BGC0000025_-1"", ""BGC0000025_0"", ""BGC0000025_1"", ""BGC0000025_2"", ""BGC0000025_3""]"	[111, 110, 112, 113, 114]	[-1, 0, 1, 2, 3]	5	1.9847543239593506	0.51057922840118408
BGC0000026	Saccharide	Saccharide	True	True	"[""BGC0000026_-1"", ""BGC0000026_0"", ""BGC0000026_1"", ""BGC0000026_2"", ""BGC0000026_3""]"	[116, 115, 117, 118, 119]	[-1, 0, 1, 2, 3]	5	12.351125717163086	12.588117599487305
BGC0000027	Polyketide	Polyketide	False	False	"[""BGC0000027_-1"", ""BGC0000027_0"", ""BGC0000027_1"", ""BGC0000027_2"", ""BGC0000027_3""]"	[121, 120, 122, 123, 124]	[-1, 0, 1, 2, 3]	5	13.48345947265625	14.473236083984375
BGC0000028	Polyketide	Polyketide	False	False	"[""BGC0000028_-1"", ""BGC0000028_0"", ""BGC0000028_1"", ""BGC0000028_2"", ""BGC0000028_3""]"	[126, 125, 127, 128, 129]	[-1, 0, 1, 2, 3]	5	14.031399726867676	12.060508728027344
BGC0000029	Polyketide	Polyketide	False	False	"[""BGC0000029_-1"", ""BGC0000029_0"", ""BGC0000029_1"", ""BGC0000029_2"", ""BGC0000029_3""]"	[131, 130, 132, 133, 134]	[-1, 0, 1, 2, 3]	5	13.78431224822998	11.598450660705566
BGC0000030	Polyketide	Polyketide	False	False	"[""BGC0000030_-1"", ""BGC0000030_0"", ""BGC0000030_1"", ""BGC0000030_2"", ""BGC0000030_3""]"	[136, 135, 137, 138, 139]	[-1, 0, 1, 2, 3]	5	14.459615707397461	13.234646797180176
BGC0000031	Polyketide	Polyketide	False	False	"[""BGC0000031_-1"", ""BGC0000031_0"", ""BGC0000031_1"", ""BGC0000031_2"", ""BGC0000031_3""]"	[141, 140, 142, 143, 144]	[-1, 0, 1, 2, 3]	5	13.597762107849121	12.965975761413574
BGC0000032	Polyketide	Polyketide	False	False	"[""BGC0000032_-1"", ""BGC0000032_0"", ""BGC0000032_1"", ""BGC0000032_2"", ""BGC0000032_3""]"	[146, 145, 147, 148, 149]	[-1, 0, 1, 2, 3]	5	13.201123237609863	12.590818405151367
BGC0000033	Polyketide	Polyketide	False	False	"[""BGC0000033_-1"", ""BGC0000033_0"", ""BGC0000033_1"", ""BGC0000033_2"", ""BGC0000033_3""]"	[151, 150, 152, 153, 154]	[-1, 0, 1, 2, 3]	5	13.864460945129395	11.227751731872559
BGC0000034	NRP Polyketide	Hybrid	False	False	"[""BGC0000034_-1"", ""BGC0000034_0"", ""BGC0000034_1"", ""BGC0000034_2"", ""BGC0000034_3""]"	[156, 155, 157, 158, 159]	[-1, 0, 1, 2, 3]	5	14.93621826171875	10.757859230041504
BGC0000035	Polyketide	Polyketide	False	False	"[""BGC0000035_-1"", ""BGC0000035_0"", ""BGC0000035_1"", ""BGC0000035_2"", ""BGC0000035_3""]"	[161, 160, 162, 163, 164]	[-1, 0, 1, 2, 3]	5	14.086603164672852	11.399415969848633
BGC0000036	Polyketide Saccharide	Hybrid	True	False	"[""BGC0000036_-1"", ""BGC0000036_0"", ""BGC0000036_1"", ""BGC0000036_2"", ""BGC0000036_3""]"	[166, 165, 167, 168, 169]	[-1, 0, 1, 2, 3]	5	12.554083824157715	13.142978668212891
BGC0000037	Polyketide	Polyketide	False	False	"[""BGC0000037_-1"", ""BGC0000037_0"", ""BGC0000037_1"", ""BGC0000037_2"", ""BGC0000037_3""]"	[171, 170, 172, 173, 174]	[-1, 0, 1, 2, 3]	5	14.234745979309082	11.955357551574707
BGC0000038	Polyketide	Polyketide	False	False	"[""BGC0000038_-1"", ""BGC0000038_0"", ""BGC0000038_1"", ""BGC0000038_2"", ""BGC0000038_3""]"	[176, 175, 177, 178, 179]	[-1, 0, 1, 2, 3]	5	13.122052192687988	12.290820121765137
BGC0000039	Polyketide	Polyketide	False	False	"[""BGC0000039_-1"", ""BGC0000039_0"", ""BGC0000039_1"", ""BGC0000039_2"", ""BGC0000039_3""]"	[181, 180, 182, 183, 184]	[-1, 0, 1, 2, 3]	5	15.906415939331055	11.420265197753906
BGC0000040	Polyketide	Polyketide	False	False	"[""BGC0000040_-1"", ""BGC0000040_0"", ""BGC0000040_1"", ""BGC0000040_2"", ""BGC0000040_3""]"	[186, 185, 187, 188, 189]	[-1, 0, 1, 2, 3]	5	12.50218391418457	12.798989295959473
BGC0000041	Polyketide	Polyketide	False	False	"[""BGC0000041_-1"", ""BGC0000041_0"", ""BGC0000041_1"", ""BGC0000041_2"", ""BGC0000041_3""]"	[191, 190, 192, 193, 194]	[-1, 0, 1, 2, 3]	5	14.273448944091797	11.011672019958496
BGC0000042	Polyketide	Polyketide	False	False	"[""BGC0000042_-1"", ""BGC0000042_0"", ""BGC0000042_1"", ""BGC0000042_2"", ""BGC0000042_3""]"	[196, 195, 197, 198, 199]	[-1, 0, 1, 2, 3]	5	13.530804634094238	12.653478622436523
BGC0000043	Polyketide	Polyketide	False	False	"[""BGC0000043_-1"", ""BGC0000043_0"", ""BGC0000043_1"", ""BGC0000043_2"", ""BGC0000043_3""]"	[201, 200, 202, 203, 204]	[-1, 0, 1, 2, 3]	5	14.261598587036133	11.060724258422852
BGC0000044	Polyketide	Polyketide	False	False	"[""BGC0000044_-1"", ""BGC0000044_0"", ""BGC0000044_1"", ""BGC0000044_2"", ""BGC0000044_3""]"	[206, 205, 207, 208, 209]	[-1, 0, 1, 2, 3]	5	15.14797306060791	12.238980293273926
BGC0000045	Polyketide	Polyketide	False	False	"[""BGC0000045_-1"", ""BGC0000045_0"", ""BGC0000045_1"", ""BGC0000045_2"", ""BGC0000045_3""]"	[211, 210, 212, 213, 214]	[-1, 0, 1, 2, 3]	5	14.568962097167969	13.647520065307617
BGC0000046	Polyketide	Polyketide	False	False	"[""BGC0000046_-1"", ""BGC0000046_0"", ""BGC0000046_1"", ""BGC0000046_2"", ""BGC0000046_3""]"	[216, 215, 217, 218, 219]	[-1, 0, 1, 2, 3]	5	15.149275779724121	11.641556739807129
BGC0000047	Polyketide	Polyketide	False	False	"[""BGC0000047_-1"", ""BGC0000047_0"", ""BGC0000047_1"", ""BGC0000047_2"", ""BGC0000047_3""]"	[221, 220, 222, 223, 224]	[-1, 0, 1, 2, 3]	5	13.909740447998047	11.548274993896484
BGC0000048	Polyketide	Polyketide	False	False	"[""BGC0000048_-1"", ""BGC0000048_0"", ""BGC0000048_1"", ""BGC0000048_2"", ""BGC0000048_3""]"	[226, 225, 227, 228, 229]	[-1, 0, 1, 2, 3]	5	14.59355640411377	14.636356353759766
BGC0000050	Polyketide	Polyketide	False	False	"[""BGC0000050_-1"", ""BGC0000050_0"", ""BGC0000050_1"", ""BGC0000050_2"", ""BGC0000050_3""]"	[231, 230, 232, 233, 234]	[-1, 0, 1, 2, 3]	5	13.77570629119873	12.347836494445801
BGC0000051	Polyketide	Polyketide	False	False	"[""BGC0000051_-1"", ""BGC0000051_0"", ""BGC0000051_1"", ""BGC0000051_2"", ""BGC0000051_3""]"	[236, 235, 237, 238, 239]	[-1, 0, 1, 2, 3]	5	14.006989479064941	11.953548431396484
BGC0000052	Polyketide	Polyketide	False	False	"[""BGC0000052_-1"", ""BGC0000052_0"", ""BGC0000052_1"", ""BGC0000052_2"", ""BGC0000052_3""]"	[241, 240, 242, 243, 244]	[-1, 0, 1, 2, 3]	5	12.550458908081055	12.45069408416748
BGC0000053	Polyketide	Polyketide	False	False	"[""BGC0000053_-1"", ""BGC0000053_0"", ""BGC0000053_1"", ""BGC0000053_2"", ""BGC0000053_3""]"	[246, 245, 247, 248, 249]	[-1, 0, 1, 2, 3]	5	12.689602851867676	12.320252418518066
BGC0000054	Polyketide	Polyketide	False	False	"[""BGC0000054_-1"", ""BGC0000054_0"", ""BGC0000054_1"", ""BGC0000054_2"", ""BGC0000054_3""]"	[251, 250, 252, 253, 254]	[-1, 0, 1, 2, 3]	5	13.289705276489258	12.852541923522949
BGC0000055	Polyketide Saccharide	Hybrid	True	False	"[""BGC0000055_-1"", ""BGC0000055_0"", ""BGC0000055_1"", ""BGC0000055_2"", ""BGC0000055_3""]"	[256, 255, 257, 258, 259]	[-1, 0, 1, 2, 3]	5	12.43437671661377	13.530811309814453
BGC0000056	Polyketide	Polyketide	False	False	"[""BGC0000056_-1"", ""BGC0000056_0"", ""BGC0000056_1"", ""BGC0000056_2"", ""BGC0000056_3""]"	[261, 260, 262, 263, 264]	[-1, 0, 1, 2, 3]	5	14.514959335327148	11.316800117492676
BGC0000057	Polyketide	Polyketide	False	False	"[""BGC0000057_-1"", ""BGC0000057_0"", ""BGC0000057_1"", ""BGC0000057_2"", ""BGC0000057_3""]"	[266, 265, 267, 268, 269]	[-1, 0, 1, 2, 3]	5	13.952778816223145	14.035691261291504
BGC0000058	Polyketide	Polyketide	False	False	"[""BGC0000058_-1"", ""BGC0000058_0"", ""BGC0000058_1"", ""BGC0000058_2"", ""BGC0000058_3""]"	[271, 270, 272, 273, 274]	[-1, 0, 1, 2, 3]	5	13.590847015380859	12.517337799072266
BGC0000059	Polyketide	Polyketide	False	False	"[""BGC0000059_-1"", ""BGC0000059_0"", ""BGC0000059_1"", ""BGC0000059_2"", ""BGC0000059_3""]"	[276, 275, 277, 278, 279]	[-1, 0, 1, 2, 3]	5	14.203378677368164	11.738022804260254
BGC0000060	Polyketide	Polyketide	False	False	"[""BGC0000060_-1"", ""BGC0000060_0"", ""BGC0000060_1"", ""BGC0000060_2"", ""BGC0000060_3""]"	[281, 280, 282, 283, 284]	[-1, 0, 1, 2, 3]	5	13.71408748626709	12.545973777770996
BGC0000062	Polyketide	Polyketide	False	False	"[""BGC0000062_-1"", ""BGC0000062_0"", ""BGC0000062_1"", ""BGC0000062_2"", ""BGC0000062_3""]"	[286, 285, 287, 288, 289]	[-1, 0, 1, 2, 3]	5	15.272462844848633	11.351028442382812
BGC0000063	Polyketide	Polyketide	False	False	"[""BGC0000063_-1"", ""BGC0000063_0"", ""BGC0000063_1"", ""BGC0000063_2"", ""BGC0000063_3""]"	[291, 290, 292, 293, 294]	[-1, 0, 1, 2, 3]	5	15.343306541442871	11.284473419189453
BGC0000064	NRP Polyketide	Hybrid	False	False	"[""BGC0000064_-1"", ""BGC0000064_0"", ""BGC0000064_1"", ""BGC0000064_2"", ""BGC0000064_3""]"	[296, 295, 297, 298, 299]	[-1, 0, 1, 2, 3]	5	15.925492286682129	9.5300626754760742
BGC0000065	Polyketide	Polyketide	False	False	"[""BGC0000065_-1"", ""BGC0000065_0"", ""BGC0000065_1"", ""BGC0000065_2"", ""BGC0000065_3""]"	[301, 300, 302, 303, 304]	[-1, 0, 1, 2, 3]	5	16.182477951049805	11.62656307220459
BGC0000066	Polyketide	Polyketide	False	False	"[""BGC0000066_-1"", ""BGC0000066_0"", ""BGC0000066_1"", ""BGC0000066_2"", ""BGC0000066_3""]"	[306, 305, 307, 308, 309]	[-1, 0, 1, 2, 3]	5	13.290155410766602	12.068488121032715
BGC0000067	Polyketide	Polyketide	False	False	"[""BGC0000067_-1"", ""BGC0000067_0"", ""BGC0000067_1"", ""BGC0000067_2"", ""BGC0000067_3""]"	[311, 310, 312, 313, 314]	[-1, 0, 1, 2, 3]	5	13.162739753723145	12.009642601013184
BGC0000068	Polyketide	Polyketide	False	False	"[""BGC0000068_-1"", ""BGC0000068_0"", ""BGC0000068_1"", ""BGC0000068_2"", ""BGC0000068_3""]"	[316, 315, 317, 318, 319]	[-1, 0, 1, 2, 3]	5	3.9638347625732422	2.5912375450134277
BGC0000069	Polyketide	Polyketide	False	False	"[""BGC0000069_-1"", ""BGC0000069_0"", ""BGC0000069_1"", ""BGC0000069_2"", ""BGC0000069_3""]"	[321, 320, 322, 323, 324]	[-1, 0, 1, 2, 3]	5	15.594980239868164	11.404289245605469
BGC0000070	Polyketide	Polyketide	False	False	"[""BGC0000070_-1"", ""BGC0000070_0"", ""BGC0000070_1"", ""BGC0000070_2"", ""BGC0000070_3""]"	[326, 325, 327, 328, 329]	[-1, 0, 1, 2, 3]	5	15.127287864685059	12.577530860900879
BGC0000072	Polyketide	Polyketide	False	False	"[""BGC0000072_-1"", ""BGC0000072_0"", ""BGC0000072_1"", ""BGC0000072_2"", ""BGC0000072_3""]"	[331, 330, 332, 333, 334]	[-1, 0, 1, 2, 3]	5	15.79072380065918	10.025792121887207
BGC0000073	Polyketide	Polyketide	False	False	"[""BGC0000073_-1"", ""BGC0000073_0"", ""BGC0000073_1"", ""BGC0000073_2"", ""BGC0000073_3""]"	[336, 335, 337, 338, 339]	[-1, 0, 1, 2, 3]	5	13.641354560852051	12.713944435119629
BGC0000074	Polyketide	Polyketide	False	False	"[""BGC0000074_-1"", ""BGC0000074_0"", ""BGC0000074_1"", ""BGC0000074_2"", ""BGC0000074_3""]"	[341, 340, 342, 343, 344]	[-1, 0, 1, 2, 3]	5	13.422124862670898	11.906042098999023
BGC0000075	Polyketide	Polyketide	False	False	"[""BGC0000075_-1"", ""BGC0000075_0"", ""BGC0000075_1"", ""BGC0000075_2"", ""BGC0000075_3""]"	[346, 345, 347, 348, 349]	[-1, 0, 1, 2, 3]	5	12.755862236022949	12.24284553527832
BGC0000076	Polyketide	Polyketide	False	False	"[""BGC0000076_-1"", ""BGC0000076_0"", ""BGC0000076_1"", ""BGC0000076_2"", ""BGC0000076_3""]"	[351, 350, 352, 353, 354]	[-1, 0, 1, 2, 3]	5	15.078473091125488	15.047440528869629
BGC0000077	Polyketide	Polyketide	False	False	"[""BGC0000077_-1"", ""BGC0000077_0"", ""BGC0000077_1"", ""BGC0000077_2"", ""BGC0000077_3""]"	[356, 355, 357, 358, 359]	[-1, 0, 1, 2, 3]	5	15.077414512634277	15.020797729492188
BGC0000078	Polyketide	Polyketide	False	False	"[""BGC0000078_-1"", ""BGC0000078_0"", ""BGC0000078_1"", ""BGC0000078_2"", ""BGC0000078_3""]"	[361, 360, 362, 363, 364]	[-1, 0, 1, 2, 3]	5	12.46014404296875	12.510814666748047
BGC0000079	Polyketide	Polyketide	False	False	"[""BGC0000079_-1"", ""BGC0000079_0"", ""BGC0000079_1"", ""BGC0000079_2"", ""BGC0000079_3""]"	[366, 365, 367, 368, 369]	[-1, 0, 1, 2, 3]	5	13.131223678588867	12.597140312194824
BGC0000080	Polyketide	Polyketide	False	False	"[""BGC0000080_-1"", ""BGC0000080_0"", ""BGC0000080_1"", ""BGC0000080_2"", ""BGC0000080_3""]"	[371, 370, 372, 373, 374]	[-1, 0, 1, 2, 3]	5	14.801162719726562	10.68503475189209
BGC0000081	NRP Polyketide	Hybrid	False	False	"[""BGC0000081_-1"", ""BGC0000081_0"", ""BGC0000081_1"", ""BGC0000081_2"", ""BGC0000081_3""]"	[376, 375, 377, 378, 379]	[-1, 0, 1, 2, 3]	5	17.919197082519531	8.4728803634643555
BGC0000082	Polyketide	Polyketide	False	False	"[""BGC0000082_-1"", ""BGC0000082_0"", ""BGC0000082_1"", ""BGC0000082_2"", ""BGC0000082_3""]"	[381, 380, 382, 383, 384]	[-1, 0, 1, 2, 3]	5	12.684749603271484	13.378009796142578
BGC0000083	Polyketide	Polyketide	False	False	"[""BGC0000083_-1"", ""BGC0000083_0"", ""BGC0000083_1"", ""BGC0000083_2"", ""BGC0000083_3""]"	[386, 385, 387, 388, 389]	[-1, 0, 1, 2, 3]	5	13.638912200927734	13.377384185791016
BGC0000084	Polyketide	Polyketide	False	False	"[""BGC0000084_-1"", ""BGC0000084_0"", ""BGC0000084_1"", ""BGC0000084_2"", ""BGC0000084_3""]"	[391, 390, 392, 393, 394]	[-1, 0, 1, 2, 3]	5	13.654690742492676	12.619714736938477
BGC0000085	Polyketide	Polyketide	False	False	"[""BGC0000085_-1"", ""BGC0000085_0"", ""BGC0000085_1"", ""BGC0000085_2"", ""BGC0000085_3""]"	[396, 395, 397, 398, 399]	[-1, 0, 1, 2, 3]	5	12.52430248260498	13.082795143127441
BGC0000086	Polyketide	Polyketide	False	False	"[""BGC0000086_-1"", ""BGC0000086_0"", ""BGC0000086_1"", ""BGC0000086_2"", ""BGC0000086_3""]"	[401, 400, 402, 403, 404]	[-1, 0, 1, 2, 3]	5	12.911896705627441	12.434314727783203
BGC0000087	Polyketide	Polyketide	False	False	"[""BGC0000087_-1"", ""BGC0000087_0"", ""BGC0000087_1"", ""BGC0000087_2"", ""BGC0000087_3""]"	[406, 405, 407, 408, 409]	[-1, 0, 1, 2, 3]	5	13.34760570526123	12.688847541809082
BGC0000088	Polyketide	Polyketide	False	False	"[""BGC0000088_-1"", ""BGC0000088_0"", ""BGC0000088_1"", ""BGC0000088_2"", ""BGC0000088_3""]"	[411, 410, 412, 413, 414]	[-1, 0, 1, 2, 3]	5	15.333647727966309	12.666077613830566
BGC0000090	Polyketide	Polyketide	False	False	"[""BGC0000090_-1"", ""BGC0000090_0"", ""BGC0000090_1"", ""BGC0000090_2"", ""BGC0000090_3""]"	[416, 415, 417, 418, 419]	[-1, 0, 1, 2, 3]	5	13.803412437438965	11.747735977172852
BGC0000091	Polyketide	Polyketide	False	False	"[""BGC0000091_-1"", ""BGC0000091_0"", ""BGC0000091_1"", ""BGC0000091_2"", ""BGC0000091_3""]"	[421, 420, 422, 423, 424]	[-1, 0, 1, 2, 3]	5	15.425992012023926	11.569039344787598
BGC0000092	Polyketide	Polyketide	False	False	"[""BGC0000092_-1"", ""BGC0000092_0"", ""BGC0000092_1"", ""BGC0000092_2"", ""BGC0000092_3""]"	[426, 425, 427, 428, 429]	[-1, 0, 1, 2, 3]	5	12.545120239257812	12.583362579345703
BGC0000093	Polyketide	Polyketide	False	False	"[""BGC0000093_-1"", ""BGC0000093_0"", ""BGC0000093_1"", ""BGC0000093_2"", ""BGC0000093_3""]"	[431, 430, 432, 433, 434]	[-1, 0, 1, 2, 3]	5	14.862567901611328	12.601804733276367
BGC0000094	Polyketide Saccharide	Hybrid	True	False	"[""BGC0000094_-1"", ""BGC0000094_0"", ""BGC0000094_1"", ""BGC0000094_2"", ""BGC0000094_3""]"	[436, 435, 437, 438, 439]	[-1, 0, 1, 2, 3]	5	13.163201332092285	13.31804370880127
BGC0000096	Polyketide	Polyketide	False	False	"[""BGC0000096_-1"", ""BGC0000096_0"", ""BGC0000096_1"", ""BGC0000096_2"", ""BGC0000096_3""]"	[441, 440, 442, 443, 444]	[-1, 0, 1, 2, 3]	5	13.507493019104004	11.753979682922363
BGC0000097	Polyketide	Polyketide	False	False	"[""BGC0000097_-1"", ""BGC0000097_0"", ""BGC0000097_1"", ""BGC0000097_2"", ""BGC0000097_3""]"	[446, 445, 447, 448, 449]	[-1, 0, 1, 2, 3]	5	14.007718086242676	11.225845336914062
BGC0000098	Polyketide	Polyketide	False	False	"[""BGC0000098_-1"", ""BGC0000098_0"", ""BGC0000098_1"", ""BGC0000098_2"", ""BGC0000098_3""]"	[451, 450, 452, 453, 454]	[-1, 0, 1, 2, 3]	5	15.706452369689941	11.092782974243164
BGC0000099	Polyketide	Polyketide	False	False	"[""BGC0000099_-1"", ""BGC0000099_0"", ""BGC0000099_1"", ""BGC0000099_2"", ""BGC0000099_3""]"	[456, 455, 457, 458, 459]	[-1, 0, 1, 2, 3]	5	14.231705665588379	12.911489486694336
BGC0000100	Polyketide	Polyketide	False	False	"[""BGC0000100_-1"", ""BGC0000100_0"", ""BGC0000100_1"", ""BGC0000100_2"", ""BGC0000100_3""]"	[461, 460, 462, 463, 464]	[-1, 0, 1, 2, 3]	5	13.359551429748535	13.396957397460938
BGC0000102	Polyketide	Polyketide	False	False	"[""BGC0000102_-1"", ""BGC0000102_0"", ""BGC0000102_1"", ""BGC0000102_2"", ""BGC0000102_3""]"	[466, 465, 467, 468, 469]	[-1, 0, 1, 2, 3]	5	12.478392601013184	13.419220924377441
BGC0000103	Polyketide	Polyketide	False	False	"[""BGC0000103_-1"", ""BGC0000103_0"", ""BGC0000103_1"", ""BGC0000103_2"", ""BGC0000103_3""]"	[471, 470, 472, 473, 474]	[-1, 0, 1, 2, 3]	5	13.290005683898926	11.938327789306641
BGC0000104	Polyketide Terpene	Hybrid	False	False	"[""BGC0000104_-1"", ""BGC0000104_0"", ""BGC0000104_1"", ""BGC0000104_2"", ""BGC0000104_3""]"	[476, 475, 477, 478, 479]	[-1, 0, 1, 2, 3]	5	14.828141212463379	14.616442680358887
BGC0000105	Polyketide	Polyketide	False	False	"[""BGC0000105_-1"", ""BGC0000105_0"", ""BGC0000105_1"", ""BGC0000105_2"", ""BGC0000105_3""]"	[481, 480, 482, 483, 484]	[-1, 0, 1, 2, 3]	5	13.078643798828125	13.237917900085449
BGC0000106	Polyketide	Polyketide	False	False	"[""BGC0000106_-1"", ""BGC0000106_0"", ""BGC0000106_1"", ""BGC0000106_2"", ""BGC0000106_3""]"	[486, 485, 487, 488, 489]	[-1, 0, 1, 2, 3]	5	13.408105850219727	12.83741283416748
BGC0000107	Polyketide	Polyketide	False	False	"[""BGC0000107_-1"", ""BGC0000107_0"", ""BGC0000107_1"", ""BGC0000107_2"", ""BGC0000107_3""]"	[491, 490, 492, 493, 494]	[-1, 0, 1, 2, 3]	5	14.870915412902832	12.714048385620117
BGC0000108	Polyketide	Polyketide	False	False	"[""BGC0000108_-1"", ""BGC0000108_0"", ""BGC0000108_1"", ""BGC0000108_2"", ""BGC0000108_3""]"	[496, 495, 497, 498, 499]	[-1, 0, 1, 2, 3]	5	13.966322898864746	11.282444000244141
BGC0000109	Polyketide	Polyketide	False	False	"[""BGC0000109_-1"", ""BGC0000109_0"", ""BGC0000109_1"", ""BGC0000109_2"", ""BGC0000109_3""]"	[501, 500, 502, 503, 504]	[-1, 0, 1, 2, 3]	5	14.465913772583008	14.080580711364746
BGC0000110	Polyketide	Polyketide	False	False	"[""BGC0000110_-1"", ""BGC0000110_0"", ""BGC0000110_1"", ""BGC0000110_2"", ""BGC0000110_3""]"	[506, 505, 507, 508, 509]	[-1, 0, 1, 2, 3]	5	14.154257774353027	12.056973457336426
BGC0000111	Polyketide	Polyketide	False	False	"[""BGC0000111_-1"", ""BGC0000111_0"", ""BGC0000111_1"", ""BGC0000111_2"", ""BGC0000111_3""]"	[511, 510, 512, 513, 514]	[-1, 0, 1, 2, 3]	5	14.003210067749023	11.256050109863281
BGC0000112	Polyketide	Polyketide	False	False	"[""BGC0000112_-1"", ""BGC0000112_0"", ""BGC0000112_1"", ""BGC0000112_2"", ""BGC0000112_3""]"	[516, 515, 517, 518, 519]	[-1, 0, 1, 2, 3]	5	12.921858787536621	12.427947998046875
BGC0000113	Polyketide	Polyketide	False	False	"[""BGC0000113_-1"", ""BGC0000113_0"", ""BGC0000113_1"", ""BGC0000113_2"", ""BGC0000113_3""]"	[521, 520, 522, 523, 524]	[-1, 0, 1, 2, 3]	5	13.145918846130371	12.216192245483398
BGC0000114	Polyketide	Polyketide	False	False	"[""BGC0000114_-1"", ""BGC0000114_0"", ""BGC0000114_1"", ""BGC0000114_2"", ""BGC0000114_3""]"	[526, 525, 527, 528, 529]	[-1, 0, 1, 2, 3]	5	13.998008728027344	12.624591827392578
BGC0000115	Polyketide Saccharide	Hybrid	True	False	"[""BGC0000115_-1"", ""BGC0000115_0"", ""BGC0000115_1"", ""BGC0000115_2"", ""BGC0000115_3""]"	[531, 530, 532, 533, 534]	[-1, 0, 1, 2, 3]	5	13.408810615539551	13.283869743347168
BGC0000116	Polyketide	Polyketide	False	False	"[""BGC0000116_-1"", ""BGC0000116_0"", ""BGC0000116_1"", ""BGC0000116_2"", ""BGC0000116_3""]"	[536, 535, 537, 538, 539]	[-1, 0, 1, 2, 3]	5	13.091347694396973	12.249229431152344
BGC0000117	Polyketide	Polyketide	False	False	"[""BGC0000117_-1"", ""BGC0000117_0"", ""BGC0000117_1"", ""BGC0000117_2"", ""BGC0000117_3""]"	[541, 540, 542, 543, 544]	[-1, 0, 1, 2, 3]	5	15.011587142944336	14.988715171813965
BGC0000118	Polyketide	Polyketide	False	False	"[""BGC0000118_-1"", ""BGC0000118_0"", ""BGC0000118_1"", ""BGC0000118_2"", ""BGC0000118_3""]"	[546, 545, 547, 548, 549]	[-1, 0, 1, 2, 3]	5	13.374809265136719	13.463815689086914
BGC0000119	Polyketide Saccharide	Hybrid	True	False	"[""BGC0000119_-1"", ""BGC0000119_0"", ""BGC0000119_1"", ""BGC0000119_2"", ""BGC0000119_3""]"	[551, 550, 552, 553, 554]	[-1, 0, 1, 2, 3]	5	13.122321128845215	13.192802429199219
BGC0000120	Polyketide	Polyketide	False	False	"[""BGC0000120_-1"", ""BGC0000120_0"", ""BGC0000120_1"", ""BGC0000120_2"", ""BGC0000120_3""]"	[556, 555, 557, 558, 559]	[-1, 0, 1, 2, 3]	5	15.108353614807129	11.812485694885254
BGC0000121	Polyketide	Polyketide	False	False	"[""BGC0000121_-1"", ""BGC0000121_0"", ""BGC0000121_1"", ""BGC0000121_2"", ""BGC0000121_3""]"	[561, 560, 562, 563, 564]	[-1, 0, 1, 2, 3]	5	14.47359561920166	13.882428169250488
BGC0000122	Polyketide	Polyketide	False	False	"[""BGC0000122_-1"", ""BGC0000122_0"", ""BGC0000122_1"", ""BGC0000122_2"", ""BGC0000122_3""]"	[566, 565, 567, 568, 569]	[-1, 0, 1, 2, 3]	5	16.4537353515625	7.3428168296813965
BGC0000123	Polyketide	Polyketide	False	False	"[""BGC0000123_-1"", ""BGC0000123_0"", ""BGC0000123_1"", ""BGC0000123_2"", ""BGC0000123_3""]"	[571, 570, 572, 573, 574]	[-1, 0, 1, 2, 3]	5	13.632474899291992	12.272111892700195
BGC0000124	Polyketide	Polyketide	False	False	"[""BGC0000124_-1"", ""BGC0000124_0"", ""BGC0000124_1"", ""BGC0000124_2"", ""BGC0000124_3""]"	[576, 575, 577, 578, 579]	[-1, 0, 1, 2, 3]	5	13.397178649902344	13.394585609436035
BGC0000125	Polyketide	Polyketide	False	False	"[""BGC0000125_-1"", ""BGC0000125_0"", ""BGC0000125_1"", ""BGC0000125_2"", ""BGC0000125_3""]"	[581, 580, 582, 583, 584]	[-1, 0, 1, 2, 3]	5	13.941630363464355	11.244269371032715
BGC0000126	Polyketide	Polyketide	False	False	"[""BGC0000126_-1"", ""BGC0000126_0"", ""BGC0000126_1"", ""BGC0000126_2"", ""BGC0000126_3""]"	[586, 585, 587, 588, 589]	[-1, 0, 1, 2, 3]	5	13.621861457824707	12.705438613891602
BGC0000127	Polyketide	Polyketide	False	False	"[""BGC0000127_-1"", ""BGC0000127_0"", ""BGC0000127_1"", ""BGC0000127_2"", ""BGC0000127_3""]"	[591, 590, 592, 593, 594]	[-1, 0, 1, 2, 3]	5	15.351839065551758	10.466065406799316
BGC0000128	Polyketide	Polyketide	False	False	"[""BGC0000128_-1"", ""BGC0000128_0"", ""BGC0000128_1"", ""BGC0000128_2"", ""BGC0000128_3""]"	[596, 595, 597, 598, 599]	[-1, 0, 1, 2, 3]	5	15.698184013366699	9.7282342910766602
BGC0000129	Polyketide	Polyketide	False	False	"[""BGC0000129_-1"", ""BGC0000129_0"", ""BGC0000129_1"", ""BGC0000129_2"", ""BGC0000129_3""]"	[601, 600, 602, 603, 604]	[-1, 0, 1, 2, 3]	5	16.049177169799805	11.850095748901367
BGC0000130	Polyketide	Polyketide	False	False	"[""BGC0000130_-1"", ""BGC0000130_0"", ""BGC0000130_1"", ""BGC0000130_2"", ""BGC0000130_3""]"	[606, 605, 607, 608, 609]	[-1, 0, 1, 2, 3]	5	14.405784606933594	11.760451316833496
BGC0000131	Polyketide	Polyketide	False	False	"[""BGC0000131_-1"", ""BGC0000131_0"", ""BGC0000131_1"", ""BGC0000131_2"", ""BGC0000131_3""]"	[611, 610, 612, 613, 614]	[-1, 0, 1, 2, 3]	5	16.279102325439453	7.622917652130127
BGC0000132	Polyketide	Polyketide	False	False	"[""BGC0000132_-1"", ""BGC0000132_0"", ""BGC0000132_1"", ""BGC0000132_2"", ""BGC0000132_3""]"	[616, 615, 617, 618, 619]	[-1, 0, 1, 2, 3]	5	14.252447128295898	11.354084968566895
BGC0000133	Polyketide	Polyketide	False	False	"[""BGC0000133_-1"", ""BGC0000133_0"", ""BGC0000133_1"", ""BGC0000133_2"", ""BGC0000133_3""]"	[621, 620, 622, 623, 624]	[-1, 0, 1, 2, 3]	5	13.997716903686523	12.794804573059082
BGC0000134	Polyketide	Polyketide	False	False	"[""BGC0000134_-1"", ""BGC0000134_0"", ""BGC0000134_1"", ""BGC0000134_2"", ""BGC0000134_3""]"	[626, 625, 627, 628, 629]	[-1, 0, 1, 2, 3]	5	14.936419486999512	14.834029197692871
BGC0000135	Polyketide	Polyketide	False	False	"[""BGC0000135_-1"", ""BGC0000135_0"", ""BGC0000135_1"", ""BGC0000135_2"", ""BGC0000135_3""]"	[631, 630, 632, 633, 634]	[-1, 0, 1, 2, 3]	5	13.018947601318359	12.265050888061523
BGC0000136	Polyketide	Polyketide	False	False	"[""BGC0000136_-1"", ""BGC0000136_0"", ""BGC0000136_1"", ""BGC0000136_2"", ""BGC0000136_3""]"	[636, 635, 637, 638, 639]	[-1, 0, 1, 2, 3]	5	12.388291358947754	13.585627555847168
BGC0000137	Polyketide	Polyketide	False	False	"[""BGC0000137_-1"", ""BGC0000137_0"", ""BGC0000137_1"", ""BGC0000137_2"", ""BGC0000137_3""]"	[641, 640, 642, 643, 644]	[-1, 0, 1, 2, 3]	5	12.759973526000977	13.661801338195801
BGC0000138	Polyketide	Polyketide	False	False	"[""BGC0000138_-1"", ""BGC0000138_0"", ""BGC0000138_1"", ""BGC0000138_2"", ""BGC0000138_3""]"	[646, 645, 647, 648, 649]	[-1, 0, 1, 2, 3]	5	17.774991989135742	8.8515233993530273
BGC0000140	Polyketide	Polyketide	False	False	"[""BGC0000140_-1"", ""BGC0000140_0"", ""BGC0000140_1"", ""BGC0000140_2"", ""BGC0000140_3""]"	[651, 650, 652, 653, 654]	[-1, 0, 1, 2, 3]	5	14.850029945373535	10.56524658203125
BGC0000141	Polyketide	Polyketide	False	False	"[""BGC0000141_-1"", ""BGC0000141_0"", ""BGC0000141_1"", ""BGC0000141_2"", ""BGC0000141_3""]"	[656, 655, 657, 658, 659]	[-1, 0, 1, 2, 3]	5	11.835939407348633	13.788487434387207
BGC0000142	Polyketide	Polyketide	False	False	"[""BGC0000142_-1"", ""BGC0000142_0"", ""BGC0000142_1"", ""BGC0000142_2"", ""BGC0000142_3""]"	[661, 660, 662, 663, 664]	[-1, 0, 1, 2, 3]	5	13.21529483795166	12.650484085083008
BGC0000143	Polyketide	Polyketide	False	False	"[""BGC0000143_-1"", ""BGC0000143_0"", ""BGC0000143_1"", ""BGC0000143_2"", ""BGC0000143_3""]"	[666, 665, 667, 668, 669]	[-1, 0, 1, 2, 3]	5	13.938069343566895	11.825862884521484
BGC0000144	Polyketide	Polyketide	False	False	"[""BGC0000144_-1"", ""BGC0000144_0"", ""BGC0000144_1"", ""BGC0000144_2"", ""BGC0000144_3""]"	[671, 670, 672, 673, 674]	[-1, 0, 1, 2, 3]	5	15.07343864440918	11.785232543945312
BGC0000145	NRP Polyketide	Hybrid	False	False	"[""BGC0000145_-1"", ""BGC0000145_0"", ""BGC0000145_1"", ""BGC0000145_2"", ""BGC0000145_3""]"	[676, 675, 677, 678, 679]	[-1, 0, 1, 2, 3]	5	15.747626304626465	9.7208242416381836
BGC0000146	Polyketide	Polyketide	False	False	"[""BGC0000146_-1"", ""BGC0000146_0"", ""BGC0000146_1"", ""BGC0000146_2"", ""BGC0000146_3""]"	[681, 680, 682, 683, 684]	[-1, 0, 1, 2, 3]	5	14.16445255279541	11.139785766601562
BGC0000147	Polyketide	Polyketide	False	False	"[""BGC0000147_-1"", ""BGC0000147_0"", ""BGC0000147_1"", ""BGC0000147_2"", ""BGC0000147_3""]"	[686, 685, 687, 688, 689]	[-1, 0, 1, 2, 3]	5	12.754759788513184	13.282018661499023
BGC0000148	Polyketide	Polyketide	False	False	"[""BGC0000148_-1"", ""BGC0000148_0"", ""BGC0000148_1"", ""BGC0000148_2"", ""BGC0000148_3""]"	[691, 690, 692, 693, 694]	[-1, 0, 1, 2, 3]	5	12.726116180419922	12.390199661254883
BGC0000149	Polyketide	Polyketide	False	False	"[""BGC0000149_-1"", ""BGC0000149_0"", ""BGC0000149_1"", ""BGC0000149_2"", ""BGC0000149_3""]"	[696, 695, 697, 698, 699]	[-1, 0, 1, 2, 3]	5	15.131697654724121	12.470938682556152
BGC0000150	NRP Polyketide	Hybrid	False	False	"[""BGC0000150_-1"", ""BGC0000150_0"", ""BGC0000150_1"", ""BGC0000150_2"", ""BGC0000150_3""]"	[701, 700, 702, 703, 704]	[-1, 0, 1, 2, 3]	5	17.617046356201172	8.5564260482788086
BGC0000151	Polyketide Saccharide	Hybrid	True	False	"[""BGC0000151_-1"", ""BGC0000151_0"", ""BGC0000151_1"", ""BGC0000151_2"", ""BGC0000151_3""]"	[706, 705, 707, 708, 709]	[-1, 0, 1, 2, 3]	5	12.596065521240234	12.508869171142578
BGC0000152	Polyketide	Polyketide	False	False	"[""BGC0000152_-1"", ""BGC0000152_0"", ""BGC0000152_1"", ""BGC0000152_2"", ""BGC0000152_3""]"	[711, 710, 712, 713, 714]	[-1, 0, 1, 2, 3]	5	15.111258506774902	14.880481719970703
BGC0000153	NRP Polyketide	Hybrid	False	False	"[""BGC0000153_-1"", ""BGC0000153_0"", ""BGC0000153_1"", ""BGC0000153_2"", ""BGC0000153_3""]"	[716, 715, 717, 718, 719]	[-1, 0, 1, 2, 3]	5	15.617812156677246	10.654875755310059
BGC0000154	Polyketide	Polyketide	False	False	"[""BGC0000154_-1"", ""BGC0000154_0"", ""BGC0000154_1"", ""BGC0000154_2"", ""BGC0000154_3""]"	[721, 720, 722, 723, 724]	[-1, 0, 1, 2, 3]	5	15.120193481445312	12.630837440490723
BGC0000156	Polyketide	Polyketide	False	False	"[""BGC0000156_-1"", ""BGC0000156_0"", ""BGC0000156_1"", ""BGC0000156_2"", ""BGC0000156_3""]"	[726, 725, 727, 728, 729]	[-1, 0, 1, 2, 3]	5	14.360058784484863	13.661487579345703
BGC0000157	Polyketide	Polyketide	False	False	"[""BGC0000157_-1"", ""BGC0000157_0"", ""BGC0000157_1"", ""BGC0000157_2"", ""BGC0000157_3""]"	[731, 730, 732, 733, 734]	[-1, 0, 1, 2, 3]	5	13.377165794372559	12.002148628234863
BGC0000158	Polyketide	Polyketide	False	False	"[""BGC0000158_-1"", ""BGC0000158_0"", ""BGC0000158_1"", ""BGC0000158_2"", ""BGC0000158_3""]"	[736, 735, 737, 738, 739]	[-1, 0, 1, 2, 3]	5	14.396321296691895	11.742877960205078
BGC0000159	Polyketide	Polyketide	False	False	"[""BGC0000159_-1"", ""BGC0000159_0"", ""BGC0000159_1"", ""BGC0000159_2"", ""BGC0000159_3""]"	[741, 740, 742, 743, 744]	[-1, 0, 1, 2, 3]	5	13.369881629943848	11.829769134521484
BGC0000160	Polyketide	Polyketide	False	False	"[""BGC0000160_-1"", ""BGC0000160_0"", ""BGC0000160_1"", ""BGC0000160_2"", ""BGC0000160_3""]"	[746, 745, 747, 748, 749]	[-1, 0, 1, 2, 3]	5	15.19081974029541	12.349329948425293
BGC0000161	Polyketide	Polyketide	False	False	"[""BGC0000161_-1"", ""BGC0000161_0"", ""BGC0000161_1"", ""BGC0000161_2"", ""BGC0000161_3""]"	[751, 750, 752, 753, 754]	[-1, 0, 1, 2, 3]	5	14.448276519775391	13.136536598205566
BGC0000162	Polyketide	Polyketide	False	False	"[""BGC0000162_-1"", ""BGC0000162_0"", ""BGC0000162_1"", ""BGC0000162_2"", ""BGC0000162_3""]"	[756, 755, 757, 758, 759]	[-1, 0, 1, 2, 3]	5	13.099224090576172	13.251418113708496
BGC0000163	Polyketide	Polyketide	False	False	"[""BGC0000163_-1"", ""BGC0000163_0"", ""BGC0000163_1"", ""BGC0000163_2"", ""BGC0000163_3""]"	[761, 760, 762, 763, 764]	[-1, 0, 1, 2, 3]	5	12.918601036071777	12.577733039855957
BGC0000164	Polyketide	Polyketide	False	False	"[""BGC0000164_-1"", ""BGC0000164_0"", ""BGC0000164_1"", ""BGC0000164_2"", ""BGC0000164_3""]"	[766, 765, 767, 768, 769]	[-1, 0, 1, 2, 3]	5	13.916780471801758	12.83793830871582
BGC0000165	Polyketide	Polyketide	False	False	"[""BGC0000165_-1"", ""BGC0000165_0"", ""BGC0000165_1"", ""BGC0000165_2"", ""BGC0000165_3""]"	[771, 770, 772, 773, 774]	[-1, 0, 1, 2, 3]	5	14.446283340454102	11.698843002319336
BGC0000166	Polyketide	Polyketide	False	False	"[""BGC0000166_-1"", ""BGC0000166_0"", ""BGC0000166_1"", ""BGC0000166_2"", ""BGC0000166_3""]"	[776, 775, 777, 778, 779]	[-1, 0, 1, 2, 3]	5	12.975380897521973	13.301258087158203
BGC0000167	Polyketide	Polyketide	False	False	"[""BGC0000167_-1"", ""BGC0000167_0"", ""BGC0000167_1"", ""BGC0000167_2"", ""BGC0000167_3""]"	[781, 780, 782, 783, 784]	[-1, 0, 1, 2, 3]	5	12.993308067321777	12.285131454467773
BGC0000168	Polyketide	Polyketide	False	False	"[""BGC0000168_-1"", ""BGC0000168_0"", ""BGC0000168_1"", ""BGC0000168_2"", ""BGC0000168_3""]"	[786, 785, 787, 788, 789]	[-1, 0, 1, 2, 3]	5	15.146134376525879	12.46412467956543
BGC0000170	Polyketide	Polyketide	False	False	"[""BGC0000170_-1"", ""BGC0000170_0"", ""BGC0000170_1"", ""BGC0000170_2"", ""BGC0000170_3""]"	[791, 790, 792, 793, 794]	[-1, 0, 1, 2, 3]	5	15.119071960449219	14.332290649414062
BGC0000171	Polyketide	Polyketide	False	False	"[""BGC0000171_-1"", ""BGC0000171_0"", ""BGC0000171_1"", ""BGC0000171_2"", ""BGC0000171_3""]"	[796, 795, 797, 798, 799]	[-1, 0, 1, 2, 3]	5	13.232743263244629	11.865418434143066
BGC0000172	Polyketide	Polyketide	False	False	"[""BGC0000172_-1"", ""BGC0000172_0"", ""BGC0000172_1"", ""BGC0000172_2"", ""BGC0000172_3""]"	[801, 800, 802, 803, 804]	[-1, 0, 1, 2, 3]	5	14.746167182922363	11.64287281036377
BGC0000173	Polyketide	Polyketide	False	False	"[""BGC0000173_-1"", ""BGC0000173_0"", ""BGC0000173_1"", ""BGC0000173_2"", ""BGC0000173_3""]"	[806, 805, 807, 808, 809]	[-1, 0, 1, 2, 3]	5	15.14362907409668	11.529685020446777
BGC0000174	Polyketide	Polyketide	False	False	"[""BGC0000174_-1"", ""BGC0000174_0"", ""BGC0000174_1"", ""BGC0000174_2"", ""BGC0000174_3""]"	[811, 810, 812, 813, 814]	[-1, 0, 1, 2, 3]	5	15.146635055541992	11.427912712097168
BGC0000175	Polyketide	Polyketide	False	False	"[""BGC0000175_-1"", ""BGC0000175_0"", ""BGC0000175_1"", ""BGC0000175_2"", ""BGC0000175_3""]"	[816, 815, 817, 818, 819]	[-1, 0, 1, 2, 3]	5	12.81568431854248	13.360302925109863
BGC0000176	Polyketide	Polyketide	False	False	"[""BGC0000176_-1"", ""BGC0000176_0"", ""BGC0000176_1"", ""BGC0000176_2"", ""BGC0000176_3""]"	[821, 820, 822, 823, 824]	[-1, 0, 1, 2, 3]	5	13.933438301086426	13.963068962097168
BGC0000177	Polyketide	Polyketide	False	False	"[""BGC0000177_-1"", ""BGC0000177_0"", ""BGC0000177_1"", ""BGC0000177_2"", ""BGC0000177_3""]"	[826, 825, 827, 828, 829]	[-1, 0, 1, 2, 3]	5	14.01935863494873	12.898153305053711
BGC0000178	Polyketide	Polyketide	False	False	"[""BGC0000178_-1"", ""BGC0000178_0"", ""BGC0000178_1"", ""BGC0000178_2"", ""BGC0000178_3""]"	[831, 830, 832, 833, 834]	[-1, 0, 1, 2, 3]	5	14.345356941223145	11.675079345703125
BGC0000179	Polyketide	Polyketide	False	False	"[""BGC0000179_-1"", ""BGC0000179_0"", ""BGC0000179_1"", ""BGC0000179_2"", ""BGC0000179_3""]"	[836, 835, 837, 838, 839]	[-1, 0, 1, 2, 3]	5	14.261983871459961	12.807895660400391
BGC0000180	Polyketide	Polyketide	False	False	"[""BGC0000180_-1"", ""BGC0000180_0"", ""BGC0000180_1"", ""BGC0000180_2"", ""BGC0000180_3""]"	[841, 840, 842, 843, 844]	[-1, 0, 1, 2, 3]	5	14.60295295715332	11.048084259033203
BGC0000181	Polyketide	Polyketide	False	False	"[""BGC0000181_-1"", ""BGC0000181_0"", ""BGC0000181_1"", ""BGC0000181_2"", ""BGC0000181_3""]"	[846, 845, 847, 848, 849]	[-1, 0, 1, 2, 3]	5	13.796512603759766	13.832586288452148
BGC0000182	Polyketide	Polyketide	False	False	"[""BGC0000182_-1"", ""BGC0000182_0"", ""BGC0000182_1"", ""BGC0000182_2"", ""BGC0000182_3""]"	[851, 850, 852, 853, 854]	[-1, 0, 1, 2, 3]	5	15.247099876403809	12.22437858581543
BGC0000184	Polyketide	Polyketide	False	False	"[""BGC0000184_-1"", ""BGC0000184_0"", ""BGC0000184_1"", ""BGC0000184_2"", ""BGC0000184_3""]"	[856, 855, 857, 858, 859]	[-1, 0, 1, 2, 3]	5	14.985040664672852	11.629079818725586
BGC0000185	Polyketide	Polyketide	False	False	"[""BGC0000185_-1"", ""BGC0000185_0"", ""BGC0000185_1"", ""BGC0000185_2"", ""BGC0000185_3""]"	[861, 860, 862, 863, 864]	[-1, 0, 1, 2, 3]	5	13.661647796630859	12.028057098388672
BGC0000186	NRP Polyketide	Hybrid	False	False	"[""BGC0000186_-1"", ""BGC0000186_0"", ""BGC0000186_1"", ""BGC0000186_2"", ""BGC0000186_3""]"	[866, 865, 867, 868, 869]	[-1, 0, 1, 2, 3]	5	17.871660232543945	6.960939884185791
BGC0000187	Polyketide	Polyketide	False	False	"[""BGC0000187_-1"", ""BGC0000187_0"", ""BGC0000187_1"", ""BGC0000187_2"", ""BGC0000187_3""]"	[871, 870, 872, 873, 874]	[-1, 0, 1, 2, 3]	5	16.91242790222168	7.4135637283325195
BGC0000188	Alkaloid	Alkaloid	False	False	"[""BGC0000188_-1"", ""BGC0000188_0"", ""BGC0000188_1"", ""BGC0000188_2"", ""BGC0000188_3""]"	[876, 875, 877, 878, 879]	[-1, 0, 1, 2, 3]	5	5.044339656829834	2.7972497940063477
BGC0000189	Polyketide	Polyketide	False	False	"[""BGC0000189_-1"", ""BGC0000189_0"", ""BGC0000189_1"", ""BGC0000189_2"", ""BGC0000189_3""]"	[881, 880, 882, 883, 884]	[-1, 0, 1, 2, 3]	5	13.612967491149902	13.81382942199707
BGC0000190	Polyketide	Polyketide	False	False	"[""BGC0000190_-1"", ""BGC0000190_0"", ""BGC0000190_1"", ""BGC0000190_2"", ""BGC0000190_3""]"	[886, 885, 887, 888, 889]	[-1, 0, 1, 2, 3]	5	13.470488548278809	14.327338218688965
BGC0000191	Polyketide	Polyketide	False	False	"[""BGC0000191_-1"", ""BGC0000191_0"", ""BGC0000191_1"", ""BGC0000191_2"", ""BGC0000191_3""]"	[891, 890, 892, 893, 894]	[-1, 0, 1, 2, 3]	5	12.675227165222168	14.538915634155273
BGC0000192	Polyketide	Polyketide	False	False	"[""BGC0000192_-1"", ""BGC0000192_0"", ""BGC0000192_1"", ""BGC0000192_2"", ""BGC0000192_3""]"	[896, 895, 897, 898, 899]	[-1, 0, 1, 2, 3]	5	13.185126304626465	14.889397621154785
BGC0000193	Polyketide	Polyketide	False	False	"[""BGC0000193_-1"", ""BGC0000193_0"", ""BGC0000193_1"", ""BGC0000193_2"", ""BGC0000193_3""]"	[901, 900, 902, 903, 904]	[-1, 0, 1, 2, 3]	5	1.9356750249862671	0.54141253232955933
BGC0000194	Polyketide	Polyketide	False	False	"[""BGC0000194_-1"", ""BGC0000194_0"", ""BGC0000194_1"", ""BGC0000194_2"", ""BGC0000194_3""]"	[906, 905, 907, 908, 909]	[-1, 0, 1, 2, 3]	5	13.194849967956543	14.852245330810547
BGC0000195	Polyketide	Polyketide	False	False	"[""BGC0000195_-1"", ""BGC0000195_0"", ""BGC0000195_1"", ""BGC0000195_2"", ""BGC0000195_3""]"	[911, 910, 912, 913, 914]	[-1, 0, 1, 2, 3]	5	13.205891609191895	14.933699607849121
BGC0000196	Polyketide	Polyketide	False	False	"[""BGC0000196_-1"", ""BGC0000196_0"", ""BGC0000196_1"", ""BGC0000196_2"", ""BGC0000196_3""]"	[916, 915, 917, 918, 919]	[-1, 0, 1, 2, 3]	5	13.626601219177246	13.957327842712402
BGC0000197	Polyketide Saccharide	Hybrid	True	False	"[""BGC0000197_-1"", ""BGC0000197_0"", ""BGC0000197_1"", ""BGC0000197_2"", ""BGC0000197_3""]"	[921, 920, 922, 923, 924]	[-1, 0, 1, 2, 3]	5	11.777307510375977	13.880529403686523
BGC0000198	Polyketide Saccharide	Hybrid	True	False	"[""BGC0000198_-1"", ""BGC0000198_0"", ""BGC0000198_1"", ""BGC0000198_2"", ""BGC0000198_3""]"	[926, 925, 927, 928, 929]	[-1, 0, 1, 2, 3]	5	11.605216979980469	13.855862617492676
BGC0000199	Polyketide Saccharide	Hybrid	True	False	"[""BGC0000199_-1"", ""BGC0000199_0"", ""BGC0000199_1"", ""BGC0000199_2"", ""BGC0000199_3""]"	[931, 930, 932, 933, 934]	[-1, 0, 1, 2, 3]	5	11.668787002563477	13.973711013793945
BGC0000200	Polyketide Saccharide	Hybrid	True	False	"[""BGC0000200_-1"", ""BGC0000200_0"", ""BGC0000200_1"", ""BGC0000200_2"", ""BGC0000200_3""]"	[936, 935, 937, 938, 939]	[-1, 0, 1, 2, 3]	5	11.619049072265625	13.885135650634766
BGC0000201	Polyketide Saccharide	Hybrid	True	False	"[""BGC0000201_-1"", ""BGC0000201_0"", ""BGC0000201_1"", ""BGC0000201_2"", ""BGC0000201_3""]"	[941, 940, 942, 943, 944]	[-1, 0, 1, 2, 3]	5	11.786135673522949	13.973858833312988
BGC0000202	Polyketide	Polyketide	False	False	"[""BGC0000202_-1"", ""BGC0000202_0"", ""BGC0000202_1"", ""BGC0000202_2"", ""BGC0000202_3""]"	[946, 945, 947, 948, 949]	[-1, 0, 1, 2, 3]	5	12.473042488098145	14.413856506347656
BGC0000203	Polyketide	Polyketide	False	False	"[""BGC0000203_-1"", ""BGC0000203_0"", ""BGC0000203_1"", ""BGC0000203_2"", ""BGC0000203_3""]"	[951, 950, 952, 953, 954]	[-1, 0, 1, 2, 3]	5	12.406930923461914	14.179978370666504
BGC0000204	Polyketide	Polyketide	False	False	"[""BGC0000204_-1"", ""BGC0000204_0"", ""BGC0000204_1"", ""BGC0000204_2"", ""BGC0000204_3""]"	[956, 955, 957, 958, 959]	[-1, 0, 1, 2, 3]	5	12.978733062744141	14.804619789123535
BGC0000205	Polyketide	Polyketide	False	False	"[""BGC0000205_-1"", ""BGC0000205_0"", ""BGC0000205_1"", ""BGC0000205_2"", ""BGC0000205_3""]"	[961, 960, 962, 963, 964]	[-1, 0, 1, 2, 3]	5	13.931528091430664	12.804452896118164
BGC0000207	Polyketide	Polyketide	False	False	"[""BGC0000207_-1"", ""BGC0000207_0"", ""BGC0000207_1"", ""BGC0000207_2"", ""BGC0000207_3""]"	[966, 965, 967, 968, 969]	[-1, 0, 1, 2, 3]	5	3.6601226329803467	1.535370945930481
BGC0000208	Polyketide	Polyketide	False	False	"[""BGC0000208_-1"", ""BGC0000208_0"", ""BGC0000208_1"", ""BGC0000208_2"", ""BGC0000208_3""]"	[971, 970, 972, 973, 974]	[-1, 0, 1, 2, 3]	5	12.879006385803223	14.56512451171875
BGC0000209	Polyketide	Polyketide	False	False	"[""BGC0000209_-1"", ""BGC0000209_0"", ""BGC0000209_1"", ""BGC0000209_2"", ""BGC0000209_3""]"	[976, 975, 977, 978, 979]	[-1, 0, 1, 2, 3]	5	12.707188606262207	14.586789131164551
BGC0000210	Polyketide Saccharide	Hybrid	True	False	"[""BGC0000210_-1"", ""BGC0000210_0"", ""BGC0000210_1"", ""BGC0000210_2"", ""BGC0000210_3""]"	[981, 980, 982, 983, 984]	[-1, 0, 1, 2, 3]	5	11.520109176635742	13.764864921569824
BGC0000211	Polyketide	Polyketide	False	False	"[""BGC0000211_-1"", ""BGC0000211_0"", ""BGC0000211_1"", ""BGC0000211_2"", ""BGC0000211_3""]"	[986, 985, 987, 988, 989]	[-1, 0, 1, 2, 3]	5	12.541806221008301	13.786835670471191
BGC0000212	Polyketide	Polyketide	False	False	"[""BGC0000212_-1"", ""BGC0000212_0"", ""BGC0000212_1"", ""BGC0000212_2"", ""BGC0000212_3""]"	[991, 990, 992, 993, 994]	[-1, 0, 1, 2, 3]	5	12.034103393554688	14.167781829833984
BGC0000213	Polyketide	Polyketide	False	False	"[""BGC0000213_-1"", ""BGC0000213_0"", ""BGC0000213_1"", ""BGC0000213_2"", ""BGC0000213_3""]"	[996, 995, 997, 998, 999]	[-1, 0, 1, 2, 3]	5	16.283430099487305	11.459028244018555
BGC0000214	Polyketide	Polyketide	False	False	"[""BGC0000214_-1"", ""BGC0000214_0"", ""BGC0000214_1"", ""BGC0000214_2"", ""BGC0000214_3""]"	[1001, 1000, 1002, 1003, 1004]	[-1, 0, 1, 2, 3]	5	13.543697357177734	12.903058052062988
BGC0000215	Polyketide	Polyketide	False	False	"[""BGC0000215_-1"", ""BGC0000215_0"", ""BGC0000215_1"", ""BGC0000215_2"", ""BGC0000215_3""]"	[1006, 1005, 1007, 1008, 1009]	[-1, 0, 1, 2, 3]	5	12.482505798339844	14.397236824035645
BGC0000216	Polyketide	Polyketide	False	False	"[""BGC0000216_-1"", ""BGC0000216_0"", ""BGC0000216_1"", ""BGC0000216_2"", ""BGC0000216_3""]"	[1011, 1010, 1012, 1013, 1014]	[-1, 0, 1, 2, 3]	5	12.249177932739258	14.225378036499023
BGC0000217	Polyketide	Polyketide	False	False	"[""BGC0000217_-1"", ""BGC0000217_0"", ""BGC0000217_1"", ""BGC0000217_2"", ""BGC0000217_3""]"	[1016, 1015, 1017, 1018, 1019]	[-1, 0, 1, 2, 3]	5	13.404487609863281	12.254340171813965
BGC0000218	Polyketide	Polyketide	False	False	"[""BGC0000218_-1"", ""BGC0000218_0"", ""BGC0000218_1"", ""BGC0000218_2"", ""BGC0000218_3""]"	[1021, 1020, 1022, 1023, 1024]	[-1, 0, 1, 2, 3]	5	13.142606735229492	14.821225166320801
BGC0000219	Polyketide Saccharide	Hybrid	True	False	"[""BGC0000219_-1"", ""BGC0000219_0"", ""BGC0000219_1"", ""BGC0000219_2"", ""BGC0000219_3""]"	[1026, 1025, 1027, 1028, 1029]	[-1, 0, 1, 2, 3]	5	12.362422943115234	13.201700210571289
BGC0000220	Polyketide	Polyketide	False	False	"[""BGC0000220_-1"", ""BGC0000220_0"", ""BGC0000220_1"", ""BGC0000220_2"", ""BGC0000220_3""]"	[1031, 1030, 1032, 1033, 1034]	[-1, 0, 1, 2, 3]	5	13.543700218200684	14.453529357910156
BGC0000221	Polyketide	Polyketide	False	False	"[""BGC0000221_-1"", ""BGC0000221_0"", ""BGC0000221_1"", ""BGC0000221_2"", ""BGC0000221_3""]"	[1036, 1035, 1037, 1038, 1039]	[-1, 0, 1, 2, 3]	5	13.254839897155762	14.948596000671387
BGC0000222	Polyketide	Polyketide	False	False	"[""BGC0000222_-1"", ""BGC0000222_0"", ""BGC0000222_1"", ""BGC0000222_2"", ""BGC0000222_3""]"	[1041, 1040, 1042, 1043, 1044]	[-1, 0, 1, 2, 3]	5	11.856630325317383	13.860784530639648
BGC0000223	Polyketide	Polyketide	False	False	"[""BGC0000223_-1"", ""BGC0000223_0"", ""BGC0000223_1"", ""BGC0000223_2"", ""BGC0000223_3""]"	[1046, 1045, 1047, 1048, 1049]	[-1, 0, 1, 2, 3]	5	12.755716323852539	14.610801696777344
BGC0000224	Polyketide	Polyketide	False	False	"[""BGC0000224_-1"", ""BGC0000224_0"", ""BGC0000224_1"", ""BGC0000224_2"", ""BGC0000224_3""]"	[1051, 1050, 1052, 1053, 1054]	[-1, 0, 1, 2, 3]	5	13.452361106872559	14.331272125244141
BGC0000225	Polyketide	Polyketide	False	False	"[""BGC0000225_-1"", ""BGC0000225_0"", ""BGC0000225_1"", ""BGC0000225_2"", ""BGC0000225_3""]"	[1056, 1055, 1057, 1058, 1059]	[-1, 0, 1, 2, 3]	5	13.189179420471191	14.851001739501953
BGC0000226	Polyketide	Polyketide	False	False	"[""BGC0000226_-1"", ""BGC0000226_0"", ""BGC0000226_1"", ""BGC0000226_2"", ""BGC0000226_3""]"	[1061, 1060, 1062, 1063, 1064]	[-1, 0, 1, 2, 3]	5	13.605649948120117	12.497414588928223
BGC0000227	Polyketide	Polyketide	False	False	"[""BGC0000227_-1"", ""BGC0000227_0"", ""BGC0000227_1"", ""BGC0000227_2"", ""BGC0000227_3""]"	[1066, 1065, 1067, 1068, 1069]	[-1, 0, 1, 2, 3]	5	11.992552757263184	13.480204582214355
BGC0000229	Polyketide Saccharide	Hybrid	True	False	"[""BGC0000229_-1"", ""BGC0000229_0"", ""BGC0000229_1"", ""BGC0000229_2"", ""BGC0000229_3""]"	[1071, 1070, 1072, 1073, 1074]	[-1, 0, 1, 2, 3]	5	11.706815719604492	13.685995101928711
BGC0000230	Polyketide	Polyketide	False	False	"[""BGC0000230_-1"", ""BGC0000230_0"", ""BGC0000230_1"", ""BGC0000230_2"", ""BGC0000230_3""]"	[1076, 1075, 1077, 1078, 1079]	[-1, 0, 1, 2, 3]	5	12.762844085693359	14.64864444732666
BGC0000231	Polyketide	Polyketide	False	False	"[""BGC0000231_-1"", ""BGC0000231_0"", ""BGC0000231_1"", ""BGC0000231_2"", ""BGC0000231_3""]"	[1081, 1080, 1082, 1083, 1084]	[-1, 0, 1, 2, 3]	5	13.042704582214355	14.682857513427734
BGC0000232	Polyketide	Polyketide	False	False	"[""BGC0000232_-1"", ""BGC0000232_0"", ""BGC0000232_1"", ""BGC0000232_2"", ""BGC0000232_3""]"	[1086, 1085, 1087, 1088, 1089]	[-1, 0, 1, 2, 3]	5	12.746942520141602	14.642619132995605
BGC0000233	Polyketide	Polyketide	False	False	"[""BGC0000233_-1"", ""BGC0000233_0"", ""BGC0000233_1"", ""BGC0000233_2"", ""BGC0000233_3""]"	[1091, 1090, 1092, 1093, 1094]	[-1, 0, 1, 2, 3]	5	12.650781631469727	12.877849578857422
BGC0000234	Polyketide	Polyketide	False	False	"[""BGC0000234_-1"", ""BGC0000234_0"", ""BGC0000234_1"", ""BGC0000234_2"", ""BGC0000234_3""]"	[1096, 1095, 1097, 1098, 1099]	[-1, 0, 1, 2, 3]	5	12.967164993286133	14.771222114562988
BGC0000235	Polyketide	Polyketide	False	False	"[""BGC0000235_-1"", ""BGC0000235_0"", ""BGC0000235_1"", ""BGC0000235_2"", ""BGC0000235_3""]"	[1101, 1100, 1102, 1103, 1104]	[-1, 0, 1, 2, 3]	5	12.858091354370117	14.25882625579834
BGC0000236	Polyketide	Polyketide	False	False	"[""BGC0000236_-1"", ""BGC0000236_0"", ""BGC0000236_1"", ""BGC0000236_2"", ""BGC0000236_3""]"	[1106, 1105, 1107, 1108, 1109]	[-1, 0, 1, 2, 3]	5	13.086973190307617	14.926285743713379
BGC0000237	Polyketide	Polyketide	False	False	"[""BGC0000237_-1"", ""BGC0000237_0"", ""BGC0000237_1"", ""BGC0000237_2"", ""BGC0000237_3""]"	[1111, 1110, 1112, 1113, 1114]	[-1, 0, 1, 2, 3]	5	12.553359031677246	13.970233917236328
BGC0000238	Polyketide	Polyketide	False	False	"[""BGC0000238_-1"", ""BGC0000238_0"", ""BGC0000238_1"", ""BGC0000238_2"", ""BGC0000238_3""]"	[1116, 1115, 1117, 1118, 1119]	[-1, 0, 1, 2, 3]	5	13.310555458068848	12.929387092590332
BGC0000239	Polyketide Saccharide	Hybrid	True	False	"[""BGC0000239_-1"", ""BGC0000239_0"", ""BGC0000239_1"", ""BGC0000239_2"", ""BGC0000239_3""]"	[1121, 1120, 1122, 1123, 1124]	[-1, 0, 1, 2, 3]	5	11.580986022949219	13.756175994873047
BGC0000240	Polyketide Saccharide	Hybrid	True	False	"[""BGC0000240_-1"", ""BGC0000240_0"", ""BGC0000240_1"", ""BGC0000240_2"", ""BGC0000240_3""]"	[1126, 1125, 1127, 1128, 1129]	[-1, 0, 1, 2, 3]	5	11.652176856994629	13.748827934265137
BGC0000241	Polyketide Saccharide	Hybrid	True	False	"[""BGC0000241_-1"", ""BGC0000241_0"", ""BGC0000241_1"", ""BGC0000241_2"", ""BGC0000241_3""]"	[1131, 1130, 1132, 1133, 1134]	[-1, 0, 1, 2, 3]	5	11.702908515930176	13.729606628417969
BGC0000242	Polyketide	Polyketide	False	False	"[""BGC0000242_-1"", ""BGC0000242_0"", ""BGC0000242_1"", ""BGC0000242_2"", ""BGC0000242_3""]"	[1136, 1135, 1137, 1138, 1139]	[-1, 0, 1, 2, 3]	5	12.82447338104248	14.537487030029297
BGC0000243	Polyketide	Polyketide	False	False	"[""BGC0000243_-1"", ""BGC0000243_0"", ""BGC0000243_1"", ""BGC0000243_2"", ""BGC0000243_3""]"	[1141, 1140, 1142, 1143, 1144]	[-1, 0, 1, 2, 3]	5	13.731924057006836	13.748724937438965
BGC0000244	Polyketide	Polyketide	False	False	"[""BGC0000244_-1"", ""BGC0000244_0"", ""BGC0000244_1"", ""BGC0000244_2"", ""BGC0000244_3""]"	[1146, 1145, 1147, 1148, 1149]	[-1, 0, 1, 2, 3]	5	4.0795879364013672	2.4560451507568359
BGC0000245	Polyketide	Polyketide	False	False	"[""BGC0000245_-1"", ""BGC0000245_0"", ""BGC0000245_1"", ""BGC0000245_2"", ""BGC0000245_3""]"	[1151, 1150, 1152, 1153, 1154]	[-1, 0, 1, 2, 3]	5	11.906848907470703	14.021025657653809
BGC0000247	Polyketide Saccharide	Hybrid	True	False	"[""BGC0000247_-1"", ""BGC0000247_0"", ""BGC0000247_1"", ""BGC0000247_2"", ""BGC0000247_3""]"	[1156, 1155, 1157, 1158, 1159]	[-1, 0, 1, 2, 3]	5	11.575137138366699	13.825070381164551
BGC0000248	Polyketide	Polyketide	False	False	"[""BGC0000248_-1"", ""BGC0000248_0"", ""BGC0000248_1"", ""BGC0000248_2"", ""BGC0000248_3""]"	[1161, 1160, 1162, 1163, 1164]	[-1, 0, 1, 2, 3]	5	13.017584800720215	14.923087120056152
BGC0000249	Polyketide	Polyketide	False	False	"[""BGC0000249_-1"", ""BGC0000249_0"", ""BGC0000249_1"", ""BGC0000249_2"", ""BGC0000249_3""]"	[1166, 1165, 1167, 1168, 1169]	[-1, 0, 1, 2, 3]	5	2.2393348217010498	1.0568221807479858
BGC0000252	Polyketide	Polyketide	False	False	"[""BGC0000252_-1"", ""BGC0000252_0"", ""BGC0000252_1"", ""BGC0000252_2"", ""BGC0000252_3""]"	[1171, 1170, 1172, 1173, 1174]	[-1, 0, 1, 2, 3]	5	14.631722450256348	14.482430458068848
BGC0000253	Polyketide	Polyketide	False	False	"[""BGC0000253_-1"", ""BGC0000253_0"", ""BGC0000253_1"", ""BGC0000253_2"", ""BGC0000253_3""]"	[1176, 1175, 1177, 1178, 1179]	[-1, 0, 1, 2, 3]	5	12.724273681640625	14.604282379150391
BGC0000254	Polyketide	Polyketide	False	False	"[""BGC0000254_-1"", ""BGC0000254_0"", ""BGC0000254_1"", ""BGC0000254_2"", ""BGC0000254_3""]"	[1181, 1180, 1182, 1183, 1184]	[-1, 0, 1, 2, 3]	5	12.891391754150391	14.810931205749512
BGC0000255	Polyketide	Polyketide	False	False	"[""BGC0000255_-1"", ""BGC0000255_0"", ""BGC0000255_1"", ""BGC0000255_2"", ""BGC0000255_3""]"	[1186, 1185, 1187, 1188, 1189]	[-1, 0, 1, 2, 3]	5	14.160951614379883	12.848745346069336
BGC0000256	Polyketide	Polyketide	False	False	"[""BGC0000256_-1"", ""BGC0000256_0"", ""BGC0000256_1"", ""BGC0000256_2"", ""BGC0000256_3""]"	[1191, 1190, 1192, 1193, 1194]	[-1, 0, 1, 2, 3]	5	12.446473121643066	13.621038436889648
BGC0000257	Polyketide	Polyketide	False	False	"[""BGC0000257_-1"", ""BGC0000257_0"", ""BGC0000257_1"", ""BGC0000257_2"", ""BGC0000257_3""]"	[1196, 1195, 1197, 1198, 1199]	[-1, 0, 1, 2, 3]	5	13.733492851257324	12.797595024108887
BGC0000258	Polyketide	Polyketide	False	False	"[""BGC0000258_-1"", ""BGC0000258_0"", ""BGC0000258_1"", ""BGC0000258_2"", ""BGC0000258_3""]"	[1201, 1200, 1202, 1203, 1204]	[-1, 0, 1, 2, 3]	5	14.096395492553711	13.060568809509277
BGC0000259	Polyketide	Polyketide	False	False	"[""BGC0000259_-1"", ""BGC0000259_0"", ""BGC0000259_1"", ""BGC0000259_2"", ""BGC0000259_3""]"	[1206, 1205, 1207, 1208, 1209]	[-1, 0, 1, 2, 3]	5	13.913723945617676	13.302040100097656
BGC0000260	Polyketide	Polyketide	False	False	"[""BGC0000260_-1"", ""BGC0000260_0"", ""BGC0000260_1"", ""BGC0000260_2"", ""BGC0000260_3""]"	[1211, 1210, 1212, 1213, 1214]	[-1, 0, 1, 2, 3]	5	14.404147148132324	14.145862579345703
BGC0000261	Polyketide	Polyketide	False	False	"[""BGC0000261_-1"", ""BGC0000261_0"", ""BGC0000261_1"", ""BGC0000261_2"", ""BGC0000261_3""]"	[1216, 1215, 1217, 1218, 1219]	[-1, 0, 1, 2, 3]	5	13.467412948608398	14.449790000915527
BGC0000262	Polyketide Saccharide	Hybrid	True	False	"[""BGC0000262_-1"", ""BGC0000262_0"", ""BGC0000262_1"", ""BGC0000262_2"", ""BGC0000262_3""]"	[1221, 1220, 1222, 1223, 1224]	[-1, 0, 1, 2, 3]	5	11.567510604858398	13.746884346008301
BGC0000263	Polyketide	Polyketide	False	False	"[""BGC0000263_-1"", ""BGC0000263_0"", ""BGC0000263_1"", ""BGC0000263_2"", ""BGC0000263_3""]"	[1226, 1225, 1227, 1228, 1229]	[-1, 0, 1, 2, 3]	5	12.592496871948242	13.661848068237305
BGC0000264	Polyketide	Polyketide	False	False	"[""BGC0000264_-1"", ""BGC0000264_0"", ""BGC0000264_1"", ""BGC0000264_2"", ""BGC0000264_3""]"	[1231, 1230, 1232, 1233, 1234]	[-1, 0, 1, 2, 3]	5	13.617569923400879	12.9208984375
BGC0000265	Polyketide	Polyketide	False	False	"[""BGC0000265_-1"", ""BGC0000265_0"", ""BGC0000265_1"", ""BGC0000265_2"", ""BGC0000265_3""]"	[1236, 1235, 1237, 1238, 1239]	[-1, 0, 1, 2, 3]	5	2.0031585693359375	0.58151090145111084
BGC0000266	Polyketide	Polyketide	False	False	"[""BGC0000266_-1"", ""BGC0000266_0"", ""BGC0000266_1"", ""BGC0000266_2"", ""BGC0000266_3""]"	[1241, 1240, 1242, 1243, 1244]	[-1, 0, 1, 2, 3]	5	13.441769599914551	14.498235702514648
BGC0000267	Polyketide Saccharide	Hybrid	True	False	"[""BGC0000267_-1"", ""BGC0000267_0"", ""BGC0000267_1"", ""BGC0000267_2"", ""BGC0000267_3""]"	[1246, 1245, 1247, 1248, 1249]	[-1, 0, 1, 2, 3]	5	11.544345855712891	13.758561134338379
BGC0000268	Polyketide	Polyketide	False	False	"[""BGC0000268_-1"", ""BGC0000268_0"", ""BGC0000268_1"", ""BGC0000268_2"", ""BGC0000268_3""]"	[1251, 1250, 1252, 1253, 1254]	[-1, 0, 1, 2, 3]	5	11.564558982849121	13.780155181884766
BGC0000269	Polyketide Saccharide	Hybrid	True	False	"[""BGC0000269_-1"", ""BGC0000269_0"", ""BGC0000269_1"", ""BGC0000269_2"", ""BGC0000269_3""]"	[1256, 1255, 1257, 1258, 1259]	[-1, 0, 1, 2, 3]	5	11.60181999206543	13.809191703796387
BGC0000270	Polyketide	Polyketide	False	False	"[""BGC0000270_-1"", ""BGC0000270_0"", ""BGC0000270_1"", ""BGC0000270_2"", ""BGC0000270_3""]"	[1261, 1260, 1262, 1263, 1264]	[-1, 0, 1, 2, 3]	5	15.43475341796875	11.443141937255859
BGC0000271	Polyketide	Polyketide	False	False	"[""BGC0000271_-1"", ""BGC0000271_0"", ""BGC0000271_1"", ""BGC0000271_2"", ""BGC0000271_3""]"	[1266, 1265, 1267, 1268, 1269]	[-1, 0, 1, 2, 3]	5	12.440863609313965	14.22227668762207
BGC0000272	Polyketide	Polyketide	False	False	"[""BGC0000272_-1"", ""BGC0000272_0"", ""BGC0000272_1"", ""BGC0000272_2"", ""BGC0000272_3""]"	[1271, 1270, 1272, 1273, 1274]	[-1, 0, 1, 2, 3]	5	13.653732299804688	12.953728675842285
BGC0000273	Polyketide Saccharide	Hybrid	True	False	"[""BGC0000273_-1"", ""BGC0000273_0"", ""BGC0000273_1"", ""BGC0000273_2"", ""BGC0000273_3""]"	[1276, 1275, 1277, 1278, 1279]	[-1, 0, 1, 2, 3]	5	11.588134765625	13.767642974853516
BGC0000274	Polyketide	Polyketide	False	False	"[""BGC0000274_-1"", ""BGC0000274_0"", ""BGC0000274_1"", ""BGC0000274_2"", ""BGC0000274_3""]"	[1281, 1280, 1282, 1283, 1284]	[-1, 0, 1, 2, 3]	5	12.432308197021484	14.255735397338867
BGC0000275	Polyketide	Polyketide	False	False	"[""BGC0000275_-1"", ""BGC0000275_0"", ""BGC0000275_1"", ""BGC0000275_2"", ""BGC0000275_3""]"	[1286, 1285, 1287, 1288, 1289]	[-1, 0, 1, 2, 3]	5	13.280119895935059	13.331232070922852
BGC0000277	Polyketide	Polyketide	False	False	"[""BGC0000277_-1"", ""BGC0000277_0"", ""BGC0000277_1"", ""BGC0000277_2"", ""BGC0000277_3""]"	[1291, 1290, 1292, 1293, 1294]	[-1, 0, 1, 2, 3]	5	2.2301867008209229	0.68003034591674805
BGC0000278	Polyketide	Polyketide	False	False	"[""BGC0000278_-1"", ""BGC0000278_0"", ""BGC0000278_1"", ""BGC0000278_2"", ""BGC0000278_3""]"	[1296, 1295, 1297, 1298, 1299]	[-1, 0, 1, 2, 3]	5	2.1127321720123291	0.66842806339263916
BGC0000279	Polyketide	Polyketide	False	False	"[""BGC0000279_-1"", ""BGC0000279_0"", ""BGC0000279_1"", ""BGC0000279_2"", ""BGC0000279_3""]"	[1301, 1300, 1302, 1303, 1304]	[-1, 0, 1, 2, 3]	5	12.908676147460938	14.587212562561035
BGC0000280	Polyketide	Polyketide	False	False	"[""BGC0000280_-1"", ""BGC0000280_0"", ""BGC0000280_1"", ""BGC0000280_2"", ""BGC0000280_3""]"	[1306, 1305, 1307, 1308, 1309]	[-1, 0, 1, 2, 3]	5	13.720056533813477	13.993544578552246
BGC0000281	Polyketide	Polyketide	False	False	"[""BGC0000281_-1"", ""BGC0000281_0"", ""BGC0000281_1"", ""BGC0000281_2"", ""BGC0000281_3""]"	[1311, 1310, 1312, 1313, 1314]	[-1, 0, 1, 2, 3]	5	13.68202018737793	13.956304550170898
BGC0000282	Polyketide	Polyketide	False	False	"[""BGC0000282_-1"", ""BGC0000282_0"", ""BGC0000282_1"", ""BGC0000282_2"", ""BGC0000282_3""]"	[1316, 1315, 1317, 1318, 1319]	[-1, 0, 1, 2, 3]	5	13.811460494995117	14.242298126220703
BGC0000283	Other	Other	False	False	"[""BGC0000283_-1"", ""BGC0000283_0"", ""BGC0000283_1"", ""BGC0000283_2"", ""BGC0000283_3""]"	[1321, 1320, 1322, 1323, 1324]	[-1, 0, 1, 2, 3]	5	3.2073328495025635	1.532258152961731
BGC0000284	Polyketide	Polyketide	False	False	"[""BGC0000284_-1"", ""BGC0000284_0"", ""BGC0000284_1"", ""BGC0000284_2"", ""BGC0000284_3""]"	[1326, 1325, 1327, 1328, 1329]	[-1, 0, 1, 2, 3]	5	3.620887279510498	1.289165735244751
BGC0000285	Polyketide Saccharide	Hybrid	True	False	"[""BGC0000285_-1"", ""BGC0000285_0"", ""BGC0000285_1"", ""BGC0000285_2"", ""BGC0000285_3""]"	[1331, 1330, 1332, 1333, 1334]	[-1, 0, 1, 2, 3]	5	13.596340179443359	14.063787460327148
BGC0000286	Polyketide	Polyketide	False	False	"[""BGC0000286_-1"", ""BGC0000286_0"", ""BGC0000286_1"", ""BGC0000286_2"", ""BGC0000286_3""]"	[1336, 1335, 1337, 1338, 1339]	[-1, 0, 1, 2, 3]	5	15.166857719421387	15.271133422851562
BGC0000287	NRP	NRP	False	False	"[""BGC0000287_-1"", ""BGC0000287_0"", ""BGC0000287_1"", ""BGC0000287_2"", ""BGC0000287_3""]"	[1341, 1340, 1342, 1343, 1344]	[-1, 0, 1, 2, 3]	5	14.669934272766113	-0.41213881969451904
BGC0000288	NRP	NRP	False	False	"[""BGC0000288_-1"", ""BGC0000288_0"", ""BGC0000288_1"", ""BGC0000288_2"", ""BGC0000288_3""]"	[1346, 1345, 1347, 1348, 1349]	[-1, 0, 1, 2, 3]	5	12.327162742614746	-1.560981273651123
BGC0000289	NRP Saccharide	Hybrid	True	False	"[""BGC0000289_-1"", ""BGC0000289_0"", ""BGC0000289_1"", ""BGC0000289_2"", ""BGC0000289_3""]"	[1351, 1350, 1352, 1353, 1354]	[-1, 0, 1, 2, 3]	5	12.32503604888916	-2.2871882915496826
BGC0000290	NRP	NRP	False	False	"[""BGC0000290_-1"", ""BGC0000290_0"", ""BGC0000290_1"", ""BGC0000290_2"", ""BGC0000290_3""]"	[1356, 1355, 1357, 1358, 1359]	[-1, 0, 1, 2, 3]	5	12.551813125610352	-2.0513937473297119
BGC0000291	NRP	NRP	False	False	"[""BGC0000291_-1"", ""BGC0000291_0"", ""BGC0000291_1"", ""BGC0000291_2"", ""BGC0000291_3""]"	[1361, 1360, 1362, 1363, 1364]	[-1, 0, 1, 2, 3]	5	12.770916938781738	-2.0826349258422852
BGC0000292	NRP	NRP	False	False	"[""BGC0000292_-1"", ""BGC0000292_0"", ""BGC0000292_1"", ""BGC0000292_2"", ""BGC0000292_3""]"	[1366, 1365, 1367, 1368, 1369]	[-1, 0, 1, 2, 3]	5	11.625553131103516	-0.1777796596288681
BGC0000293	NRP	NRP	False	False	"[""BGC0000293_-1"", ""BGC0000293_0"", ""BGC0000293_1"", ""BGC0000293_2"", ""BGC0000293_3""]"	[1371, 1370, 1372, 1373, 1374]	[-1, 0, 1, 2, 3]	5	11.657942771911621	-0.34450206160545349
BGC0000294	NRP	NRP	False	False	"[""BGC0000294_-1"", ""BGC0000294_0"", ""BGC0000294_1"", ""BGC0000294_2"", ""BGC0000294_3""]"	[1376, 1375, 1377, 1378, 1379]	[-1, 0, 1, 2, 3]	5	12.797821998596191	-0.96638977527618408
BGC0000295	NRP	NRP	False	False	"[""BGC0000295_-1"", ""BGC0000295_0"", ""BGC0000295_1"", ""BGC0000295_2"", ""BGC0000295_3""]"	[1381, 1380, 1382, 1383, 1384]	[-1, 0, 1, 2, 3]	5	10.592536926269531	-0.77495443820953369
BGC0000296	NRP	NRP	False	False	"[""BGC0000296_-1"", ""BGC0000296_0"", ""BGC0000296_1"", ""BGC0000296_2"", ""BGC0000296_3""]"	[1386, 1385, 1387, 1388, 1389]	[-1, 0, 1, 2, 3]	5	13.866462707519531	-1.5992023944854736
BGC0000297	NRP Polyketide Saccharide	Hybrid	True	False	"[""BGC0000297_-1"", ""BGC0000297_0"", ""BGC0000297_1"", ""BGC0000297_2"", ""BGC0000297_3""]"	[1391, 1390, 1392, 1393, 1394]	[-1, 0, 1, 2, 3]	5	16.69598388671875	6.3477392196655273
BGC0000298	NRP	NRP	False	False	"[""BGC0000298_-1"", ""BGC0000298_0"", ""BGC0000298_1"", ""BGC0000298_2"", ""BGC0000298_3""]"	[1396, 1395, 1397, 1398, 1399]	[-1, 0, 1, 2, 3]	5	14.673310279846191	-0.36353105306625366
BGC0000300	NRP	NRP	False	False	"[""BGC0000300_-1"", ""BGC0000300_0"", ""BGC0000300_1"", ""BGC0000300_2"", ""BGC0000300_3""]"	[1401, 1400, 1402, 1403, 1404]	[-1, 0, 1, 2, 3]	5	13.773102760314941	-1.4779068231582642
BGC0000301	NRP	NRP	False	False	"[""BGC0000301_-1"", ""BGC0000301_0"", ""BGC0000301_1"", ""BGC0000301_2"", ""BGC0000301_3""]"	[1406, 1405, 1407, 1408, 1409]	[-1, 0, 1, 2, 3]	5	13.566384315490723	-0.3487359881401062
BGC0000302	NRP	NRP	False	False	"[""BGC0000302_-1"", ""BGC0000302_0"", ""BGC0000302_1"", ""BGC0000302_2"", ""BGC0000302_3""]"	[1411, 1410, 1412, 1413, 1414]	[-1, 0, 1, 2, 3]	5	13.691092491149902	-0.30585342645645142
BGC0000303	NRP	NRP	False	False	"[""BGC0000303_-1"", ""BGC0000303_0"", ""BGC0000303_1"", ""BGC0000303_2"", ""BGC0000303_3""]"	[1416, 1415, 1417, 1418, 1419]	[-1, 0, 1, 2, 3]	5	12.123852729797363	-1.3313202857971191
BGC0000304	NRP	NRP	False	False	"[""BGC0000304_-1"", ""BGC0000304_0"", ""BGC0000304_1"", ""BGC0000304_2"", ""BGC0000304_3""]"	[1421, 1420, 1422, 1423, 1424]	[-1, 0, 1, 2, 3]	5	10.879148483276367	0.049181848764419556
BGC0000305	NRP	NRP	False	False	"[""BGC0000305_-1"", ""BGC0000305_0"", ""BGC0000305_1"", ""BGC0000305_2"", ""BGC0000305_3""]"	[1426, 1425, 1427, 1428, 1429]	[-1, 0, 1, 2, 3]	5	14.149617195129395	-0.53854018449783325
BGC0000306	NRP	NRP	False	False	"[""BGC0000306_-1"", ""BGC0000306_0"", ""BGC0000306_1"", ""BGC0000306_2"", ""BGC0000306_3""]"	[1431, 1430, 1432, 1433, 1434]	[-1, 0, 1, 2, 3]	5	13.264406204223633	-1.7018651962280273
BGC0000307	NRP	NRP	False	False	"[""BGC0000307_-1"", ""BGC0000307_0"", ""BGC0000307_1"", ""BGC0000307_2"", ""BGC0000307_3""]"	[1436, 1435, 1437, 1438, 1439]	[-1, 0, 1, 2, 3]	5	11.312281608581543	-0.64592862129211426
BGC0000308	NRP	NRP	False	False	"[""BGC0000308_-1"", ""BGC0000308_0"", ""BGC0000308_1"", ""BGC0000308_2"", ""BGC0000308_3""]"	[1441, 1440, 1442, 1443, 1444]	[-1, 0, 1, 2, 3]	5	13.120399475097656	-1.7928279638290405
BGC0000309	NRP	NRP	False	False	"[""BGC0000309_-1"", ""BGC0000309_0"", ""BGC0000309_1"", ""BGC0000309_2"", ""BGC0000309_3""]"	[1446, 1445, 1447, 1448, 1449]	[-1, 0, 1, 2, 3]	5	12.847377777099609	-0.60943347215652466
BGC0000310	NRP	NRP	False	False	"[""BGC0000310_-1"", ""BGC0000310_0"", ""BGC0000310_1"", ""BGC0000310_2"", ""BGC0000310_3""]"	[1451, 1450, 1452, 1453, 1454]	[-1, 0, 1, 2, 3]	5	13.153932571411133	-0.55699253082275391
BGC0000311	NRP	NRP	False	False	"[""BGC0000311_-1"", ""BGC0000311_0"", ""BGC0000311_1"", ""BGC0000311_2"", ""BGC0000311_3""]"	[1456, 1455, 1457, 1458, 1459]	[-1, 0, 1, 2, 3]	5	12.406972885131836	-2.2853331565856934
BGC0000312	NRP	NRP	False	False	"[""BGC0000312_-1"", ""BGC0000312_0"", ""BGC0000312_1"", ""BGC0000312_2"", ""BGC0000312_3""]"	[1461, 1460, 1462, 1463, 1464]	[-1, 0, 1, 2, 3]	5	10.867209434509277	0.087076172232627869
BGC0000313	NRP	NRP	False	False	"[""BGC0000313_-1"", ""BGC0000313_0"", ""BGC0000313_1"", ""BGC0000313_2"", ""BGC0000313_3""]"	[1466, 1465, 1467, 1468, 1469]	[-1, 0, 1, 2, 3]	5	11.814455032348633	-0.56500595808029175
BGC0000314	NRP Polyketide Other	Hybrid	False	False	"[""BGC0000314_-1"", ""BGC0000314_0"", ""BGC0000314_1"", ""BGC0000314_2"", ""BGC0000314_3""]"	[1471, 1470, 1472, 1473, 1474]	[-1, 0, 1, 2, 3]	5	16.459938049316406	6.6366591453552246
BGC0000315	NRP	NRP	False	False	"[""BGC0000315_-1"", ""BGC0000315_0"", ""BGC0000315_1"", ""BGC0000315_2"", ""BGC0000315_3""]"	[1476, 1475, 1477, 1478, 1479]	[-1, 0, 1, 2, 3]	5	13.531204223632812	-1.5229295492172241
BGC0000316	NRP	NRP	False	False	"[""BGC0000316_-1"", ""BGC0000316_0"", ""BGC0000316_1"", ""BGC0000316_2"", ""BGC0000316_3""]"	[1481, 1480, 1482, 1483, 1484]	[-1, 0, 1, 2, 3]	5	13.100733757019043	-1.9164999723434448
BGC0000319	NRP	NRP	False	False	"[""BGC0000319_-1"", ""BGC0000319_0"", ""BGC0000319_1"", ""BGC0000319_2"", ""BGC0000319_3""]"	[1486, 1485, 1487, 1488, 1489]	[-1, 0, 1, 2, 3]	5	12.888801574707031	-1.426688551902771
BGC0000320	NRP	NRP	False	False	"[""BGC0000320_-1"", ""BGC0000320_0"", ""BGC0000320_1"", ""BGC0000320_2"", ""BGC0000320_3""]"	[1491, 1490, 1492, 1493, 1494]	[-1, 0, 1, 2, 3]	5	16.294715881347656	6.950007438659668
BGC0000321	NRP	NRP	False	False	"[""BGC0000321_-1"", ""BGC0000321_0"", ""BGC0000321_1"", ""BGC0000321_2"", ""BGC0000321_3""]"	[1496, 1495, 1497, 1498, 1499]	[-1, 0, 1, 2, 3]	5	11.876803398132324	-0.72618407011032104
BGC0000322	NRP	NRP	False	False	"[""BGC0000322_-1"", ""BGC0000322_0"", ""BGC0000322_1"", ""BGC0000322_2"", ""BGC0000322_3""]"	[1501, 1500, 1502, 1503, 1504]	[-1, 0, 1, 2, 3]	5	12.85836124420166	-0.92292088270187378
BGC0000323	NRP	NRP	False	False	"[""BGC0000323_-1"", ""BGC0000323_0"", ""BGC0000323_1"", ""BGC0000323_2"", ""BGC0000323_3""]"	[1506, 1505, 1507, 1508, 1509]	[-1, 0, 1, 2, 3]	5	13.792466163635254	-0.8674781322479248
BGC0000324	NRP	NRP	False	False	"[""BGC0000324_-1"", ""BGC0000324_0"", ""BGC0000324_1"", ""BGC0000324_2"", ""BGC0000324_3""]"	[1511, 1510, 1512, 1513, 1514]	[-1, 0, 1, 2, 3]	5	13.730690002441406	-1.6286569833755493
BGC0000325	NRP	NRP	False	False	"[""BGC0000325_-1"", ""BGC0000325_0"", ""BGC0000325_1"", ""BGC0000325_2"", ""BGC0000325_3""]"	[1516, 1515, 1517, 1518, 1519]	[-1, 0, 1, 2, 3]	5	12.193025588989258	-0.64382922649383545
BGC0000326	NRP	NRP	False	False	"[""BGC0000326_-1"", ""BGC0000326_0"", ""BGC0000326_1"", ""BGC0000326_2"", ""BGC0000326_3""]"	[1521, 1520, 1522, 1523, 1524]	[-1, 0, 1, 2, 3]	5	13.893458366394043	-0.44701433181762695
BGC0000327	NRP	NRP	False	False	"[""BGC0000327_-1"", ""BGC0000327_0"", ""BGC0000327_1"", ""BGC0000327_2"", ""BGC0000327_3""]"	[1526, 1525, 1527, 1528, 1529]	[-1, 0, 1, 2, 3]	5	12.616392135620117	-1.1219758987426758
BGC0000328	NRP	NRP	False	False	"[""BGC0000328_-1"", ""BGC0000328_0"", ""BGC0000328_1"", ""BGC0000328_2"", ""BGC0000328_3""]"	[1531, 1530, 1532, 1533, 1534]	[-1, 0, 1, 2, 3]	5	11.966683387756348	-1.1581844091415405
BGC0000329	NRP	NRP	False	False	"[""BGC0000329_-1"", ""BGC0000329_0"", ""BGC0000329_1"", ""BGC0000329_2"", ""BGC0000329_3""]"	[1536, 1535, 1537, 1538, 1539]	[-1, 0, 1, 2, 3]	5	13.302664756774902	-0.76987540721893311
BGC0000330	NRP	NRP	False	False	"[""BGC0000330_-1"", ""BGC0000330_0"", ""BGC0000330_1"", ""BGC0000330_2"", ""BGC0000330_3""]"	[1541, 1540, 1542, 1543, 1544]	[-1, 0, 1, 2, 3]	5	13.531085968017578	-0.48033955693244934
BGC0000331	NRP	NRP	False	False	"[""BGC0000331_-1"", ""BGC0000331_0"", ""BGC0000331_1"", ""BGC0000331_2"", ""BGC0000331_3""]"	[1546, 1545, 1547, 1548, 1549]	[-1, 0, 1, 2, 3]	5	13.372500419616699	-0.76926964521408081
BGC0000332	NRP	NRP	False	False	"[""BGC0000332_-1"", ""BGC0000332_0"", ""BGC0000332_1"", ""BGC0000332_2"", ""BGC0000332_3""]"	[1551, 1550, 1552, 1553, 1554]	[-1, 0, 1, 2, 3]	5	12.896366119384766	-0.35959863662719727
BGC0000333	NRP	NRP	False	False	"[""BGC0000333_-1"", ""BGC0000333_0"", ""BGC0000333_1"", ""BGC0000333_2"", ""BGC0000333_3""]"	[1556, 1555, 1557, 1558, 1559]	[-1, 0, 1, 2, 3]	5	13.768582344055176	-1.52653968334198
BGC0000334	NRP	NRP	False	False	"[""BGC0000334_-1"", ""BGC0000334_0"", ""BGC0000334_1"", ""BGC0000334_2"", ""BGC0000334_3""]"	[1561, 1560, 1562, 1563, 1564]	[-1, 0, 1, 2, 3]	5	16.565690994262695	6.8054795265197754
BGC0000335	NRP Polyketide	Hybrid	False	False	"[""BGC0000335_-1"", ""BGC0000335_0"", ""BGC0000335_1"", ""BGC0000335_2"", ""BGC0000335_3""]"	[1566, 1565, 1567, 1568, 1569]	[-1, 0, 1, 2, 3]	5	17.573818206787109	6.5760898590087891
BGC0000336	NRP	NRP	False	False	"[""BGC0000336_-1"", ""BGC0000336_0"", ""BGC0000336_1"", ""BGC0000336_2"", ""BGC0000336_3""]"	[1571, 1570, 1572, 1573, 1574]	[-1, 0, 1, 2, 3]	5	12.766905784606934	-2.0531928539276123
BGC0000337	NRP	NRP	False	False	"[""BGC0000337_-1"", ""BGC0000337_0"", ""BGC0000337_1"", ""BGC0000337_2"", ""BGC0000337_3""]"	[1576, 1575, 1577, 1578, 1579]	[-1, 0, 1, 2, 3]	5	10.902987480163574	0.15017202496528625
BGC0000339	NRP	NRP	False	False	"[""BGC0000339_-1"", ""BGC0000339_0"", ""BGC0000339_1"", ""BGC0000339_2"", ""BGC0000339_3""]"	[1581, 1580, 1582, 1583, 1584]	[-1, 0, 1, 2, 3]	5	12.729963302612305	-1.1661199331283569
BGC0000340	NRP	NRP	False	False	"[""BGC0000340_-1"", ""BGC0000340_0"", ""BGC0000340_1"", ""BGC0000340_2"", ""BGC0000340_3""]"	[1586, 1585, 1587, 1588, 1589]	[-1, 0, 1, 2, 3]	5	12.079495429992676	-2.1209912300109863
BGC0000341	NRP	NRP	False	False	"[""BGC0000341_-1"", ""BGC0000341_0"", ""BGC0000341_1"", ""BGC0000341_2"", ""BGC0000341_3""]"	[1591, 1590, 1592, 1593, 1594]	[-1, 0, 1, 2, 3]	5	12.91086483001709	-1.6377136707305908
BGC0000342	NRP	NRP	False	False	"[""BGC0000342_-1"", ""BGC0000342_0"", ""BGC0000342_1"", ""BGC0000342_2"", ""BGC0000342_3""]"	[1596, 1595, 1597, 1598, 1599]	[-1, 0, 1, 2, 3]	5	11.150217056274414	-0.40040189027786255
BGC0000343	NRP	NRP	False	False	"[""BGC0000343_-1"", ""BGC0000343_0"", ""BGC0000343_1"", ""BGC0000343_2"", ""BGC0000343_3""]"	[1601, 1600, 1602, 1603, 1604]	[-1, 0, 1, 2, 3]	5	13.128903388977051	-0.53131937980651855
BGC0000344	NRP	NRP	False	False	"[""BGC0000344_-1"", ""BGC0000344_0"", ""BGC0000344_1"", ""BGC0000344_2"", ""BGC0000344_3""]"	[1606, 1605, 1607, 1608, 1609]	[-1, 0, 1, 2, 3]	5	13.979065895080566	-1.0763541460037231
BGC0000345	NRP Polyketide	Hybrid	False	False	"[""BGC0000345_-1"", ""BGC0000345_0"", ""BGC0000345_1"", ""BGC0000345_2"", ""BGC0000345_3""]"	[1611, 1610, 1612, 1613, 1614]	[-1, 0, 1, 2, 3]	5	17.94293212890625	8.2816362380981445
BGC0000346	NRP Polyketide	Hybrid	False	False	"[""BGC0000346_-1"", ""BGC0000346_0"", ""BGC0000346_1"", ""BGC0000346_2"", ""BGC0000346_3""]"	[1616, 1615, 1617, 1618, 1619]	[-1, 0, 1, 2, 3]	5	17.962656021118164	8.3187017440795898
BGC0000347	NRP	NRP	False	False	"[""BGC0000347_-1"", ""BGC0000347_0"", ""BGC0000347_1"", ""BGC0000347_2"", ""BGC0000347_3""]"	[1621, 1620, 1622, 1623, 1624]	[-1, 0, 1, 2, 3]	5	12.902524948120117	-1.3782470226287842
BGC0000348	NRP	NRP	False	False	"[""BGC0000348_-1"", ""BGC0000348_0"", ""BGC0000348_1"", ""BGC0000348_2"", ""BGC0000348_3""]"	[1626, 1625, 1627, 1628, 1629]	[-1, 0, 1, 2, 3]	5	11.226626396179199	-0.5276457667350769
BGC0000349	NRP	NRP	False	False	"[""BGC0000349_-1"", ""BGC0000349_0"", ""BGC0000349_1"", ""BGC0000349_2"", ""BGC0000349_3""]"	[1631, 1630, 1632, 1633, 1634]	[-1, 0, 1, 2, 3]	5	14.10099983215332	-1.2978590726852417
BGC0000350	NRP	NRP	False	False	"[""BGC0000350_-1"", ""BGC0000350_0"", ""BGC0000350_1"", ""BGC0000350_2"", ""BGC0000350_3""]"	[1636, 1635, 1637, 1638, 1639]	[-1, 0, 1, 2, 3]	5	12.368364334106445	-0.95612585544586182
BGC0000351	NRP	NRP	False	False	"[""BGC0000351_-1"", ""BGC0000351_0"", ""BGC0000351_1"", ""BGC0000351_2"", ""BGC0000351_3""]"	[1641, 1640, 1642, 1643, 1644]	[-1, 0, 1, 2, 3]	5	12.819291114807129	-1.5668847560882568
BGC0000352	NRP	NRP	False	False	"[""BGC0000352_-1"", ""BGC0000352_0"", ""BGC0000352_1"", ""BGC0000352_2"", ""BGC0000352_3""]"	[1646, 1645, 1647, 1648, 1649]	[-1, 0, 1, 2, 3]	5	12.935223579406738	-0.96915775537490845
BGC0000353	NRP	NRP	False	False	"[""BGC0000353_-1"", ""BGC0000353_0"", ""BGC0000353_1"", ""BGC0000353_2"", ""BGC0000353_3""]"	[1651, 1650, 1652, 1653, 1654]	[-1, 0, 1, 2, 3]	5	14.481348991394043	-0.72906923294067383
BGC0000354	NRP	NRP	False	False	"[""BGC0000354_-1"", ""BGC0000354_0"", ""BGC0000354_1"", ""BGC0000354_2"", ""BGC0000354_3""]"	[1656, 1655, 1657, 1658, 1659]	[-1, 0, 1, 2, 3]	5	13.655567169189453	-1.5832722187042236
BGC0000355	NRP	NRP	False	False	"[""BGC0000355_-1"", ""BGC0000355_0"", ""BGC0000355_1"", ""BGC0000355_2"", ""BGC0000355_3""]"	[1661, 1660, 1662, 1663, 1664]	[-1, 0, 1, 2, 3]	5	12.868497848510742	-0.58843487501144409
BGC0000356	NRP Alkaloid	Hybrid	False	False	"[""BGC0000356_-1"", ""BGC0000356_0"", ""BGC0000356_1"", ""BGC0000356_2"", ""BGC0000356_3""]"	[1666, 1665, 1667, 1668, 1669]	[-1, 0, 1, 2, 3]	5	10.589864730834961	0.23388540744781494
BGC0000357	NRP	NRP	False	False	"[""BGC0000357_-1"", ""BGC0000357_0"", ""BGC0000357_1"", ""BGC0000357_2"", ""BGC0000357_3""]"	[1671, 1670, 1672, 1673, 1674]	[-1, 0, 1, 2, 3]	5	11.68620777130127	-0.35425809025764465
BGC0000359	NRP	NRP	False	False	"[""BGC0000359_-1"", ""BGC0000359_0"", ""BGC0000359_1"", ""BGC0000359_2"", ""BGC0000359_3""]"	[1676, 1675, 1677, 1678, 1679]	[-1, 0, 1, 2, 3]	5	13.514800071716309	-1.7120848894119263
BGC0000360	NRP	NRP	False	False	"[""BGC0000360_-1"", ""BGC0000360_0"", ""BGC0000360_1"", ""BGC0000360_2"", ""BGC0000360_3""]"	[1681, 1680, 1682, 1683, 1684]	[-1, 0, 1, 2, 3]	5	14.511995315551758	-0.70754116773605347
BGC0000362	NRP	NRP	False	False	"[""BGC0000362_-1"", ""BGC0000362_0"", ""BGC0000362_1"", ""BGC0000362_2"", ""BGC0000362_3""]"	[1686, 1685, 1687, 1688, 1689]	[-1, 0, 1, 2, 3]	5	12.922451019287109	-1.9341220855712891
BGC0000363	NRP	NRP	False	False	"[""BGC0000363_-1"", ""BGC0000363_0"", ""BGC0000363_1"", ""BGC0000363_2"", ""BGC0000363_3""]"	[1691, 1690, 1692, 1693, 1694]	[-1, 0, 1, 2, 3]	5	12.547919273376465	-1.9700573682785034
BGC0000364	NRP	NRP	False	False	"[""BGC0000364_-1"", ""BGC0000364_0"", ""BGC0000364_1"", ""BGC0000364_2"", ""BGC0000364_3""]"	[1696, 1695, 1697, 1698, 1699]	[-1, 0, 1, 2, 3]	5	12.555137634277344	-1.7648307085037231
BGC0000365	NRP	NRP	False	False	"[""BGC0000365_-1"", ""BGC0000365_0"", ""BGC0000365_1"", ""BGC0000365_2"", ""BGC0000365_3""]"	[1701, 1700, 1702, 1703, 1704]	[-1, 0, 1, 2, 3]	5	17.457412719726562	7.4678177833557129
BGC0000366	NRP	NRP	False	False	"[""BGC0000366_-1"", ""BGC0000366_0"", ""BGC0000366_1"", ""BGC0000366_2"", ""BGC0000366_3""]"	[1706, 1705, 1707, 1708, 1709]	[-1, 0, 1, 2, 3]	5	13.620360374450684	-1.6573139429092407
BGC0000367	NRP	NRP	False	False	"[""BGC0000367_-1"", ""BGC0000367_0"", ""BGC0000367_1"", ""BGC0000367_2"", ""BGC0000367_3""]"	[1711, 1710, 1712, 1713, 1714]	[-1, 0, 1, 2, 3]	5	13.982180595397949	-0.9638248085975647
BGC0000368	NRP	NRP	False	False	"[""BGC0000368_-1"", ""BGC0000368_0"", ""BGC0000368_1"", ""BGC0000368_2"", ""BGC0000368_3""]"	[1716, 1715, 1717, 1718, 1719]	[-1, 0, 1, 2, 3]	5	13.345699310302734	-1.6754782199859619
BGC0000369	NRP Saccharide	Hybrid	True	False	"[""BGC0000369_-1"", ""BGC0000369_0"", ""BGC0000369_1"", ""BGC0000369_2"", ""BGC0000369_3""]"	[1721, 1720, 1722, 1723, 1724]	[-1, 0, 1, 2, 3]	5	12.91630744934082	-0.67430019378662109
BGC0000371	NRP	NRP	False	False	"[""BGC0000371_-1"", ""BGC0000371_0"", ""BGC0000371_1"", ""BGC0000371_2"", ""BGC0000371_3""]"	[1726, 1725, 1727, 1728, 1729]	[-1, 0, 1, 2, 3]	5	12.918308258056641	-1.8301053047180176
BGC0000372	NRP	NRP	False	False	"[""BGC0000372_-1"", ""BGC0000372_0"", ""BGC0000372_1"", ""BGC0000372_2"", ""BGC0000372_3""]"	[1731, 1730, 1732, 1733, 1734]	[-1, 0, 1, 2, 3]	5	11.51197624206543	-0.23903846740722656
BGC0000373	NRP	NRP	False	False	"[""BGC0000373_-1"", ""BGC0000373_0"", ""BGC0000373_1"", ""BGC0000373_2"", ""BGC0000373_3""]"	[1736, 1735, 1737, 1738, 1739]	[-1, 0, 1, 2, 3]	5	13.640720367431641	-1.59056556224823
BGC0000374	NRP	NRP	False	False	"[""BGC0000374_-1"", ""BGC0000374_0"", ""BGC0000374_1"", ""BGC0000374_2"", ""BGC0000374_3""]"	[1741, 1740, 1742, 1743, 1744]	[-1, 0, 1, 2, 3]	5	13.899465560913086	-1.4005972146987915
BGC0000375	NRP	NRP	False	False	"[""BGC0000375_-1"", ""BGC0000375_0"", ""BGC0000375_1"", ""BGC0000375_2"", ""BGC0000375_3""]"	[1746, 1745, 1747, 1748, 1749]	[-1, 0, 1, 2, 3]	5	12.785414695739746	-1.4694445133209229
BGC0000376	NRP	NRP	False	False	"[""BGC0000376_-1"", ""BGC0000376_0"", ""BGC0000376_1"", ""BGC0000376_2"", ""BGC0000376_3""]"	[1751, 1750, 1752, 1753, 1754]	[-1, 0, 1, 2, 3]	5	14.281847953796387	-0.35227331519126892
BGC0000377	NRP	NRP	False	False	"[""BGC0000377_-1"", ""BGC0000377_0"", ""BGC0000377_1"", ""BGC0000377_2"", ""BGC0000377_3""]"	[1756, 1755, 1757, 1758, 1759]	[-1, 0, 1, 2, 3]	5	13.328385353088379	-0.8771548867225647
BGC0000378	NRP	NRP	False	False	"[""BGC0000378_-1"", ""BGC0000378_0"", ""BGC0000378_1"", ""BGC0000378_2"", ""BGC0000378_3""]"	[1761, 1760, 1762, 1763, 1764]	[-1, 0, 1, 2, 3]	5	12.962996482849121	-1.4618227481842041
BGC0000379	NRP	NRP	False	False	"[""BGC0000379_-1"", ""BGC0000379_0"", ""BGC0000379_1"", ""BGC0000379_2"", ""BGC0000379_3""]"	[1766, 1765, 1767, 1768, 1769]	[-1, 0, 1, 2, 3]	5	13.274216651916504	-1.7620373964309692
BGC0000380	NRP Polyketide	Hybrid	False	False	"[""BGC0000380_-1"", ""BGC0000380_0"", ""BGC0000380_1"", ""BGC0000380_2"", ""BGC0000380_3""]"	[1771, 1770, 1772, 1773, 1774]	[-1, 0, 1, 2, 3]	5	17.42137336730957	8.2398700714111328
BGC0000381	NRP	NRP	False	False	"[""BGC0000381_-1"", ""BGC0000381_0"", ""BGC0000381_1"", ""BGC0000381_2"", ""BGC0000381_3""]"	[1776, 1775, 1777, 1778, 1779]	[-1, 0, 1, 2, 3]	5	12.702020645141602	-0.94084560871124268
BGC0000382	NRP	NRP	False	False	"[""BGC0000382_-1"", ""BGC0000382_0"", ""BGC0000382_1"", ""BGC0000382_2"", ""BGC0000382_3""]"	[1781, 1780, 1782, 1783, 1784]	[-1, 0, 1, 2, 3]	5	11.635490417480469	-0.21519191563129425
BGC0000383	NRP Polyketide	Hybrid	False	False	"[""BGC0000383_-1"", ""BGC0000383_0"", ""BGC0000383_1"", ""BGC0000383_2"", ""BGC0000383_3""]"	[1786, 1785, 1787, 1788, 1789]	[-1, 0, 1, 2, 3]	5	17.079479217529297	7.1064095497131348
BGC0000384	NRP	NRP	False	False	"[""BGC0000384_-1"", ""BGC0000384_0"", ""BGC0000384_1"", ""BGC0000384_2"", ""BGC0000384_3""]"	[1791, 1790, 1792, 1793, 1794]	[-1, 0, 1, 2, 3]	5	11.367805480957031	-0.15307779610157013
BGC0000385	NRP	NRP	False	False	"[""BGC0000385_-1"", ""BGC0000385_0"", ""BGC0000385_1"", ""BGC0000385_2"", ""BGC0000385_3""]"	[1796, 1795, 1797, 1798, 1799]	[-1, 0, 1, 2, 3]	5	14.221940040588379	-0.47371041774749756
BGC0000386	NRP	NRP	False	False	"[""BGC0000386_-1"", ""BGC0000386_0"", ""BGC0000386_1"", ""BGC0000386_2"", ""BGC0000386_3""]"	[1801, 1800, 1802, 1803, 1804]	[-1, 0, 1, 2, 3]	5	13.942363739013672	-0.38593897223472595
BGC0000387	NRP	NRP	False	False	"[""BGC0000387_-1"", ""BGC0000387_0"", ""BGC0000387_1"", ""BGC0000387_2"", ""BGC0000387_3""]"	[1806, 1805, 1807, 1808, 1809]	[-1, 0, 1, 2, 3]	5	2.8023679256439209	1.6901469230651855
BGC0000388	NRP	NRP	False	False	"[""BGC0000388_-1"", ""BGC0000388_0"", ""BGC0000388_1"", ""BGC0000388_2"", ""BGC0000388_3""]"	[1811, 1810, 1812, 1813, 1814]	[-1, 0, 1, 2, 3]	5	13.212480545043945	-1.2321590185165405
BGC0000391	NRP	NRP	False	False	"[""BGC0000391_-1"", ""BGC0000391_0"", ""BGC0000391_1"", ""BGC0000391_2"", ""BGC0000391_3""]"	[1816, 1815, 1817, 1818, 1819]	[-1, 0, 1, 2, 3]	5	13.442233085632324	-0.92553526163101196
BGC0000392	NRP	NRP	False	False	"[""BGC0000392_-1"", ""BGC0000392_0"", ""BGC0000392_1"", ""BGC0000392_2"", ""BGC0000392_3""]"	[1821, 1820, 1822, 1823, 1824]	[-1, 0, 1, 2, 3]	5	13.762423515319824	-1.4895193576812744
BGC0000393	NRP Polyketide	Hybrid	False	False	"[""BGC0000393_-1"", ""BGC0000393_0"", ""BGC0000393_1"", ""BGC0000393_2"", ""BGC0000393_3""]"	[1826, 1825, 1827, 1828, 1829]	[-1, 0, 1, 2, 3]	5	13.118528366088867	-0.41141679883003235
BGC0000394	NRP	NRP	False	False	"[""BGC0000394_-1"", ""BGC0000394_0"", ""BGC0000394_1"", ""BGC0000394_2"", ""BGC0000394_3""]"	[1831, 1830, 1832, 1833, 1834]	[-1, 0, 1, 2, 3]	5	13.366296768188477	-1.3432835340499878
BGC0000395	NRP	NRP	False	False	"[""BGC0000395_-1"", ""BGC0000395_0"", ""BGC0000395_1"", ""BGC0000395_2"", ""BGC0000395_3""]"	[1836, 1835, 1837, 1838, 1839]	[-1, 0, 1, 2, 3]	5	13.768074035644531	-0.38673093914985657
BGC0000396	NRP	NRP	False	False	"[""BGC0000396_-1"", ""BGC0000396_0"", ""BGC0000396_1"", ""BGC0000396_2"", ""BGC0000396_3""]"	[1841, 1840, 1842, 1843, 1844]	[-1, 0, 1, 2, 3]	5	14.032041549682617	-0.34428834915161133
BGC0000397	NRP	NRP	False	False	"[""BGC0000397_-1"", ""BGC0000397_0"", ""BGC0000397_1"", ""BGC0000397_2"", ""BGC0000397_3""]"	[1846, 1845, 1847, 1848, 1849]	[-1, 0, 1, 2, 3]	5	12.975820541381836	-0.57305771112442017
BGC0000398	NRP	NRP	False	False	"[""BGC0000398_-1"", ""BGC0000398_0"", ""BGC0000398_1"", ""BGC0000398_2"", ""BGC0000398_3""]"	[1851, 1850, 1852, 1853, 1854]	[-1, 0, 1, 2, 3]	5	14.182368278503418	-0.45813983678817749
BGC0000399	NRP	NRP	False	False	"[""BGC0000399_-1"", ""BGC0000399_0"", ""BGC0000399_1"", ""BGC0000399_2"", ""BGC0000399_3""]"	[1856, 1855, 1857, 1858, 1859]	[-1, 0, 1, 2, 3]	5	14.193032264709473	-0.74730175733566284
BGC0000400	NRP	NRP	False	False	"[""BGC0000400_-1"", ""BGC0000400_0"", ""BGC0000400_1"", ""BGC0000400_2"", ""BGC0000400_3""]"	[1861, 1860, 1862, 1863, 1864]	[-1, 0, 1, 2, 3]	5	13.942911148071289	-0.58794432878494263
BGC0000401	NRP	NRP	False	False	"[""BGC0000401_-1"", ""BGC0000401_0"", ""BGC0000401_1"", ""BGC0000401_2"", ""BGC0000401_3""]"	[1866, 1865, 1867, 1868, 1869]	[-1, 0, 1, 2, 3]	5	14.093074798583984	-0.44122907519340515
BGC0000402	NRP	NRP	False	False	"[""BGC0000402_-1"", ""BGC0000402_0"", ""BGC0000402_1"", ""BGC0000402_2"", ""BGC0000402_3""]"	[1871, 1870, 1872, 1873, 1874]	[-1, 0, 1, 2, 3]	5	16.735263824462891	6.400123119354248
BGC0000403	NRP	NRP	False	False	"[""BGC0000403_-1"", ""BGC0000403_0"", ""BGC0000403_1"", ""BGC0000403_2"", ""BGC0000403_3""]"	[1876, 1875, 1877, 1878, 1879]	[-1, 0, 1, 2, 3]	5	12.696855545043945	-1.0331038236618042
BGC0000404	NRP	NRP	False	False	"[""BGC0000404_-1"", ""BGC0000404_0"", ""BGC0000404_1"", ""BGC0000404_2"", ""BGC0000404_3""]"	[1881, 1880, 1882, 1883, 1884]	[-1, 0, 1, 2, 3]	5	11.641101837158203	-0.27783805131912231
BGC0000405	NRP	NRP	False	False	"[""BGC0000405_-1"", ""BGC0000405_0"", ""BGC0000405_1"", ""BGC0000405_2"", ""BGC0000405_3""]"	[1886, 1885, 1887, 1888, 1889]	[-1, 0, 1, 2, 3]	5	11.637044906616211	-0.18169678747653961
BGC0000406	NRP	NRP	False	False	"[""BGC0000406_-1"", ""BGC0000406_0"", ""BGC0000406_1"", ""BGC0000406_2"", ""BGC0000406_3""]"	[1891, 1890, 1892, 1893, 1894]	[-1, 0, 1, 2, 3]	5	14.190952301025391	-1.1491352319717407
BGC0000407	NRP	NRP	False	False	"[""BGC0000407_-1"", ""BGC0000407_0"", ""BGC0000407_1"", ""BGC0000407_2"", ""BGC0000407_3""]"	[1896, 1895, 1897, 1898, 1899]	[-1, 0, 1, 2, 3]	5	13.256828308105469	-0.53434574604034424
BGC0000408	NRP	NRP	False	False	"[""BGC0000408_-1"", ""BGC0000408_0"", ""BGC0000408_1"", ""BGC0000408_2"", ""BGC0000408_3""]"	[1901, 1900, 1902, 1903, 1904]	[-1, 0, 1, 2, 3]	5	13.4593505859375	-0.64275258779525757
BGC0000409	NRP	NRP	False	False	"[""BGC0000409_-1"", ""BGC0000409_0"", ""BGC0000409_1"", ""BGC0000409_2"", ""BGC0000409_3""]"	[1906, 1905, 1907, 1908, 1909]	[-1, 0, 1, 2, 3]	5	12.06146240234375	-0.47633132338523865
BGC0000410	NRP	NRP	False	False	"[""BGC0000410_-1"", ""BGC0000410_0"", ""BGC0000410_1"", ""BGC0000410_2"", ""BGC0000410_3""]"	[1911, 1910, 1912, 1913, 1914]	[-1, 0, 1, 2, 3]	5	12.862069129943848	-0.52933365106582642
BGC0000411	NRP	NRP	False	False	"[""BGC0000411_-1"", ""BGC0000411_0"", ""BGC0000411_1"", ""BGC0000411_2"", ""BGC0000411_3""]"	[1916, 1915, 1917, 1918, 1919]	[-1, 0, 1, 2, 3]	5	13.790041923522949	-0.35892534255981445
BGC0000412	NRP	NRP	False	False	"[""BGC0000412_-1"", ""BGC0000412_0"", ""BGC0000412_1"", ""BGC0000412_2"", ""BGC0000412_3""]"	[1921, 1920, 1922, 1923, 1924]	[-1, 0, 1, 2, 3]	5	14.465316772460938	-0.85970324277877808
BGC0000413	NRP	NRP	False	False	"[""BGC0000413_-1"", ""BGC0000413_0"", ""BGC0000413_1"", ""BGC0000413_2"", ""BGC0000413_3""]"	[1926, 1925, 1927, 1928, 1929]	[-1, 0, 1, 2, 3]	5	13.819799423217773	-1.3207641839981079
BGC0000414	NRP	NRP	False	False	"[""BGC0000414_-1"", ""BGC0000414_0"", ""BGC0000414_1"", ""BGC0000414_2"", ""BGC0000414_3""]"	[1931, 1930, 1932, 1933, 1934]	[-1, 0, 1, 2, 3]	5	11.692449569702148	-0.20921656489372253
BGC0000415	NRP	NRP	False	False	"[""BGC0000415_-1"", ""BGC0000415_0"", ""BGC0000415_1"", ""BGC0000415_2"", ""BGC0000415_3""]"	[1936, 1935, 1937, 1938, 1939]	[-1, 0, 1, 2, 3]	5	12.736692428588867	-1.2065004110336304
BGC0000416	NRP	NRP	False	False	"[""BGC0000416_-1"", ""BGC0000416_0"", ""BGC0000416_1"", ""BGC0000416_2"", ""BGC0000416_3""]"	[1941, 1940, 1942, 1943, 1944]	[-1, 0, 1, 2, 3]	5	13.120762825012207	-0.62047684192657471
BGC0000417	NRP	NRP	False	False	"[""BGC0000417_-1"", ""BGC0000417_0"", ""BGC0000417_1"", ""BGC0000417_2"", ""BGC0000417_3""]"	[1946, 1945, 1947, 1948, 1949]	[-1, 0, 1, 2, 3]	5	12.87505054473877	-2.0719401836395264
BGC0000418	NRP	NRP	False	False	"[""BGC0000418_-1"", ""BGC0000418_0"", ""BGC0000418_1"", ""BGC0000418_2"", ""BGC0000418_3""]"	[1951, 1950, 1952, 1953, 1954]	[-1, 0, 1, 2, 3]	5	12.287063598632812	-2.3799912929534912
BGC0000419	NRP Saccharide	Hybrid	True	False	"[""BGC0000419_-1"", ""BGC0000419_0"", ""BGC0000419_1"", ""BGC0000419_2"", ""BGC0000419_3""]"	[1956, 1955, 1957, 1958, 1959]	[-1, 0, 1, 2, 3]	5	12.261286735534668	-2.3798978328704834
BGC0000420	NRP	NRP	False	False	"[""BGC0000420_-1"", ""BGC0000420_0"", ""BGC0000420_1"", ""BGC0000420_2"", ""BGC0000420_3""]"	[1961, 1960, 1962, 1963, 1964]	[-1, 0, 1, 2, 3]	5	11.195237159729004	-0.047911487519741058
BGC0000421	NRP	NRP	False	False	"[""BGC0000421_-1"", ""BGC0000421_0"", ""BGC0000421_1"", ""BGC0000421_2"", ""BGC0000421_3""]"	[1966, 1965, 1967, 1968, 1969]	[-1, 0, 1, 2, 3]	5	13.867539405822754	-0.28944322466850281
BGC0000422	NRP	NRP	False	False	"[""BGC0000422_-1"", ""BGC0000422_0"", ""BGC0000422_1"", ""BGC0000422_2"", ""BGC0000422_3""]"	[1971, 1970, 1972, 1973, 1974]	[-1, 0, 1, 2, 3]	5	13.756487846374512	-1.6422098875045776
BGC0000423	NRP	NRP	False	False	"[""BGC0000423_-1"", ""BGC0000423_0"", ""BGC0000423_1"", ""BGC0000423_2"", ""BGC0000423_3""]"	[1976, 1975, 1977, 1978, 1979]	[-1, 0, 1, 2, 3]	5	13.972201347351074	-1.4588643312454224
BGC0000424	NRP	NRP	False	False	"[""BGC0000424_-1"", ""BGC0000424_0"", ""BGC0000424_1"", ""BGC0000424_2"", ""BGC0000424_3""]"	[1981, 1980, 1982, 1983, 1984]	[-1, 0, 1, 2, 3]	5	12.258973121643066	-0.85553622245788574
BGC0000425	NRP	NRP	False	False	"[""BGC0000425_-1"", ""BGC0000425_0"", ""BGC0000425_1"", ""BGC0000425_2"", ""BGC0000425_3""]"	[1986, 1985, 1987, 1988, 1989]	[-1, 0, 1, 2, 3]	5	13.914114952087402	-0.75797826051712036
BGC0000426	NRP	NRP	False	False	"[""BGC0000426_-1"", ""BGC0000426_0"", ""BGC0000426_1"", ""BGC0000426_2"", ""BGC0000426_3""]"	[1991, 1990, 1992, 1993, 1994]	[-1, 0, 1, 2, 3]	5	14.073691368103027	-0.51855248212814331
BGC0000427	NRP	NRP	False	False	"[""BGC0000427_-1"", ""BGC0000427_0"", ""BGC0000427_1"", ""BGC0000427_2"", ""BGC0000427_3""]"	[1996, 1995, 1997, 1998, 1999]	[-1, 0, 1, 2, 3]	5	11.422489166259766	-1.0387275218963623
BGC0000428	NRP	NRP	False	False	"[""BGC0000428_-1"", ""BGC0000428_0"", ""BGC0000428_1"", ""BGC0000428_2"", ""BGC0000428_3""]"	[2001, 2000, 2002, 2003, 2004]	[-1, 0, 1, 2, 3]	5	12.71879768371582	-2.1675145626068115
BGC0000429	NRP Polyketide	Hybrid	False	False	"[""BGC0000429_-1"", ""BGC0000429_0"", ""BGC0000429_1"", ""BGC0000429_2"", ""BGC0000429_3""]"	[2006, 2005, 2007, 2008, 2009]	[-1, 0, 1, 2, 3]	5	14.667261123657227	-0.40784779191017151
BGC0000430	NRP Polyketide	Hybrid	False	False	"[""BGC0000430_-1"", ""BGC0000430_0"", ""BGC0000430_1"", ""BGC0000430_2"", ""BGC0000430_3""]"	[2011, 2010, 2012, 2013, 2014]	[-1, 0, 1, 2, 3]	5	17.274133682250977	6.412074089050293
BGC0000431	NRP	NRP	False	False	"[""BGC0000431_-1"", ""BGC0000431_0"", ""BGC0000431_1"", ""BGC0000431_2"", ""BGC0000431_3""]"	[2016, 2015, 2017, 2018, 2019]	[-1, 0, 1, 2, 3]	5	13.37755012512207	-1.7219835519790649
BGC0000432	NRP	NRP	False	False	"[""BGC0000432_-1"", ""BGC0000432_0"", ""BGC0000432_1"", ""BGC0000432_2"", ""BGC0000432_3""]"	[2021, 2020, 2022, 2023, 2024]	[-1, 0, 1, 2, 3]	5	13.883882522583008	-1.6176924705505371
BGC0000433	NRP	NRP	False	False	"[""BGC0000433_-1"", ""BGC0000433_0"", ""BGC0000433_1"", ""BGC0000433_2"", ""BGC0000433_3""]"	[2026, 2025, 2027, 2028, 2029]	[-1, 0, 1, 2, 3]	5	12.685142517089844	-0.85881137847900391
BGC0000434	NRP	NRP	False	False	"[""BGC0000434_-1"", ""BGC0000434_0"", ""BGC0000434_1"", ""BGC0000434_2"", ""BGC0000434_3""]"	[2031, 2030, 2032, 2033, 2034]	[-1, 0, 1, 2, 3]	5	13.40696907043457	-1.3364875316619873
BGC0000435	NRP	NRP	False	False	"[""BGC0000435_-1"", ""BGC0000435_0"", ""BGC0000435_1"", ""BGC0000435_2"", ""BGC0000435_3""]"	[2036, 2035, 2037, 2038, 2039]	[-1, 0, 1, 2, 3]	5	14.038694381713867	-0.93646025657653809
BGC0000436	NRP	NRP	False	False	"[""BGC0000436_-1"", ""BGC0000436_0"", ""BGC0000436_1"", ""BGC0000436_2"", ""BGC0000436_3""]"	[2041, 2040, 2042, 2043, 2044]	[-1, 0, 1, 2, 3]	5	13.703413009643555	-0.61851078271865845
BGC0000437	NRP	NRP	False	False	"[""BGC0000437_-1"", ""BGC0000437_0"", ""BGC0000437_1"", ""BGC0000437_2"", ""BGC0000437_3""]"	[2046, 2045, 2047, 2048, 2049]	[-1, 0, 1, 2, 3]	5	14.387922286987305	-0.64504897594451904
BGC0000438	NRP	NRP	False	False	"[""BGC0000438_-1"", ""BGC0000438_0"", ""BGC0000438_1"", ""BGC0000438_2"", ""BGC0000438_3""]"	[2051, 2050, 2052, 2053, 2054]	[-1, 0, 1, 2, 3]	5	13.647027015686035	-0.77800309658050537
BGC0000439	NRP	NRP	False	False	"[""BGC0000439_-1"", ""BGC0000439_0"", ""BGC0000439_1"", ""BGC0000439_2"", ""BGC0000439_3""]"	[2056, 2055, 2057, 2058, 2059]	[-1, 0, 1, 2, 3]	5	12.943140029907227	-2.0095369815826416
BGC0000440	NRP	NRP	False	False	"[""BGC0000440_-1"", ""BGC0000440_0"", ""BGC0000440_1"", ""BGC0000440_2"", ""BGC0000440_3""]"	[2061, 2060, 2062, 2063, 2064]	[-1, 0, 1, 2, 3]	5	12.550361633300781	-2.1713259220123291
BGC0000441	NRP	NRP	False	False	"[""BGC0000441_-1"", ""BGC0000441_0"", ""BGC0000441_1"", ""BGC0000441_2"", ""BGC0000441_3""]"	[2066, 2065, 2067, 2068, 2069]	[-1, 0, 1, 2, 3]	5	12.639602661132812	-2.2328975200653076
BGC0000442	NRP	NRP	False	False	"[""BGC0000442_-1"", ""BGC0000442_0"", ""BGC0000442_1"", ""BGC0000442_2"", ""BGC0000442_3""]"	[2071, 2070, 2072, 2073, 2074]	[-1, 0, 1, 2, 3]	5	10.808130264282227	-0.69408094882965088
BGC0000443	NRP	NRP	False	False	"[""BGC0000443_-1"", ""BGC0000443_0"", ""BGC0000443_1"", ""BGC0000443_2"", ""BGC0000443_3""]"	[2076, 2075, 2077, 2078, 2079]	[-1, 0, 1, 2, 3]	5	13.014191627502441	-1.0045522451400757
BGC0000444	NRP	NRP	False	False	"[""BGC0000444_-1"", ""BGC0000444_0"", ""BGC0000444_1"", ""BGC0000444_2"", ""BGC0000444_3""]"	[2081, 2080, 2082, 2083, 2084]	[-1, 0, 1, 2, 3]	5	12.287055015563965	-0.44064390659332275
BGC0000445	NRP	NRP	False	False	"[""BGC0000445_-1"", ""BGC0000445_0"", ""BGC0000445_1"", ""BGC0000445_2"", ""BGC0000445_3""]"	[2086, 2085, 2087, 2088, 2089]	[-1, 0, 1, 2, 3]	5	13.020794868469238	-1.8877028226852417
BGC0000446	NRP	NRP	False	False	"[""BGC0000446_-1"", ""BGC0000446_0"", ""BGC0000446_1"", ""BGC0000446_2"", ""BGC0000446_3""]"	[2091, 2090, 2092, 2093, 2094]	[-1, 0, 1, 2, 3]	5	12.415800094604492	-1.220716118812561
BGC0000447	NRP	NRP	False	False	"[""BGC0000447_-1"", ""BGC0000447_0"", ""BGC0000447_1"", ""BGC0000447_2"", ""BGC0000447_3""]"	[2096, 2095, 2097, 2098, 2099]	[-1, 0, 1, 2, 3]	5	14.073222160339355	-0.98193454742431641
BGC0000448	NRP	NRP	False	False	"[""BGC0000448_-1"", ""BGC0000448_0"", ""BGC0000448_1"", ""BGC0000448_2"", ""BGC0000448_3""]"	[2101, 2100, 2102, 2103, 2104]	[-1, 0, 1, 2, 3]	5	13.284041404724121	-1.1233835220336914
BGC0000449	NRP	NRP	False	False	"[""BGC0000449_-1"", ""BGC0000449_0"", ""BGC0000449_1"", ""BGC0000449_2"", ""BGC0000449_3""]"	[2106, 2105, 2107, 2108, 2109]	[-1, 0, 1, 2, 3]	5	12.739560127258301	-1.2693964242935181
BGC0000450	NRP	NRP	False	False	"[""BGC0000450_-1"", ""BGC0000450_0"", ""BGC0000450_1"", ""BGC0000450_2"", ""BGC0000450_3""]"	[2111, 2110, 2112, 2113, 2114]	[-1, 0, 1, 2, 3]	5	13.814903259277344	-1.5117291212081909
BGC0000451	NRP	NRP	False	False	"[""BGC0000451_-1"", ""BGC0000451_0"", ""BGC0000451_1"", ""BGC0000451_2"", ""BGC0000451_3""]"	[2116, 2115, 2117, 2118, 2119]	[-1, 0, 1, 2, 3]	5	12.215428352355957	-0.8732878565788269
BGC0000452	NRP	NRP	False	False	"[""BGC0000452_-1"", ""BGC0000452_0"", ""BGC0000452_1"", ""BGC0000452_2"", ""BGC0000452_3""]"	[2121, 2120, 2122, 2123, 2124]	[-1, 0, 1, 2, 3]	5	12.76276969909668	-0.58644992113113403
BGC0000453	NRP	NRP	False	False	"[""BGC0000453_-1"", ""BGC0000453_0"", ""BGC0000453_1"", ""BGC0000453_2"", ""BGC0000453_3""]"	[2126, 2125, 2127, 2128, 2129]	[-1, 0, 1, 2, 3]	5	12.133193016052246	-2.2691881656646729
BGC0000454	NRP	NRP	False	False	"[""BGC0000454_-1"", ""BGC0000454_0"", ""BGC0000454_1"", ""BGC0000454_2"", ""BGC0000454_3""]"	[2131, 2130, 2132, 2133, 2134]	[-1, 0, 1, 2, 3]	5	11.892085075378418	-0.39623430371284485
BGC0000455	NRP	NRP	False	False	"[""BGC0000455_-1"", ""BGC0000455_0"", ""BGC0000455_1"", ""BGC0000455_2"", ""BGC0000455_3""]"	[2136, 2135, 2137, 2138, 2139]	[-1, 0, 1, 2, 3]	5	12.422557830810547	-2.2666182518005371
BGC0000457	NRP	NRP	False	False	"[""BGC0000457_-1"", ""BGC0000457_0"", ""BGC0000457_1"", ""BGC0000457_2"", ""BGC0000457_3""]"	[2141, 2140, 2142, 2143, 2144]	[-1, 0, 1, 2, 3]	5	12.171265602111816	-1.1034088134765625
BGC0000458	NRP	NRP	False	False	"[""BGC0000458_-1"", ""BGC0000458_0"", ""BGC0000458_1"", ""BGC0000458_2"", ""BGC0000458_3""]"	[2146, 2145, 2147, 2148, 2149]	[-1, 0, 1, 2, 3]	5	13.080975532531738	-1.915799617767334
BGC0000459	NRP Polyketide	Hybrid	False	False	"[""BGC0000459_-1"", ""BGC0000459_0"", ""BGC0000459_1"", ""BGC0000459_2"", ""BGC0000459_3""]"	[2151, 2150, 2152, 2153, 2154]	[-1, 0, 1, 2, 3]	5	17.654121398925781	8.3592414855957031
BGC0000460	NRP	NRP	False	False	"[""BGC0000460_-1"", ""BGC0000460_0"", ""BGC0000460_1"", ""BGC0000460_2"", ""BGC0000460_3""]"	[2156, 2155, 2157, 2158, 2159]	[-1, 0, 1, 2, 3]	5	12.183672904968262	-0.8744322657585144
BGC0000461	NRP	NRP	False	False	"[""BGC0000461_-1"", ""BGC0000461_0"", ""BGC0000461_1"", ""BGC0000461_2"", ""BGC0000461_3""]"	[2161, 2160, 2162, 2163, 2164]	[-1, 0, 1, 2, 3]	5	14.229864120483398	-0.73137408494949341
BGC0000464	NRP	NRP	False	False	"[""BGC0000464_-1"", ""BGC0000464_0"", ""BGC0000464_1"", ""BGC0000464_2"", ""BGC0000464_3""]"	[2166, 2165, 2167, 2168, 2169]	[-1, 0, 1, 2, 3]	5	14.045619964599609	-0.30283868312835693
BGC0000465	NRP	NRP	False	False	"[""BGC0000465_-1"", ""BGC0000465_0"", ""BGC0000465_1"", ""BGC0000465_2"", ""BGC0000465_3""]"	[2171, 2170, 2172, 2173, 2174]	[-1, 0, 1, 2, 3]	5	13.264497756958008	-0.38694542646408081
BGC0000466	NRP	NRP	False	False	"[""BGC0000466_-1"", ""BGC0000466_0"", ""BGC0000466_1"", ""BGC0000466_2"", ""BGC0000466_3""]"	[2176, 2175, 2177, 2178, 2179]	[-1, 0, 1, 2, 3]	5	10.721545219421387	-0.65143436193466187
BGC0000467	NRP	NRP	False	False	"[""BGC0000467_-1"", ""BGC0000467_0"", ""BGC0000467_1"", ""BGC0000467_2"", ""BGC0000467_3""]"	[2181, 2180, 2182, 2183, 2184]	[-1, 0, 1, 2, 3]	5	15.617367744445801	9.7736940383911133
BGC0000468	RiPP	RiPP	False	False	"[""BGC0000468_-1"", ""BGC0000468_0"", ""BGC0000468_1"", ""BGC0000468_2"", ""BGC0000468_3""]"	[2186, 2185, 2187, 2188, 2189]	[-1, 0, 1, 2, 3]	5	-4.6056394577026367	9.1280794143676758
BGC0000469	RiPP	RiPP	False	False	"[""BGC0000469_-1"", ""BGC0000469_0"", ""BGC0000469_1"", ""BGC0000469_2"", ""BGC0000469_3""]"	[2191, 2190, 2192, 2193, 2194]	[-1, 0, 1, 2, 3]	5	-4.4185166358947754	9.8707370758056641
BGC0000470	RiPP	RiPP	False	False	"[""BGC0000470_-1"", ""BGC0000470_0"", ""BGC0000470_1"", ""BGC0000470_2"", ""BGC0000470_3""]"	[2196, 2195, 2197, 2198, 2199]	[-1, 0, 1, 2, 3]	5	-4.5737066268920898	9.5551309585571289
BGC0000471	RiPP	RiPP	False	False	"[""BGC0000471_-1"", ""BGC0000471_0"", ""BGC0000471_1"", ""BGC0000471_2"", ""BGC0000471_3""]"	[2201, 2200, 2202, 2203, 2204]	[-1, 0, 1, 2, 3]	5	-4.596799373626709	10.112552642822266
BGC0000472	RiPP	RiPP	False	False	"[""BGC0000472_-1"", ""BGC0000472_0"", ""BGC0000472_1"", ""BGC0000472_2"", ""BGC0000472_3""]"	[2206, 2205, 2207, 2208, 2209]	[-1, 0, 1, 2, 3]	5	-4.6337251663208008	9.2150068283081055
BGC0000473	RiPP	RiPP	False	False	"[""BGC0000473_-1"", ""BGC0000473_0"", ""BGC0000473_1"", ""BGC0000473_2"", ""BGC0000473_3""]"	[2211, 2210, 2212, 2213, 2214]	[-1, 0, 1, 2, 3]	5	-3.4559671878814697	11.159675598144531
BGC0000474	RiPP	RiPP	False	False	"[""BGC0000474_-1"", ""BGC0000474_0"", ""BGC0000474_1"", ""BGC0000474_2"", ""BGC0000474_3""]"	[2216, 2215, 2217, 2218, 2219]	[-1, 0, 1, 2, 3]	5	-4.6492400169372559	10.317605972290039
BGC0000475	RiPP	RiPP	False	False	"[""BGC0000475_-1"", ""BGC0000475_0"", ""BGC0000475_1"", ""BGC0000475_2"", ""BGC0000475_3""]"	[2221, 2220, 2222, 2223, 2224]	[-1, 0, 1, 2, 3]	5	-4.6439814567565918	9.4434318542480469
BGC0000476	RiPP	RiPP	False	False	"[""BGC0000476_-1"", ""BGC0000476_0"", ""BGC0000476_1"", ""BGC0000476_2"", ""BGC0000476_3""]"	[2226, 2225, 2227, 2228, 2229]	[-1, 0, 1, 2, 3]	5	-4.1757545471191406	10.305901527404785
BGC0000477	RiPP	RiPP	False	False	"[""BGC0000477_-1"", ""BGC0000477_0"", ""BGC0000477_1"", ""BGC0000477_2"", ""BGC0000477_3""]"	[2231, 2230, 2232, 2233, 2234]	[-1, 0, 1, 2, 3]	5	-4.8495116233825684	10.751670837402344
BGC0000478	RiPP	RiPP	False	False	"[""BGC0000478_-1"", ""BGC0000478_0"", ""BGC0000478_1"", ""BGC0000478_2"", ""BGC0000478_3""]"	[2236, 2235, 2237, 2238, 2239]	[-1, 0, 1, 2, 3]	5	-4.1584134101867676	11.492879867553711
BGC0000479	RiPP	RiPP	False	False	"[""BGC0000479_-1"", ""BGC0000479_0"", ""BGC0000479_1"", ""BGC0000479_2"", ""BGC0000479_3""]"	[2241, 2240, 2242, 2243, 2244]	[-1, 0, 1, 2, 3]	5	-4.2690014839172363	10.209025382995605
BGC0000480	RiPP	RiPP	False	False	"[""BGC0000480_-1"", ""BGC0000480_0"", ""BGC0000480_1"", ""BGC0000480_2"", ""BGC0000480_3""]"	[2246, 2245, 2247, 2248, 2249]	[-1, 0, 1, 2, 3]	5	-4.5216150283813477	11.158732414245605
BGC0000481	RiPP	RiPP	False	False	"[""BGC0000481_-1"", ""BGC0000481_0"", ""BGC0000481_1"", ""BGC0000481_2"", ""BGC0000481_3""]"	[2251, 2250, 2252, 2253, 2254]	[-1, 0, 1, 2, 3]	5	-4.9438562393188477	8.8265228271484375
BGC0000482	RiPP	RiPP	False	False	"[""BGC0000482_-1"", ""BGC0000482_0"", ""BGC0000482_1"", ""BGC0000482_2"", ""BGC0000482_3""]"	[2256, 2255, 2257, 2258, 2259]	[-1, 0, 1, 2, 3]	5	-4.3010439872741699	10.923404693603516
BGC0000483	RiPP	RiPP	False	False	"[""BGC0000483_-1"", ""BGC0000483_0"", ""BGC0000483_1"", ""BGC0000483_2"", ""BGC0000483_3""]"	[2261, 2260, 2262, 2263, 2264]	[-1, 0, 1, 2, 3]	5	-4.5342364311218262	7.8362197875976562
BGC0000484	RiPP	RiPP	False	False	"[""BGC0000484_-1"", ""BGC0000484_0"", ""BGC0000484_1"", ""BGC0000484_2"", ""BGC0000484_3""]"	[2266, 2265, 2267, 2268, 2269]	[-1, 0, 1, 2, 3]	5	-4.5519843101501465	11.009757041931152
BGC0000485	RiPP	RiPP	False	False	"[""BGC0000485_-1"", ""BGC0000485_0"", ""BGC0000485_1"", ""BGC0000485_2"", ""BGC0000485_3""]"	[2271, 2270, 2272, 2273, 2274]	[-1, 0, 1, 2, 3]	5	1.6896705627441406	1.8756074905395508
BGC0000486	RiPP	RiPP	False	False	"[""BGC0000486_-1"", ""BGC0000486_0"", ""BGC0000486_1"", ""BGC0000486_2"", ""BGC0000486_3""]"	[2276, 2275, 2277, 2278, 2279]	[-1, 0, 1, 2, 3]	5	-4.998619556427002	8.7014617919921875
BGC0000487	RiPP	RiPP	False	False	"[""BGC0000487_-1"", ""BGC0000487_0"", ""BGC0000487_1"", ""BGC0000487_2"", ""BGC0000487_3""]"	[2281, 2280, 2282, 2283, 2284]	[-1, 0, 1, 2, 3]	5	-5.0168619155883789	8.7765235900878906
BGC0000488	RiPP	RiPP	False	False	"[""BGC0000488_-1"", ""BGC0000488_0"", ""BGC0000488_1"", ""BGC0000488_2"", ""BGC0000488_3""]"	[2286, 2285, 2287, 2288, 2289]	[-1, 0, 1, 2, 3]	5	-4.8787055015563965	9.0346279144287109
BGC0000489	RiPP	RiPP	False	False	"[""BGC0000489_-1"", ""BGC0000489_0"", ""BGC0000489_1"", ""BGC0000489_2"", ""BGC0000489_3""]"	[2291, 2290, 2292, 2293, 2294]	[-1, 0, 1, 2, 3]	5	-4.930384635925293	9.4073915481567383
BGC0000490	RiPP	RiPP	False	False	"[""BGC0000490_-1"", ""BGC0000490_0"", ""BGC0000490_1"", ""BGC0000490_2"", ""BGC0000490_3""]"	[2296, 2295, 2297, 2298, 2299]	[-1, 0, 1, 2, 3]	5	-4.8507003784179688	9.584136962890625
BGC0000491	RiPP	RiPP	False	False	"[""BGC0000491_-1"", ""BGC0000491_0"", ""BGC0000491_1"", ""BGC0000491_2"", ""BGC0000491_3""]"	[2301, 2300, 2302, 2303, 2304]	[-1, 0, 1, 2, 3]	5	-4.8014464378356934	9.9005241394042969
BGC0000492	RiPP	RiPP	False	False	"[""BGC0000492_-1"", ""BGC0000492_0"", ""BGC0000492_1"", ""BGC0000492_2"", ""BGC0000492_3""]"	[2306, 2305, 2307, 2308, 2309]	[-1, 0, 1, 2, 3]	5	-4.9498963356018066	8.6354656219482422
BGC0000493	RiPP	RiPP	False	False	"[""BGC0000493_-1"", ""BGC0000493_0"", ""BGC0000493_1"", ""BGC0000493_2"", ""BGC0000493_3""]"	[2311, 2310, 2312, 2313, 2314]	[-1, 0, 1, 2, 3]	5	-5.0654411315917969	8.7900915145874023
BGC0000494	RiPP	RiPP	False	False	"[""BGC0000494_-1"", ""BGC0000494_0"", ""BGC0000494_1"", ""BGC0000494_2"", ""BGC0000494_3""]"	[2316, 2315, 2317, 2318, 2319]	[-1, 0, 1, 2, 3]	5	-4.9425568580627441	8.9694461822509766
BGC0000495	RiPP	RiPP	False	False	"[""BGC0000495_-1"", ""BGC0000495_0"", ""BGC0000495_1"", ""BGC0000495_2"", ""BGC0000495_3""]"	[2321, 2320, 2322, 2323, 2324]	[-1, 0, 1, 2, 3]	5	-4.7881898880004883	10.391314506530762
BGC0000496	RiPP	RiPP	False	False	"[""BGC0000496_-1"", ""BGC0000496_0"", ""BGC0000496_1"", ""BGC0000496_2"", ""BGC0000496_3""]"	[2326, 2325, 2327, 2328, 2329]	[-1, 0, 1, 2, 3]	5	-4.6636104583740234	9.9208526611328125
BGC0000497	RiPP	RiPP	False	False	"[""BGC0000497_-1"", ""BGC0000497_0"", ""BGC0000497_1"", ""BGC0000497_2"", ""BGC0000497_3""]"	[2331, 2330, 2332, 2333, 2334]	[-1, 0, 1, 2, 3]	5	-4.574030876159668	11.060192108154297
BGC0000498	RiPP	RiPP	False	False	"[""BGC0000498_-1"", ""BGC0000498_0"", ""BGC0000498_1"", ""BGC0000498_2"", ""BGC0000498_3""]"	[2336, 2335, 2337, 2338, 2339]	[-1, 0, 1, 2, 3]	5	-4.1667966842651367	10.83590030670166
BGC0000499	RiPP	RiPP	False	False	"[""BGC0000499_-1"", ""BGC0000499_0"", ""BGC0000499_1"", ""BGC0000499_2"", ""BGC0000499_3""]"	[2341, 2340, 2342, 2343, 2344]	[-1, 0, 1, 2, 3]	5	-4.1948294639587402	10.523137092590332
BGC0000500	RiPP	RiPP	False	False	"[""BGC0000500_-1"", ""BGC0000500_0"", ""BGC0000500_1"", ""BGC0000500_2"", ""BGC0000500_3""]"	[2346, 2345, 2347, 2348, 2349]	[-1, 0, 1, 2, 3]	5	-3.7806205749511719	11.227541923522949
BGC0000501	RiPP	RiPP	False	False	"[""BGC0000501_-1"", ""BGC0000501_0"", ""BGC0000501_1"", ""BGC0000501_2"", ""BGC0000501_3""]"	[2351, 2350, 2352, 2353, 2354]	[-1, 0, 1, 2, 3]	5	-4.3437309265136719	11.275039672851562
BGC0000502	RiPP	RiPP	False	False	"[""BGC0000502_-1"", ""BGC0000502_0"", ""BGC0000502_1"", ""BGC0000502_2"", ""BGC0000502_3""]"	[2356, 2355, 2357, 2358, 2359]	[-1, 0, 1, 2, 3]	5	-4.3458747863769531	10.363580703735352
BGC0000503	RiPP	RiPP	False	False	"[""BGC0000503_-1"", ""BGC0000503_0"", ""BGC0000503_1"", ""BGC0000503_2"", ""BGC0000503_3""]"	[2361, 2360, 2362, 2363, 2364]	[-1, 0, 1, 2, 3]	5	-4.803947925567627	10.535801887512207
BGC0000504	RiPP	RiPP	False	False	"[""BGC0000504_-1"", ""BGC0000504_0"", ""BGC0000504_1"", ""BGC0000504_2"", ""BGC0000504_3""]"	[2366, 2365, 2367, 2368, 2369]	[-1, 0, 1, 2, 3]	5	-3.8750977516174316	11.479937553405762
BGC0000505	RiPP	RiPP	False	False	"[""BGC0000505_-1"", ""BGC0000505_0"", ""BGC0000505_1"", ""BGC0000505_2"", ""BGC0000505_3""]"	[2371, 2370, 2372, 2373, 2374]	[-1, 0, 1, 2, 3]	5	-4.6746311187744141	9.9021797180175781
BGC0000506	RiPP	RiPP	False	False	"[""BGC0000506_-1"", ""BGC0000506_0"", ""BGC0000506_1"", ""BGC0000506_2"", ""BGC0000506_3""]"	[2376, 2375, 2377, 2378, 2379]	[-1, 0, 1, 2, 3]	5	-4.6394720077514648	10.981490135192871
BGC0000507	RiPP	RiPP	False	False	"[""BGC0000507_-1"", ""BGC0000507_0"", ""BGC0000507_1"", ""BGC0000507_2"", ""BGC0000507_3""]"	[2381, 2380, 2382, 2383, 2384]	[-1, 0, 1, 2, 3]	5	-4.6013517379760742	10.577009201049805
BGC0000508	RiPP	RiPP	False	False	"[""BGC0000508_-1"", ""BGC0000508_0"", ""BGC0000508_1"", ""BGC0000508_2"", ""BGC0000508_3""]"	[2386, 2385, 2387, 2388, 2389]	[-1, 0, 1, 2, 3]	5	-4.4731001853942871	10.890144348144531
BGC0000509	RiPP	RiPP	False	False	"[""BGC0000509_-1"", ""BGC0000509_0"", ""BGC0000509_1"", ""BGC0000509_2"", ""BGC0000509_3""]"	[2391, 2390, 2392, 2393, 2394]	[-1, 0, 1, 2, 3]	5	-3.9547231197357178	11.283245086669922
BGC0000510	RiPP	RiPP	False	False	"[""BGC0000510_-1"", ""BGC0000510_0"", ""BGC0000510_1"", ""BGC0000510_2"", ""BGC0000510_3""]"	[2396, 2395, 2397, 2398, 2399]	[-1, 0, 1, 2, 3]	5	-4.5476365089416504	9.8501205444335938
BGC0000511	RiPP	RiPP	False	False	"[""BGC0000511_-1"", ""BGC0000511_0"", ""BGC0000511_1"", ""BGC0000511_2"", ""BGC0000511_3""]"	[2401, 2400, 2402, 2403, 2404]	[-1, 0, 1, 2, 3]	5	-4.6285934448242188	10.807574272155762
BGC0000513	RiPP	RiPP	False	False	"[""BGC0000513_-1"", ""BGC0000513_0"", ""BGC0000513_1"", ""BGC0000513_2"", ""BGC0000513_3""]"	[2406, 2405, 2407, 2408, 2409]	[-1, 0, 1, 2, 3]	5	-4.5861082077026367	10.271761894226074
BGC0000514	RiPP	RiPP	False	False	"[""BGC0000514_-1"", ""BGC0000514_0"", ""BGC0000514_1"", ""BGC0000514_2"", ""BGC0000514_3""]"	[2411, 2410, 2412, 2413, 2414]	[-1, 0, 1, 2, 3]	5	-4.1924190521240234	11.151677131652832
BGC0000515	RiPP	RiPP	False	False	"[""BGC0000515_-1"", ""BGC0000515_0"", ""BGC0000515_1"", ""BGC0000515_2"", ""BGC0000515_3""]"	[2416, 2415, 2417, 2418, 2419]	[-1, 0, 1, 2, 3]	5	-4.2724170684814453	11.694098472595215
BGC0000516	RiPP	RiPP	False	False	"[""BGC0000516_-1"", ""BGC0000516_0"", ""BGC0000516_1"", ""BGC0000516_2"", ""BGC0000516_3""]"	[2421, 2420, 2422, 2423, 2424]	[-1, 0, 1, 2, 3]	5	-4.538935661315918	11.070198059082031
BGC0000517	RiPP	RiPP	False	False	"[""BGC0000517_-1"", ""BGC0000517_0"", ""BGC0000517_1"", ""BGC0000517_2"", ""BGC0000517_3""]"	[2426, 2425, 2427, 2428, 2429]	[-1, 0, 1, 2, 3]	5	-4.5936975479125977	10.632122039794922
BGC0000518	RiPP	RiPP	False	False	"[""BGC0000518_-1"", ""BGC0000518_0"", ""BGC0000518_1"", ""BGC0000518_2"", ""BGC0000518_3""]"	[2431, 2430, 2432, 2433, 2434]	[-1, 0, 1, 2, 3]	5	-4.6475224494934082	10.420928001403809
BGC0000519	RiPP	RiPP	False	False	"[""BGC0000519_-1"", ""BGC0000519_0"", ""BGC0000519_1"", ""BGC0000519_2"", ""BGC0000519_3""]"	[2436, 2435, 2437, 2438, 2439]	[-1, 0, 1, 2, 3]	5	-4.1292691230773926	11.850720405578613
BGC0000520	RiPP	RiPP	False	False	"[""BGC0000520_-1"", ""BGC0000520_0"", ""BGC0000520_1"", ""BGC0000520_2"", ""BGC0000520_3""]"	[2441, 2440, 2442, 2443, 2444]	[-1, 0, 1, 2, 3]	5	-4.4520692825317383	11.168816566467285
BGC0000521	RiPP	RiPP	False	False	"[""BGC0000521_-1"", ""BGC0000521_0"", ""BGC0000521_1"", ""BGC0000521_2"", ""BGC0000521_3""]"	[2446, 2445, 2447, 2448, 2449]	[-1, 0, 1, 2, 3]	5	-3.9361591339111328	11.226268768310547
BGC0000522	RiPP	RiPP	False	False	"[""BGC0000522_-1"", ""BGC0000522_0"", ""BGC0000522_1"", ""BGC0000522_2"", ""BGC0000522_3""]"	[2451, 2450, 2452, 2453, 2454]	[-1, 0, 1, 2, 3]	5	-4.789360523223877	10.411392211914062
BGC0000523	RiPP	RiPP	False	False	"[""BGC0000523_-1"", ""BGC0000523_0"", ""BGC0000523_1"", ""BGC0000523_2"", ""BGC0000523_3""]"	[2456, 2455, 2457, 2458, 2459]	[-1, 0, 1, 2, 3]	5	-4.844545841217041	8.8289480209350586
BGC0000525	RiPP	RiPP	False	False	"[""BGC0000525_-1"", ""BGC0000525_0"", ""BGC0000525_1"", ""BGC0000525_2"", ""BGC0000525_3""]"	[2461, 2460, 2462, 2463, 2464]	[-1, 0, 1, 2, 3]	5	-4.3644037246704102	11.253323554992676
BGC0000526	RiPP	RiPP	False	False	"[""BGC0000526_-1"", ""BGC0000526_0"", ""BGC0000526_1"", ""BGC0000526_2"", ""BGC0000526_3""]"	[2466, 2465, 2467, 2468, 2469]	[-1, 0, 1, 2, 3]	5	-3.6975464820861816	11.299036026000977
BGC0000527	RiPP	RiPP	False	False	"[""BGC0000527_-1"", ""BGC0000527_0"", ""BGC0000527_1"", ""BGC0000527_2"", ""BGC0000527_3""]"	[2471, 2470, 2472, 2473, 2474]	[-1, 0, 1, 2, 3]	5	-4.2212662696838379	10.43414306640625
BGC0000528	RiPP	RiPP	False	False	"[""BGC0000528_-1"", ""BGC0000528_0"", ""BGC0000528_1"", ""BGC0000528_2"", ""BGC0000528_3""]"	[2476, 2475, 2477, 2478, 2479]	[-1, 0, 1, 2, 3]	5	-4.5498814582824707	9.8814611434936523
BGC0000529	RiPP	RiPP	False	False	"[""BGC0000529_-1"", ""BGC0000529_0"", ""BGC0000529_1"", ""BGC0000529_2"", ""BGC0000529_3""]"	[2481, 2480, 2482, 2483, 2484]	[-1, 0, 1, 2, 3]	5	-3.4697690010070801	11.022984504699707
BGC0000530	RiPP	RiPP	False	False	"[""BGC0000530_-1"", ""BGC0000530_0"", ""BGC0000530_1"", ""BGC0000530_2"", ""BGC0000530_3""]"	[2486, 2485, 2487, 2488, 2489]	[-1, 0, 1, 2, 3]	5	-3.9357857704162598	11.490139961242676
BGC0000531	RiPP	RiPP	False	False	"[""BGC0000531_-1"", ""BGC0000531_0"", ""BGC0000531_1"", ""BGC0000531_2"", ""BGC0000531_3""]"	[2491, 2490, 2492, 2493, 2494]	[-1, 0, 1, 2, 3]	5	-4.0567498207092285	11.680558204650879
BGC0000532	RiPP	RiPP	False	False	"[""BGC0000532_-1"", ""BGC0000532_0"", ""BGC0000532_1"", ""BGC0000532_2"", ""BGC0000532_3""]"	[2496, 2495, 2497, 2498, 2499]	[-1, 0, 1, 2, 3]	5	-4.058417797088623	11.635149002075195
BGC0000533	RiPP	RiPP	False	False	"[""BGC0000533_-1"", ""BGC0000533_0"", ""BGC0000533_1"", ""BGC0000533_2"", ""BGC0000533_3""]"	[2501, 2500, 2502, 2503, 2504]	[-1, 0, 1, 2, 3]	5	-4.0923714637756348	11.571391105651855
BGC0000534	RiPP	RiPP	False	False	"[""BGC0000534_-1"", ""BGC0000534_0"", ""BGC0000534_1"", ""BGC0000534_2"", ""BGC0000534_3""]"	[2506, 2505, 2507, 2508, 2509]	[-1, 0, 1, 2, 3]	5	-3.5216107368469238	11.201969146728516
BGC0000535	RiPP	RiPP	False	False	"[""BGC0000535_-1"", ""BGC0000535_0"", ""BGC0000535_1"", ""BGC0000535_2"", ""BGC0000535_3""]"	[2511, 2510, 2512, 2513, 2514]	[-1, 0, 1, 2, 3]	5	-4.4694867134094238	11.17399787902832
BGC0000536	RiPP	RiPP	False	False	"[""BGC0000536_-1"", ""BGC0000536_0"", ""BGC0000536_1"", ""BGC0000536_2"", ""BGC0000536_3""]"	[2516, 2515, 2517, 2518, 2519]	[-1, 0, 1, 2, 3]	5	-4.1218886375427246	11.604311943054199
BGC0000537	RiPP	RiPP	False	False	"[""BGC0000537_-1"", ""BGC0000537_0"", ""BGC0000537_1"", ""BGC0000537_2"", ""BGC0000537_3""]"	[2521, 2520, 2522, 2523, 2524]	[-1, 0, 1, 2, 3]	5	-4.0033607482910156	11.68964958190918
BGC0000538	RiPP	RiPP	False	False	"[""BGC0000538_-1"", ""BGC0000538_0"", ""BGC0000538_1"", ""BGC0000538_2"", ""BGC0000538_3""]"	[2526, 2525, 2527, 2528, 2529]	[-1, 0, 1, 2, 3]	5	-4.1838464736938477	11.733077049255371
BGC0000539	RiPP	RiPP	False	False	"[""BGC0000539_-1"", ""BGC0000539_0"", ""BGC0000539_1"", ""BGC0000539_2"", ""BGC0000539_3""]"	[2531, 2530, 2532, 2533, 2534]	[-1, 0, 1, 2, 3]	5	-4.5014772415161133	11.056728363037109
BGC0000540	RiPP	RiPP	False	False	"[""BGC0000540_-1"", ""BGC0000540_0"", ""BGC0000540_1"", ""BGC0000540_2"", ""BGC0000540_3""]"	[2536, 2535, 2537, 2538, 2539]	[-1, 0, 1, 2, 3]	5	-4.2762513160705566	11.453110694885254
BGC0000541	RiPP	RiPP	False	False	"[""BGC0000541_-1"", ""BGC0000541_0"", ""BGC0000541_1"", ""BGC0000541_2"", ""BGC0000541_3""]"	[2541, 2540, 2542, 2543, 2544]	[-1, 0, 1, 2, 3]	5	-4.1383180618286133	11.773931503295898
BGC0000542	RiPP	RiPP	False	False	"[""BGC0000542_-1"", ""BGC0000542_0"", ""BGC0000542_1"", ""BGC0000542_2"", ""BGC0000542_3""]"	[2546, 2545, 2547, 2548, 2549]	[-1, 0, 1, 2, 3]	5	-4.2577300071716309	11.630892753601074
BGC0000543	RiPP	RiPP	False	False	"[""BGC0000543_-1"", ""BGC0000543_0"", ""BGC0000543_1"", ""BGC0000543_2"", ""BGC0000543_3""]"	[2551, 2550, 2552, 2553, 2554]	[-1, 0, 1, 2, 3]	5	-4.5871877670288086	10.208162307739258
BGC0000544	RiPP	RiPP	False	False	"[""BGC0000544_-1"", ""BGC0000544_0"", ""BGC0000544_1"", ""BGC0000544_2"", ""BGC0000544_3""]"	[2556, 2555, 2557, 2558, 2559]	[-1, 0, 1, 2, 3]	5	-4.0446901321411133	11.909122467041016
BGC0000545	RiPP	RiPP	False	False	"[""BGC0000545_-1"", ""BGC0000545_0"", ""BGC0000545_1"", ""BGC0000545_2"", ""BGC0000545_3""]"	[2561, 2560, 2562, 2563, 2564]	[-1, 0, 1, 2, 3]	5	-4.7577648162841797	9.8456459045410156
BGC0000546	RiPP	RiPP	False	False	"[""BGC0000546_-1"", ""BGC0000546_0"", ""BGC0000546_1"", ""BGC0000546_2"", ""BGC0000546_3""]"	[2566, 2565, 2567, 2568, 2569]	[-1, 0, 1, 2, 3]	5	-4.3339314460754395	11.167668342590332
BGC0000547	RiPP	RiPP	False	False	"[""BGC0000547_-1"", ""BGC0000547_0"", ""BGC0000547_1"", ""BGC0000547_2"", ""BGC0000547_3""]"	[2571, 2570, 2572, 2573, 2574]	[-1, 0, 1, 2, 3]	5	-3.7754166126251221	11.203385353088379
BGC0000548	RiPP	RiPP	False	False	"[""BGC0000548_-1"", ""BGC0000548_0"", ""BGC0000548_1"", ""BGC0000548_2"", ""BGC0000548_3""]"	[2576, 2575, 2577, 2578, 2579]	[-1, 0, 1, 2, 3]	5	-3.977095365524292	11.349472045898438
BGC0000549	RiPP	RiPP	False	False	"[""BGC0000549_-1"", ""BGC0000549_0"", ""BGC0000549_1"", ""BGC0000549_2"", ""BGC0000549_3""]"	[2581, 2580, 2582, 2583, 2584]	[-1, 0, 1, 2, 3]	5	-4.6954264640808105	10.520373344421387
BGC0000550	RiPP	RiPP	False	False	"[""BGC0000550_-1"", ""BGC0000550_0"", ""BGC0000550_1"", ""BGC0000550_2"", ""BGC0000550_3""]"	[2586, 2585, 2587, 2588, 2589]	[-1, 0, 1, 2, 3]	5	-3.8092622756958008	11.091034889221191
BGC0000551	RiPP	RiPP	False	False	"[""BGC0000551_-1"", ""BGC0000551_0"", ""BGC0000551_1"", ""BGC0000551_2"", ""BGC0000551_3""]"	[2591, 2590, 2592, 2593, 2594]	[-1, 0, 1, 2, 3]	5	-4.6103010177612305	10.433518409729004
BGC0000552	RiPP	RiPP	False	False	"[""BGC0000552_-1"", ""BGC0000552_0"", ""BGC0000552_1"", ""BGC0000552_2"", ""BGC0000552_3""]"	[2596, 2595, 2597, 2598, 2599]	[-1, 0, 1, 2, 3]	5	-4.6985220909118652	10.983829498291016
BGC0000553	RiPP	RiPP	False	False	"[""BGC0000553_-1"", ""BGC0000553_0"", ""BGC0000553_1"", ""BGC0000553_2"", ""BGC0000553_3""]"	[2601, 2600, 2602, 2603, 2604]	[-1, 0, 1, 2, 3]	5	-4.760495662689209	9.0606307983398438
BGC0000554	RiPP	RiPP	False	False	"[""BGC0000554_-1"", ""BGC0000554_0"", ""BGC0000554_1"", ""BGC0000554_2"", ""BGC0000554_3""]"	[2606, 2605, 2607, 2608, 2609]	[-1, 0, 1, 2, 3]	5	-3.6236517429351807	11.064967155456543
BGC0000555	RiPP	RiPP	False	False	"[""BGC0000555_-1"", ""BGC0000555_0"", ""BGC0000555_1"", ""BGC0000555_2"", ""BGC0000555_3""]"	[2611, 2610, 2612, 2613, 2614]	[-1, 0, 1, 2, 3]	5	-4.0355963706970215	11.642641067504883
BGC0000556	RiPP	RiPP	False	False	"[""BGC0000556_-1"", ""BGC0000556_0"", ""BGC0000556_1"", ""BGC0000556_2"", ""BGC0000556_3""]"	[2616, 2615, 2617, 2618, 2619]	[-1, 0, 1, 2, 3]	5	-4.6268095970153809	10.619734764099121
BGC0000557	RiPP	RiPP	False	False	"[""BGC0000557_-1"", ""BGC0000557_0"", ""BGC0000557_1"", ""BGC0000557_2"", ""BGC0000557_3""]"	[2621, 2620, 2622, 2623, 2624]	[-1, 0, 1, 2, 3]	5	-3.9289021492004395	11.229554176330566
BGC0000558	RiPP	RiPP	False	False	"[""BGC0000558_-1"", ""BGC0000558_0"", ""BGC0000558_1"", ""BGC0000558_2"", ""BGC0000558_3""]"	[2626, 2625, 2627, 2628, 2629]	[-1, 0, 1, 2, 3]	5	-4.7615499496459961	9.0433816909790039
BGC0000559	RiPP	RiPP	False	False	"[""BGC0000559_-1"", ""BGC0000559_0"", ""BGC0000559_1"", ""BGC0000559_2"", ""BGC0000559_3""]"	[2631, 2630, 2632, 2633, 2634]	[-1, 0, 1, 2, 3]	5	-4.2192378044128418	11.657784461975098
BGC0000560	RiPP	RiPP	False	False	"[""BGC0000560_-1"", ""BGC0000560_0"", ""BGC0000560_1"", ""BGC0000560_2"", ""BGC0000560_3""]"	[2636, 2635, 2637, 2638, 2639]	[-1, 0, 1, 2, 3]	5	-4.0808587074279785	11.236728668212891
BGC0000561	RiPP	RiPP	False	False	"[""BGC0000561_-1"", ""BGC0000561_0"", ""BGC0000561_1"", ""BGC0000561_2"", ""BGC0000561_3""]"	[2641, 2640, 2642, 2643, 2644]	[-1, 0, 1, 2, 3]	5	-4.0342116355895996	11.177960395812988
BGC0000562	RiPP	RiPP	False	False	"[""BGC0000562_-1"", ""BGC0000562_0"", ""BGC0000562_1"", ""BGC0000562_2"", ""BGC0000562_3""]"	[2646, 2645, 2647, 2648, 2649]	[-1, 0, 1, 2, 3]	5	-4.3310718536376953	11.007550239562988
BGC0000563	RiPP	RiPP	False	False	"[""BGC0000563_-1"", ""BGC0000563_0"", ""BGC0000563_1"", ""BGC0000563_2"", ""BGC0000563_3""]"	[2651, 2650, 2652, 2653, 2654]	[-1, 0, 1, 2, 3]	5	-4.777991771697998	10.202236175537109
BGC0000564	RiPP	RiPP	False	False	"[""BGC0000564_-1"", ""BGC0000564_0"", ""BGC0000564_1"", ""BGC0000564_2"", ""BGC0000564_3""]"	[2656, 2655, 2657, 2658, 2659]	[-1, 0, 1, 2, 3]	5	-4.4035205841064453	10.950528144836426
BGC0000565	RiPP	RiPP	False	False	"[""BGC0000565_-1"", ""BGC0000565_0"", ""BGC0000565_1"", ""BGC0000565_2"", ""BGC0000565_3""]"	[2661, 2660, 2662, 2663, 2664]	[-1, 0, 1, 2, 3]	5	-4.1724867820739746	10.431821823120117
BGC0000566	RiPP	RiPP	False	False	"[""BGC0000566_-1"", ""BGC0000566_0"", ""BGC0000566_1"", ""BGC0000566_2"", ""BGC0000566_3""]"	[2666, 2665, 2667, 2668, 2669]	[-1, 0, 1, 2, 3]	5	-4.0425066947937012	11.662332534790039
BGC0000567	RiPP	RiPP	False	False	"[""BGC0000567_-1"", ""BGC0000567_0"", ""BGC0000567_1"", ""BGC0000567_2"", ""BGC0000567_3""]"	[2671, 2670, 2672, 2673, 2674]	[-1, 0, 1, 2, 3]	5	-4.8279032707214355	8.4645805358886719
BGC0000568	RiPP	RiPP	False	False	"[""BGC0000568_-1"", ""BGC0000568_0"", ""BGC0000568_1"", ""BGC0000568_2"", ""BGC0000568_3""]"	[2676, 2675, 2677, 2678, 2679]	[-1, 0, 1, 2, 3]	5	-4.7904353141784668	9.1913852691650391
BGC0000569	RiPP	RiPP	False	False	"[""BGC0000569_-1"", ""BGC0000569_0"", ""BGC0000569_1"", ""BGC0000569_2"", ""BGC0000569_3""]"	[2681, 2680, 2682, 2683, 2684]	[-1, 0, 1, 2, 3]	5	-4.7415127754211426	9.1916990280151367
BGC0000570	RiPP	RiPP	False	False	"[""BGC0000570_-1"", ""BGC0000570_0"", ""BGC0000570_1"", ""BGC0000570_2"", ""BGC0000570_3""]"	[2686, 2685, 2687, 2688, 2689]	[-1, 0, 1, 2, 3]	5	-4.9578828811645508	8.7850179672241211
BGC0000571	RiPP	RiPP	False	False	"[""BGC0000571_-1"", ""BGC0000571_0"", ""BGC0000571_1"", ""BGC0000571_2"", ""BGC0000571_3""]"	[2691, 2690, 2692, 2693, 2694]	[-1, 0, 1, 2, 3]	5	-4.5311589241027832	10.690850257873535
BGC0000572	RiPP	RiPP	False	False	"[""BGC0000572_-1"", ""BGC0000572_0"", ""BGC0000572_1"", ""BGC0000572_2"", ""BGC0000572_3""]"	[2696, 2695, 2697, 2698, 2699]	[-1, 0, 1, 2, 3]	5	-4.8037118911743164	10.407797813415527
BGC0000573	RiPP	RiPP	False	False	"[""BGC0000573_-1"", ""BGC0000573_0"", ""BGC0000573_1"", ""BGC0000573_2"", ""BGC0000573_3""]"	[2701, 2700, 2702, 2703, 2704]	[-1, 0, 1, 2, 3]	5	-4.5468449592590332	11.098247528076172
BGC0000574	RiPP	RiPP	False	False	"[""BGC0000574_-1"", ""BGC0000574_0"", ""BGC0000574_1"", ""BGC0000574_2"", ""BGC0000574_3""]"	[2706, 2705, 2707, 2708, 2709]	[-1, 0, 1, 2, 3]	5	-4.766758918762207	9.9055938720703125
BGC0000575	RiPP	RiPP	False	False	"[""BGC0000575_-1"", ""BGC0000575_0"", ""BGC0000575_1"", ""BGC0000575_2"", ""BGC0000575_3""]"	[2711, 2710, 2712, 2713, 2714]	[-1, 0, 1, 2, 3]	5	-4.1985712051391602	11.541489601135254
BGC0000576	RiPP	RiPP	False	False	"[""BGC0000576_-1"", ""BGC0000576_0"", ""BGC0000576_1"", ""BGC0000576_2"", ""BGC0000576_3""]"	[2716, 2715, 2717, 2718, 2719]	[-1, 0, 1, 2, 3]	5	-4.3226127624511719	10.855968475341797
BGC0000577	RiPP	RiPP	False	False	"[""BGC0000577_-1"", ""BGC0000577_0"", ""BGC0000577_1"", ""BGC0000577_2"", ""BGC0000577_3""]"	[2721, 2720, 2722, 2723, 2724]	[-1, 0, 1, 2, 3]	5	-4.130892276763916	11.450264930725098
BGC0000578	RiPP	RiPP	False	False	"[""BGC0000578_-1"", ""BGC0000578_0"", ""BGC0000578_1"", ""BGC0000578_2"", ""BGC0000578_3""]"	[2726, 2725, 2727, 2728, 2729]	[-1, 0, 1, 2, 3]	5	-4.6357440948486328	9.8427619934082031
BGC0000579	RiPP	RiPP	False	False	"[""BGC0000579_-1"", ""BGC0000579_0"", ""BGC0000579_1"", ""BGC0000579_2"", ""BGC0000579_3""]"	[2731, 2730, 2732, 2733, 2734]	[-1, 0, 1, 2, 3]	5	-4.1041851043701172	11.958292961120605
BGC0000580	RiPP	RiPP	False	False	"[""BGC0000580_-1"", ""BGC0000580_0"", ""BGC0000580_1"", ""BGC0000580_2"", ""BGC0000580_3""]"	[2736, 2735, 2737, 2738, 2739]	[-1, 0, 1, 2, 3]	5	-3.8211407661437988	11.240801811218262
BGC0000581	RiPP	RiPP	False	False	"[""BGC0000581_-1"", ""BGC0000581_0"", ""BGC0000581_1"", ""BGC0000581_2"", ""BGC0000581_3""]"	[2741, 2740, 2742, 2743, 2744]	[-1, 0, 1, 2, 3]	5	-4.9954700469970703	8.660008430480957
BGC0000582	RiPP	RiPP	False	False	"[""BGC0000582_-1"", ""BGC0000582_0"", ""BGC0000582_1"", ""BGC0000582_2"", ""BGC0000582_3""]"	[2746, 2745, 2747, 2748, 2749]	[-1, 0, 1, 2, 3]	5	-4.3471336364746094	11.406243324279785
BGC0000583	RiPP	RiPP	False	False	"[""BGC0000583_-1"", ""BGC0000583_0"", ""BGC0000583_1"", ""BGC0000583_2"", ""BGC0000583_3""]"	[2751, 2750, 2752, 2753, 2754]	[-1, 0, 1, 2, 3]	5	-4.9599061012268066	8.6652021408081055
BGC0000584	RiPP	RiPP	False	False	"[""BGC0000584_-1"", ""BGC0000584_0"", ""BGC0000584_1"", ""BGC0000584_2"", ""BGC0000584_3""]"	[2756, 2755, 2757, 2758, 2759]	[-1, 0, 1, 2, 3]	5	-4.7390875816345215	8.7787151336669922
BGC0000585	RiPP	RiPP	False	False	"[""BGC0000585_-1"", ""BGC0000585_0"", ""BGC0000585_1"", ""BGC0000585_2"", ""BGC0000585_3""]"	[2761, 2760, 2762, 2763, 2764]	[-1, 0, 1, 2, 3]	5	-4.5448250770568848	7.8323359489440918
BGC0000586	RiPP	RiPP	False	False	"[""BGC0000586_-1"", ""BGC0000586_0"", ""BGC0000586_1"", ""BGC0000586_2"", ""BGC0000586_3""]"	[2766, 2765, 2767, 2768, 2769]	[-1, 0, 1, 2, 3]	5	-4.6922411918640137	10.135883331298828
BGC0000587	RiPP	RiPP	False	False	"[""BGC0000587_-1"", ""BGC0000587_0"", ""BGC0000587_1"", ""BGC0000587_2"", ""BGC0000587_3""]"	[2771, 2770, 2772, 2773, 2774]	[-1, 0, 1, 2, 3]	5	-4.6363253593444824	9.8725624084472656
BGC0000588	RiPP	RiPP	False	False	"[""BGC0000588_-1"", ""BGC0000588_0"", ""BGC0000588_1"", ""BGC0000588_2"", ""BGC0000588_3""]"	[2776, 2775, 2777, 2778, 2779]	[-1, 0, 1, 2, 3]	5	-4.8270506858825684	8.5893831253051758
BGC0000589	RiPP	RiPP	False	False	"[""BGC0000589_-1"", ""BGC0000589_0"", ""BGC0000589_1"", ""BGC0000589_2"", ""BGC0000589_3""]"	[2781, 2780, 2782, 2783, 2784]	[-1, 0, 1, 2, 3]	5	-4.6382579803466797	10.051880836486816
BGC0000590	RiPP	RiPP	False	False	"[""BGC0000590_-1"", ""BGC0000590_0"", ""BGC0000590_1"", ""BGC0000590_2"", ""BGC0000590_3""]"	[2786, 2785, 2787, 2788, 2789]	[-1, 0, 1, 2, 3]	5	-4.7621035575866699	8.6297683715820312
BGC0000591	RiPP	RiPP	False	False	"[""BGC0000591_-1"", ""BGC0000591_0"", ""BGC0000591_1"", ""BGC0000591_2"", ""BGC0000591_3""]"	[2791, 2790, 2792, 2793, 2794]	[-1, 0, 1, 2, 3]	5	-4.7077312469482422	9.2546167373657227
BGC0000592	RiPP	RiPP	False	False	"[""BGC0000592_-1"", ""BGC0000592_0"", ""BGC0000592_1"", ""BGC0000592_2"", ""BGC0000592_3""]"	[2796, 2795, 2797, 2798, 2799]	[-1, 0, 1, 2, 3]	5	-4.9069085121154785	8.7065019607543945
BGC0000593	RiPP	RiPP	False	False	"[""BGC0000593_-1"", ""BGC0000593_0"", ""BGC0000593_1"", ""BGC0000593_2"", ""BGC0000593_3""]"	[2801, 2800, 2802, 2803, 2804]	[-1, 0, 1, 2, 3]	5	-4.8638591766357422	8.747309684753418
BGC0000594	RiPP	RiPP	False	False	"[""BGC0000594_-1"", ""BGC0000594_0"", ""BGC0000594_1"", ""BGC0000594_2"", ""BGC0000594_3""]"	[2806, 2805, 2807, 2808, 2809]	[-1, 0, 1, 2, 3]	5	-3.7926585674285889	11.073474884033203
BGC0000595	RiPP	RiPP	False	False	"[""BGC0000595_-1"", ""BGC0000595_0"", ""BGC0000595_1"", ""BGC0000595_2"", ""BGC0000595_3""]"	[2811, 2810, 2812, 2813, 2814]	[-1, 0, 1, 2, 3]	5	-4.4986720085144043	7.7533235549926758
BGC0000596	RiPP	RiPP	False	False	"[""BGC0000596_-1"", ""BGC0000596_0"", ""BGC0000596_1"", ""BGC0000596_2"", ""BGC0000596_3""]"	[2816, 2815, 2817, 2818, 2819]	[-1, 0, 1, 2, 3]	5	-4.6289620399475098	8.1608362197875977
BGC0000597	RiPP	RiPP	False	False	"[""BGC0000597_-1"", ""BGC0000597_0"", ""BGC0000597_1"", ""BGC0000597_2"", ""BGC0000597_3""]"	[2821, 2820, 2822, 2823, 2824]	[-1, 0, 1, 2, 3]	5	-4.504213809967041	7.7382798194885254
BGC0000598	RiPP	RiPP	False	False	"[""BGC0000598_-1"", ""BGC0000598_0"", ""BGC0000598_1"", ""BGC0000598_2"", ""BGC0000598_3""]"	[2826, 2825, 2827, 2828, 2829]	[-1, 0, 1, 2, 3]	5	-4.7792081832885742	9.783564567565918
BGC0000599	RiPP	RiPP	False	False	"[""BGC0000599_-1"", ""BGC0000599_0"", ""BGC0000599_1"", ""BGC0000599_2"", ""BGC0000599_3""]"	[2831, 2830, 2832, 2833, 2834]	[-1, 0, 1, 2, 3]	5	-4.3453073501586914	10.787113189697266
BGC0000600	RiPP	RiPP	False	False	"[""BGC0000600_-1"", ""BGC0000600_0"", ""BGC0000600_1"", ""BGC0000600_2"", ""BGC0000600_3""]"	[2836, 2835, 2837, 2838, 2839]	[-1, 0, 1, 2, 3]	5	-4.6805934906005859	10.369478225708008
BGC0000601	RiPP	RiPP	False	False	"[""BGC0000601_-1"", ""BGC0000601_0"", ""BGC0000601_1"", ""BGC0000601_2"", ""BGC0000601_3""]"	[2841, 2840, 2842, 2843, 2844]	[-1, 0, 1, 2, 3]	5	-4.5872716903686523	7.9240984916687012
BGC0000602	RiPP	RiPP	False	False	"[""BGC0000602_-1"", ""BGC0000602_0"", ""BGC0000602_1"", ""BGC0000602_2"", ""BGC0000602_3""]"	[2846, 2845, 2847, 2848, 2849]	[-1, 0, 1, 2, 3]	5	-4.7907533645629883	8.8863258361816406
BGC0000603	RiPP	RiPP	False	False	"[""BGC0000603_-1"", ""BGC0000603_0"", ""BGC0000603_1"", ""BGC0000603_2"", ""BGC0000603_3""]"	[2851, 2850, 2852, 2853, 2854]	[-1, 0, 1, 2, 3]	5	-3.3284041881561279	11.036929130554199
BGC0000604	RiPP	RiPP	False	False	"[""BGC0000604_-1"", ""BGC0000604_0"", ""BGC0000604_1"", ""BGC0000604_2"", ""BGC0000604_3""]"	[2856, 2855, 2857, 2858, 2859]	[-1, 0, 1, 2, 3]	5	-3.7747681140899658	10.893953323364258
BGC0000605	RiPP	RiPP	False	False	"[""BGC0000605_-1"", ""BGC0000605_0"", ""BGC0000605_1"", ""BGC0000605_2"", ""BGC0000605_3""]"	[2861, 2860, 2862, 2863, 2864]	[-1, 0, 1, 2, 3]	5	-3.9312458038330078	11.1038818359375
BGC0000606	RiPP	RiPP	False	False	"[""BGC0000606_-1"", ""BGC0000606_0"", ""BGC0000606_1"", ""BGC0000606_2"", ""BGC0000606_3""]"	[2866, 2865, 2867, 2868, 2869]	[-1, 0, 1, 2, 3]	5	-4.7696785926818848	8.8476800918579102
BGC0000607	RiPP	RiPP	False	False	"[""BGC0000607_-1"", ""BGC0000607_0"", ""BGC0000607_1"", ""BGC0000607_2"", ""BGC0000607_3""]"	[2871, 2870, 2872, 2873, 2874]	[-1, 0, 1, 2, 3]	5	-3.382296085357666	11.05118465423584
BGC0000608	RiPP	RiPP	False	False	"[""BGC0000608_-1"", ""BGC0000608_0"", ""BGC0000608_1"", ""BGC0000608_2"", ""BGC0000608_3""]"	[2876, 2875, 2877, 2878, 2879]	[-1, 0, 1, 2, 3]	5	-3.3808460235595703	11.00304126739502
BGC0000609	RiPP	RiPP	False	False	"[""BGC0000609_-1"", ""BGC0000609_0"", ""BGC0000609_1"", ""BGC0000609_2"", ""BGC0000609_3""]"	[2881, 2880, 2882, 2883, 2884]	[-1, 0, 1, 2, 3]	5	-3.9308726787567139	11.204230308532715
BGC0000610	RiPP	RiPP	False	False	"[""BGC0000610_-1"", ""BGC0000610_0"", ""BGC0000610_1"", ""BGC0000610_2"", ""BGC0000610_3""]"	[2886, 2885, 2887, 2888, 2889]	[-1, 0, 1, 2, 3]	5	-3.5911397933959961	10.815320014953613
BGC0000611	RiPP	RiPP	False	False	"[""BGC0000611_-1"", ""BGC0000611_0"", ""BGC0000611_1"", ""BGC0000611_2"", ""BGC0000611_3""]"	[2891, 2890, 2892, 2893, 2894]	[-1, 0, 1, 2, 3]	5	-3.4395637512207031	11.037888526916504
BGC0000612	RiPP	RiPP	False	False	"[""BGC0000612_-1"", ""BGC0000612_0"", ""BGC0000612_1"", ""BGC0000612_2"", ""BGC0000612_3""]"	[2896, 2895, 2897, 2898, 2899]	[-1, 0, 1, 2, 3]	5	-3.3778467178344727	11.139283180236816
BGC0000613	RiPP	RiPP	False	False	"[""BGC0000613_-1"", ""BGC0000613_0"", ""BGC0000613_1"", ""BGC0000613_2"", ""BGC0000613_3""]"	[2901, 2900, 2902, 2903, 2904]	[-1, 0, 1, 2, 3]	5	-3.6461310386657715	11.240432739257812
BGC0000614	RiPP	RiPP	False	False	"[""BGC0000614_-1"", ""BGC0000614_0"", ""BGC0000614_1"", ""BGC0000614_2"", ""BGC0000614_3""]"	[2906, 2905, 2907, 2908, 2909]	[-1, 0, 1, 2, 3]	5	-4.5263462066650391	9.7994089126586914
BGC0000615	RiPP	RiPP	False	False	"[""BGC0000615_-1"", ""BGC0000615_0"", ""BGC0000615_1"", ""BGC0000615_2"", ""BGC0000615_3""]"	[2911, 2910, 2912, 2913, 2914]	[-1, 0, 1, 2, 3]	5	-3.345219612121582	11.033387184143066
BGC0000616	RiPP	RiPP	False	False	"[""BGC0000616_-1"", ""BGC0000616_0"", ""BGC0000616_1"", ""BGC0000616_2"", ""BGC0000616_3""]"	[2916, 2915, 2917, 2918, 2919]	[-1, 0, 1, 2, 3]	5	-4.9168829917907715	8.6206207275390625
BGC0000617	RiPP	RiPP	False	False	"[""BGC0000617_-1"", ""BGC0000617_0"", ""BGC0000617_1"", ""BGC0000617_2"", ""BGC0000617_3""]"	[2921, 2920, 2922, 2923, 2924]	[-1, 0, 1, 2, 3]	5	-4.893730640411377	8.5633563995361328
BGC0000618	RiPP	RiPP	False	False	"[""BGC0000618_-1"", ""BGC0000618_0"", ""BGC0000618_1"", ""BGC0000618_2"", ""BGC0000618_3""]"	[2926, 2925, 2927, 2928, 2929]	[-1, 0, 1, 2, 3]	5	-4.6518735885620117	8.1923370361328125
BGC0000619	RiPP	RiPP	False	False	"[""BGC0000619_-1"", ""BGC0000619_0"", ""BGC0000619_1"", ""BGC0000619_2"", ""BGC0000619_3""]"	[2931, 2930, 2932, 2933, 2934]	[-1, 0, 1, 2, 3]	5	-4.8576650619506836	8.9760951995849609
BGC0000620	RiPP	RiPP	False	False	"[""BGC0000620_-1"", ""BGC0000620_0"", ""BGC0000620_1"", ""BGC0000620_2"", ""BGC0000620_3""]"	[2936, 2935, 2937, 2938, 2939]	[-1, 0, 1, 2, 3]	5	-4.893061637878418	10.581923484802246
BGC0000621	RiPP	RiPP	False	False	"[""BGC0000621_-1"", ""BGC0000621_0"", ""BGC0000621_1"", ""BGC0000621_2"", ""BGC0000621_3""]"	[2941, 2940, 2942, 2943, 2944]	[-1, 0, 1, 2, 3]	5	-4.6172852516174316	7.9634013175964355
BGC0000622	RiPP	RiPP	False	False	"[""BGC0000622_-1"", ""BGC0000622_0"", ""BGC0000622_1"", ""BGC0000622_2"", ""BGC0000622_3""]"	[2946, 2945, 2947, 2948, 2949]	[-1, 0, 1, 2, 3]	5	-4.5230731964111328	7.746373176574707
BGC0000623	RiPP	RiPP	False	False	"[""BGC0000623_-1"", ""BGC0000623_0"", ""BGC0000623_1"", ""BGC0000623_2"", ""BGC0000623_3""]"	[2951, 2950, 2952, 2953, 2954]	[-1, 0, 1, 2, 3]	5	-4.2520837783813477	10.644386291503906
BGC0000624	RiPP	RiPP	False	False	"[""BGC0000624_-1"", ""BGC0000624_0"", ""BGC0000624_1"", ""BGC0000624_2"", ""BGC0000624_3""]"	[2956, 2955, 2957, 2958, 2959]	[-1, 0, 1, 2, 3]	5	-4.839653491973877	8.6392269134521484
BGC0000625	RiPP	RiPP	False	False	"[""BGC0000625_-1"", ""BGC0000625_0"", ""BGC0000625_1"", ""BGC0000625_2"", ""BGC0000625_3""]"	[2961, 2960, 2962, 2963, 2964]	[-1, 0, 1, 2, 3]	5	-4.6265077590942383	10.181929588317871
BGC0000626	RiPP	RiPP	False	False	"[""BGC0000626_-1"", ""BGC0000626_0"", ""BGC0000626_1"", ""BGC0000626_2"", ""BGC0000626_3""]"	[2966, 2965, 2967, 2968, 2969]	[-1, 0, 1, 2, 3]	5	-4.450037956237793	10.961599349975586
BGC0000627	RiPP	RiPP	False	False	"[""BGC0000627_-1"", ""BGC0000627_0"", ""BGC0000627_1"", ""BGC0000627_2"", ""BGC0000627_3""]"	[2971, 2970, 2972, 2973, 2974]	[-1, 0, 1, 2, 3]	5	-4.4146099090576172	10.260899543762207
BGC0000628	RiPP	RiPP	False	False	"[""BGC0000628_-1"", ""BGC0000628_0"", ""BGC0000628_1"", ""BGC0000628_2"", ""BGC0000628_3""]"	[2976, 2975, 2977, 2978, 2979]	[-1, 0, 1, 2, 3]	5	-3.4797959327697754	11.127826690673828
BGC0000630	Terpene	Terpene	False	False	"[""BGC0000630_-1"", ""BGC0000630_0"", ""BGC0000630_1"", ""BGC0000630_2"", ""BGC0000630_3""]"	[2981, 2980, 2982, 2983, 2984]	[-1, 0, 1, 2, 3]	5	3.7230427265167236	7.5342473983764648
BGC0000631	Terpene	Terpene	False	False	"[""BGC0000631_-1"", ""BGC0000631_0"", ""BGC0000631_1"", ""BGC0000631_2"", ""BGC0000631_3""]"	[2986, 2985, 2987, 2988, 2989]	[-1, 0, 1, 2, 3]	5	3.8767139911651611	8.0472965240478516
BGC0000632	Terpene Saccharide	Hybrid	True	False	"[""BGC0000632_-1"", ""BGC0000632_0"", ""BGC0000632_1"", ""BGC0000632_2"", ""BGC0000632_3""]"	[2991, 2990, 2992, 2993, 2994]	[-1, 0, 1, 2, 3]	5	3.5531682968139648	8.0345745086669922
BGC0000633	Terpene	Terpene	False	False	"[""BGC0000633_-1"", ""BGC0000633_0"", ""BGC0000633_1"", ""BGC0000633_2"", ""BGC0000633_3""]"	[2996, 2995, 2997, 2998, 2999]	[-1, 0, 1, 2, 3]	5	3.6314566135406494	8.2172603607177734
BGC0000634	Terpene	Terpene	False	False	"[""BGC0000634_-1"", ""BGC0000634_0"", ""BGC0000634_1"", ""BGC0000634_2"", ""BGC0000634_3""]"	[3001, 3000, 3002, 3003, 3004]	[-1, 0, 1, 2, 3]	5	3.0584464073181152	7.632540225982666
BGC0000635	Terpene	Terpene	False	False	"[""BGC0000635_-1"", ""BGC0000635_0"", ""BGC0000635_1"", ""BGC0000635_2"", ""BGC0000635_3""]"	[3006, 3005, 3007, 3008, 3009]	[-1, 0, 1, 2, 3]	5	3.0990536212921143	7.671262264251709
BGC0000636	Terpene	Terpene	False	False	"[""BGC0000636_-1"", ""BGC0000636_0"", ""BGC0000636_1"", ""BGC0000636_2"", ""BGC0000636_3""]"	[3011, 3010, 3012, 3013, 3014]	[-1, 0, 1, 2, 3]	5	3.9365808963775635	7.6705160140991211
BGC0000637	Terpene	Terpene	False	False	"[""BGC0000637_-1"", ""BGC0000637_0"", ""BGC0000637_1"", ""BGC0000637_2"", ""BGC0000637_3""]"	[3016, 3015, 3017, 3018, 3019]	[-1, 0, 1, 2, 3]	5	3.8990983963012695	7.7482786178588867
BGC0000638	Terpene	Terpene	False	False	"[""BGC0000638_-1"", ""BGC0000638_0"", ""BGC0000638_1"", ""BGC0000638_2"", ""BGC0000638_3""]"	[3021, 3020, 3022, 3023, 3024]	[-1, 0, 1, 2, 3]	5	3.7848618030548096	7.504486083984375
BGC0000639	Terpene	Terpene	False	False	"[""BGC0000639_-1"", ""BGC0000639_0"", ""BGC0000639_1"", ""BGC0000639_2"", ""BGC0000639_3""]"	[3026, 3025, 3027, 3028, 3029]	[-1, 0, 1, 2, 3]	5	3.6965575218200684	7.429649829864502
BGC0000640	Terpene	Terpene	False	False	"[""BGC0000640_-1"", ""BGC0000640_0"", ""BGC0000640_1"", ""BGC0000640_2"", ""BGC0000640_3""]"	[3031, 3030, 3032, 3033, 3034]	[-1, 0, 1, 2, 3]	5	3.0263187885284424	7.8394618034362793
BGC0000641	Terpene	Terpene	False	False	"[""BGC0000641_-1"", ""BGC0000641_0"", ""BGC0000641_1"", ""BGC0000641_2"", ""BGC0000641_3""]"	[3036, 3035, 3037, 3038, 3039]	[-1, 0, 1, 2, 3]	5	3.6826717853546143	7.4200916290283203
BGC0000642	Terpene	Terpene	False	False	"[""BGC0000642_-1"", ""BGC0000642_0"", ""BGC0000642_1"", ""BGC0000642_2"", ""BGC0000642_3""]"	[3041, 3040, 3042, 3043, 3044]	[-1, 0, 1, 2, 3]	5	3.6127369403839111	7.4523186683654785
BGC0000643	Terpene	Terpene	False	False	"[""BGC0000643_-1"", ""BGC0000643_0"", ""BGC0000643_1"", ""BGC0000643_2"", ""BGC0000643_3""]"	[3046, 3045, 3047, 3048, 3049]	[-1, 0, 1, 2, 3]	5	3.0971293449401855	7.6482186317443848
BGC0000644	Terpene	Terpene	False	False	"[""BGC0000644_-1"", ""BGC0000644_0"", ""BGC0000644_1"", ""BGC0000644_2"", ""BGC0000644_3""]"	[3051, 3050, 3052, 3053, 3054]	[-1, 0, 1, 2, 3]	5	3.3250553607940674	8.2149229049682617
BGC0000645	Terpene	Terpene	False	False	"[""BGC0000645_-1"", ""BGC0000645_0"", ""BGC0000645_1"", ""BGC0000645_2"", ""BGC0000645_3""]"	[3056, 3055, 3057, 3058, 3059]	[-1, 0, 1, 2, 3]	5	3.6574907302856445	7.3832817077636719
BGC0000646	Terpene	Terpene	False	False	"[""BGC0000646_-1"", ""BGC0000646_0"", ""BGC0000646_1"", ""BGC0000646_2"", ""BGC0000646_3""]"	[3061, 3060, 3062, 3063, 3064]	[-1, 0, 1, 2, 3]	5	3.7858421802520752	7.6165013313293457
BGC0000647	Terpene	Terpene	False	False	"[""BGC0000647_-1"", ""BGC0000647_0"", ""BGC0000647_1"", ""BGC0000647_2"", ""BGC0000647_3""]"	[3066, 3065, 3067, 3068, 3069]	[-1, 0, 1, 2, 3]	5	3.6689260005950928	7.4792733192443848
BGC0000648	Terpene	Terpene	False	False	"[""BGC0000648_-1"", ""BGC0000648_0"", ""BGC0000648_1"", ""BGC0000648_2"", ""BGC0000648_3""]"	[3071, 3070, 3072, 3073, 3074]	[-1, 0, 1, 2, 3]	5	3.0851190090179443	7.8636474609375
BGC0000649	Terpene	Terpene	False	False	"[""BGC0000649_-1"", ""BGC0000649_0"", ""BGC0000649_1"", ""BGC0000649_2"", ""BGC0000649_3""]"	[3076, 3075, 3077, 3078, 3079]	[-1, 0, 1, 2, 3]	5	3.1891987323760986	8.0531005859375
BGC0000650	Terpene	Terpene	False	False	"[""BGC0000650_-1"", ""BGC0000650_0"", ""BGC0000650_1"", ""BGC0000650_2"", ""BGC0000650_3""]"	[3081, 3080, 3082, 3083, 3084]	[-1, 0, 1, 2, 3]	5	3.3881795406341553	2.7744605541229248
BGC0000651	Terpene	Terpene	False	False	"[""BGC0000651_-1"", ""BGC0000651_0"", ""BGC0000651_1"", ""BGC0000651_2"", ""BGC0000651_3""]"	[3086, 3085, 3087, 3088, 3089]	[-1, 0, 1, 2, 3]	5	2.8359775543212891	8.0616750717163086
BGC0000652	Terpene	Terpene	False	False	"[""BGC0000652_-1"", ""BGC0000652_0"", ""BGC0000652_1"", ""BGC0000652_2"", ""BGC0000652_3""]"	[3091, 3090, 3092, 3093, 3094]	[-1, 0, 1, 2, 3]	5	15.170294761657715	15.279706001281738
BGC0000653	Terpene	Terpene	False	False	"[""BGC0000653_-1"", ""BGC0000653_0"", ""BGC0000653_1"", ""BGC0000653_2"", ""BGC0000653_3""]"	[3096, 3095, 3097, 3098, 3099]	[-1, 0, 1, 2, 3]	5	3.91402268409729	7.8891973495483398
BGC0000654	Terpene Saccharide	Hybrid	True	False	"[""BGC0000654_-1"", ""BGC0000654_0"", ""BGC0000654_1"", ""BGC0000654_2"", ""BGC0000654_3""]"	[3101, 3100, 3102, 3103, 3104]	[-1, 0, 1, 2, 3]	5	3.700735330581665	7.8898487091064453
BGC0000656	Terpene	Terpene	False	False	"[""BGC0000656_-1"", ""BGC0000656_0"", ""BGC0000656_1"", ""BGC0000656_2"", ""BGC0000656_3""]"	[3106, 3105, 3107, 3108, 3109]	[-1, 0, 1, 2, 3]	5	3.1521854400634766	7.6175646781921387
BGC0000657	Terpene	Terpene	False	False	"[""BGC0000657_-1"", ""BGC0000657_0"", ""BGC0000657_1"", ""BGC0000657_2"", ""BGC0000657_3""]"	[3111, 3110, 3112, 3113, 3114]	[-1, 0, 1, 2, 3]	5	3.6988470554351807	7.5414571762084961
BGC0000658	Terpene	Terpene	False	False	"[""BGC0000658_-1"", ""BGC0000658_0"", ""BGC0000658_1"", ""BGC0000658_2"", ""BGC0000658_3""]"	[3116, 3115, 3117, 3118, 3119]	[-1, 0, 1, 2, 3]	5	3.8088920116424561	7.6137557029724121
BGC0000659	Terpene	Terpene	False	False	"[""BGC0000659_-1"", ""BGC0000659_0"", ""BGC0000659_1"", ""BGC0000659_2"", ""BGC0000659_3""]"	[3121, 3120, 3122, 3123, 3124]	[-1, 0, 1, 2, 3]	5	3.1321814060211182	2.7490391731262207
BGC0000660	Terpene	Terpene	False	False	"[""BGC0000660_-1"", ""BGC0000660_0"", ""BGC0000660_1"", ""BGC0000660_2"", ""BGC0000660_3""]"	[3126, 3125, 3127, 3128, 3129]	[-1, 0, 1, 2, 3]	5	3.7391412258148193	7.4491033554077148
BGC0000661	Terpene	Terpene	False	False	"[""BGC0000661_-1"", ""BGC0000661_0"", ""BGC0000661_1"", ""BGC0000661_2"", ""BGC0000661_3""]"	[3131, 3130, 3132, 3133, 3134]	[-1, 0, 1, 2, 3]	5	3.0484507083892822	7.6014842987060547
BGC0000662	Terpene	Terpene	False	False	"[""BGC0000662_-1"", ""BGC0000662_0"", ""BGC0000662_1"", ""BGC0000662_2"", ""BGC0000662_3""]"	[3136, 3135, 3137, 3138, 3139]	[-1, 0, 1, 2, 3]	5	3.8872613906860352	7.7145648002624512
BGC0000663	Terpene	Terpene	False	False	"[""BGC0000663_-1"", ""BGC0000663_0"", ""BGC0000663_1"", ""BGC0000663_2"", ""BGC0000663_3""]"	[3141, 3140, 3142, 3143, 3144]	[-1, 0, 1, 2, 3]	5	2.8126928806304932	8.0633926391601562
BGC0000664	Terpene	Terpene	False	False	"[""BGC0000664_-1"", ""BGC0000664_0"", ""BGC0000664_1"", ""BGC0000664_2"", ""BGC0000664_3""]"	[3146, 3145, 3147, 3148, 3149]	[-1, 0, 1, 2, 3]	5	3.6665380001068115	8.1863031387329102
BGC0000665	Terpene Alkaloid	Hybrid	False	False	"[""BGC0000665_-1"", ""BGC0000665_0"", ""BGC0000665_1"", ""BGC0000665_2"", ""BGC0000665_3""]"	[3151, 3150, 3152, 3153, 3154]	[-1, 0, 1, 2, 3]	5	5.3341383934020996	2.9703633785247803
BGC0000666	Terpene	Terpene	False	False	"[""BGC0000666_-1"", ""BGC0000666_0"", ""BGC0000666_1"", ""BGC0000666_2"", ""BGC0000666_3""]"	[3156, 3155, 3157, 3158, 3159]	[-1, 0, 1, 2, 3]	5	5.3284702301025391	2.9572064876556396
BGC0000667	Terpene	Terpene	False	False	"[""BGC0000667_-1"", ""BGC0000667_0"", ""BGC0000667_1"", ""BGC0000667_2"", ""BGC0000667_3""]"	[3161, 3160, 3162, 3163, 3164]	[-1, 0, 1, 2, 3]	5	2.9627718925476074	7.7018704414367676
BGC0000668	Terpene Alkaloid	Hybrid	False	False	"[""BGC0000668_-1"", ""BGC0000668_0"", ""BGC0000668_1"", ""BGC0000668_2"", ""BGC0000668_3""]"	[3166, 3165, 3167, 3168, 3169]	[-1, 0, 1, 2, 3]	5	5.3375983238220215	2.9785184860229492
BGC0000669	Terpene	Terpene	False	False	"[""BGC0000669_-1"", ""BGC0000669_0"", ""BGC0000669_1"", ""BGC0000669_2"", ""BGC0000669_3""]"	[3171, 3170, 3172, 3173, 3174]	[-1, 0, 1, 2, 3]	5	2.8393304347991943	8.076024055480957
BGC0000670	Terpene	Terpene	False	False	"[""BGC0000670_-1"", ""BGC0000670_0"", ""BGC0000670_1"", ""BGC0000670_2"", ""BGC0000670_3""]"	[3176, 3175, 3177, 3178, 3179]	[-1, 0, 1, 2, 3]	5	3.5180933475494385	8.1931676864624023
BGC0000671	Terpene	Terpene	False	False	"[""BGC0000671_-1"", ""BGC0000671_0"", ""BGC0000671_1"", ""BGC0000671_2"", ""BGC0000671_3""]"	[3181, 3180, 3182, 3183, 3184]	[-1, 0, 1, 2, 3]	5	2.8172979354858398	8.0635290145874023
BGC0000672	Terpene	Terpene	False	False	"[""BGC0000672_-1"", ""BGC0000672_0"", ""BGC0000672_1"", ""BGC0000672_2"", ""BGC0000672_3""]"	[3186, 3185, 3187, 3188, 3189]	[-1, 0, 1, 2, 3]	5	2.8197786808013916	8.1604061126708984
BGC0000673	Terpene	Terpene	False	False	"[""BGC0000673_-1"", ""BGC0000673_0"", ""BGC0000673_1"", ""BGC0000673_2"", ""BGC0000673_3""]"	[3191, 3190, 3192, 3193, 3194]	[-1, 0, 1, 2, 3]	5	3.2593486309051514	2.816084623336792
BGC0000674	Terpene	Terpene	False	False	"[""BGC0000674_-1"", ""BGC0000674_0"", ""BGC0000674_1"", ""BGC0000674_2"", ""BGC0000674_3""]"	[3196, 3195, 3197, 3198, 3199]	[-1, 0, 1, 2, 3]	5	3.3810908794403076	8.3599967956542969
BGC0000675	Terpene	Terpene	False	False	"[""BGC0000675_-1"", ""BGC0000675_0"", ""BGC0000675_1"", ""BGC0000675_2"", ""BGC0000675_3""]"	[3201, 3200, 3202, 3203, 3204]	[-1, 0, 1, 2, 3]	5	3.694636344909668	8.0946006774902344
BGC0000676	Terpene	Terpene	False	False	"[""BGC0000676_-1"", ""BGC0000676_0"", ""BGC0000676_1"", ""BGC0000676_2"", ""BGC0000676_3""]"	[3206, 3205, 3207, 3208, 3209]	[-1, 0, 1, 2, 3]	5	2.8463480472564697	8.1677970886230469
BGC0000677	Terpene	Terpene	False	False	"[""BGC0000677_-1"", ""BGC0000677_0"", ""BGC0000677_1"", ""BGC0000677_2"", ""BGC0000677_3""]"	[3211, 3210, 3212, 3213, 3214]	[-1, 0, 1, 2, 3]	5	3.7100236415863037	7.7994685173034668
BGC0000678	Terpene	Terpene	False	False	"[""BGC0000678_-1"", ""BGC0000678_0"", ""BGC0000678_1"", ""BGC0000678_2"", ""BGC0000678_3""]"	[3216, 3215, 3217, 3218, 3219]	[-1, 0, 1, 2, 3]	5	3.3587818145751953	8.2424850463867188
BGC0000679	Terpene	Terpene	False	False	"[""BGC0000679_-1"", ""BGC0000679_0"", ""BGC0000679_1"", ""BGC0000679_2"", ""BGC0000679_3""]"	[3221, 3220, 3222, 3223, 3224]	[-1, 0, 1, 2, 3]	5	3.3288955688476562	7.4826364517211914
BGC0000682	Terpene	Terpene	False	False	"[""BGC0000682_-1"", ""BGC0000682_0"", ""BGC0000682_1"", ""BGC0000682_2"", ""BGC0000682_3""]"	[3226, 3225, 3227, 3228, 3229]	[-1, 0, 1, 2, 3]	5	15.180455207824707	15.273871421813965
BGC0000683	Terpene	Terpene	False	False	"[""BGC0000683_-1"", ""BGC0000683_0"", ""BGC0000683_1"", ""BGC0000683_2"", ""BGC0000683_3""]"	[3231, 3230, 3232, 3233, 3234]	[-1, 0, 1, 2, 3]	5	3.6769158840179443	7.4281539916992188
BGC0000684	Polyketide	Polyketide	False	False	"[""BGC0000684_-1"", ""BGC0000684_0"", ""BGC0000684_1"", ""BGC0000684_2"", ""BGC0000684_3""]"	[3236, 3235, 3237, 3238, 3239]	[-1, 0, 1, 2, 3]	5	14.970706939697266	14.872115135192871
BGC0000685	Terpene	Terpene	False	False	"[""BGC0000685_-1"", ""BGC0000685_0"", ""BGC0000685_1"", ""BGC0000685_2"", ""BGC0000685_3""]"	[3241, 3240, 3242, 3243, 3244]	[-1, 0, 1, 2, 3]	5	3.5060346126556396	7.8478984832763672
BGC0000686	Terpene	Terpene	False	False	"[""BGC0000686_-1"", ""BGC0000686_0"", ""BGC0000686_1"", ""BGC0000686_2"", ""BGC0000686_3""]"	[3246, 3245, 3247, 3248, 3249]	[-1, 0, 1, 2, 3]	5	2.9382419586181641	8.3969478607177734
BGC0000687	Terpene	Terpene	False	False	"[""BGC0000687_-1"", ""BGC0000687_0"", ""BGC0000687_1"", ""BGC0000687_2"", ""BGC0000687_3""]"	[3251, 3250, 3252, 3253, 3254]	[-1, 0, 1, 2, 3]	5	2.97251296043396	8.2536649703979492
BGC0000688	Terpene	Terpene	False	False	"[""BGC0000688_-1"", ""BGC0000688_0"", ""BGC0000688_1"", ""BGC0000688_2"", ""BGC0000688_3""]"	[3256, 3255, 3257, 3258, 3259]	[-1, 0, 1, 2, 3]	5	2.8507330417633057	8.1014680862426758
BGC0000689	Saccharide	Saccharide	True	True	"[""BGC0000689_-1"", ""BGC0000689_0"", ""BGC0000689_1"", ""BGC0000689_2"", ""BGC0000689_3""]"	[3261, 3260, 3262, 3263, 3264]	[-1, 0, 1, 2, 3]	5	0.56109315156936646	-0.60769736766815186
BGC0000690	Saccharide	Saccharide	True	True	"[""BGC0000690_-1"", ""BGC0000690_0"", ""BGC0000690_1"", ""BGC0000690_2"", ""BGC0000690_3""]"	[3266, 3265, 3267, 3268, 3269]	[-1, 0, 1, 2, 3]	5	0.81348872184753418	-0.82350152730941772
BGC0000691	Saccharide	Saccharide	True	True	"[""BGC0000691_-1"", ""BGC0000691_0"", ""BGC0000691_1"", ""BGC0000691_2"", ""BGC0000691_3""]"	[3271, 3270, 3272, 3273, 3274]	[-1, 0, 1, 2, 3]	5	0.52926802635192871	-0.14078554511070251
BGC0000692	Saccharide	Saccharide	True	True	"[""BGC0000692_-1"", ""BGC0000692_0"", ""BGC0000692_1"", ""BGC0000692_2"", ""BGC0000692_3""]"	[3276, 3275, 3277, 3278, 3279]	[-1, 0, 1, 2, 3]	5	0.73784708976745605	-0.9659353494644165
BGC0000693	Saccharide	Saccharide	True	True	"[""BGC0000693_-1"", ""BGC0000693_0"", ""BGC0000693_1"", ""BGC0000693_2"", ""BGC0000693_3""]"	[3281, 3280, 3282, 3283, 3284]	[-1, 0, 1, 2, 3]	5	0.4299551248550415	-0.27365651726722717
BGC0000694	Saccharide	Saccharide	True	True	"[""BGC0000694_-1"", ""BGC0000694_0"", ""BGC0000694_1"", ""BGC0000694_2"", ""BGC0000694_3""]"	[3286, 3285, 3287, 3288, 3289]	[-1, 0, 1, 2, 3]	5	0.58723628520965576	-0.034699372947216034
BGC0000695	Saccharide	Saccharide	True	True	"[""BGC0000695_-1"", ""BGC0000695_0"", ""BGC0000695_1"", ""BGC0000695_2"", ""BGC0000695_3""]"	[3291, 3290, 3292, 3293, 3294]	[-1, 0, 1, 2, 3]	5	0.59413576126098633	-0.66564542055130005
BGC0000696	Saccharide	Saccharide	True	True	"[""BGC0000696_-1"", ""BGC0000696_0"", ""BGC0000696_1"", ""BGC0000696_2"", ""BGC0000696_3""]"	[3296, 3295, 3297, 3298, 3299]	[-1, 0, 1, 2, 3]	5	0.56048065423965454	-0.97522634267807007
BGC0000698	Saccharide	Saccharide	True	True	"[""BGC0000698_-1"", ""BGC0000698_0"", ""BGC0000698_1"", ""BGC0000698_2"", ""BGC0000698_3""]"	[3301, 3300, 3302, 3303, 3304]	[-1, 0, 1, 2, 3]	5	1.5216876268386841	0.23602111637592316
BGC0000699	Saccharide	Saccharide	True	True	"[""BGC0000699_-1"", ""BGC0000699_0"", ""BGC0000699_1"", ""BGC0000699_2"", ""BGC0000699_3""]"	[3306, 3305, 3307, 3308, 3309]	[-1, 0, 1, 2, 3]	5	0.50696325302124023	-0.40117335319519043
BGC0000700	Saccharide	Saccharide	True	True	"[""BGC0000700_-1"", ""BGC0000700_0"", ""BGC0000700_1"", ""BGC0000700_2"", ""BGC0000700_3""]"	[3311, 3310, 3312, 3313, 3314]	[-1, 0, 1, 2, 3]	5	0.44399043917655945	-0.15297600626945496
BGC0000701	Saccharide	Saccharide	True	True	"[""BGC0000701_-1"", ""BGC0000701_0"", ""BGC0000701_1"", ""BGC0000701_2"", ""BGC0000701_3""]"	[3316, 3315, 3317, 3318, 3319]	[-1, 0, 1, 2, 3]	5	0.68032205104827881	-0.33674019575119019
BGC0000702	Saccharide	Saccharide	True	True	"[""BGC0000702_-1"", ""BGC0000702_0"", ""BGC0000702_1"", ""BGC0000702_2"", ""BGC0000702_3""]"	[3321, 3320, 3322, 3323, 3324]	[-1, 0, 1, 2, 3]	5	0.25481078028678894	-1.435294508934021
BGC0000703	Saccharide	Saccharide	True	True	"[""BGC0000703_-1"", ""BGC0000703_0"", ""BGC0000703_1"", ""BGC0000703_2"", ""BGC0000703_3""]"	[3326, 3325, 3327, 3328, 3329]	[-1, 0, 1, 2, 3]	5	0.3658808171749115	-1.3603389263153076
BGC0000704	Saccharide	Saccharide	True	True	"[""BGC0000704_-1"", ""BGC0000704_0"", ""BGC0000704_1"", ""BGC0000704_2"", ""BGC0000704_3""]"	[3331, 3330, 3332, 3333, 3334]	[-1, 0, 1, 2, 3]	5	0.32802101969718933	-1.4753832817077637
BGC0000705	Saccharide	Saccharide	True	True	"[""BGC0000705_-1"", ""BGC0000705_0"", ""BGC0000705_1"", ""BGC0000705_2"", ""BGC0000705_3""]"	[3336, 3335, 3337, 3338, 3339]	[-1, 0, 1, 2, 3]	5	0.18693292140960693	-1.4074342250823975
BGC0000706	Saccharide	Saccharide	True	True	"[""BGC0000706_-1"", ""BGC0000706_0"", ""BGC0000706_1"", ""BGC0000706_2"", ""BGC0000706_3""]"	[3341, 3340, 3342, 3343, 3344]	[-1, 0, 1, 2, 3]	5	0.60184705257415771	-1.0029354095458984
BGC0000707	Saccharide	Saccharide	True	True	"[""BGC0000707_-1"", ""BGC0000707_0"", ""BGC0000707_1"", ""BGC0000707_2"", ""BGC0000707_3""]"	[3346, 3345, 3347, 3348, 3349]	[-1, 0, 1, 2, 3]	5	0.77046078443527222	-0.61852991580963135
BGC0000708	Saccharide	Saccharide	True	True	"[""BGC0000708_-1"", ""BGC0000708_0"", ""BGC0000708_1"", ""BGC0000708_2"", ""BGC0000708_3""]"	[3351, 3350, 3352, 3353, 3354]	[-1, 0, 1, 2, 3]	5	0.5166771411895752	-1.3007684946060181
BGC0000709	Saccharide	Saccharide	True	True	"[""BGC0000709_-1"", ""BGC0000709_0"", ""BGC0000709_1"", ""BGC0000709_2"", ""BGC0000709_3""]"	[3356, 3355, 3357, 3358, 3359]	[-1, 0, 1, 2, 3]	5	0.64385354518890381	-0.99950271844863892
BGC0000711	Saccharide	Saccharide	True	True	"[""BGC0000711_-1"", ""BGC0000711_0"", ""BGC0000711_1"", ""BGC0000711_2"", ""BGC0000711_3""]"	[3361, 3360, 3362, 3363, 3364]	[-1, 0, 1, 2, 3]	5	0.47047245502471924	-1.3328089714050293
BGC0000712	Saccharide	Saccharide	True	True	"[""BGC0000712_-1"", ""BGC0000712_0"", ""BGC0000712_1"", ""BGC0000712_2"", ""BGC0000712_3""]"	[3366, 3365, 3367, 3368, 3369]	[-1, 0, 1, 2, 3]	5	0.51158952713012695	-0.73145157098770142
BGC0000713	Saccharide	Saccharide	True	True	"[""BGC0000713_-1"", ""BGC0000713_0"", ""BGC0000713_1"", ""BGC0000713_2"", ""BGC0000713_3""]"	[3371, 3370, 3372, 3373, 3374]	[-1, 0, 1, 2, 3]	5	0.32944792509078979	-1.4401848316192627
BGC0000714	Saccharide	Saccharide	True	True	"[""BGC0000714_-1"", ""BGC0000714_0"", ""BGC0000714_1"", ""BGC0000714_2"", ""BGC0000714_3""]"	[3376, 3375, 3377, 3378, 3379]	[-1, 0, 1, 2, 3]	5	0.45013037323951721	-1.347919225692749
BGC0000715	Saccharide	Saccharide	True	True	"[""BGC0000715_-1"", ""BGC0000715_0"", ""BGC0000715_1"", ""BGC0000715_2"", ""BGC0000715_3""]"	[3381, 3380, 3382, 3383, 3384]	[-1, 0, 1, 2, 3]	5	0.92803370952606201	-0.61631298065185547
BGC0000716	Saccharide	Saccharide	True	True	"[""BGC0000716_-1"", ""BGC0000716_0"", ""BGC0000716_1"", ""BGC0000716_2"", ""BGC0000716_3""]"	[3386, 3385, 3387, 3388, 3389]	[-1, 0, 1, 2, 3]	5	0.64388680458068848	-0.68540757894515991
BGC0000719	Saccharide	Saccharide	True	True	"[""BGC0000719_-1"", ""BGC0000719_0"", ""BGC0000719_1"", ""BGC0000719_2"", ""BGC0000719_3""]"	[3391, 3390, 3392, 3393, 3394]	[-1, 0, 1, 2, 3]	5	0.31934231519699097	-1.414340615272522
BGC0000720	Saccharide	Saccharide	True	True	"[""BGC0000720_-1"", ""BGC0000720_0"", ""BGC0000720_1"", ""BGC0000720_2"", ""BGC0000720_3""]"	[3396, 3395, 3397, 3398, 3399]	[-1, 0, 1, 2, 3]	5	0.3409302830696106	-0.41377618908882141
BGC0000721	Saccharide	Saccharide	True	True	"[""BGC0000721_-1"", ""BGC0000721_0"", ""BGC0000721_1"", ""BGC0000721_2"", ""BGC0000721_3""]"	[3401, 3400, 3402, 3403, 3404]	[-1, 0, 1, 2, 3]	5	0.23935531079769135	-1.2866283655166626
BGC0000722	Other Saccharide	Hybrid	True	False	"[""BGC0000722_-1"", ""BGC0000722_0"", ""BGC0000722_1"", ""BGC0000722_2"", ""BGC0000722_3""]"	[3406, 3405, 3407, 3408, 3409]	[-1, 0, 1, 2, 3]	5	0.85237580537796021	-0.35793223977088928
BGC0000723	Other Saccharide	Hybrid	True	False	"[""BGC0000723_-1"", ""BGC0000723_0"", ""BGC0000723_1"", ""BGC0000723_2"", ""BGC0000723_3""]"	[3411, 3410, 3412, 3413, 3414]	[-1, 0, 1, 2, 3]	5	0.81326335668563843	-0.33587142825126648
BGC0000724	Saccharide	Saccharide	True	True	"[""BGC0000724_-1"", ""BGC0000724_0"", ""BGC0000724_1"", ""BGC0000724_2"", ""BGC0000724_3""]"	[3416, 3415, 3417, 3418, 3419]	[-1, 0, 1, 2, 3]	5	0.71386361122131348	-0.96959304809570312
BGC0000725	Saccharide	Saccharide	True	True	"[""BGC0000725_-1"", ""BGC0000725_0"", ""BGC0000725_1"", ""BGC0000725_2"", ""BGC0000725_3""]"	[3421, 3420, 3422, 3423, 3424]	[-1, 0, 1, 2, 3]	5	0.50088202953338623	-0.179324671626091
BGC0000727	Saccharide	Saccharide	True	True	"[""BGC0000727_-1"", ""BGC0000727_0"", ""BGC0000727_1"", ""BGC0000727_2"", ""BGC0000727_3""]"	[3426, 3425, 3427, 3428, 3429]	[-1, 0, 1, 2, 3]	5	0.25700002908706665	-0.54260373115539551
BGC0000728	Saccharide	Saccharide	True	True	"[""BGC0000728_-1"", ""BGC0000728_0"", ""BGC0000728_1"", ""BGC0000728_2"", ""BGC0000728_3""]"	[3431, 3430, 3432, 3433, 3434]	[-1, 0, 1, 2, 3]	5	0.3364679217338562	-1.4711083173751831
BGC0000729	Saccharide	Saccharide	True	True	"[""BGC0000729_-1"", ""BGC0000729_0"", ""BGC0000729_1"", ""BGC0000729_2"", ""BGC0000729_3""]"	[3436, 3435, 3437, 3438, 3439]	[-1, 0, 1, 2, 3]	5	0.30659696459770203	-1.408288836479187
BGC0000730	Saccharide	Saccharide	True	True	"[""BGC0000730_-1"", ""BGC0000730_0"", ""BGC0000730_1"", ""BGC0000730_2"", ""BGC0000730_3""]"	[3441, 3440, 3442, 3443, 3444]	[-1, 0, 1, 2, 3]	5	0.30376791954040527	-0.43726798892021179
BGC0000731	Saccharide	Saccharide	True	True	"[""BGC0000731_-1"", ""BGC0000731_0"", ""BGC0000731_1"", ""BGC0000731_2"", ""BGC0000731_3""]"	[3446, 3445, 3447, 3448, 3449]	[-1, 0, 1, 2, 3]	5	0.17803002893924713	-0.5709565281867981
BGC0000732	Saccharide	Saccharide	True	True	"[""BGC0000732_-1"", ""BGC0000732_0"", ""BGC0000732_1"", ""BGC0000732_2"", ""BGC0000732_3""]"	[3451, 3450, 3452, 3453, 3454]	[-1, 0, 1, 2, 3]	5	0.54591232538223267	-0.54353153705596924
BGC0000733	Saccharide	Saccharide	True	True	"[""BGC0000733_-1"", ""BGC0000733_0"", ""BGC0000733_1"", ""BGC0000733_2"", ""BGC0000733_3""]"	[3456, 3455, 3457, 3458, 3459]	[-1, 0, 1, 2, 3]	5	0.14362919330596924	-0.58562153577804565
BGC0000734	Saccharide	Saccharide	True	True	"[""BGC0000734_-1"", ""BGC0000734_0"", ""BGC0000734_1"", ""BGC0000734_2"", ""BGC0000734_3""]"	[3461, 3460, 3462, 3463, 3464]	[-1, 0, 1, 2, 3]	5	0.20923799276351929	-1.3448963165283203
BGC0000735	Saccharide	Saccharide	True	True	"[""BGC0000735_-1"", ""BGC0000735_0"", ""BGC0000735_1"", ""BGC0000735_2"", ""BGC0000735_3""]"	[3466, 3465, 3467, 3468, 3469]	[-1, 0, 1, 2, 3]	5	0.33577606081962585	-0.21554321050643921
BGC0000736	Saccharide	Saccharide	True	True	"[""BGC0000736_-1"", ""BGC0000736_0"", ""BGC0000736_1"", ""BGC0000736_2"", ""BGC0000736_3""]"	[3471, 3470, 3472, 3473, 3474]	[-1, 0, 1, 2, 3]	5	0.14620111882686615	-0.62224328517913818
BGC0000737	Saccharide	Saccharide	True	True	"[""BGC0000737_-1"", ""BGC0000737_0"", ""BGC0000737_1"", ""BGC0000737_2"", ""BGC0000737_3""]"	[3476, 3475, 3477, 3478, 3479]	[-1, 0, 1, 2, 3]	5	0.29724389314651489	-0.81836867332458496
BGC0000738	Saccharide	Saccharide	True	True	"[""BGC0000738_-1"", ""BGC0000738_0"", ""BGC0000738_1"", ""BGC0000738_2"", ""BGC0000738_3""]"	[3481, 3480, 3482, 3483, 3484]	[-1, 0, 1, 2, 3]	5	0.15126882493495941	-0.7800060510635376
BGC0000739	Saccharide	Saccharide	True	True	"[""BGC0000739_-1"", ""BGC0000739_0"", ""BGC0000739_1"", ""BGC0000739_2"", ""BGC0000739_3""]"	[3486, 3485, 3487, 3488, 3489]	[-1, 0, 1, 2, 3]	5	0.16534338891506195	-0.62637209892272949
BGC0000740	Saccharide	Saccharide	True	True	"[""BGC0000740_-1"", ""BGC0000740_0"", ""BGC0000740_1"", ""BGC0000740_2"", ""BGC0000740_3""]"	[3491, 3490, 3492, 3493, 3494]	[-1, 0, 1, 2, 3]	5	0.27508246898651123	-1.3475620746612549
BGC0000741	Saccharide	Saccharide	True	True	"[""BGC0000741_-1"", ""BGC0000741_0"", ""BGC0000741_1"", ""BGC0000741_2"", ""BGC0000741_3""]"	[3496, 3495, 3497, 3498, 3499]	[-1, 0, 1, 2, 3]	5	0.25502508878707886	-1.4096405506134033
BGC0000742	Saccharide	Saccharide	True	True	"[""BGC0000742_-1"", ""BGC0000742_0"", ""BGC0000742_1"", ""BGC0000742_2"", ""BGC0000742_3""]"	[3501, 3500, 3502, 3503, 3504]	[-1, 0, 1, 2, 3]	5	0.57024657726287842	-0.76235318183898926
BGC0000743	Saccharide	Saccharide	True	True	"[""BGC0000743_-1"", ""BGC0000743_0"", ""BGC0000743_1"", ""BGC0000743_2"", ""BGC0000743_3""]"	[3506, 3505, 3507, 3508, 3509]	[-1, 0, 1, 2, 3]	5	0.22665798664093018	-0.54131197929382324
BGC0000744	Saccharide	Saccharide	True	True	"[""BGC0000744_-1"", ""BGC0000744_0"", ""BGC0000744_1"", ""BGC0000744_2"", ""BGC0000744_3""]"	[3511, 3510, 3512, 3513, 3514]	[-1, 0, 1, 2, 3]	5	0.3076988160610199	-1.5148632526397705
BGC0000745	Saccharide	Saccharide	True	True	"[""BGC0000745_-1"", ""BGC0000745_0"", ""BGC0000745_1"", ""BGC0000745_2"", ""BGC0000745_3""]"	[3516, 3515, 3517, 3518, 3519]	[-1, 0, 1, 2, 3]	5	0.27748343348503113	-1.4400088787078857
BGC0000746	Saccharide	Saccharide	True	True	"[""BGC0000746_-1"", ""BGC0000746_0"", ""BGC0000746_1"", ""BGC0000746_2"", ""BGC0000746_3""]"	[3521, 3520, 3522, 3523, 3524]	[-1, 0, 1, 2, 3]	5	0.26009026169776917	-1.3711787462234497
BGC0000747	Saccharide	Saccharide	True	True	"[""BGC0000747_-1"", ""BGC0000747_0"", ""BGC0000747_1"", ""BGC0000747_2"", ""BGC0000747_3""]"	[3526, 3525, 3527, 3528, 3529]	[-1, 0, 1, 2, 3]	5	0.29643043875694275	-1.4144573211669922
BGC0000748	Saccharide	Saccharide	True	True	"[""BGC0000748_-1"", ""BGC0000748_0"", ""BGC0000748_1"", ""BGC0000748_2"", ""BGC0000748_3""]"	[3531, 3530, 3532, 3533, 3534]	[-1, 0, 1, 2, 3]	5	0.28780913352966309	-1.4580333232879639
BGC0000749	Saccharide	Saccharide	True	True	"[""BGC0000749_-1"", ""BGC0000749_0"", ""BGC0000749_1"", ""BGC0000749_2"", ""BGC0000749_3""]"	[3536, 3535, 3537, 3538, 3539]	[-1, 0, 1, 2, 3]	5	0.75420033931732178	0.21294629573822021
BGC0000751	Saccharide	Saccharide	True	True	"[""BGC0000751_-1"", ""BGC0000751_0"", ""BGC0000751_1"", ""BGC0000751_2"", ""BGC0000751_3""]"	[3541, 3540, 3542, 3543, 3544]	[-1, 0, 1, 2, 3]	5	0.33613413572311401	-1.1513305902481079
BGC0000752	Saccharide	Saccharide	True	True	"[""BGC0000752_-1"", ""BGC0000752_0"", ""BGC0000752_1"", ""BGC0000752_2"", ""BGC0000752_3""]"	[3546, 3545, 3547, 3548, 3549]	[-1, 0, 1, 2, 3]	5	0.18824771046638489	-1.0203421115875244
BGC0000753	Saccharide	Saccharide	True	True	"[""BGC0000753_-1"", ""BGC0000753_0"", ""BGC0000753_1"", ""BGC0000753_2"", ""BGC0000753_3""]"	[3551, 3550, 3552, 3553, 3554]	[-1, 0, 1, 2, 3]	5	0.59496164321899414	-0.35266348719596863
BGC0000754	Saccharide	Saccharide	True	True	"[""BGC0000754_-1"", ""BGC0000754_0"", ""BGC0000754_1"", ""BGC0000754_2"", ""BGC0000754_3""]"	[3556, 3555, 3557, 3558, 3559]	[-1, 0, 1, 2, 3]	5	0.38503175973892212	-0.31957417726516724
BGC0000755	Saccharide	Saccharide	True	True	"[""BGC0000755_-1"", ""BGC0000755_0"", ""BGC0000755_1"", ""BGC0000755_2"", ""BGC0000755_3""]"	[3561, 3560, 3562, 3563, 3564]	[-1, 0, 1, 2, 3]	5	0.38659998774528503	-0.44266676902770996
BGC0000756	Saccharide	Saccharide	True	True	"[""BGC0000756_-1"", ""BGC0000756_0"", ""BGC0000756_1"", ""BGC0000756_2"", ""BGC0000756_3""]"	[3566, 3565, 3567, 3568, 3569]	[-1, 0, 1, 2, 3]	5	0.23036815226078033	-0.80800241231918335
BGC0000757	Saccharide	Saccharide	True	True	"[""BGC0000757_-1"", ""BGC0000757_0"", ""BGC0000757_1"", ""BGC0000757_2"", ""BGC0000757_3""]"	[3571, 3570, 3572, 3573, 3574]	[-1, 0, 1, 2, 3]	5	0.23988442122936249	-0.81070029735565186
BGC0000758	Saccharide	Saccharide	True	True	"[""BGC0000758_-1"", ""BGC0000758_0"", ""BGC0000758_1"", ""BGC0000758_2"", ""BGC0000758_3""]"	[3576, 3575, 3577, 3578, 3579]	[-1, 0, 1, 2, 3]	5	0.24890756607055664	-1.0951290130615234
BGC0000759	Saccharide	Saccharide	True	True	"[""BGC0000759_-1"", ""BGC0000759_0"", ""BGC0000759_1"", ""BGC0000759_2"", ""BGC0000759_3""]"	[3581, 3580, 3582, 3583, 3584]	[-1, 0, 1, 2, 3]	5	0.28400713205337524	-0.74724060297012329
BGC0000760	Saccharide	Saccharide	True	True	"[""BGC0000760_-1"", ""BGC0000760_0"", ""BGC0000760_1"", ""BGC0000760_2"", ""BGC0000760_3""]"	[3586, 3585, 3587, 3588, 3589]	[-1, 0, 1, 2, 3]	5	0.20715844631195068	-0.52109652757644653
BGC0000761	Saccharide	Saccharide	True	True	"[""BGC0000761_-1"", ""BGC0000761_0"", ""BGC0000761_1"", ""BGC0000761_2"", ""BGC0000761_3""]"	[3591, 3590, 3592, 3593, 3594]	[-1, 0, 1, 2, 3]	5	0.54796022176742554	-0.45363414287567139
BGC0000762	Saccharide	Saccharide	True	True	"[""BGC0000762_-1"", ""BGC0000762_0"", ""BGC0000762_1"", ""BGC0000762_2"", ""BGC0000762_3""]"	[3596, 3595, 3597, 3598, 3599]	[-1, 0, 1, 2, 3]	5	0.21370023488998413	-1.2596659660339355
BGC0000763	Saccharide	Saccharide	True	True	"[""BGC0000763_-1"", ""BGC0000763_0"", ""BGC0000763_1"", ""BGC0000763_2"", ""BGC0000763_3""]"	[3601, 3600, 3602, 3603, 3604]	[-1, 0, 1, 2, 3]	5	0.30183041095733643	-0.73799657821655273
BGC0000764	Saccharide	Saccharide	True	True	"[""BGC0000764_-1"", ""BGC0000764_0"", ""BGC0000764_1"", ""BGC0000764_2"", ""BGC0000764_3""]"	[3606, 3605, 3607, 3608, 3609]	[-1, 0, 1, 2, 3]	5	0.19939588010311127	-1.0859867334365845
BGC0000765	Saccharide	Saccharide	True	True	"[""BGC0000765_-1"", ""BGC0000765_0"", ""BGC0000765_1"", ""BGC0000765_2"", ""BGC0000765_3""]"	[3611, 3610, 3612, 3613, 3614]	[-1, 0, 1, 2, 3]	5	0.49281656742095947	-1.1202354431152344
BGC0000766	Saccharide	Saccharide	True	True	"[""BGC0000766_-1"", ""BGC0000766_0"", ""BGC0000766_1"", ""BGC0000766_2"", ""BGC0000766_3""]"	[3616, 3615, 3617, 3618, 3619]	[-1, 0, 1, 2, 3]	5	0.48200082778930664	-1.2899597883224487
BGC0000767	Saccharide	Saccharide	True	True	"[""BGC0000767_-1"", ""BGC0000767_0"", ""BGC0000767_1"", ""BGC0000767_2"", ""BGC0000767_3""]"	[3621, 3620, 3622, 3623, 3624]	[-1, 0, 1, 2, 3]	5	0.28149977326393127	-1.4150856733322144
BGC0000768	Saccharide	Saccharide	True	True	"[""BGC0000768_-1"", ""BGC0000768_0"", ""BGC0000768_1"", ""BGC0000768_2"", ""BGC0000768_3""]"	[3626, 3625, 3627, 3628, 3629]	[-1, 0, 1, 2, 3]	5	0.180294468998909	-0.44849699735641479
BGC0000769	Saccharide	Saccharide	True	True	"[""BGC0000769_-1"", ""BGC0000769_0"", ""BGC0000769_1"", ""BGC0000769_2"", ""BGC0000769_3""]"	[3631, 3630, 3632, 3633, 3634]	[-1, 0, 1, 2, 3]	5	0.56088781356811523	-0.83020097017288208
BGC0000770	Saccharide	Saccharide	True	True	"[""BGC0000770_-1"", ""BGC0000770_0"", ""BGC0000770_1"", ""BGC0000770_2"", ""BGC0000770_3""]"	[3636, 3635, 3637, 3638, 3639]	[-1, 0, 1, 2, 3]	5	0.25667321681976318	-1.414580225944519
BGC0000772	Saccharide	Saccharide	True	True	"[""BGC0000772_-1"", ""BGC0000772_0"", ""BGC0000772_1"", ""BGC0000772_2"", ""BGC0000772_3""]"	[3641, 3640, 3642, 3643, 3644]	[-1, 0, 1, 2, 3]	5	0.14088477194309235	-1.3832869529724121
BGC0000773	Saccharide	Saccharide	True	True	"[""BGC0000773_-1"", ""BGC0000773_0"", ""BGC0000773_1"", ""BGC0000773_2"", ""BGC0000773_3""]"	[3646, 3645, 3647, 3648, 3649]	[-1, 0, 1, 2, 3]	5	0.37589877843856812	-0.75845044851303101
BGC0000774	Saccharide	Saccharide	True	True	"[""BGC0000774_-1"", ""BGC0000774_0"", ""BGC0000774_1"", ""BGC0000774_2"", ""BGC0000774_3""]"	[3651, 3650, 3652, 3653, 3654]	[-1, 0, 1, 2, 3]	5	0.75285971164703369	-0.12409084290266037
BGC0000775	Saccharide	Saccharide	True	True	"[""BGC0000775_-1"", ""BGC0000775_0"", ""BGC0000775_1"", ""BGC0000775_2"", ""BGC0000775_3""]"	[3656, 3655, 3657, 3658, 3659]	[-1, 0, 1, 2, 3]	5	0.23143872618675232	-0.85237342119216919
BGC0000776	Saccharide	Saccharide	True	True	"[""BGC0000776_-1"", ""BGC0000776_0"", ""BGC0000776_1"", ""BGC0000776_2"", ""BGC0000776_3""]"	[3661, 3660, 3662, 3663, 3664]	[-1, 0, 1, 2, 3]	5	0.15566344559192657	-0.6214444637298584
BGC0000777	Saccharide	Saccharide	True	True	"[""BGC0000777_-1"", ""BGC0000777_0"", ""BGC0000777_1"", ""BGC0000777_2"", ""BGC0000777_3""]"	[3666, 3665, 3667, 3668, 3669]	[-1, 0, 1, 2, 3]	5	0.12122111767530441	-0.64634323120117188
BGC0000778	Saccharide	Saccharide	True	True	"[""BGC0000778_-1"", ""BGC0000778_0"", ""BGC0000778_1"", ""BGC0000778_2"", ""BGC0000778_3""]"	[3671, 3670, 3672, 3673, 3674]	[-1, 0, 1, 2, 3]	5	0.72950798273086548	0.064429774880409241
BGC0000779	Saccharide	Saccharide	True	True	"[""BGC0000779_-1"", ""BGC0000779_0"", ""BGC0000779_1"", ""BGC0000779_2"", ""BGC0000779_3""]"	[3676, 3675, 3677, 3678, 3679]	[-1, 0, 1, 2, 3]	5	0.51874279975891113	-0.15658369660377502
BGC0000780	Saccharide	Saccharide	True	True	"[""BGC0000780_-1"", ""BGC0000780_0"", ""BGC0000780_1"", ""BGC0000780_2"", ""BGC0000780_3""]"	[3681, 3680, 3682, 3683, 3684]	[-1, 0, 1, 2, 3]	5	0.51685583591461182	-0.91493606567382812
BGC0000781	Saccharide	Saccharide	True	True	"[""BGC0000781_-1"", ""BGC0000781_0"", ""BGC0000781_1"", ""BGC0000781_2"", ""BGC0000781_3""]"	[3686, 3685, 3687, 3688, 3689]	[-1, 0, 1, 2, 3]	5	0.90486174821853638	-0.67248499393463135
BGC0000782	Saccharide	Saccharide	True	True	"[""BGC0000782_-1"", ""BGC0000782_0"", ""BGC0000782_1"", ""BGC0000782_2"", ""BGC0000782_3""]"	[3691, 3690, 3692, 3693, 3694]	[-1, 0, 1, 2, 3]	5	0.66377139091491699	-0.68936216831207275
BGC0000783	Saccharide	Saccharide	True	True	"[""BGC0000783_-1"", ""BGC0000783_0"", ""BGC0000783_1"", ""BGC0000783_2"", ""BGC0000783_3""]"	[3696, 3695, 3697, 3698, 3699]	[-1, 0, 1, 2, 3]	5	0.4705788791179657	-0.14061239361763
BGC0000784	Saccharide	Saccharide	True	True	"[""BGC0000784_-1"", ""BGC0000784_0"", ""BGC0000784_1"", ""BGC0000784_2"", ""BGC0000784_3""]"	[3701, 3700, 3702, 3703, 3704]	[-1, 0, 1, 2, 3]	5	0.21321876347064972	-0.54238408803939819
BGC0000785	Saccharide	Saccharide	True	True	"[""BGC0000785_-1"", ""BGC0000785_0"", ""BGC0000785_1"", ""BGC0000785_2"", ""BGC0000785_3""]"	[3706, 3705, 3707, 3708, 3709]	[-1, 0, 1, 2, 3]	5	0.69269108772277832	-0.86286365985870361
BGC0000786	Saccharide	Saccharide	True	True	"[""BGC0000786_-1"", ""BGC0000786_0"", ""BGC0000786_1"", ""BGC0000786_2"", ""BGC0000786_3""]"	[3711, 3710, 3712, 3713, 3714]	[-1, 0, 1, 2, 3]	5	0.20166933536529541	-1.2218798398971558
BGC0000787	Saccharide	Saccharide	True	True	"[""BGC0000787_-1"", ""BGC0000787_0"", ""BGC0000787_1"", ""BGC0000787_2"", ""BGC0000787_3""]"	[3716, 3715, 3717, 3718, 3719]	[-1, 0, 1, 2, 3]	5	0.37764376401901245	-1.0793485641479492
BGC0000788	Saccharide	Saccharide	True	True	"[""BGC0000788_-1"", ""BGC0000788_0"", ""BGC0000788_1"", ""BGC0000788_2"", ""BGC0000788_3""]"	[3721, 3720, 3722, 3723, 3724]	[-1, 0, 1, 2, 3]	5	0.51490765810012817	-1.1005632877349854
BGC0000789	Saccharide	Saccharide	True	True	"[""BGC0000789_-1"", ""BGC0000789_0"", ""BGC0000789_1"", ""BGC0000789_2"", ""BGC0000789_3""]"	[3726, 3725, 3727, 3728, 3729]	[-1, 0, 1, 2, 3]	5	0.25582465529441833	-1.045437216758728
BGC0000790	Saccharide	Saccharide	True	True	"[""BGC0000790_-1"", ""BGC0000790_0"", ""BGC0000790_1"", ""BGC0000790_2"", ""BGC0000790_3""]"	[3731, 3730, 3732, 3733, 3734]	[-1, 0, 1, 2, 3]	5	0.27436351776123047	-1.2938981056213379
BGC0000791	Saccharide	Saccharide	True	True	"[""BGC0000791_-1"", ""BGC0000791_0"", ""BGC0000791_1"", ""BGC0000791_2"", ""BGC0000791_3""]"	[3736, 3735, 3737, 3738, 3739]	[-1, 0, 1, 2, 3]	5	0.24684660136699677	-1.1277968883514404
BGC0000792	Saccharide	Saccharide	True	True	"[""BGC0000792_-1"", ""BGC0000792_0"", ""BGC0000792_1"", ""BGC0000792_2"", ""BGC0000792_3""]"	[3741, 3740, 3742, 3743, 3744]	[-1, 0, 1, 2, 3]	5	0.59992516040802002	-0.41120901703834534
BGC0000793	Saccharide	Saccharide	True	True	"[""BGC0000793_-1"", ""BGC0000793_0"", ""BGC0000793_1"", ""BGC0000793_2"", ""BGC0000793_3""]"	[3746, 3745, 3747, 3748, 3749]	[-1, 0, 1, 2, 3]	5	0.58741998672485352	-0.41964083909988403
BGC0000794	Saccharide	Saccharide	True	True	"[""BGC0000794_-1"", ""BGC0000794_0"", ""BGC0000794_1"", ""BGC0000794_2"", ""BGC0000794_3""]"	[3751, 3750, 3752, 3753, 3754]	[-1, 0, 1, 2, 3]	5	0.29273492097854614	-1.2804367542266846
BGC0000795	Saccharide	Saccharide	True	True	"[""BGC0000795_-1"", ""BGC0000795_0"", ""BGC0000795_1"", ""BGC0000795_2"", ""BGC0000795_3""]"	[3756, 3755, 3757, 3758, 3759]	[-1, 0, 1, 2, 3]	5	0.17494620382785797	-0.61759549379348755
BGC0000796	Saccharide	Saccharide	True	True	"[""BGC0000796_-1"", ""BGC0000796_0"", ""BGC0000796_1"", ""BGC0000796_2"", ""BGC0000796_3""]"	[3761, 3760, 3762, 3763, 3764]	[-1, 0, 1, 2, 3]	5	0.29224377870559692	-0.34830382466316223
BGC0000797	Saccharide	Saccharide	True	True	"[""BGC0000797_-1"", ""BGC0000797_0"", ""BGC0000797_1"", ""BGC0000797_2"", ""BGC0000797_3""]"	[3766, 3765, 3767, 3768, 3769]	[-1, 0, 1, 2, 3]	5	0.17770902812480927	-0.46533104777336121
BGC0000798	Saccharide	Saccharide	True	True	"[""BGC0000798_-1"", ""BGC0000798_0"", ""BGC0000798_1"", ""BGC0000798_2"", ""BGC0000798_3""]"	[3771, 3770, 3772, 3773, 3774]	[-1, 0, 1, 2, 3]	5	3.2232735157012939	2.7822952270507812
BGC0000799	Saccharide	Saccharide	True	True	"[""BGC0000799_-1"", ""BGC0000799_0"", ""BGC0000799_1"", ""BGC0000799_2"", ""BGC0000799_3""]"	[3776, 3775, 3777, 3778, 3779]	[-1, 0, 1, 2, 3]	5	0.18189646303653717	-0.55865019559860229
BGC0000800	Saccharide	Saccharide	True	True	"[""BGC0000800_-1"", ""BGC0000800_0"", ""BGC0000800_1"", ""BGC0000800_2"", ""BGC0000800_3""]"	[3781, 3780, 3782, 3783, 3784]	[-1, 0, 1, 2, 3]	5	0.33728224039077759	-0.44856154918670654
BGC0000801	Saccharide	Saccharide	True	True	"[""BGC0000801_-1"", ""BGC0000801_0"", ""BGC0000801_1"", ""BGC0000801_2"", ""BGC0000801_3""]"	[3786, 3785, 3787, 3788, 3789]	[-1, 0, 1, 2, 3]	5	0.75596076250076294	-0.4515453577041626
BGC0000802	Saccharide	Saccharide	True	True	"[""BGC0000802_-1"", ""BGC0000802_0"", ""BGC0000802_1"", ""BGC0000802_2"", ""BGC0000802_3""]"	[3791, 3790, 3792, 3793, 3794]	[-1, 0, 1, 2, 3]	5	-4.4054841995239258	7.6133766174316406
BGC0000803	Saccharide	Saccharide	True	True	"[""BGC0000803_-1"", ""BGC0000803_0"", ""BGC0000803_1"", ""BGC0000803_2"", ""BGC0000803_3""]"	[3796, 3795, 3797, 3798, 3799]	[-1, 0, 1, 2, 3]	5	0.1690024733543396	-1.2388609647750854
BGC0000804	Saccharide	Saccharide	True	True	"[""BGC0000804_-1"", ""BGC0000804_0"", ""BGC0000804_1"", ""BGC0000804_2"", ""BGC0000804_3""]"	[3801, 3800, 3802, 3803, 3804]	[-1, 0, 1, 2, 3]	5	0.84310287237167358	-0.86469107866287231
BGC0000806	Saccharide	Saccharide	True	True	"[""BGC0000806_-1"", ""BGC0000806_0"", ""BGC0000806_1"", ""BGC0000806_2"", ""BGC0000806_3""]"	[3806, 3805, 3807, 3808, 3809]	[-1, 0, 1, 2, 3]	5	0.18810328841209412	-0.92132610082626343
BGC0000807	Saccharide	Saccharide	True	True	"[""BGC0000807_-1"", ""BGC0000807_0"", ""BGC0000807_1"", ""BGC0000807_2"", ""BGC0000807_3""]"	[3811, 3810, 3812, 3813, 3814]	[-1, 0, 1, 2, 3]	5	0.11148876696825027	-0.72775876522064209
BGC0000809	Alkaloid	Alkaloid	False	False	"[""BGC0000809_-1"", ""BGC0000809_0"", ""BGC0000809_1"", ""BGC0000809_2"", ""BGC0000809_3""]"	[3816, 3815, 3817, 3818, 3819]	[-1, 0, 1, 2, 3]	5	4.1480922698974609	2.4576478004455566
BGC0000810	Alkaloid	Alkaloid	False	False	"[""BGC0000810_-1"", ""BGC0000810_0"", ""BGC0000810_1"", ""BGC0000810_2"", ""BGC0000810_3""]"	[3821, 3820, 3822, 3823, 3824]	[-1, 0, 1, 2, 3]	5	3.3417758941650391	2.7134881019592285
BGC0000811	Alkaloid	Alkaloid	False	False	"[""BGC0000811_-1"", ""BGC0000811_0"", ""BGC0000811_1"", ""BGC0000811_2"", ""BGC0000811_3""]"	[3826, 3825, 3827, 3828, 3829]	[-1, 0, 1, 2, 3]	5	5.260653018951416	2.9231348037719727
BGC0000812	Alkaloid	Alkaloid	False	False	"[""BGC0000812_-1"", ""BGC0000812_0"", ""BGC0000812_1"", ""BGC0000812_2"", ""BGC0000812_3""]"	[3831, 3830, 3832, 3833, 3834]	[-1, 0, 1, 2, 3]	5	4.522618293762207	2.9793086051940918
BGC0000813	Alkaloid	Alkaloid	False	False	"[""BGC0000813_-1"", ""BGC0000813_0"", ""BGC0000813_1"", ""BGC0000813_2"", ""BGC0000813_3""]"	[3836, 3835, 3837, 3838, 3839]	[-1, 0, 1, 2, 3]	5	5.0867214202880859	2.7585015296936035
BGC0000814	Alkaloid	Alkaloid	False	False	"[""BGC0000814_-1"", ""BGC0000814_0"", ""BGC0000814_1"", ""BGC0000814_2"", ""BGC0000814_3""]"	[3841, 3840, 3842, 3843, 3844]	[-1, 0, 1, 2, 3]	5	5.1146984100341797	2.7613499164581299
BGC0000815	Alkaloid	Alkaloid	False	False	"[""BGC0000815_-1"", ""BGC0000815_0"", ""BGC0000815_1"", ""BGC0000815_2"", ""BGC0000815_3""]"	[3846, 3845, 3847, 3848, 3849]	[-1, 0, 1, 2, 3]	5	5.1341671943664551	2.904064416885376
BGC0000816	NRP Alkaloid	Hybrid	False	False	"[""BGC0000816_-1"", ""BGC0000816_0"", ""BGC0000816_1"", ""BGC0000816_2"", ""BGC0000816_3""]"	[3851, 3850, 3852, 3853, 3854]	[-1, 0, 1, 2, 3]	5	11.005873680114746	-0.26835846900939941
BGC0000817	Alkaloid	Alkaloid	False	False	"[""BGC0000817_-1"", ""BGC0000817_0"", ""BGC0000817_1"", ""BGC0000817_2"", ""BGC0000817_3""]"	[3856, 3855, 3857, 3858, 3859]	[-1, 0, 1, 2, 3]	5	4.4820060729980469	2.6200792789459229
BGC0000818	NRP	NRP	False	False	"[""BGC0000818_-1"", ""BGC0000818_0"", ""BGC0000818_1"", ""BGC0000818_2"", ""BGC0000818_3""]"	[3861, 3860, 3862, 3863, 3864]	[-1, 0, 1, 2, 3]	5	10.885857582092285	0.17184999585151672
BGC0000819	NRP Alkaloid	Hybrid	False	False	"[""BGC0000819_-1"", ""BGC0000819_0"", ""BGC0000819_1"", ""BGC0000819_2"", ""BGC0000819_3""]"	[3866, 3865, 3867, 3868, 3869]	[-1, 0, 1, 2, 3]	5	10.859959602355957	0.21861374378204346
BGC0000820	Alkaloid	Alkaloid	False	False	"[""BGC0000820_-1"", ""BGC0000820_0"", ""BGC0000820_1"", ""BGC0000820_2"", ""BGC0000820_3""]"	[3871, 3870, 3872, 3873, 3874]	[-1, 0, 1, 2, 3]	5	5.1105637550354004	2.7952675819396973
BGC0000821	Alkaloid	Alkaloid	False	False	"[""BGC0000821_-1"", ""BGC0000821_0"", ""BGC0000821_1"", ""BGC0000821_2"", ""BGC0000821_3""]"	[3876, 3875, 3877, 3878, 3879]	[-1, 0, 1, 2, 3]	5	5.1338520050048828	2.7829382419586182
BGC0000825	Alkaloid	Alkaloid	False	False	"[""BGC0000825_-1"", ""BGC0000825_0"", ""BGC0000825_1"", ""BGC0000825_2"", ""BGC0000825_3""]"	[3881, 3880, 3882, 3883, 3884]	[-1, 0, 1, 2, 3]	5	5.1287655830383301	2.7769143581390381
BGC0000826	Alkaloid	Alkaloid	False	False	"[""BGC0000826_-1"", ""BGC0000826_0"", ""BGC0000826_1"", ""BGC0000826_2"", ""BGC0000826_3""]"	[3886, 3885, 3887, 3888, 3889]	[-1, 0, 1, 2, 3]	5	5.118138313293457	2.7534267902374268
BGC0000827	Alkaloid	Alkaloid	False	False	"[""BGC0000827_-1"", ""BGC0000827_0"", ""BGC0000827_1"", ""BGC0000827_2"", ""BGC0000827_3""]"	[3891, 3890, 3892, 3893, 3894]	[-1, 0, 1, 2, 3]	5	5.108818531036377	2.7655034065246582
BGC0000829	Alkaloid	Alkaloid	False	False	"[""BGC0000829_-1"", ""BGC0000829_0"", ""BGC0000829_1"", ""BGC0000829_2"", ""BGC0000829_3""]"	[3896, 3895, 3897, 3898, 3899]	[-1, 0, 1, 2, 3]	5	4.747410774230957	2.7141404151916504
BGC0000830	Other	Other	False	False	"[""BGC0000830_-1"", ""BGC0000830_0"", ""BGC0000830_1"", ""BGC0000830_2"", ""BGC0000830_3""]"	[3901, 3900, 3902, 3903, 3904]	[-1, 0, 1, 2, 3]	5	2.1247279644012451	1.9369875192642212
BGC0000831	Alkaloid	Alkaloid	False	False	"[""BGC0000831_-1"", ""BGC0000831_0"", ""BGC0000831_1"", ""BGC0000831_2"", ""BGC0000831_3""]"	[3906, 3905, 3907, 3908, 3909]	[-1, 0, 1, 2, 3]	5	3.0169250965118408	1.5213196277618408
BGC0000832	Saccharide Other	Hybrid	True	False	"[""BGC0000832_-1"", ""BGC0000832_0"", ""BGC0000832_1"", ""BGC0000832_2"", ""BGC0000832_3""]"	[3911, 3910, 3912, 3913, 3914]	[-1, 0, 1, 2, 3]	5	0.5620684027671814	-0.64442461729049683
BGC0000833	Saccharide Other	Hybrid	True	False	"[""BGC0000833_-1"", ""BGC0000833_0"", ""BGC0000833_1"", ""BGC0000833_2"", ""BGC0000833_3""]"	[3916, 3915, 3917, 3918, 3919]	[-1, 0, 1, 2, 3]	5	2.1982905864715576	1.0384237766265869
BGC0000834	Saccharide Other	Hybrid	True	False	"[""BGC0000834_-1"", ""BGC0000834_0"", ""BGC0000834_1"", ""BGC0000834_2"", ""BGC0000834_3""]"	[3921, 3920, 3922, 3923, 3924]	[-1, 0, 1, 2, 3]	5	0.45409956574440002	-0.68304413557052612
BGC0000836	Other	Other	False	False	"[""BGC0000836_-1"", ""BGC0000836_0"", ""BGC0000836_1"", ""BGC0000836_2"", ""BGC0000836_3""]"	[3926, 3925, 3927, 3928, 3929]	[-1, 0, 1, 2, 3]	5	3.171396017074585	0.98125314712524414
BGC0000837	Other	Other	False	False	"[""BGC0000837_-1"", ""BGC0000837_0"", ""BGC0000837_1"", ""BGC0000837_2"", ""BGC0000837_3""]"	[3931, 3930, 3932, 3933, 3934]	[-1, 0, 1, 2, 3]	5	3.029557466506958	1.8308440446853638
BGC0000838	Polyketide	Polyketide	False	False	"[""BGC0000838_-1"", ""BGC0000838_0"", ""BGC0000838_1"", ""BGC0000838_2"", ""BGC0000838_3""]"	[3936, 3935, 3937, 3938, 3939]	[-1, 0, 1, 2, 3]	5	13.661314964294434	13.824316024780273
BGC0000839	Other	Other	False	False	"[""BGC0000839_-1"", ""BGC0000839_0"", ""BGC0000839_1"", ""BGC0000839_2"", ""BGC0000839_3""]"	[3941, 3940, 3942, 3943, 3944]	[-1, 0, 1, 2, 3]	5	3.2395303249359131	0.85957211256027222
BGC0000840	Other	Other	False	False	"[""BGC0000840_-1"", ""BGC0000840_0"", ""BGC0000840_1"", ""BGC0000840_2"", ""BGC0000840_3""]"	[3946, 3945, 3947, 3948, 3949]	[-1, 0, 1, 2, 3]	5	2.3945224285125732	1.8524265289306641
BGC0000841	Other	Other	False	False	"[""BGC0000841_-1"", ""BGC0000841_0"", ""BGC0000841_1"", ""BGC0000841_2"", ""BGC0000841_3""]"	[3951, 3950, 3952, 3953, 3954]	[-1, 0, 1, 2, 3]	5	3.0155301094055176	2.1238265037536621
BGC0000842	Other	Other	False	False	"[""BGC0000842_-1"", ""BGC0000842_0"", ""BGC0000842_1"", ""BGC0000842_2"", ""BGC0000842_3""]"	[3956, 3955, 3957, 3958, 3959]	[-1, 0, 1, 2, 3]	5	2.5047798156738281	1.0850875377655029
BGC0000843	Other	Other	False	False	"[""BGC0000843_-1"", ""BGC0000843_0"", ""BGC0000843_1"", ""BGC0000843_2"", ""BGC0000843_3""]"	[3961, 3960, 3962, 3963, 3964]	[-1, 0, 1, 2, 3]	5	2.5267758369445801	2.358642578125
BGC0000844	Other	Other	False	False	"[""BGC0000844_-1"", ""BGC0000844_0"", ""BGC0000844_1"", ""BGC0000844_2"", ""BGC0000844_3""]"	[3966, 3965, 3967, 3968, 3969]	[-1, 0, 1, 2, 3]	5	2.7211635112762451	1.0723556280136108
BGC0000845	Other	Other	False	False	"[""BGC0000845_-1"", ""BGC0000845_0"", ""BGC0000845_1"", ""BGC0000845_2"", ""BGC0000845_3""]"	[3971, 3970, 3972, 3973, 3974]	[-1, 0, 1, 2, 3]	5	2.6289961338043213	1.0495016574859619
BGC0000846	Other	Other	False	False	"[""BGC0000846_-1"", ""BGC0000846_0"", ""BGC0000846_1"", ""BGC0000846_2"", ""BGC0000846_3""]"	[3976, 3975, 3977, 3978, 3979]	[-1, 0, 1, 2, 3]	5	2.783839225769043	1.8610283136367798
BGC0000847	Other	Other	False	False	"[""BGC0000847_-1"", ""BGC0000847_0"", ""BGC0000847_1"", ""BGC0000847_2"", ""BGC0000847_3""]"	[3981, 3980, 3982, 3983, 3984]	[-1, 0, 1, 2, 3]	5	2.8156154155731201	2.1971590518951416
BGC0000848	Other	Other	False	False	"[""BGC0000848_-1"", ""BGC0000848_0"", ""BGC0000848_1"", ""BGC0000848_2"", ""BGC0000848_3""]"	[3986, 3985, 3987, 3988, 3989]	[-1, 0, 1, 2, 3]	5	2.4438302516937256	2.4660961627960205
BGC0000849	Other	Other	False	False	"[""BGC0000849_-1"", ""BGC0000849_0"", ""BGC0000849_1"", ""BGC0000849_2"", ""BGC0000849_3""]"	[3991, 3990, 3992, 3993, 3994]	[-1, 0, 1, 2, 3]	5	2.3343911170959473	1.7300872802734375
BGC0000850	Other	Other	False	False	"[""BGC0000850_-1"", ""BGC0000850_0"", ""BGC0000850_1"", ""BGC0000850_2"", ""BGC0000850_3""]"	[3996, 3995, 3997, 3998, 3999]	[-1, 0, 1, 2, 3]	5	3.0907046794891357	1.3437153100967407
BGC0000851	Other	Other	False	False	"[""BGC0000851_-1"", ""BGC0000851_0"", ""BGC0000851_1"", ""BGC0000851_2"", ""BGC0000851_3""]"	[4001, 4000, 4002, 4003, 4004]	[-1, 0, 1, 2, 3]	5	2.0065224170684814	1.8373210430145264
BGC0000852	Other	Other	False	False	"[""BGC0000852_-1"", ""BGC0000852_0"", ""BGC0000852_1"", ""BGC0000852_2"", ""BGC0000852_3""]"	[4006, 4005, 4007, 4008, 4009]	[-1, 0, 1, 2, 3]	5	3.0029053688049316	1.6571323871612549
BGC0000853	Other	Other	False	False	"[""BGC0000853_-1"", ""BGC0000853_0"", ""BGC0000853_1"", ""BGC0000853_2"", ""BGC0000853_3""]"	[4011, 4010, 4012, 4013, 4014]	[-1, 0, 1, 2, 3]	5	3.1024460792541504	1.8868391513824463
BGC0000854	Other	Other	False	False	"[""BGC0000854_-1"", ""BGC0000854_0"", ""BGC0000854_1"", ""BGC0000854_2"", ""BGC0000854_3""]"	[4016, 4015, 4017, 4018, 4019]	[-1, 0, 1, 2, 3]	5	2.6052289009094238	1.8679907321929932
BGC0000855	Other	Other	False	False	"[""BGC0000855_-1"", ""BGC0000855_0"", ""BGC0000855_1"", ""BGC0000855_2"", ""BGC0000855_3""]"	[4021, 4020, 4022, 4023, 4024]	[-1, 0, 1, 2, 3]	5	2.0858209133148193	2.4908308982849121
BGC0000856	Other	Other	False	False	"[""BGC0000856_-1"", ""BGC0000856_0"", ""BGC0000856_1"", ""BGC0000856_2"", ""BGC0000856_3""]"	[4026, 4025, 4027, 4028, 4029]	[-1, 0, 1, 2, 3]	5	2.1651742458343506	2.3093037605285645
BGC0000857	Other	Other	False	False	"[""BGC0000857_-1"", ""BGC0000857_0"", ""BGC0000857_1"", ""BGC0000857_2"", ""BGC0000857_3""]"	[4031, 4030, 4032, 4033, 4034]	[-1, 0, 1, 2, 3]	5	2.255897045135498	1.3987829685211182
BGC0000858	Other	Other	False	False	"[""BGC0000858_-1"", ""BGC0000858_0"", ""BGC0000858_1"", ""BGC0000858_2"", ""BGC0000858_3""]"	[4036, 4035, 4037, 4038, 4039]	[-1, 0, 1, 2, 3]	5	2.1025538444519043	2.1317100524902344
BGC0000859	Other	Other	False	False	"[""BGC0000859_-1"", ""BGC0000859_0"", ""BGC0000859_1"", ""BGC0000859_2"", ""BGC0000859_3""]"	[4041, 4040, 4042, 4043, 4044]	[-1, 0, 1, 2, 3]	5	1.814761757850647	1.8200894594192505
BGC0000860	Other	Other	False	False	"[""BGC0000860_-1"", ""BGC0000860_0"", ""BGC0000860_1"", ""BGC0000860_2"", ""BGC0000860_3""]"	[4046, 4045, 4047, 4048, 4049]	[-1, 0, 1, 2, 3]	5	2.2973904609680176	2.3118200302124023
BGC0000861	Other	Other	False	False	"[""BGC0000861_-1"", ""BGC0000861_0"", ""BGC0000861_1"", ""BGC0000861_2"", ""BGC0000861_3""]"	[4051, 4050, 4052, 4053, 4054]	[-1, 0, 1, 2, 3]	5	3.064624547958374	0.73837310075759888
BGC0000862	Other	Other	False	False	"[""BGC0000862_-1"", ""BGC0000862_0"", ""BGC0000862_1"", ""BGC0000862_2"", ""BGC0000862_3""]"	[4056, 4055, 4057, 4058, 4059]	[-1, 0, 1, 2, 3]	5	3.2667922973632812	0.84619385004043579
BGC0000863	Other	Other	False	False	"[""BGC0000863_-1"", ""BGC0000863_0"", ""BGC0000863_1"", ""BGC0000863_2"", ""BGC0000863_3""]"	[4061, 4060, 4062, 4063, 4064]	[-1, 0, 1, 2, 3]	5	3.1607382297515869	0.74366587400436401
BGC0000864	Other	Other	False	False	"[""BGC0000864_-1"", ""BGC0000864_0"", ""BGC0000864_1"", ""BGC0000864_2"", ""BGC0000864_3""]"	[4066, 4065, 4067, 4068, 4069]	[-1, 0, 1, 2, 3]	5	3.2657887935638428	0.8473132848739624
BGC0000865	Other	Other	False	False	"[""BGC0000865_-1"", ""BGC0000865_0"", ""BGC0000865_1"", ""BGC0000865_2"", ""BGC0000865_3""]"	[4071, 4070, 4072, 4073, 4074]	[-1, 0, 1, 2, 3]	5	3.1520256996154785	0.80165714025497437
BGC0000866	Other	Other	False	False	"[""BGC0000866_-1"", ""BGC0000866_0"", ""BGC0000866_1"", ""BGC0000866_2"", ""BGC0000866_3""]"	[4076, 4075, 4077, 4078, 4079]	[-1, 0, 1, 2, 3]	5	3.2146549224853516	1.7443807125091553
BGC0000867	Other	Other	False	False	"[""BGC0000867_-1"", ""BGC0000867_0"", ""BGC0000867_1"", ""BGC0000867_2"", ""BGC0000867_3""]"	[4081, 4080, 4082, 4083, 4084]	[-1, 0, 1, 2, 3]	5	2.2073712348937988	2.024857759475708
BGC0000868	Other	Other	False	False	"[""BGC0000868_-1"", ""BGC0000868_0"", ""BGC0000868_1"", ""BGC0000868_2"", ""BGC0000868_3""]"	[4086, 4085, 4087, 4088, 4089]	[-1, 0, 1, 2, 3]	5	1.785294771194458	1.5753695964813232
BGC0000869	Other	Other	False	False	"[""BGC0000869_-1"", ""BGC0000869_0"", ""BGC0000869_1"", ""BGC0000869_2"", ""BGC0000869_3""]"	[4091, 4090, 4092, 4093, 4094]	[-1, 0, 1, 2, 3]	5	13.827541351318359	11.918076515197754
BGC0000870	Other	Other	False	False	"[""BGC0000870_-1"", ""BGC0000870_0"", ""BGC0000870_1"", ""BGC0000870_2"", ""BGC0000870_3""]"	[4096, 4095, 4097, 4098, 4099]	[-1, 0, 1, 2, 3]	5	2.0296192169189453	2.5172181129455566
BGC0000871	Other	Other	False	False	"[""BGC0000871_-1"", ""BGC0000871_0"", ""BGC0000871_1"", ""BGC0000871_2"", ""BGC0000871_3""]"	[4101, 4100, 4102, 4103, 4104]	[-1, 0, 1, 2, 3]	5	2.5118684768676758	1.6867736577987671
BGC0000872	Other	Other	False	False	"[""BGC0000872_-1"", ""BGC0000872_0"", ""BGC0000872_1"", ""BGC0000872_2"", ""BGC0000872_3""]"	[4106, 4105, 4107, 4108, 4109]	[-1, 0, 1, 2, 3]	5	2.5847454071044922	1.0478111505508423
BGC0000873	Other	Other	False	False	"[""BGC0000873_-1"", ""BGC0000873_0"", ""BGC0000873_1"", ""BGC0000873_2"", ""BGC0000873_3""]"	[4111, 4110, 4112, 4113, 4114]	[-1, 0, 1, 2, 3]	5	2.4852373600006104	0.83056932687759399
BGC0000874	Other	Other	False	False	"[""BGC0000874_-1"", ""BGC0000874_0"", ""BGC0000874_1"", ""BGC0000874_2"", ""BGC0000874_3""]"	[4116, 4115, 4117, 4118, 4119]	[-1, 0, 1, 2, 3]	5	2.0239880084991455	1.4778655767440796
BGC0000875	Other Saccharide	Hybrid	True	False	"[""BGC0000875_-1"", ""BGC0000875_0"", ""BGC0000875_1"", ""BGC0000875_2"", ""BGC0000875_3""]"	[4121, 4120, 4122, 4123, 4124]	[-1, 0, 1, 2, 3]	5	0.85065460205078125	-0.02949252724647522
BGC0000876	Other	Other	False	False	"[""BGC0000876_-1"", ""BGC0000876_0"", ""BGC0000876_1"", ""BGC0000876_2"", ""BGC0000876_3""]"	[4126, 4125, 4127, 4128, 4129]	[-1, 0, 1, 2, 3]	5	10.596585273742676	-0.87807619571685791
BGC0000877	Other	Other	False	False	"[""BGC0000877_-1"", ""BGC0000877_0"", ""BGC0000877_1"", ""BGC0000877_2"", ""BGC0000877_3""]"	[4131, 4130, 4132, 4133, 4134]	[-1, 0, 1, 2, 3]	5	3.1169342994689941	1.9333100318908691
BGC0000878	Other	Other	False	False	"[""BGC0000878_-1"", ""BGC0000878_0"", ""BGC0000878_1"", ""BGC0000878_2"", ""BGC0000878_3""]"	[4136, 4135, 4137, 4138, 4139]	[-1, 0, 1, 2, 3]	5	1.9419381618499756	1.4342154264450073
BGC0000879	Other	Other	False	False	"[""BGC0000879_-1"", ""BGC0000879_0"", ""BGC0000879_1"", ""BGC0000879_2"", ""BGC0000879_3""]"	[4141, 4140, 4142, 4143, 4144]	[-1, 0, 1, 2, 3]	5	3.2647984027862549	2.0182070732116699
BGC0000880	Other	Other	False	False	"[""BGC0000880_-1"", ""BGC0000880_0"", ""BGC0000880_1"", ""BGC0000880_2"", ""BGC0000880_3""]"	[4146, 4145, 4147, 4148, 4149]	[-1, 0, 1, 2, 3]	5	2.115541934967041	0.87619447708129883
BGC0000881	Other	Other	False	False	"[""BGC0000881_-1"", ""BGC0000881_0"", ""BGC0000881_1"", ""BGC0000881_2"", ""BGC0000881_3""]"	[4151, 4150, 4152, 4153, 4154]	[-1, 0, 1, 2, 3]	5	3.5247981548309326	1.5855093002319336
BGC0000882	Other	Other	False	False	"[""BGC0000882_-1"", ""BGC0000882_0"", ""BGC0000882_1"", ""BGC0000882_2"", ""BGC0000882_3""]"	[4156, 4155, 4157, 4158, 4159]	[-1, 0, 1, 2, 3]	5	3.1336884498596191	2.1317501068115234
BGC0000883	Other	Other	False	False	"[""BGC0000883_-1"", ""BGC0000883_0"", ""BGC0000883_1"", ""BGC0000883_2"", ""BGC0000883_3""]"	[4161, 4160, 4162, 4163, 4164]	[-1, 0, 1, 2, 3]	5	3.5772287845611572	1.9010834693908691
BGC0000884	Other	Other	False	False	"[""BGC0000884_-1"", ""BGC0000884_0"", ""BGC0000884_1"", ""BGC0000884_2"", ""BGC0000884_3""]"	[4166, 4165, 4167, 4168, 4169]	[-1, 0, 1, 2, 3]	5	2.8977911472320557	1.9151493310928345
BGC0000885	Other	Other	False	False	"[""BGC0000885_-1"", ""BGC0000885_0"", ""BGC0000885_1"", ""BGC0000885_2"", ""BGC0000885_3""]"	[4171, 4170, 4172, 4173, 4174]	[-1, 0, 1, 2, 3]	5	3.2894103527069092	1.5435577630996704
BGC0000886	Other	Other	False	False	"[""BGC0000886_-1"", ""BGC0000886_0"", ""BGC0000886_1"", ""BGC0000886_2"", ""BGC0000886_3""]"	[4176, 4175, 4177, 4178, 4179]	[-1, 0, 1, 2, 3]	5	13.178220748901367	11.870834350585938
BGC0000887	Alkaloid	Alkaloid	False	False	"[""BGC0000887_-1"", ""BGC0000887_0"", ""BGC0000887_1"", ""BGC0000887_2"", ""BGC0000887_3""]"	[4181, 4180, 4182, 4183, 4184]	[-1, 0, 1, 2, 3]	5	5.0912108421325684	2.7723426818847656
BGC0000888	Other	Other	False	False	"[""BGC0000888_-1"", ""BGC0000888_0"", ""BGC0000888_1"", ""BGC0000888_2"", ""BGC0000888_3""]"	[4186, 4185, 4187, 4188, 4189]	[-1, 0, 1, 2, 3]	5	1.3911975622177124	1.2987773418426514
BGC0000889	Other	Other	False	False	"[""BGC0000889_-1"", ""BGC0000889_0"", ""BGC0000889_1"", ""BGC0000889_2"", ""BGC0000889_3""]"	[4191, 4190, 4192, 4193, 4194]	[-1, 0, 1, 2, 3]	5	2.9789507389068604	1.9609130620956421
BGC0000890	Other	Other	False	False	"[""BGC0000890_-1"", ""BGC0000890_0"", ""BGC0000890_1"", ""BGC0000890_2"", ""BGC0000890_3""]"	[4196, 4195, 4197, 4198, 4199]	[-1, 0, 1, 2, 3]	5	3.1560511589050293	1.6744577884674072
BGC0000891	Other	Other	False	False	"[""BGC0000891_-1"", ""BGC0000891_0"", ""BGC0000891_1"", ""BGC0000891_2"", ""BGC0000891_3""]"	[4201, 4200, 4202, 4203, 4204]	[-1, 0, 1, 2, 3]	5	2.3749930858612061	2.3522462844848633
BGC0000892	Other	Other	False	False	"[""BGC0000892_-1"", ""BGC0000892_0"", ""BGC0000892_1"", ""BGC0000892_2"", ""BGC0000892_3""]"	[4206, 4205, 4207, 4208, 4209]	[-1, 0, 1, 2, 3]	5	2.5141723155975342	2.3994638919830322
BGC0000893	NRP	NRP	False	False	"[""BGC0000893_-1"", ""BGC0000893_0"", ""BGC0000893_1"", ""BGC0000893_2"", ""BGC0000893_3""]"	[4211, 4210, 4212, 4213, 4214]	[-1, 0, 1, 2, 3]	5	12.479388236999512	-1.8161331415176392
BGC0000894	Other	Other	False	False	"[""BGC0000894_-1"", ""BGC0000894_0"", ""BGC0000894_1"", ""BGC0000894_2"", ""BGC0000894_3""]"	[4216, 4215, 4217, 4218, 4219]	[-1, 0, 1, 2, 3]	5	3.5566554069519043	1.3230153322219849
BGC0000895	Other	Other	False	False	"[""BGC0000895_-1"", ""BGC0000895_0"", ""BGC0000895_1"", ""BGC0000895_2"", ""BGC0000895_3""]"	[4221, 4220, 4222, 4223, 4224]	[-1, 0, 1, 2, 3]	5	2.6080567836761475	1.7521950006484985
BGC0000896	Other	Other	False	False	"[""BGC0000896_-1"", ""BGC0000896_0"", ""BGC0000896_1"", ""BGC0000896_2"", ""BGC0000896_3""]"	[4226, 4225, 4227, 4228, 4229]	[-1, 0, 1, 2, 3]	5	3.163546085357666	1.4637800455093384
BGC0000897	Other	Other	False	False	"[""BGC0000897_-1"", ""BGC0000897_0"", ""BGC0000897_1"", ""BGC0000897_2"", ""BGC0000897_3""]"	[4231, 4230, 4232, 4233, 4234]	[-1, 0, 1, 2, 3]	5	3.0960814952850342	1.8004543781280518
BGC0000898	Saccharide	Saccharide	True	True	"[""BGC0000898_-1"", ""BGC0000898_0"", ""BGC0000898_1"", ""BGC0000898_2"", ""BGC0000898_3""]"	[4236, 4235, 4237, 4238, 4239]	[-1, 0, 1, 2, 3]	5	0.37226557731628418	-1.5077848434448242
BGC0000899	Saccharide	Saccharide	True	True	"[""BGC0000899_-1"", ""BGC0000899_0"", ""BGC0000899_1"", ""BGC0000899_2"", ""BGC0000899_3""]"	[4241, 4240, 4242, 4243, 4244]	[-1, 0, 1, 2, 3]	5	0.60098129510879517	-0.40789902210235596
BGC0000900	Other	Other	False	False	"[""BGC0000900_-1"", ""BGC0000900_0"", ""BGC0000900_1"", ""BGC0000900_2"", ""BGC0000900_3""]"	[4246, 4245, 4247, 4248, 4249]	[-1, 0, 1, 2, 3]	5	10.62688159942627	-0.88562309741973877
BGC0000901	Other	Other	False	False	"[""BGC0000901_-1"", ""BGC0000901_0"", ""BGC0000901_1"", ""BGC0000901_2"", ""BGC0000901_3""]"	[4251, 4250, 4252, 4253, 4254]	[-1, 0, 1, 2, 3]	5	11.450248718261719	-0.94586813449859619
BGC0000902	Polyketide	Polyketide	False	False	"[""BGC0000902_-1"", ""BGC0000902_0"", ""BGC0000902_1"", ""BGC0000902_2"", ""BGC0000902_3""]"	[4256, 4255, 4257, 4258, 4259]	[-1, 0, 1, 2, 3]	5	13.605879783630371	14.103072166442871
BGC0000903	Other	Other	False	False	"[""BGC0000903_-1"", ""BGC0000903_0"", ""BGC0000903_1"", ""BGC0000903_2"", ""BGC0000903_3""]"	[4261, 4260, 4262, 4263, 4264]	[-1, 0, 1, 2, 3]	5	2.5634403228759766	2.3418238162994385
BGC0000904	Other	Other	False	False	"[""BGC0000904_-1"", ""BGC0000904_0"", ""BGC0000904_1"", ""BGC0000904_2"", ""BGC0000904_3""]"	[4266, 4265, 4267, 4268, 4269]	[-1, 0, 1, 2, 3]	5	3.6051690578460693	1.5027010440826416
BGC0000905	Other	Other	False	False	"[""BGC0000905_-1"", ""BGC0000905_0"", ""BGC0000905_1"", ""BGC0000905_2"", ""BGC0000905_3""]"	[4271, 4270, 4272, 4273, 4274]	[-1, 0, 1, 2, 3]	5	2.4277801513671875	2.2048642635345459
BGC0000906	Other	Other	False	False	"[""BGC0000906_-1"", ""BGC0000906_0"", ""BGC0000906_1"", ""BGC0000906_2"", ""BGC0000906_3""]"	[4276, 4275, 4277, 4278, 4279]	[-1, 0, 1, 2, 3]	5	2.1945478916168213	2.2871568202972412
BGC0000907	Other	Other	False	False	"[""BGC0000907_-1"", ""BGC0000907_0"", ""BGC0000907_1"", ""BGC0000907_2"", ""BGC0000907_3""]"	[4281, 4280, 4282, 4283, 4284]	[-1, 0, 1, 2, 3]	5	2.7981269359588623	1.7487332820892334
BGC0000908	Other	Other	False	False	"[""BGC0000908_-1"", ""BGC0000908_0"", ""BGC0000908_1"", ""BGC0000908_2"", ""BGC0000908_3""]"	[4286, 4285, 4287, 4288, 4289]	[-1, 0, 1, 2, 3]	5	2.8937485218048096	2.5651710033416748
BGC0000909	Other	Other	False	False	"[""BGC0000909_-1"", ""BGC0000909_0"", ""BGC0000909_1"", ""BGC0000909_2"", ""BGC0000909_3""]"	[4291, 4290, 4292, 4293, 4294]	[-1, 0, 1, 2, 3]	5	2.1827766895294189	1.8123989105224609
BGC0000910	Other	Other	False	False	"[""BGC0000910_-1"", ""BGC0000910_0"", ""BGC0000910_1"", ""BGC0000910_2"", ""BGC0000910_3""]"	[4296, 4295, 4297, 4298, 4299]	[-1, 0, 1, 2, 3]	5	2.0111761093139648	1.6941674947738647
BGC0000911	Other	Other	False	False	"[""BGC0000911_-1"", ""BGC0000911_0"", ""BGC0000911_1"", ""BGC0000911_2"", ""BGC0000911_3""]"	[4301, 4300, 4302, 4303, 4304]	[-1, 0, 1, 2, 3]	5	2.829430103302002	2.2065970897674561
BGC0000912	Other	Other	False	False	"[""BGC0000912_-1"", ""BGC0000912_0"", ""BGC0000912_1"", ""BGC0000912_2"", ""BGC0000912_3""]"	[4306, 4305, 4307, 4308, 4309]	[-1, 0, 1, 2, 3]	5	3.2559001445770264	1.4353055953979492
BGC0000913	Other	Other	False	False	"[""BGC0000913_-1"", ""BGC0000913_0"", ""BGC0000913_1"", ""BGC0000913_2"", ""BGC0000913_3""]"	[4311, 4310, 4312, 4313, 4314]	[-1, 0, 1, 2, 3]	5	2.2183108329772949	2.0883083343505859
BGC0000914	Other	Other	False	False	"[""BGC0000914_-1"", ""BGC0000914_0"", ""BGC0000914_1"", ""BGC0000914_2"", ""BGC0000914_3""]"	[4316, 4315, 4317, 4318, 4319]	[-1, 0, 1, 2, 3]	5	3.3763363361358643	0.99819624423980713
BGC0000915	Other	Other	False	False	"[""BGC0000915_-1"", ""BGC0000915_0"", ""BGC0000915_1"", ""BGC0000915_2"", ""BGC0000915_3""]"	[4321, 4320, 4322, 4323, 4324]	[-1, 0, 1, 2, 3]	5	2.4057073593139648	1.058316707611084
BGC0000916	Other	Other	False	False	"[""BGC0000916_-1"", ""BGC0000916_0"", ""BGC0000916_1"", ""BGC0000916_2"", ""BGC0000916_3""]"	[4326, 4325, 4327, 4328, 4329]	[-1, 0, 1, 2, 3]	5	2.3778455257415771	1.5297181606292725
BGC0000917	Other	Other	False	False	"[""BGC0000917_-1"", ""BGC0000917_0"", ""BGC0000917_1"", ""BGC0000917_2"", ""BGC0000917_3""]"	[4331, 4330, 4332, 4333, 4334]	[-1, 0, 1, 2, 3]	5	2.4097394943237305	2.3519091606140137
BGC0000918	Other	Other	False	False	"[""BGC0000918_-1"", ""BGC0000918_0"", ""BGC0000918_1"", ""BGC0000918_2"", ""BGC0000918_3""]"	[4336, 4335, 4337, 4338, 4339]	[-1, 0, 1, 2, 3]	5	2.3787772655487061	1.7603777647018433
BGC0000919	Other	Other	False	False	"[""BGC0000919_-1"", ""BGC0000919_0"", ""BGC0000919_1"", ""BGC0000919_2"", ""BGC0000919_3""]"	[4341, 4340, 4342, 4343, 4344]	[-1, 0, 1, 2, 3]	5	3.2832169532775879	1.6931226253509521
BGC0000920	Other	Other	False	False	"[""BGC0000920_-1"", ""BGC0000920_0"", ""BGC0000920_1"", ""BGC0000920_2"", ""BGC0000920_3""]"	[4346, 4345, 4347, 4348, 4349]	[-1, 0, 1, 2, 3]	5	2.3822493553161621	2.211306095123291
BGC0000921	Other Polyketide NRP	Hybrid	False	False	"[""BGC0000921_-1"", ""BGC0000921_0"", ""BGC0000921_1"", ""BGC0000921_2"", ""BGC0000921_3""]"	[4351, 4350, 4352, 4353, 4354]	[-1, 0, 1, 2, 3]	5	15.28642749786377	10.542701721191406
BGC0000922	Other	Other	False	False	"[""BGC0000922_-1"", ""BGC0000922_0"", ""BGC0000922_1"", ""BGC0000922_2"", ""BGC0000922_3""]"	[4356, 4355, 4357, 4358, 4359]	[-1, 0, 1, 2, 3]	5	3.1244654655456543	1.1991236209869385
BGC0000923	Other	Other	False	False	"[""BGC0000923_-1"", ""BGC0000923_0"", ""BGC0000923_1"", ""BGC0000923_2"", ""BGC0000923_3""]"	[4361, 4360, 4362, 4363, 4364]	[-1, 0, 1, 2, 3]	5	3.0127098560333252	1.5633528232574463
BGC0000924	Other	Other	False	False	"[""BGC0000924_-1"", ""BGC0000924_0"", ""BGC0000924_1"", ""BGC0000924_2"", ""BGC0000924_3""]"	[4366, 4365, 4367, 4368, 4369]	[-1, 0, 1, 2, 3]	5	3.5327599048614502	2.5171899795532227
BGC0000925	Other	Other	False	False	"[""BGC0000925_-1"", ""BGC0000925_0"", ""BGC0000925_1"", ""BGC0000925_2"", ""BGC0000925_3""]"	[4371, 4370, 4372, 4373, 4374]	[-1, 0, 1, 2, 3]	5	2.4417405128479004	2.3516244888305664
BGC0000926	Other	Other	False	False	"[""BGC0000926_-1"", ""BGC0000926_0"", ""BGC0000926_1"", ""BGC0000926_2"", ""BGC0000926_3""]"	[4376, 4375, 4377, 4378, 4379]	[-1, 0, 1, 2, 3]	5	2.5524148941040039	2.0294523239135742
BGC0000927	Other	Other	False	False	"[""BGC0000927_-1"", ""BGC0000927_0"", ""BGC0000927_1"", ""BGC0000927_2"", ""BGC0000927_3""]"	[4381, 4380, 4382, 4383, 4384]	[-1, 0, 1, 2, 3]	5	2.997628927230835	2.0278875827789307
BGC0000929	Other	Other	False	False	"[""BGC0000929_-1"", ""BGC0000929_0"", ""BGC0000929_1"", ""BGC0000929_2"", ""BGC0000929_3""]"	[4386, 4385, 4387, 4388, 4389]	[-1, 0, 1, 2, 3]	5	2.0892879962921143	1.8427083492279053
BGC0000930	Terpene	Terpene	False	False	"[""BGC0000930_-1"", ""BGC0000930_0"", ""BGC0000930_1"", ""BGC0000930_2"", ""BGC0000930_3""]"	[4391, 4390, 4392, 4393, 4394]	[-1, 0, 1, 2, 3]	5	3.2465448379516602	8.3803844451904297
BGC0000932	Other	Other	False	False	"[""BGC0000932_-1"", ""BGC0000932_0"", ""BGC0000932_1"", ""BGC0000932_2"", ""BGC0000932_3""]"	[4396, 4395, 4397, 4398, 4399]	[-1, 0, 1, 2, 3]	5	1.9637919664382935	2.0724873542785645
BGC0000933	Other	Other	False	False	"[""BGC0000933_-1"", ""BGC0000933_0"", ""BGC0000933_1"", ""BGC0000933_2"", ""BGC0000933_3""]"	[4401, 4400, 4402, 4403, 4404]	[-1, 0, 1, 2, 3]	5	2.2313969135284424	1.8114529848098755
BGC0000934	Other	Other	False	False	"[""BGC0000934_-1"", ""BGC0000934_0"", ""BGC0000934_1"", ""BGC0000934_2"", ""BGC0000934_3""]"	[4406, 4405, 4407, 4408, 4409]	[-1, 0, 1, 2, 3]	5	4.5126004219055176	2.6284670829772949
BGC0000935	Other Polyketide	Hybrid	False	False	"[""BGC0000935_-1"", ""BGC0000935_0"", ""BGC0000935_1"", ""BGC0000935_2"", ""BGC0000935_3""]"	[4411, 4410, 4412, 4413, 4414]	[-1, 0, 1, 2, 3]	5	14.031538963317871	11.379046440124512
BGC0000936	Other	Other	False	False	"[""BGC0000936_-1"", ""BGC0000936_0"", ""BGC0000936_1"", ""BGC0000936_2"", ""BGC0000936_3""]"	[4416, 4415, 4417, 4418, 4419]	[-1, 0, 1, 2, 3]	5	2.1635637283325195	2.3539581298828125
BGC0000937	Other	Other	False	False	"[""BGC0000937_-1"", ""BGC0000937_0"", ""BGC0000937_1"", ""BGC0000937_2"", ""BGC0000937_3""]"	[4421, 4420, 4422, 4423, 4424]	[-1, 0, 1, 2, 3]	5	3.1741847991943359	1.949238657951355
BGC0000938	Other	Other	False	False	"[""BGC0000938_-1"", ""BGC0000938_0"", ""BGC0000938_1"", ""BGC0000938_2"", ""BGC0000938_3""]"	[4426, 4425, 4427, 4428, 4429]	[-1, 0, 1, 2, 3]	5	3.1487386226654053	1.7370657920837402
BGC0000939	Other	Other	False	False	"[""BGC0000939_-1"", ""BGC0000939_0"", ""BGC0000939_1"", ""BGC0000939_2"", ""BGC0000939_3""]"	[4431, 4430, 4432, 4433, 4434]	[-1, 0, 1, 2, 3]	5	2.9291272163391113	1.7326780557632446
BGC0000940	Other	Other	False	False	"[""BGC0000940_-1"", ""BGC0000940_0"", ""BGC0000940_1"", ""BGC0000940_2"", ""BGC0000940_3""]"	[4436, 4435, 4437, 4438, 4439]	[-1, 0, 1, 2, 3]	5	3.412975549697876	1.6024471521377563
BGC0000941	Other	Other	False	False	"[""BGC0000941_-1"", ""BGC0000941_0"", ""BGC0000941_1"", ""BGC0000941_2"", ""BGC0000941_3""]"	[4441, 4440, 4442, 4443, 4444]	[-1, 0, 1, 2, 3]	5	3.517174243927002	1.6503498554229736
BGC0000942	Other	Other	False	False	"[""BGC0000942_-1"", ""BGC0000942_0"", ""BGC0000942_1"", ""BGC0000942_2"", ""BGC0000942_3""]"	[4446, 4445, 4447, 4448, 4449]	[-1, 0, 1, 2, 3]	5	2.1019771099090576	2.4257717132568359
BGC0000943	Other	Other	False	False	"[""BGC0000943_-1"", ""BGC0000943_0"", ""BGC0000943_1"", ""BGC0000943_2"", ""BGC0000943_3""]"	[4451, 4450, 4452, 4453, 4454]	[-1, 0, 1, 2, 3]	5	2.2306606769561768	1.4154157638549805
BGC0000944	Other	Other	False	False	"[""BGC0000944_-1"", ""BGC0000944_0"", ""BGC0000944_1"", ""BGC0000944_2"", ""BGC0000944_3""]"	[4456, 4455, 4457, 4458, 4459]	[-1, 0, 1, 2, 3]	5	2.5428564548492432	1.8666958808898926
BGC0000945	Other	Other	False	False	"[""BGC0000945_-1"", ""BGC0000945_0"", ""BGC0000945_1"", ""BGC0000945_2"", ""BGC0000945_3""]"	[4461, 4460, 4462, 4463, 4464]	[-1, 0, 1, 2, 3]	5	2.5526306629180908	1.5976866483688354
BGC0000946	Other	Other	False	False	"[""BGC0000946_-1"", ""BGC0000946_0"", ""BGC0000946_1"", ""BGC0000946_2"", ""BGC0000946_3""]"	[4466, 4465, 4467, 4468, 4469]	[-1, 0, 1, 2, 3]	5	2.2376313209533691	2.51466965675354
BGC0000947	Other	Other	False	False	"[""BGC0000947_-1"", ""BGC0000947_0"", ""BGC0000947_1"", ""BGC0000947_2"", ""BGC0000947_3""]"	[4471, 4470, 4472, 4473, 4474]	[-1, 0, 1, 2, 3]	5	1.7883665561676025	1.5693100690841675
BGC0000948	Other	Other	False	False	"[""BGC0000948_-1"", ""BGC0000948_0"", ""BGC0000948_1"", ""BGC0000948_2"", ""BGC0000948_3""]"	[4476, 4475, 4477, 4478, 4479]	[-1, 0, 1, 2, 3]	5	2.2103993892669678	2.2922301292419434
BGC0000949	NRP	NRP	False	False	"[""BGC0000949_-1"", ""BGC0000949_0"", ""BGC0000949_1"", ""BGC0000949_2"", ""BGC0000949_3""]"	[4481, 4480, 4482, 4483, 4484]	[-1, 0, 1, 2, 3]	5	12.608551025390625	-2.1185972690582275
BGC0000950	NRP Other	Hybrid	False	False	"[""BGC0000950_-1"", ""BGC0000950_0"", ""BGC0000950_1"", ""BGC0000950_2"", ""BGC0000950_3""]"	[4486, 4485, 4487, 4488, 4489]	[-1, 0, 1, 2, 3]	5	10.686715126037598	-0.83022451400756836
BGC0000951	NRP	NRP	False	False	"[""BGC0000951_-1"", ""BGC0000951_0"", ""BGC0000951_1"", ""BGC0000951_2"", ""BGC0000951_3""]"	[4491, 4490, 4492, 4493, 4494]	[-1, 0, 1, 2, 3]	5	12.677762031555176	-1.1093453168869019
BGC0000953	Saccharide	Saccharide	True	True	"[""BGC0000953_-1"", ""BGC0000953_0"", ""BGC0000953_1"", ""BGC0000953_2"", ""BGC0000953_3""]"	[4496, 4495, 4497, 4498, 4499]	[-1, 0, 1, 2, 3]	5	0.42193686962127686	-0.92381864786148071
BGC0000954	NRP Polyketide	Hybrid	False	False	"[""BGC0000954_-1"", ""BGC0000954_0"", ""BGC0000954_1"", ""BGC0000954_2"", ""BGC0000954_3""]"	[4501, 4500, 4502, 4503, 4504]	[-1, 0, 1, 2, 3]	5	17.245393753051758	8.2649679183959961
BGC0000955	NRP Polyketide	Hybrid	False	False	"[""BGC0000955_-1"", ""BGC0000955_0"", ""BGC0000955_1"", ""BGC0000955_2"", ""BGC0000955_3""]"	[4506, 4505, 4507, 4508, 4509]	[-1, 0, 1, 2, 3]	5	14.031896591186523	-0.27648058533668518
BGC0000956	NRP Polyketide	Hybrid	False	False	"[""BGC0000956_-1"", ""BGC0000956_0"", ""BGC0000956_1"", ""BGC0000956_2"", ""BGC0000956_3""]"	[4511, 4510, 4512, 4513, 4514]	[-1, 0, 1, 2, 3]	5	16.409755706787109	8.4528560638427734
BGC0000957	NRP Polyketide	Hybrid	False	False	"[""BGC0000957_-1"", ""BGC0000957_0"", ""BGC0000957_1"", ""BGC0000957_2"", ""BGC0000957_3""]"	[4516, 4515, 4517, 4518, 4519]	[-1, 0, 1, 2, 3]	5	16.563520431518555	6.5167346000671387
BGC0000958	NRP Polyketide	Hybrid	False	False	"[""BGC0000958_-1"", ""BGC0000958_0"", ""BGC0000958_1"", ""BGC0000958_2"", ""BGC0000958_3""]"	[4521, 4520, 4522, 4523, 4524]	[-1, 0, 1, 2, 3]	5	17.907749176025391	8.1074676513671875
BGC0000959	NRP Polyketide	Hybrid	False	False	"[""BGC0000959_-1"", ""BGC0000959_0"", ""BGC0000959_1"", ""BGC0000959_2"", ""BGC0000959_3""]"	[4526, 4525, 4527, 4528, 4529]	[-1, 0, 1, 2, 3]	5	16.117263793945312	9.5571985244750977
BGC0000960	NRP Polyketide	Hybrid	False	False	"[""BGC0000960_-1"", ""BGC0000960_0"", ""BGC0000960_1"", ""BGC0000960_2"", ""BGC0000960_3""]"	[4531, 4530, 4532, 4533, 4534]	[-1, 0, 1, 2, 3]	5	17.678594589233398	7.2749276161193848
BGC0000961	NRP Polyketide	Hybrid	False	False	"[""BGC0000961_-1"", ""BGC0000961_0"", ""BGC0000961_1"", ""BGC0000961_2"", ""BGC0000961_3""]"	[4536, 4535, 4537, 4538, 4539]	[-1, 0, 1, 2, 3]	5	17.87169075012207	8.1979055404663086
BGC0000962	NRP Polyketide	Hybrid	False	False	"[""BGC0000962_-1"", ""BGC0000962_0"", ""BGC0000962_1"", ""BGC0000962_2"", ""BGC0000962_3""]"	[4541, 4540, 4542, 4543, 4544]	[-1, 0, 1, 2, 3]	5	17.030868530273438	6.4181032180786133
BGC0000963	NRP Polyketide Saccharide	Hybrid	True	False	"[""BGC0000963_-1"", ""BGC0000963_0"", ""BGC0000963_1"", ""BGC0000963_2"", ""BGC0000963_3""]"	[4546, 4545, 4547, 4548, 4549]	[-1, 0, 1, 2, 3]	5	17.860343933105469	8.7581853866577148
BGC0000964	NRP Polyketide	Hybrid	False	False	"[""BGC0000964_-1"", ""BGC0000964_0"", ""BGC0000964_1"", ""BGC0000964_2"", ""BGC0000964_3""]"	[4551, 4550, 4552, 4553, 4554]	[-1, 0, 1, 2, 3]	5	17.650369644165039	8.4997348785400391
BGC0000965	Polyketide	Polyketide	False	False	"[""BGC0000965_-1"", ""BGC0000965_0"", ""BGC0000965_1"", ""BGC0000965_2"", ""BGC0000965_3""]"	[4556, 4555, 4557, 4558, 4559]	[-1, 0, 1, 2, 3]	5	17.760805130004883	8.8713474273681641
BGC0000966	NRP Polyketide	Hybrid	False	False	"[""BGC0000966_-1"", ""BGC0000966_0"", ""BGC0000966_1"", ""BGC0000966_2"", ""BGC0000966_3""]"	[4561, 4560, 4562, 4563, 4564]	[-1, 0, 1, 2, 3]	5	17.77043342590332	8.1525859832763672
BGC0000967	NRP Polyketide	Hybrid	False	False	"[""BGC0000967_-1"", ""BGC0000967_0"", ""BGC0000967_1"", ""BGC0000967_2"", ""BGC0000967_3""]"	[4566, 4565, 4567, 4568, 4569]	[-1, 0, 1, 2, 3]	5	16.558670043945312	8.1902341842651367
BGC0000968	NRP Polyketide	Hybrid	False	False	"[""BGC0000968_-1"", ""BGC0000968_0"", ""BGC0000968_1"", ""BGC0000968_2"", ""BGC0000968_3""]"	[4571, 4570, 4572, 4573, 4574]	[-1, 0, 1, 2, 3]	5	15.946088790893555	9.6903867721557617
BGC0000969	NRP Polyketide	Hybrid	False	False	"[""BGC0000969_-1"", ""BGC0000969_0"", ""BGC0000969_1"", ""BGC0000969_2"", ""BGC0000969_3""]"	[4576, 4575, 4577, 4578, 4579]	[-1, 0, 1, 2, 3]	5	17.500699996948242	7.1058511734008789
BGC0000970	NRP Polyketide	Hybrid	False	False	"[""BGC0000970_-1"", ""BGC0000970_0"", ""BGC0000970_1"", ""BGC0000970_2"", ""BGC0000970_3""]"	[4581, 4580, 4582, 4583, 4584]	[-1, 0, 1, 2, 3]	5	17.21489143371582	8.156036376953125
BGC0000971	NRP Polyketide	Hybrid	False	False	"[""BGC0000971_-1"", ""BGC0000971_0"", ""BGC0000971_1"", ""BGC0000971_2"", ""BGC0000971_3""]"	[4586, 4585, 4587, 4588, 4589]	[-1, 0, 1, 2, 3]	5	14.782345771789551	10.542862892150879
BGC0000972	NRP Polyketide	Hybrid	False	False	"[""BGC0000972_-1"", ""BGC0000972_0"", ""BGC0000972_1"", ""BGC0000972_2"", ""BGC0000972_3""]"	[4591, 4590, 4592, 4593, 4594]	[-1, 0, 1, 2, 3]	5	17.543998718261719	8.2599630355834961
BGC0000973	NRP Polyketide	Hybrid	False	False	"[""BGC0000973_-1"", ""BGC0000973_0"", ""BGC0000973_1"", ""BGC0000973_2"", ""BGC0000973_3""]"	[4596, 4595, 4597, 4598, 4599]	[-1, 0, 1, 2, 3]	5	17.786642074584961	7.55194091796875
BGC0000974	NRP Polyketide	Hybrid	False	False	"[""BGC0000974_-1"", ""BGC0000974_0"", ""BGC0000974_1"", ""BGC0000974_2"", ""BGC0000974_3""]"	[4601, 4600, 4602, 4603, 4604]	[-1, 0, 1, 2, 3]	5	17.511430740356445	7.2067389488220215
BGC0000975	NRP Polyketide	Hybrid	False	False	"[""BGC0000975_-1"", ""BGC0000975_0"", ""BGC0000975_1"", ""BGC0000975_2"", ""BGC0000975_3""]"	[4606, 4605, 4607, 4608, 4609]	[-1, 0, 1, 2, 3]	5	17.334493637084961	7.2620453834533691
BGC0000976	NRP Polyketide	Hybrid	False	False	"[""BGC0000976_-1"", ""BGC0000976_0"", ""BGC0000976_1"", ""BGC0000976_2"", ""BGC0000976_3""]"	[4611, 4610, 4612, 4613, 4614]	[-1, 0, 1, 2, 3]	5	15.480810165405273	10.455502510070801
BGC0000977	NRP Polyketide	Hybrid	False	False	"[""BGC0000977_-1"", ""BGC0000977_0"", ""BGC0000977_1"", ""BGC0000977_2"", ""BGC0000977_3""]"	[4616, 4615, 4617, 4618, 4619]	[-1, 0, 1, 2, 3]	5	15.913973808288574	10.15364933013916
BGC0000978	NRP Polyketide Alkaloid	Hybrid	False	False	"[""BGC0000978_-1"", ""BGC0000978_0"", ""BGC0000978_1"", ""BGC0000978_2"", ""BGC0000978_3""]"	[4621, 4620, 4622, 4623, 4624]	[-1, 0, 1, 2, 3]	5	16.143636703491211	9.1910972595214844
BGC0000979	NRP Polyketide	Hybrid	False	False	"[""BGC0000979_-1"", ""BGC0000979_0"", ""BGC0000979_1"", ""BGC0000979_2"", ""BGC0000979_3""]"	[4626, 4625, 4627, 4628, 4629]	[-1, 0, 1, 2, 3]	5	16.76385498046875	8.6596832275390625
BGC0000980	NRP Polyketide	Hybrid	False	False	"[""BGC0000980_-1"", ""BGC0000980_0"", ""BGC0000980_1"", ""BGC0000980_2"", ""BGC0000980_3""]"	[4631, 4630, 4632, 4633, 4634]	[-1, 0, 1, 2, 3]	5	16.64947509765625	8.6903095245361328
BGC0000981	NRP Polyketide	Hybrid	False	False	"[""BGC0000981_-1"", ""BGC0000981_0"", ""BGC0000981_1"", ""BGC0000981_2"", ""BGC0000981_3""]"	[4636, 4635, 4637, 4638, 4639]	[-1, 0, 1, 2, 3]	5	16.030244827270508	9.414271354675293
BGC0000982	NRP Polyketide	Hybrid	False	False	"[""BGC0000982_-1"", ""BGC0000982_0"", ""BGC0000982_1"", ""BGC0000982_2"", ""BGC0000982_3""]"	[4641, 4640, 4642, 4643, 4644]	[-1, 0, 1, 2, 3]	5	17.740024566650391	7.0762157440185547
BGC0000983	NRP Polyketide	Hybrid	False	False	"[""BGC0000983_-1"", ""BGC0000983_0"", ""BGC0000983_1"", ""BGC0000983_2"", ""BGC0000983_3""]"	[4646, 4645, 4647, 4648, 4649]	[-1, 0, 1, 2, 3]	5	15.969945907592773	11.223990440368652
BGC0000984	NRP Polyketide	Hybrid	False	False	"[""BGC0000984_-1"", ""BGC0000984_0"", ""BGC0000984_1"", ""BGC0000984_2"", ""BGC0000984_3""]"	[4651, 4650, 4652, 4653, 4654]	[-1, 0, 1, 2, 3]	5	17.74406623840332	6.9266462326049805
BGC0000985	NRP Polyketide	Hybrid	False	False	"[""BGC0000985_-1"", ""BGC0000985_0"", ""BGC0000985_1"", ""BGC0000985_2"", ""BGC0000985_3""]"	[4656, 4655, 4657, 4658, 4659]	[-1, 0, 1, 2, 3]	5	17.915573120117188	7.8063616752624512
BGC0000986	NRP Polyketide	Hybrid	False	False	"[""BGC0000986_-1"", ""BGC0000986_0"", ""BGC0000986_1"", ""BGC0000986_2"", ""BGC0000986_3""]"	[4661, 4660, 4662, 4663, 4664]	[-1, 0, 1, 2, 3]	5	17.434680938720703	6.4975132942199707
BGC0000988	NRP Polyketide	Hybrid	False	False	"[""BGC0000988_-1"", ""BGC0000988_0"", ""BGC0000988_1"", ""BGC0000988_2"", ""BGC0000988_3""]"	[4666, 4665, 4667, 4668, 4669]	[-1, 0, 1, 2, 3]	5	17.671157836914062	7.3705625534057617
BGC0000989	NRP Polyketide	Hybrid	False	False	"[""BGC0000989_-1"", ""BGC0000989_0"", ""BGC0000989_1"", ""BGC0000989_2"", ""BGC0000989_3""]"	[4671, 4670, 4672, 4673, 4674]	[-1, 0, 1, 2, 3]	5	17.574254989624023	7.381716251373291
BGC0000990	NRP Polyketide	Hybrid	False	False	"[""BGC0000990_-1"", ""BGC0000990_0"", ""BGC0000990_1"", ""BGC0000990_2"", ""BGC0000990_3""]"	[4676, 4675, 4677, 4678, 4679]	[-1, 0, 1, 2, 3]	5	17.677490234375	7.4608588218688965
BGC0000991	NRP Polyketide	Hybrid	False	False	"[""BGC0000991_-1"", ""BGC0000991_0"", ""BGC0000991_1"", ""BGC0000991_2"", ""BGC0000991_3""]"	[4681, 4680, 4682, 4683, 4684]	[-1, 0, 1, 2, 3]	5	17.53190803527832	7.2425174713134766
BGC0000992	NRP Polyketide	Hybrid	False	False	"[""BGC0000992_-1"", ""BGC0000992_0"", ""BGC0000992_1"", ""BGC0000992_2"", ""BGC0000992_3""]"	[4686, 4685, 4687, 4688, 4689]	[-1, 0, 1, 2, 3]	5	15.181357383728027	11.451312065124512
BGC0000993	NRP Polyketide	Hybrid	False	False	"[""BGC0000993_-1"", ""BGC0000993_0"", ""BGC0000993_1"", ""BGC0000993_2"", ""BGC0000993_3""]"	[4691, 4690, 4692, 4693, 4694]	[-1, 0, 1, 2, 3]	5	17.708034515380859	7.2323226928710938
BGC0000994	NRP Polyketide	Hybrid	False	False	"[""BGC0000994_-1"", ""BGC0000994_0"", ""BGC0000994_1"", ""BGC0000994_2"", ""BGC0000994_3""]"	[4696, 4695, 4697, 4698, 4699]	[-1, 0, 1, 2, 3]	5	17.946796417236328	8.0242443084716797
BGC0000995	NRP Polyketide	Hybrid	False	False	"[""BGC0000995_-1"", ""BGC0000995_0"", ""BGC0000995_1"", ""BGC0000995_2"", ""BGC0000995_3""]"	[4701, 4700, 4702, 4703, 4704]	[-1, 0, 1, 2, 3]	5	17.354642868041992	8.1455507278442383
BGC0000996	NRP Polyketide	Hybrid	False	False	"[""BGC0000996_-1"", ""BGC0000996_0"", ""BGC0000996_1"", ""BGC0000996_2"", ""BGC0000996_3""]"	[4706, 4705, 4707, 4708, 4709]	[-1, 0, 1, 2, 3]	5	15.866962432861328	9.6157007217407227
BGC0000997	NRP Polyketide	Hybrid	False	False	"[""BGC0000997_-1"", ""BGC0000997_0"", ""BGC0000997_1"", ""BGC0000997_2"", ""BGC0000997_3""]"	[4711, 4710, 4712, 4713, 4714]	[-1, 0, 1, 2, 3]	5	14.29112720489502	-0.27578666806221008
BGC0000998	NRP Polyketide	Hybrid	False	False	"[""BGC0000998_-1"", ""BGC0000998_0"", ""BGC0000998_1"", ""BGC0000998_2"", ""BGC0000998_3""]"	[4716, 4715, 4717, 4718, 4719]	[-1, 0, 1, 2, 3]	5	15.634424209594727	9.7710952758789062
BGC0000999	NRP Polyketide	Hybrid	False	False	"[""BGC0000999_-1"", ""BGC0000999_0"", ""BGC0000999_1"", ""BGC0000999_2"", ""BGC0000999_3""]"	[4721, 4720, 4722, 4723, 4724]	[-1, 0, 1, 2, 3]	5	15.624044418334961	9.7639865875244141
BGC0001000	NRP Polyketide	Hybrid	False	False	"[""BGC0001000_-1"", ""BGC0001000_0"", ""BGC0001000_1"", ""BGC0001000_2"", ""BGC0001000_3""]"	[4726, 4725, 4727, 4728, 4729]	[-1, 0, 1, 2, 3]	5	16.489719390869141	8.7896080017089844
BGC0001001	NRP Polyketide	Hybrid	False	False	"[""BGC0001001_-1"", ""BGC0001001_0"", ""BGC0001001_1"", ""BGC0001001_2"", ""BGC0001001_3""]"	[4731, 4730, 4732, 4733, 4734]	[-1, 0, 1, 2, 3]	5	17.330848693847656	7.2431201934814453
BGC0001002	NRP Polyketide	Hybrid	False	False	"[""BGC0001002_-1"", ""BGC0001002_0"", ""BGC0001002_1"", ""BGC0001002_2"", ""BGC0001002_3""]"	[4736, 4735, 4737, 4738, 4739]	[-1, 0, 1, 2, 3]	5	15.72923755645752	9.6992197036743164
BGC0001003	NRP Polyketide Saccharide	Hybrid	True	False	"[""BGC0001003_-1"", ""BGC0001003_0"", ""BGC0001003_1"", ""BGC0001003_2"", ""BGC0001003_3""]"	[4741, 4740, 4742, 4743, 4744]	[-1, 0, 1, 2, 3]	5	17.895315170288086	8.7801313400268555
BGC0001004	Polyketide	Polyketide	False	False	"[""BGC0001004_-1"", ""BGC0001004_0"", ""BGC0001004_1"", ""BGC0001004_2"", ""BGC0001004_3""]"	[4746, 4745, 4747, 4748, 4749]	[-1, 0, 1, 2, 3]	5	12.810886383056641	13.29067325592041
BGC0001005	NRP Polyketide	Hybrid	False	False	"[""BGC0001005_-1"", ""BGC0001005_0"", ""BGC0001005_1"", ""BGC0001005_2"", ""BGC0001005_3""]"	[4751, 4750, 4752, 4753, 4754]	[-1, 0, 1, 2, 3]	5	17.64948844909668	6.6924471855163574
BGC0001006	NRP Polyketide	Hybrid	False	False	"[""BGC0001006_-1"", ""BGC0001006_0"", ""BGC0001006_1"", ""BGC0001006_2"", ""BGC0001006_3""]"	[4756, 4755, 4757, 4758, 4759]	[-1, 0, 1, 2, 3]	5	17.598031997680664	8.2173490524291992
BGC0001007	Polyketide NRP	Hybrid	False	False	"[""BGC0001007_-1"", ""BGC0001007_0"", ""BGC0001007_1"", ""BGC0001007_2"", ""BGC0001007_3""]"	[4761, 4760, 4762, 4763, 4764]	[-1, 0, 1, 2, 3]	5	17.663211822509766	8.1472415924072266
BGC0001008	Polyketide	Polyketide	False	False	"[""BGC0001008_-1"", ""BGC0001008_0"", ""BGC0001008_1"", ""BGC0001008_2"", ""BGC0001008_3""]"	[4766, 4765, 4767, 4768, 4769]	[-1, 0, 1, 2, 3]	5	17.791908264160156	8.867405891418457
BGC0001010	NRP Polyketide	Hybrid	False	False	"[""BGC0001010_-1"", ""BGC0001010_0"", ""BGC0001010_1"", ""BGC0001010_2"", ""BGC0001010_3""]"	[4771, 4770, 4772, 4773, 4774]	[-1, 0, 1, 2, 3]	5	17.802740097045898	6.9253954887390137
BGC0001011	NRP Polyketide	Hybrid	False	False	"[""BGC0001011_-1"", ""BGC0001011_0"", ""BGC0001011_1"", ""BGC0001011_2"", ""BGC0001011_3""]"	[4776, 4775, 4777, 4778, 4779]	[-1, 0, 1, 2, 3]	5	17.947088241577148	8.1081047058105469
BGC0001012	NRP Polyketide	Hybrid	False	False	"[""BGC0001012_-1"", ""BGC0001012_0"", ""BGC0001012_1"", ""BGC0001012_2"", ""BGC0001012_3""]"	[4781, 4780, 4782, 4783, 4784]	[-1, 0, 1, 2, 3]	5	17.98991584777832	8.2490940093994141
BGC0001013	NRP Polyketide	Hybrid	False	False	"[""BGC0001013_-1"", ""BGC0001013_0"", ""BGC0001013_1"", ""BGC0001013_2"", ""BGC0001013_3""]"	[4786, 4785, 4787, 4788, 4789]	[-1, 0, 1, 2, 3]	5	17.530834197998047	7.6236734390258789
BGC0001014	NRP Polyketide	Hybrid	False	False	"[""BGC0001014_-1"", ""BGC0001014_0"", ""BGC0001014_1"", ""BGC0001014_2"", ""BGC0001014_3""]"	[4791, 4790, 4792, 4793, 4794]	[-1, 0, 1, 2, 3]	5	17.501001358032227	7.7605142593383789
BGC0001015	NRP Polyketide	Hybrid	False	False	"[""BGC0001015_-1"", ""BGC0001015_0"", ""BGC0001015_1"", ""BGC0001015_2"", ""BGC0001015_3""]"	[4796, 4795, 4797, 4798, 4799]	[-1, 0, 1, 2, 3]	5	16.631170272827148	6.5677871704101562
BGC0001016	NRP Polyketide	Hybrid	False	False	"[""BGC0001016_-1"", ""BGC0001016_0"", ""BGC0001016_1"", ""BGC0001016_2"", ""BGC0001016_3""]"	[4801, 4800, 4802, 4803, 4804]	[-1, 0, 1, 2, 3]	5	16.708038330078125	6.3717646598815918
BGC0001017	NRP Polyketide	Hybrid	False	False	"[""BGC0001017_-1"", ""BGC0001017_0"", ""BGC0001017_1"", ""BGC0001017_2"", ""BGC0001017_3""]"	[4806, 4805, 4807, 4808, 4809]	[-1, 0, 1, 2, 3]	5	16.602418899536133	6.6781935691833496
BGC0001018	NRP	NRP	False	False	"[""BGC0001018_-1"", ""BGC0001018_0"", ""BGC0001018_1"", ""BGC0001018_2"", ""BGC0001018_3""]"	[4811, 4810, 4812, 4813, 4814]	[-1, 0, 1, 2, 3]	5	13.65306568145752	-0.35540035367012024
BGC0001019	NRP Polyketide	Hybrid	False	False	"[""BGC0001019_-1"", ""BGC0001019_0"", ""BGC0001019_1"", ""BGC0001019_2"", ""BGC0001019_3""]"	[4816, 4815, 4817, 4818, 4819]	[-1, 0, 1, 2, 3]	5	17.889902114868164	7.1709861755371094
BGC0001020	NRP Polyketide	Hybrid	False	False	"[""BGC0001020_-1"", ""BGC0001020_0"", ""BGC0001020_1"", ""BGC0001020_2"", ""BGC0001020_3""]"	[4821, 4820, 4822, 4823, 4824]	[-1, 0, 1, 2, 3]	5	11.634665489196777	-1.150426983833313
BGC0001021	NRP Polyketide	Hybrid	False	False	"[""BGC0001021_-1"", ""BGC0001021_0"", ""BGC0001021_1"", ""BGC0001021_2"", ""BGC0001021_3""]"	[4826, 4825, 4827, 4828, 4829]	[-1, 0, 1, 2, 3]	5	16.602838516235352	6.5745100975036621
BGC0001022	NRP Polyketide	Hybrid	False	False	"[""BGC0001022_-1"", ""BGC0001022_0"", ""BGC0001022_1"", ""BGC0001022_2"", ""BGC0001022_3""]"	[4831, 4830, 4832, 4833, 4834]	[-1, 0, 1, 2, 3]	5	17.466108322143555	8.1916971206665039
BGC0001023	NRP Polyketide	Hybrid	False	False	"[""BGC0001023_-1"", ""BGC0001023_0"", ""BGC0001023_1"", ""BGC0001023_2"", ""BGC0001023_3""]"	[4836, 4835, 4837, 4838, 4839]	[-1, 0, 1, 2, 3]	5	17.47296142578125	7.0889525413513184
BGC0001024	NRP Polyketide	Hybrid	False	False	"[""BGC0001024_-1"", ""BGC0001024_0"", ""BGC0001024_1"", ""BGC0001024_2"", ""BGC0001024_3""]"	[4841, 4840, 4842, 4843, 4844]	[-1, 0, 1, 2, 3]	5	17.649772644042969	7.0565776824951172
BGC0001025	NRP Polyketide	Hybrid	False	False	"[""BGC0001025_-1"", ""BGC0001025_0"", ""BGC0001025_1"", ""BGC0001025_2"", ""BGC0001025_3""]"	[4846, 4845, 4847, 4848, 4849]	[-1, 0, 1, 2, 3]	5	17.852439880371094	6.9738097190856934
BGC0001026	NRP Polyketide	Hybrid	False	False	"[""BGC0001026_-1"", ""BGC0001026_0"", ""BGC0001026_1"", ""BGC0001026_2"", ""BGC0001026_3""]"	[4851, 4850, 4852, 4853, 4854]	[-1, 0, 1, 2, 3]	5	15.987713813781738	11.042181015014648
BGC0001027	NRP Polyketide	Hybrid	False	False	"[""BGC0001027_-1"", ""BGC0001027_0"", ""BGC0001027_1"", ""BGC0001027_2"", ""BGC0001027_3""]"	[4856, 4855, 4857, 4858, 4859]	[-1, 0, 1, 2, 3]	5	14.489635467529297	-0.51755058765411377
BGC0001028	NRP Polyketide	Hybrid	False	False	"[""BGC0001028_-1"", ""BGC0001028_0"", ""BGC0001028_1"", ""BGC0001028_2"", ""BGC0001028_3""]"	[4861, 4860, 4862, 4863, 4864]	[-1, 0, 1, 2, 3]	5	16.599786758422852	6.7054800987243652
BGC0001029	NRP Polyketide	Hybrid	False	False	"[""BGC0001029_-1"", ""BGC0001029_0"", ""BGC0001029_1"", ""BGC0001029_2"", ""BGC0001029_3""]"	[4866, 4865, 4867, 4868, 4869]	[-1, 0, 1, 2, 3]	5	16.656255722045898	6.5681114196777344
BGC0001030	NRP Polyketide	Hybrid	False	False	"[""BGC0001030_-1"", ""BGC0001030_0"", ""BGC0001030_1"", ""BGC0001030_2"", ""BGC0001030_3""]"	[4871, 4870, 4872, 4873, 4874]	[-1, 0, 1, 2, 3]	5	16.344318389892578	8.8891468048095703
BGC0001031	NRP Polyketide	Hybrid	False	False	"[""BGC0001031_-1"", ""BGC0001031_0"", ""BGC0001031_1"", ""BGC0001031_2"", ""BGC0001031_3""]"	[4876, 4875, 4877, 4878, 4879]	[-1, 0, 1, 2, 3]	5	16.096405029296875	9.446101188659668
BGC0001032	NRP Polyketide	Hybrid	False	False	"[""BGC0001032_-1"", ""BGC0001032_0"", ""BGC0001032_1"", ""BGC0001032_2"", ""BGC0001032_3""]"	[4881, 4880, 4882, 4883, 4884]	[-1, 0, 1, 2, 3]	5	15.583108901977539	9.7379951477050781
BGC0001033	NRP Polyketide	Hybrid	False	False	"[""BGC0001033_-1"", ""BGC0001033_0"", ""BGC0001033_1"", ""BGC0001033_2"", ""BGC0001033_3""]"	[4886, 4885, 4887, 4888, 4889]	[-1, 0, 1, 2, 3]	5	16.916309356689453	6.4244842529296875
BGC0001034	NRP Polyketide	Hybrid	False	False	"[""BGC0001034_-1"", ""BGC0001034_0"", ""BGC0001034_1"", ""BGC0001034_2"", ""BGC0001034_3""]"	[4891, 4890, 4892, 4893, 4894]	[-1, 0, 1, 2, 3]	5	15.335287094116211	10.573771476745605
BGC0001035	Polyketide NRP	Hybrid	False	False	"[""BGC0001035_-1"", ""BGC0001035_0"", ""BGC0001035_1"", ""BGC0001035_2"", ""BGC0001035_3""]"	[4896, 4895, 4897, 4898, 4899]	[-1, 0, 1, 2, 3]	5	16.45338249206543	8.8340253829956055
BGC0001036	NRP Polyketide	Hybrid	False	False	"[""BGC0001036_-1"", ""BGC0001036_0"", ""BGC0001036_1"", ""BGC0001036_2"", ""BGC0001036_3""]"	[4901, 4900, 4902, 4903, 4904]	[-1, 0, 1, 2, 3]	5	17.092691421508789	6.902285099029541
BGC0001037	NRP Polyketide	Hybrid	False	False	"[""BGC0001037_-1"", ""BGC0001037_0"", ""BGC0001037_1"", ""BGC0001037_2"", ""BGC0001037_3""]"	[4906, 4905, 4907, 4908, 4909]	[-1, 0, 1, 2, 3]	5	16.125577926635742	10.873242378234863
BGC0001038	NRP Polyketide	Hybrid	False	False	"[""BGC0001038_-1"", ""BGC0001038_0"", ""BGC0001038_1"", ""BGC0001038_2"", ""BGC0001038_3""]"	[4911, 4910, 4912, 4913, 4914]	[-1, 0, 1, 2, 3]	5	15.521875381469727	9.7548160552978516
BGC0001039	NRP Polyketide	Hybrid	False	False	"[""BGC0001039_-1"", ""BGC0001039_0"", ""BGC0001039_1"", ""BGC0001039_2"", ""BGC0001039_3""]"	[4916, 4915, 4917, 4918, 4919]	[-1, 0, 1, 2, 3]	5	17.631675720214844	7.375032901763916
BGC0001040	NRP Polyketide	Hybrid	False	False	"[""BGC0001040_-1"", ""BGC0001040_0"", ""BGC0001040_1"", ""BGC0001040_2"", ""BGC0001040_3""]"	[4921, 4920, 4922, 4923, 4924]	[-1, 0, 1, 2, 3]	5	17.951784133911133	8.1580877304077148
BGC0001041	NRP Polyketide	Hybrid	False	False	"[""BGC0001041_-1"", ""BGC0001041_0"", ""BGC0001041_1"", ""BGC0001041_2"", ""BGC0001041_3""]"	[4926, 4925, 4927, 4928, 4929]	[-1, 0, 1, 2, 3]	5	15.659920692443848	9.6822948455810547
BGC0001042	NRP Polyketide	Hybrid	False	False	"[""BGC0001042_-1"", ""BGC0001042_0"", ""BGC0001042_1"", ""BGC0001042_2"", ""BGC0001042_3""]"	[4931, 4930, 4932, 4933, 4934]	[-1, 0, 1, 2, 3]	5	17.940288543701172	8.5326328277587891
BGC0001043	NRP Polyketide	Hybrid	False	False	"[""BGC0001043_-1"", ""BGC0001043_0"", ""BGC0001043_1"", ""BGC0001043_2"", ""BGC0001043_3""]"	[4936, 4935, 4937, 4938, 4939]	[-1, 0, 1, 2, 3]	5	15.666778564453125	9.9315729141235352
BGC0001044	NRP	NRP	False	False	"[""BGC0001044_-1"", ""BGC0001044_0"", ""BGC0001044_1"", ""BGC0001044_2"", ""BGC0001044_3""]"	[4941, 4940, 4942, 4943, 4944]	[-1, 0, 1, 2, 3]	5	11.250558853149414	0.0043129622936248779
BGC0001045	NRP Polyketide	Hybrid	False	False	"[""BGC0001045_-1"", ""BGC0001045_0"", ""BGC0001045_1"", ""BGC0001045_2"", ""BGC0001045_3""]"	[4946, 4945, 4947, 4948, 4949]	[-1, 0, 1, 2, 3]	5	17.788478851318359	8.1178169250488281
BGC0001046	NRP Polyketide Saccharide	Hybrid	True	False	"[""BGC0001046_-1"", ""BGC0001046_0"", ""BGC0001046_1"", ""BGC0001046_2"", ""BGC0001046_3""]"	[4951, 4950, 4952, 4953, 4954]	[-1, 0, 1, 2, 3]	5	17.830371856689453	8.8649730682373047
BGC0001047	NRP Polyketide	Hybrid	False	False	"[""BGC0001047_-1"", ""BGC0001047_0"", ""BGC0001047_1"", ""BGC0001047_2"", ""BGC0001047_3""]"	[4956, 4955, 4957, 4958, 4959]	[-1, 0, 1, 2, 3]	5	14.02385139465332	-0.56932109594345093
BGC0001048	NRP Polyketide Saccharide	Hybrid	True	False	"[""BGC0001048_-1"", ""BGC0001048_0"", ""BGC0001048_1"", ""BGC0001048_2"", ""BGC0001048_3""]"	[4961, 4960, 4962, 4963, 4964]	[-1, 0, 1, 2, 3]	5	17.97810173034668	8.1873130798339844
BGC0001049	NRP Polyketide	Hybrid	False	False	"[""BGC0001049_-1"", ""BGC0001049_0"", ""BGC0001049_1"", ""BGC0001049_2"", ""BGC0001049_3""]"	[4966, 4965, 4967, 4968, 4969]	[-1, 0, 1, 2, 3]	5	16.173219680786133	9.3965215682983398
BGC0001050	NRP Polyketide	Hybrid	False	False	"[""BGC0001050_-1"", ""BGC0001050_0"", ""BGC0001050_1"", ""BGC0001050_2"", ""BGC0001050_3""]"	[4971, 4970, 4972, 4973, 4974]	[-1, 0, 1, 2, 3]	5	16.402742385864258	7.6422948837280273
BGC0001051	NRP Polyketide	Hybrid	False	False	"[""BGC0001051_-1"", ""BGC0001051_0"", ""BGC0001051_1"", ""BGC0001051_2"", ""BGC0001051_3""]"	[4976, 4975, 4977, 4978, 4979]	[-1, 0, 1, 2, 3]	5	15.22235107421875	10.521688461303711
BGC0001052	NRP Polyketide	Hybrid	False	False	"[""BGC0001052_-1"", ""BGC0001052_0"", ""BGC0001052_1"", ""BGC0001052_2"", ""BGC0001052_3""]"	[4981, 4980, 4982, 4983, 4984]	[-1, 0, 1, 2, 3]	5	17.840478897094727	7.6036195755004883
BGC0001053	NRP Polyketide	Hybrid	False	False	"[""BGC0001053_-1"", ""BGC0001053_0"", ""BGC0001053_1"", ""BGC0001053_2"", ""BGC0001053_3""]"	[4986, 4985, 4987, 4988, 4989]	[-1, 0, 1, 2, 3]	5	17.512039184570312	6.5746755599975586
BGC0001054	NRP Polyketide	Hybrid	False	False	"[""BGC0001054_-1"", ""BGC0001054_0"", ""BGC0001054_1"", ""BGC0001054_2"", ""BGC0001054_3""]"	[4991, 4990, 4992, 4993, 4994]	[-1, 0, 1, 2, 3]	5	15.776116371154785	9.6996946334838867
BGC0001055	NRP Polyketide	Hybrid	False	False	"[""BGC0001055_-1"", ""BGC0001055_0"", ""BGC0001055_1"", ""BGC0001055_2"", ""BGC0001055_3""]"	[4996, 4995, 4997, 4998, 4999]	[-1, 0, 1, 2, 3]	5	17.548807144165039	6.8727617263793945
BGC0001056	NRP Polyketide	Hybrid	False	False	"[""BGC0001056_-1"", ""BGC0001056_0"", ""BGC0001056_1"", ""BGC0001056_2"", ""BGC0001056_3""]"	[5001, 5000, 5002, 5003, 5004]	[-1, 0, 1, 2, 3]	5	17.415227890014648	7.4396934509277344
BGC0001057	NRP Polyketide	Hybrid	False	False	"[""BGC0001057_-1"", ""BGC0001057_0"", ""BGC0001057_1"", ""BGC0001057_2"", ""BGC0001057_3""]"	[5006, 5005, 5007, 5008, 5009]	[-1, 0, 1, 2, 3]	5	16.057058334350586	9.7450571060180664
BGC0001058	NRP Polyketide Saccharide	Hybrid	True	False	"[""BGC0001058_-1"", ""BGC0001058_0"", ""BGC0001058_1"", ""BGC0001058_2"", ""BGC0001058_3""]"	[5011, 5010, 5012, 5013, 5014]	[-1, 0, 1, 2, 3]	5	17.993440628051758	8.3424386978149414
BGC0001059	NRP Polyketide	Hybrid	False	False	"[""BGC0001059_-1"", ""BGC0001059_0"", ""BGC0001059_1"", ""BGC0001059_2"", ""BGC0001059_3""]"	[5016, 5015, 5017, 5018, 5019]	[-1, 0, 1, 2, 3]	5	17.729707717895508	7.3348464965820312
BGC0001060	Polyketide	Polyketide	False	False	"[""BGC0001060_-1"", ""BGC0001060_0"", ""BGC0001060_1"", ""BGC0001060_2"", ""BGC0001060_3""]"	[5021, 5020, 5022, 5023, 5024]	[-1, 0, 1, 2, 3]	5	13.819129943847656	12.272824287414551
BGC0001061	Polyketide Saccharide	Hybrid	True	False	"[""BGC0001061_-1"", ""BGC0001061_0"", ""BGC0001061_1"", ""BGC0001061_2"", ""BGC0001061_3""]"	[5026, 5025, 5027, 5028, 5029]	[-1, 0, 1, 2, 3]	5	12.130212783813477	13.149282455444336
BGC0001062	Polyketide	Polyketide	False	False	"[""BGC0001062_-1"", ""BGC0001062_0"", ""BGC0001062_1"", ""BGC0001062_2"", ""BGC0001062_3""]"	[5031, 5030, 5032, 5033, 5034]	[-1, 0, 1, 2, 3]	5	14.852124214172363	12.826740264892578
BGC0001063	NRP Polyketide	Hybrid	False	False	"[""BGC0001063_-1"", ""BGC0001063_0"", ""BGC0001063_1"", ""BGC0001063_2"", ""BGC0001063_3""]"	[5036, 5035, 5037, 5038, 5039]	[-1, 0, 1, 2, 3]	5	17.420881271362305	7.9572625160217285
BGC0001064	Polyketide	Polyketide	False	False	"[""BGC0001064_-1"", ""BGC0001064_0"", ""BGC0001064_1"", ""BGC0001064_2"", ""BGC0001064_3""]"	[5041, 5040, 5042, 5043, 5044]	[-1, 0, 1, 2, 3]	5	15.490778923034668	12.262351989746094
BGC0001065	Polyketide	Polyketide	False	False	"[""BGC0001065_-1"", ""BGC0001065_0"", ""BGC0001065_1"", ""BGC0001065_2"", ""BGC0001065_3""]"	[5046, 5045, 5047, 5048, 5049]	[-1, 0, 1, 2, 3]	5	13.981812477111816	12.472694396972656
BGC0001066	Polyketide	Polyketide	False	False	"[""BGC0001066_-1"", ""BGC0001066_0"", ""BGC0001066_1"", ""BGC0001066_2"", ""BGC0001066_3""]"	[5051, 5050, 5052, 5053, 5054]	[-1, 0, 1, 2, 3]	5	12.97745418548584	12.685601234436035
BGC0001067	Polyketide Terpene	Hybrid	False	False	"[""BGC0001067_-1"", ""BGC0001067_0"", ""BGC0001067_1"", ""BGC0001067_2"", ""BGC0001067_3""]"	[5056, 5055, 5057, 5058, 5059]	[-1, 0, 1, 2, 3]	5	15.459750175476074	12.273392677307129
BGC0001068	Terpene Polyketide	Hybrid	False	False	"[""BGC0001068_-1"", ""BGC0001068_0"", ""BGC0001068_1"", ""BGC0001068_2"", ""BGC0001068_3""]"	[5061, 5060, 5062, 5063, 5064]	[-1, 0, 1, 2, 3]	5	16.345375061035156	11.886908531188965
BGC0001069	NRP Polyketide	Hybrid	False	False	"[""BGC0001069_-1"", ""BGC0001069_0"", ""BGC0001069_1"", ""BGC0001069_2"", ""BGC0001069_3""]"	[5066, 5065, 5067, 5068, 5069]	[-1, 0, 1, 2, 3]	5	17.680025100708008	8.6879444122314453
BGC0001070	NRP Polyketide	Hybrid	False	False	"[""BGC0001070_-1"", ""BGC0001070_0"", ""BGC0001070_1"", ""BGC0001070_2"", ""BGC0001070_3""]"	[5071, 5070, 5072, 5073, 5074]	[-1, 0, 1, 2, 3]	5	17.50358772277832	7.1340899467468262
BGC0001071	Polyketide NRP	Hybrid	False	False	"[""BGC0001071_-1"", ""BGC0001071_0"", ""BGC0001071_1"", ""BGC0001071_2"", ""BGC0001071_3""]"	[5076, 5075, 5077, 5078, 5079]	[-1, 0, 1, 2, 3]	5	16.105230331420898	9.2414617538452148
BGC0001072	Polyketide Saccharide Other	Hybrid	True	False	"[""BGC0001072_-1"", ""BGC0001072_0"", ""BGC0001072_1"", ""BGC0001072_2"", ""BGC0001072_3""]"	[5081, 5080, 5082, 5083, 5084]	[-1, 0, 1, 2, 3]	5	12.653254508972168	12.232916831970215
BGC0001073	NRP Polyketide	Hybrid	False	False	"[""BGC0001073_-1"", ""BGC0001073_0"", ""BGC0001073_1"", ""BGC0001073_2"", ""BGC0001073_3""]"	[5086, 5085, 5087, 5088, 5089]	[-1, 0, 1, 2, 3]	5	17.805654525756836	8.8393707275390625
BGC0001074	Saccharide Polyketide	Hybrid	True	False	"[""BGC0001074_-1"", ""BGC0001074_0"", ""BGC0001074_1"", ""BGC0001074_2"", ""BGC0001074_3""]"	[5091, 5090, 5092, 5093, 5094]	[-1, 0, 1, 2, 3]	5	11.700850486755371	13.914079666137695
BGC0001075	Terpene Polyketide	Hybrid	False	False	"[""BGC0001075_-1"", ""BGC0001075_0"", ""BGC0001075_1"", ""BGC0001075_2"", ""BGC0001075_3""]"	[5096, 5095, 5097, 5098, 5099]	[-1, 0, 1, 2, 3]	5	15.12407398223877	15.15363597869873
BGC0001076	Other	Other	False	False	"[""BGC0001076_-1"", ""BGC0001076_0"", ""BGC0001076_1"", ""BGC0001076_2"", ""BGC0001076_3""]"	[5101, 5100, 5102, 5103, 5104]	[-1, 0, 1, 2, 3]	5	2.1783905029296875	1.1889232397079468
BGC0001077	Polyketide	Polyketide	False	False	"[""BGC0001077_-1"", ""BGC0001077_0"", ""BGC0001077_1"", ""BGC0001077_2"", ""BGC0001077_3""]"	[5106, 5105, 5107, 5108, 5109]	[-1, 0, 1, 2, 3]	5	13.54808521270752	13.980813980102539
BGC0001078	Terpene Polyketide	Hybrid	False	False	"[""BGC0001078_-1"", ""BGC0001078_0"", ""BGC0001078_1"", ""BGC0001078_2"", ""BGC0001078_3""]"	[5111, 5110, 5112, 5113, 5114]	[-1, 0, 1, 2, 3]	5	15.186097145080566	15.279894828796387
BGC0001079	Polyketide Terpene	Hybrid	False	False	"[""BGC0001079_-1"", ""BGC0001079_0"", ""BGC0001079_1"", ""BGC0001079_2"", ""BGC0001079_3""]"	[5116, 5115, 5117, 5118, 5119]	[-1, 0, 1, 2, 3]	5	15.167568206787109	15.294148445129395
BGC0001080	Other	Other	False	False	"[""BGC0001080_-1"", ""BGC0001080_0"", ""BGC0001080_1"", ""BGC0001080_2"", ""BGC0001080_3""]"	[5121, 5120, 5122, 5123, 5124]	[-1, 0, 1, 2, 3]	5	2.8719041347503662	0.74546933174133301
BGC0001082	Terpene	Terpene	False	False	"[""BGC0001082_-1"", ""BGC0001082_0"", ""BGC0001082_1"", ""BGC0001082_2"", ""BGC0001082_3""]"	[5126, 5125, 5127, 5128, 5129]	[-1, 0, 1, 2, 3]	5	3.5213479995727539	8.0198097229003906
BGC0001083	Polyketide Terpene	Hybrid	False	False	"[""BGC0001083_-1"", ""BGC0001083_0"", ""BGC0001083_1"", ""BGC0001083_2"", ""BGC0001083_3""]"	[5131, 5130, 5132, 5133, 5134]	[-1, 0, 1, 2, 3]	5	15.174332618713379	15.200416564941406
BGC0001084	NRP Terpene Alkaloid	Hybrid	False	False	"[""BGC0001084_-1"", ""BGC0001084_0"", ""BGC0001084_1"", ""BGC0001084_2"", ""BGC0001084_3""]"	[5136, 5135, 5137, 5138, 5139]	[-1, 0, 1, 2, 3]	5	10.630437850952148	0.29595509171485901
BGC0001085	NRP Terpene	Hybrid	False	False	"[""BGC0001085_-1"", ""BGC0001085_0"", ""BGC0001085_1"", ""BGC0001085_2"", ""BGC0001085_3""]"	[5141, 5140, 5142, 5143, 5144]	[-1, 0, 1, 2, 3]	5	11.04826545715332	-0.11693812161684036
BGC0001088	NRP Polyketide	Hybrid	False	False	"[""BGC0001088_-1"", ""BGC0001088_0"", ""BGC0001088_1"", ""BGC0001088_2"", ""BGC0001088_3""]"	[5146, 5145, 5147, 5148, 5149]	[-1, 0, 1, 2, 3]	5	14.261890411376953	-0.46238237619400024
BGC0001089	Polyketide NRP	Hybrid	False	False	"[""BGC0001089_-1"", ""BGC0001089_0"", ""BGC0001089_1"", ""BGC0001089_2"", ""BGC0001089_3""]"	[5151, 5150, 5152, 5153, 5154]	[-1, 0, 1, 2, 3]	5	17.619625091552734	8.6002645492553711
BGC0001090	NRP Polyketide	Hybrid	False	False	"[""BGC0001090_-1"", ""BGC0001090_0"", ""BGC0001090_1"", ""BGC0001090_2"", ""BGC0001090_3""]"	[5156, 5155, 5157, 5158, 5159]	[-1, 0, 1, 2, 3]	5	17.712118148803711	6.9467353820800781
BGC0001091	NRP Polyketide	Hybrid	False	False	"[""BGC0001091_-1"", ""BGC0001091_0"", ""BGC0001091_1"", ""BGC0001091_2"", ""BGC0001091_3""]"	[5161, 5160, 5162, 5163, 5164]	[-1, 0, 1, 2, 3]	5	16.073764801025391	9.7385025024414062
BGC0001093	NRP Polyketide	Hybrid	False	False	"[""BGC0001093_-1"", ""BGC0001093_0"", ""BGC0001093_1"", ""BGC0001093_2"", ""BGC0001093_3""]"	[5166, 5165, 5167, 5168, 5169]	[-1, 0, 1, 2, 3]	5	17.546918869018555	8.3610782623291016
BGC0001094	NRP Polyketide	Hybrid	False	False	"[""BGC0001094_-1"", ""BGC0001094_0"", ""BGC0001094_1"", ""BGC0001094_2"", ""BGC0001094_3""]"	[5171, 5170, 5172, 5173, 5174]	[-1, 0, 1, 2, 3]	5	17.586872100830078	8.339777946472168
BGC0001095	NRP	NRP	False	False	"[""BGC0001095_-1"", ""BGC0001095_0"", ""BGC0001095_1"", ""BGC0001095_2"", ""BGC0001095_3""]"	[5176, 5175, 5177, 5178, 5179]	[-1, 0, 1, 2, 3]	5	12.96595573425293	-0.63867366313934326
BGC0001098	NRP Polyketide	Hybrid	False	False	"[""BGC0001098_-1"", ""BGC0001098_0"", ""BGC0001098_1"", ""BGC0001098_2"", ""BGC0001098_3""]"	[5181, 5180, 5182, 5183, 5184]	[-1, 0, 1, 2, 3]	5	17.807441711425781	6.9503874778747559
BGC0001099	NRP Polyketide	Hybrid	False	False	"[""BGC0001099_-1"", ""BGC0001099_0"", ""BGC0001099_1"", ""BGC0001099_2"", ""BGC0001099_3""]"	[5186, 5185, 5187, 5188, 5189]	[-1, 0, 1, 2, 3]	5	17.519582748413086	6.5868401527404785
BGC0001100	NRP Polyketide	Hybrid	False	False	"[""BGC0001100_-1"", ""BGC0001100_0"", ""BGC0001100_1"", ""BGC0001100_2"", ""BGC0001100_3""]"	[5191, 5190, 5192, 5193, 5194]	[-1, 0, 1, 2, 3]	5	17.968595504760742	8.2055292129516602
BGC0001101	NRP Polyketide	Hybrid	False	False	"[""BGC0001101_-1"", ""BGC0001101_0"", ""BGC0001101_1"", ""BGC0001101_2"", ""BGC0001101_3""]"	[5196, 5195, 5197, 5198, 5199]	[-1, 0, 1, 2, 3]	5	14.465338706970215	-0.49555164575576782
BGC0001102	NRP Polyketide	Hybrid	False	False	"[""BGC0001102_-1"", ""BGC0001102_0"", ""BGC0001102_1"", ""BGC0001102_2"", ""BGC0001102_3""]"	[5201, 5200, 5202, 5203, 5204]	[-1, 0, 1, 2, 3]	5	15.37457275390625	9.8312950134277344
BGC0001103	NRP Polyketide	Hybrid	False	False	"[""BGC0001103_-1"", ""BGC0001103_0"", ""BGC0001103_1"", ""BGC0001103_2"", ""BGC0001103_3""]"	[5206, 5205, 5207, 5208, 5209]	[-1, 0, 1, 2, 3]	5	17.659896850585938	6.7780957221984863
BGC0001105	NRP Polyketide	Hybrid	False	False	"[""BGC0001105_-1"", ""BGC0001105_0"", ""BGC0001105_1"", ""BGC0001105_2"", ""BGC0001105_3""]"	[5211, 5210, 5212, 5213, 5214]	[-1, 0, 1, 2, 3]	5	16.530027389526367	8.2084035873413086
BGC0001106	NRP Polyketide	Hybrid	False	False	"[""BGC0001106_-1"", ""BGC0001106_0"", ""BGC0001106_1"", ""BGC0001106_2"", ""BGC0001106_3""]"	[5216, 5215, 5217, 5218, 5219]	[-1, 0, 1, 2, 3]	5	16.885494232177734	6.3823380470275879
BGC0001108	NRP Polyketide	Hybrid	False	False	"[""BGC0001108_-1"", ""BGC0001108_0"", ""BGC0001108_1"", ""BGC0001108_2"", ""BGC0001108_3""]"	[5221, 5220, 5222, 5223, 5224]	[-1, 0, 1, 2, 3]	5	16.625064849853516	8.2520675659179688
BGC0001109	NRP Polyketide	Hybrid	False	False	"[""BGC0001109_-1"", ""BGC0001109_0"", ""BGC0001109_1"", ""BGC0001109_2"", ""BGC0001109_3""]"	[5226, 5225, 5227, 5228, 5229]	[-1, 0, 1, 2, 3]	5	17.24897575378418	8.3410711288452148
BGC0001110	NRP Polyketide	Hybrid	False	False	"[""BGC0001110_-1"", ""BGC0001110_0"", ""BGC0001110_1"", ""BGC0001110_2"", ""BGC0001110_3""]"	[5231, 5230, 5232, 5233, 5234]	[-1, 0, 1, 2, 3]	5	15.119558334350586	11.231369972229004
BGC0001111	NRP Polyketide	Hybrid	False	False	"[""BGC0001111_-1"", ""BGC0001111_0"", ""BGC0001111_1"", ""BGC0001111_2"", ""BGC0001111_3""]"	[5236, 5235, 5237, 5238, 5239]	[-1, 0, 1, 2, 3]	5	17.677837371826172	8.4082546234130859
BGC0001112	NRP Polyketide	Hybrid	False	False	"[""BGC0001112_-1"", ""BGC0001112_0"", ""BGC0001112_1"", ""BGC0001112_2"", ""BGC0001112_3""]"	[5241, 5240, 5242, 5243, 5244]	[-1, 0, 1, 2, 3]	5	15.827297210693359	9.3810005187988281
BGC0001113	NRP Polyketide	Hybrid	False	False	"[""BGC0001113_-1"", ""BGC0001113_0"", ""BGC0001113_1"", ""BGC0001113_2"", ""BGC0001113_3""]"	[5246, 5245, 5247, 5248, 5249]	[-1, 0, 1, 2, 3]	5	17.444049835205078	8.2623767852783203
BGC0001114	NRP Polyketide	Hybrid	False	False	"[""BGC0001114_-1"", ""BGC0001114_0"", ""BGC0001114_1"", ""BGC0001114_2"", ""BGC0001114_3""]"	[5251, 5250, 5252, 5253, 5254]	[-1, 0, 1, 2, 3]	5	17.475053787231445	8.3088893890380859
BGC0001115	NRP Polyketide	Hybrid	False	False	"[""BGC0001115_-1"", ""BGC0001115_0"", ""BGC0001115_1"", ""BGC0001115_2"", ""BGC0001115_3""]"	[5256, 5255, 5257, 5258, 5259]	[-1, 0, 1, 2, 3]	5	16.614175796508789	7.7431788444519043
BGC0001116	NRP Polyketide	Hybrid	False	False	"[""BGC0001116_-1"", ""BGC0001116_0"", ""BGC0001116_1"", ""BGC0001116_2"", ""BGC0001116_3""]"	[5261, 5260, 5262, 5263, 5264]	[-1, 0, 1, 2, 3]	5	18.001466751098633	8.125849723815918
BGC0001117	NRP	NRP	False	False	"[""BGC0001117_-1"", ""BGC0001117_0"", ""BGC0001117_1"", ""BGC0001117_2"", ""BGC0001117_3""]"	[5266, 5265, 5267, 5268, 5269]	[-1, 0, 1, 2, 3]	5	12.900659561157227	-2.1026291847229004
BGC0001118	Polyketide	Polyketide	False	False	"[""BGC0001118_-1"", ""BGC0001118_0"", ""BGC0001118_1"", ""BGC0001118_2"", ""BGC0001118_3""]"	[5271, 5270, 5272, 5273, 5274]	[-1, 0, 1, 2, 3]	5	15.112424850463867	11.717360496520996
BGC0001119	Polyketide	Polyketide	False	False	"[""BGC0001119_-1"", ""BGC0001119_0"", ""BGC0001119_1"", ""BGC0001119_2"", ""BGC0001119_3""]"	[5276, 5275, 5277, 5278, 5279]	[-1, 0, 1, 2, 3]	5	12.503501892089844	12.482377052307129
BGC0001122	NRP Polyketide	Hybrid	False	False	"[""BGC0001122_-1"", ""BGC0001122_0"", ""BGC0001122_1"", ""BGC0001122_2"", ""BGC0001122_3""]"	[5281, 5280, 5282, 5283, 5284]	[-1, 0, 1, 2, 3]	5	15.840843200683594	10.003863334655762
BGC0001123	NRP	NRP	False	False	"[""BGC0001123_-1"", ""BGC0001123_0"", ""BGC0001123_1"", ""BGC0001123_2"", ""BGC0001123_3""]"	[5286, 5285, 5287, 5288, 5289]	[-1, 0, 1, 2, 3]	5	11.090923309326172	0.036106571555137634
BGC0001124	Polyketide	Polyketide	False	False	"[""BGC0001124_-1"", ""BGC0001124_0"", ""BGC0001124_1"", ""BGC0001124_2"", ""BGC0001124_3""]"	[5291, 5290, 5292, 5293, 5294]	[-1, 0, 1, 2, 3]	5	15.41565990447998	12.623620986938477
BGC0001125	NRP Polyketide	Hybrid	False	False	"[""BGC0001125_-1"", ""BGC0001125_0"", ""BGC0001125_1"", ""BGC0001125_2"", ""BGC0001125_3""]"	[5296, 5295, 5297, 5298, 5299]	[-1, 0, 1, 2, 3]	5	16.57465934753418	6.6396985054016113
BGC0001126	Terpene Alkaloid	Hybrid	False	False	"[""BGC0001126_-1"", ""BGC0001126_0"", ""BGC0001126_1"", ""BGC0001126_2"", ""BGC0001126_3""]"	[5301, 5300, 5302, 5303, 5304]	[-1, 0, 1, 2, 3]	5	5.3091850280761719	2.954275369644165
BGC0001127	NRP	NRP	False	False	"[""BGC0001127_-1"", ""BGC0001127_0"", ""BGC0001127_1"", ""BGC0001127_2"", ""BGC0001127_3""]"	[5306, 5305, 5307, 5308, 5309]	[-1, 0, 1, 2, 3]	5	14.14723014831543	-0.63836133480072021
BGC0001128	NRP	NRP	False	False	"[""BGC0001128_-1"", ""BGC0001128_0"", ""BGC0001128_1"", ""BGC0001128_2"", ""BGC0001128_3""]"	[5311, 5310, 5312, 5313, 5314]	[-1, 0, 1, 2, 3]	5	13.226816177368164	-0.67997735738754272
BGC0001130	NRP Polyketide	Hybrid	False	False	"[""BGC0001130_-1"", ""BGC0001130_0"", ""BGC0001130_1"", ""BGC0001130_2"", ""BGC0001130_3""]"	[5316, 5315, 5317, 5318, 5319]	[-1, 0, 1, 2, 3]	5	17.653532028198242	7.4310750961303711
BGC0001131	NRP	NRP	False	False	"[""BGC0001131_-1"", ""BGC0001131_0"", ""BGC0001131_1"", ""BGC0001131_2"", ""BGC0001131_3""]"	[5321, 5320, 5322, 5323, 5324]	[-1, 0, 1, 2, 3]	5	13.328509330749512	-0.47837755084037781
BGC0001132	NRP	NRP	False	False	"[""BGC0001132_-1"", ""BGC0001132_0"", ""BGC0001132_1"", ""BGC0001132_2"", ""BGC0001132_3""]"	[5326, 5325, 5327, 5328, 5329]	[-1, 0, 1, 2, 3]	5	13.36265754699707	-0.67476773262023926
BGC0001133	NRP	NRP	False	False	"[""BGC0001133_-1"", ""BGC0001133_0"", ""BGC0001133_1"", ""BGC0001133_2"", ""BGC0001133_3""]"	[5331, 5330, 5332, 5333, 5334]	[-1, 0, 1, 2, 3]	5	12.880619049072266	-0.66581821441650391
BGC0001134	Other	Other	False	False	"[""BGC0001134_-1"", ""BGC0001134_0"", ""BGC0001134_1"", ""BGC0001134_2"", ""BGC0001134_3""]"	[5336, 5335, 5337, 5338, 5339]	[-1, 0, 1, 2, 3]	5	2.3880243301391602	2.2393090724945068
BGC0001135	NRP	NRP	False	False	"[""BGC0001135_-1"", ""BGC0001135_0"", ""BGC0001135_1"", ""BGC0001135_2"", ""BGC0001135_3""]"	[5341, 5340, 5342, 5343, 5344]	[-1, 0, 1, 2, 3]	5	13.475308418273926	-1.6385236978530884
BGC0001136	NRP Polyketide	Hybrid	False	False	"[""BGC0001136_-1"", ""BGC0001136_0"", ""BGC0001136_1"", ""BGC0001136_2"", ""BGC0001136_3""]"	[5346, 5345, 5347, 5348, 5349]	[-1, 0, 1, 2, 3]	5	16.21190071105957	9.3919954299926758
BGC0001137	Alkaloid	Alkaloid	False	False	"[""BGC0001137_-1"", ""BGC0001137_0"", ""BGC0001137_1"", ""BGC0001137_2"", ""BGC0001137_3""]"	[5351, 5350, 5352, 5353, 5354]	[-1, 0, 1, 2, 3]	5	4.8244290351867676	2.775097131729126
BGC0001138	Other	Other	False	False	"[""BGC0001138_-1"", ""BGC0001138_0"", ""BGC0001138_1"", ""BGC0001138_2"", ""BGC0001138_3""]"	[5356, 5355, 5357, 5358, 5359]	[-1, 0, 1, 2, 3]	5	2.5816264152526855	1.1010855436325073
BGC0001140	Terpene	Terpene	False	False	"[""BGC0001140_-1"", ""BGC0001140_0"", ""BGC0001140_1"", ""BGC0001140_2"", ""BGC0001140_3""]"	[5361, 5360, 5362, 5363, 5364]	[-1, 0, 1, 2, 3]	5	3.4645967483520508	8.3418455123901367
BGC0001141	Polyketide	Polyketide	False	False	"[""BGC0001141_-1"", ""BGC0001141_0"", ""BGC0001141_1"", ""BGC0001141_2"", ""BGC0001141_3""]"	[5366, 5365, 5367, 5368, 5369]	[-1, 0, 1, 2, 3]	5	15.655149459838867	10.679653167724609
BGC0001142	NRP	NRP	False	False	"[""BGC0001142_-1"", ""BGC0001142_0"", ""BGC0001142_1"", ""BGC0001142_2"", ""BGC0001142_3""]"	[5371, 5370, 5372, 5373, 5374]	[-1, 0, 1, 2, 3]	5	13.166042327880859	-0.27681711316108704
BGC0001143	Polyketide	Polyketide	False	False	"[""BGC0001143_-1"", ""BGC0001143_0"", ""BGC0001143_1"", ""BGC0001143_2"", ""BGC0001143_3""]"	[5376, 5375, 5377, 5378, 5379]	[-1, 0, 1, 2, 3]	5	14.836306571960449	14.496054649353027
BGC0001144	Polyketide	Polyketide	False	False	"[""BGC0001144_-1"", ""BGC0001144_0"", ""BGC0001144_1"", ""BGC0001144_2"", ""BGC0001144_3""]"	[5381, 5380, 5382, 5383, 5384]	[-1, 0, 1, 2, 3]	5	14.983952522277832	12.838103294372559
BGC0001145	RiPP	RiPP	False	False	"[""BGC0001145_-1"", ""BGC0001145_0"", ""BGC0001145_1"", ""BGC0001145_2"", ""BGC0001145_3""]"	[5386, 5385, 5387, 5388, 5389]	[-1, 0, 1, 2, 3]	5	-3.4816555976867676	11.015740394592285
BGC0001146	RiPP	RiPP	False	False	"[""BGC0001146_-1"", ""BGC0001146_0"", ""BGC0001146_1"", ""BGC0001146_2"", ""BGC0001146_3""]"	[5391, 5390, 5392, 5393, 5394]	[-1, 0, 1, 2, 3]	5	-3.7666363716125488	10.658658027648926
BGC0001147	NRP	NRP	False	False	"[""BGC0001147_-1"", ""BGC0001147_0"", ""BGC0001147_1"", ""BGC0001147_2"", ""BGC0001147_3""]"	[5396, 5395, 5397, 5398, 5399]	[-1, 0, 1, 2, 3]	5	13.090418815612793	-1.8692106008529663
BGC0001148	NRP RiPP	Hybrid	False	False	"[""BGC0001148_-1"", ""BGC0001148_0"", ""BGC0001148_1"", ""BGC0001148_2"", ""BGC0001148_3""]"	[5401, 5400, 5402, 5403, 5404]	[-1, 0, 1, 2, 3]	5	12.37412166595459	-0.91878467798233032
BGC0001149	NRP Saccharide	Hybrid	True	False	"[""BGC0001149_-1"", ""BGC0001149_0"", ""BGC0001149_1"", ""BGC0001149_2"", ""BGC0001149_3""]"	[5406, 5405, 5407, 5408, 5409]	[-1, 0, 1, 2, 3]	5	13.765856742858887	-1.0666682720184326
BGC0001150	Polyketide	Polyketide	False	False	"[""BGC0001150_-1"", ""BGC0001150_0"", ""BGC0001150_1"", ""BGC0001150_2"", ""BGC0001150_3""]"	[5411, 5410, 5412, 5413, 5414]	[-1, 0, 1, 2, 3]	5	14.699641227722168	11.594952583312988
BGC0001151	Other	Other	False	False	"[""BGC0001151_-1"", ""BGC0001151_0"", ""BGC0001151_1"", ""BGC0001151_2"", ""BGC0001151_3""]"	[5416, 5415, 5417, 5418, 5419]	[-1, 0, 1, 2, 3]	5	2.9847197532653809	1.6399964094161987
BGC0001152	NRP Polyketide	Hybrid	False	False	"[""BGC0001152_-1"", ""BGC0001152_0"", ""BGC0001152_1"", ""BGC0001152_2"", ""BGC0001152_3""]"	[5421, 5420, 5422, 5423, 5424]	[-1, 0, 1, 2, 3]	5	17.317060470581055	6.4292182922363281
BGC0001153	NRP	NRP	False	False	"[""BGC0001153_-1"", ""BGC0001153_0"", ""BGC0001153_1"", ""BGC0001153_2"", ""BGC0001153_3""]"	[5426, 5425, 5427, 5428, 5429]	[-1, 0, 1, 2, 3]	5	14.270825386047363	-0.41432604193687439
BGC0001154	Other	Other	False	False	"[""BGC0001154_-1"", ""BGC0001154_0"", ""BGC0001154_1"", ""BGC0001154_2"", ""BGC0001154_3""]"	[5431, 5430, 5432, 5433, 5434]	[-1, 0, 1, 2, 3]	5	2.430814266204834	1.705572247505188
BGC0001155	RiPP	RiPP	False	False	"[""BGC0001155_-1"", ""BGC0001155_0"", ""BGC0001155_1"", ""BGC0001155_2"", ""BGC0001155_3""]"	[5436, 5435, 5437, 5438, 5439]	[-1, 0, 1, 2, 3]	5	-4.3161787986755371	10.053075790405273
BGC0001156	Terpene	Terpene	False	False	"[""BGC0001156_-1"", ""BGC0001156_0"", ""BGC0001156_1"", ""BGC0001156_2"", ""BGC0001156_3""]"	[5441, 5440, 5442, 5443, 5444]	[-1, 0, 1, 2, 3]	5	3.0090665817260742	8.3786735534667969
BGC0001157	RiPP	RiPP	False	False	"[""BGC0001157_-1"", ""BGC0001157_0"", ""BGC0001157_1"", ""BGC0001157_2"", ""BGC0001157_3""]"	[5446, 5445, 5447, 5448, 5449]	[-1, 0, 1, 2, 3]	5	-4.5822792053222656	9.2332305908203125
BGC0001159	NRP Polyketide	Hybrid	False	False	"[""BGC0001159_-1"", ""BGC0001159_0"", ""BGC0001159_1"", ""BGC0001159_2"", ""BGC0001159_3""]"	[5451, 5450, 5452, 5453, 5454]	[-1, 0, 1, 2, 3]	5	14.67189884185791	10.685530662536621
BGC0001160	Polyketide	Polyketide	False	False	"[""BGC0001160_-1"", ""BGC0001160_0"", ""BGC0001160_1"", ""BGC0001160_2"", ""BGC0001160_3""]"	[5456, 5455, 5457, 5458, 5459]	[-1, 0, 1, 2, 3]	5	15.263673782348633	11.316641807556152
BGC0001161	Polyketide	Polyketide	False	False	"[""BGC0001161_-1"", ""BGC0001161_0"", ""BGC0001161_1"", ""BGC0001161_2"", ""BGC0001161_3""]"	[5461, 5460, 5462, 5463, 5464]	[-1, 0, 1, 2, 3]	5	14.617710113525391	11.263867378234863
BGC0001162	Polyketide	Polyketide	False	False	"[""BGC0001162_-1"", ""BGC0001162_0"", ""BGC0001162_1"", ""BGC0001162_2"", ""BGC0001162_3""]"	[5466, 5465, 5467, 5468, 5469]	[-1, 0, 1, 2, 3]	5	14.419574737548828	11.79240608215332
BGC0001163	Polyketide	Polyketide	False	False	"[""BGC0001163_-1"", ""BGC0001163_0"", ""BGC0001163_1"", ""BGC0001163_2"", ""BGC0001163_3""]"	[5471, 5470, 5472, 5473, 5474]	[-1, 0, 1, 2, 3]	5	14.494140625	11.623180389404297
BGC0001164	Polyketide	Polyketide	False	False	"[""BGC0001164_-1"", ""BGC0001164_0"", ""BGC0001164_1"", ""BGC0001164_2"", ""BGC0001164_3""]"	[5476, 5475, 5477, 5478, 5479]	[-1, 0, 1, 2, 3]	5	16.095859527587891	9.7288970947265625
BGC0001165	NRP Polyketide	Hybrid	False	False	"[""BGC0001165_-1"", ""BGC0001165_0"", ""BGC0001165_1"", ""BGC0001165_2"", ""BGC0001165_3""]"	[5481, 5480, 5482, 5483, 5484]	[-1, 0, 1, 2, 3]	5	15.040806770324707	10.733784675598145
BGC0001166	NRP	NRP	False	False	"[""BGC0001166_-1"", ""BGC0001166_0"", ""BGC0001166_1"", ""BGC0001166_2"", ""BGC0001166_3""]"	[5486, 5485, 5487, 5488, 5489]	[-1, 0, 1, 2, 3]	5	11.249378204345703	-0.49754741787910461
BGC0001167	RiPP	RiPP	False	False	"[""BGC0001167_-1"", ""BGC0001167_0"", ""BGC0001167_1"", ""BGC0001167_2"", ""BGC0001167_3""]"	[5491, 5490, 5492, 5493, 5494]	[-1, 0, 1, 2, 3]	5	-5.0869946479797363	8.8635196685791016
BGC0001168	NRP	NRP	False	False	"[""BGC0001168_-1"", ""BGC0001168_0"", ""BGC0001168_1"", ""BGC0001168_2"", ""BGC0001168_3""]"	[5496, 5495, 5497, 5498, 5499]	[-1, 0, 1, 2, 3]	5	12.016485214233398	-0.98410224914550781
BGC0001169	Polyketide	Polyketide	False	False	"[""BGC0001169_-1"", ""BGC0001169_0"", ""BGC0001169_1"", ""BGC0001169_2"", ""BGC0001169_3""]"	[5501, 5500, 5502, 5503, 5504]	[-1, 0, 1, 2, 3]	5	13.451775550842285	13.506793022155762
BGC0001170	RiPP	RiPP	False	False	"[""BGC0001170_-1"", ""BGC0001170_0"", ""BGC0001170_1"", ""BGC0001170_2"", ""BGC0001170_3""]"	[5506, 5505, 5507, 5508, 5509]	[-1, 0, 1, 2, 3]	5	-4.560755729675293	11.078153610229492
BGC0001171	RiPP	RiPP	False	False	"[""BGC0001171_-1"", ""BGC0001171_0"", ""BGC0001171_1"", ""BGC0001171_2"", ""BGC0001171_3""]"	[5511, 5510, 5512, 5513, 5514]	[-1, 0, 1, 2, 3]	5	-5.0269603729248047	8.7410945892333984
BGC0001172	NRP Polyketide	Hybrid	False	False	"[""BGC0001172_-1"", ""BGC0001172_0"", ""BGC0001172_1"", ""BGC0001172_2"", ""BGC0001172_3""]"	[5516, 5515, 5517, 5518, 5519]	[-1, 0, 1, 2, 3]	5	14.910104751586914	10.607625007629395
BGC0001173	RiPP	RiPP	False	False	"[""BGC0001173_-1"", ""BGC0001173_0"", ""BGC0001173_1"", ""BGC0001173_2"", ""BGC0001173_3""]"	[5521, 5520, 5522, 5523, 5524]	[-1, 0, 1, 2, 3]	5	-5.0277457237243652	8.7857170104980469
BGC0001174	RiPP	RiPP	False	False	"[""BGC0001174_-1"", ""BGC0001174_0"", ""BGC0001174_1"", ""BGC0001174_2"", ""BGC0001174_3""]"	[5526, 5525, 5527, 5528, 5529]	[-1, 0, 1, 2, 3]	5	-4.5421171188354492	7.8171710968017578
BGC0001176	RiPP	RiPP	False	False	"[""BGC0001176_-1"", ""BGC0001176_0"", ""BGC0001176_1"", ""BGC0001176_2"", ""BGC0001176_3""]"	[5531, 5530, 5532, 5533, 5534]	[-1, 0, 1, 2, 3]	5	-4.8440132141113281	9.1734771728515625
BGC0001177	Polyketide	Polyketide	False	False	"[""BGC0001177_-1"", ""BGC0001177_0"", ""BGC0001177_1"", ""BGC0001177_2"", ""BGC0001177_3""]"	[5536, 5535, 5537, 5538, 5539]	[-1, 0, 1, 2, 3]	5	13.125234603881836	14.947261810302734
BGC0001178	NRP	NRP	False	False	"[""BGC0001178_-1"", ""BGC0001178_0"", ""BGC0001178_1"", ""BGC0001178_2"", ""BGC0001178_3""]"	[5541, 5540, 5542, 5543, 5544]	[-1, 0, 1, 2, 3]	5	12.553622245788574	-2.192274808883667
BGC0001179	Polyketide	Polyketide	False	False	"[""BGC0001179_-1"", ""BGC0001179_0"", ""BGC0001179_1"", ""BGC0001179_2"", ""BGC0001179_3""]"	[5546, 5545, 5547, 5548, 5549]	[-1, 0, 1, 2, 3]	5	13.159610748291016	14.932498931884766
BGC0001181	Terpene	Terpene	False	False	"[""BGC0001181_-1"", ""BGC0001181_0"", ""BGC0001181_1"", ""BGC0001181_2"", ""BGC0001181_3""]"	[5551, 5550, 5552, 5553, 5554]	[-1, 0, 1, 2, 3]	5	3.2414298057556152	7.4598960876464844
BGC0001182	NRP Polyketide	Hybrid	False	False	"[""BGC0001182_-1"", ""BGC0001182_0"", ""BGC0001182_1"", ""BGC0001182_2"", ""BGC0001182_3""]"	[5556, 5555, 5557, 5558, 5559]	[-1, 0, 1, 2, 3]	5	4.2030205726623535	2.6338901519775391
BGC0001183	Polyketide	Polyketide	False	False	"[""BGC0001183_-1"", ""BGC0001183_0"", ""BGC0001183_1"", ""BGC0001183_2"", ""BGC0001183_3""]"	[5561, 5560, 5562, 5563, 5564]	[-1, 0, 1, 2, 3]	5	17.794265747070312	9.002105712890625
BGC0001184	Other	Other	False	False	"[""BGC0001184_-1"", ""BGC0001184_0"", ""BGC0001184_1"", ""BGC0001184_2"", ""BGC0001184_3""]"	[5566, 5565, 5567, 5568, 5569]	[-1, 0, 1, 2, 3]	5	2.99853515625	2.6748180389404297
BGC0001185	NRP	NRP	False	False	"[""BGC0001185_-1"", ""BGC0001185_0"", ""BGC0001185_1"", ""BGC0001185_2"", ""BGC0001185_3""]"	[5571, 5570, 5572, 5573, 5574]	[-1, 0, 1, 2, 3]	5	12.804258346557617	-1.0582586526870728
BGC0001186	Polyketide	Polyketide	False	False	"[""BGC0001186_-1"", ""BGC0001186_0"", ""BGC0001186_1"", ""BGC0001186_2"", ""BGC0001186_3""]"	[5576, 5575, 5577, 5578, 5579]	[-1, 0, 1, 2, 3]	5	14.041609764099121	12.460841178894043
BGC0001187	NRP Polyketide	Hybrid	False	False	"[""BGC0001187_-1"", ""BGC0001187_0"", ""BGC0001187_1"", ""BGC0001187_2"", ""BGC0001187_3""]"	[5581, 5580, 5582, 5583, 5584]	[-1, 0, 1, 2, 3]	5	15.708502769470215	9.5686874389648438
BGC0001188	RiPP	RiPP	False	False	"[""BGC0001188_-1"", ""BGC0001188_0"", ""BGC0001188_1"", ""BGC0001188_2"", ""BGC0001188_3""]"	[5586, 5585, 5587, 5588, 5589]	[-1, 0, 1, 2, 3]	5	-4.6286282539367676	8.3460464477539062
BGC0001189	NRP	NRP	False	False	"[""BGC0001189_-1"", ""BGC0001189_0"", ""BGC0001189_1"", ""BGC0001189_2"", ""BGC0001189_3""]"	[5591, 5590, 5592, 5593, 5594]	[-1, 0, 1, 2, 3]	5	14.207494735717773	-0.42787981033325195
BGC0001190	Polyketide	Polyketide	False	False	"[""BGC0001190_-1"", ""BGC0001190_0"", ""BGC0001190_1"", ""BGC0001190_2"", ""BGC0001190_3""]"	[5596, 5595, 5597, 5598, 5599]	[-1, 0, 1, 2, 3]	5	14.130135536193848	11.014498710632324
BGC0001191	Other	Other	False	False	"[""BGC0001191_-1"", ""BGC0001191_0"", ""BGC0001191_1"", ""BGC0001191_2"", ""BGC0001191_3""]"	[5601, 5600, 5602, 5603, 5604]	[-1, 0, 1, 2, 3]	5	2.2408521175384521	1.3672904968261719
BGC0001192	NRP	NRP	False	False	"[""BGC0001192_-1"", ""BGC0001192_0"", ""BGC0001192_1"", ""BGC0001192_2"", ""BGC0001192_3""]"	[5606, 5605, 5607, 5608, 5609]	[-1, 0, 1, 2, 3]	5	13.430078506469727	-0.84304225444793701
BGC0001193	NRP	NRP	False	False	"[""BGC0001193_-1"", ""BGC0001193_0"", ""BGC0001193_1"", ""BGC0001193_2"", ""BGC0001193_3""]"	[5611, 5610, 5612, 5613, 5614]	[-1, 0, 1, 2, 3]	5	12.985108375549316	-1.6478350162506104
BGC0001194	Polyketide	Polyketide	False	False	"[""BGC0001194_-1"", ""BGC0001194_0"", ""BGC0001194_1"", ""BGC0001194_2"", ""BGC0001194_3""]"	[5616, 5615, 5617, 5618, 5619]	[-1, 0, 1, 2, 3]	5	14.23780632019043	11.574292182922363
BGC0001195	NRP Polyketide	Hybrid	False	False	"[""BGC0001195_-1"", ""BGC0001195_0"", ""BGC0001195_1"", ""BGC0001195_2"", ""BGC0001195_3""]"	[5621, 5620, 5622, 5623, 5624]	[-1, 0, 1, 2, 3]	5	17.912931442260742	8.0214262008666992
BGC0001196	NRP	NRP	False	False	"[""BGC0001196_-1"", ""BGC0001196_0"", ""BGC0001196_1"", ""BGC0001196_2"", ""BGC0001196_3""]"	[5626, 5625, 5627, 5628, 5629]	[-1, 0, 1, 2, 3]	5	13.670527458190918	-1.5681564807891846
BGC0001197	Polyketide	Polyketide	False	False	"[""BGC0001197_-1"", ""BGC0001197_0"", ""BGC0001197_1"", ""BGC0001197_2"", ""BGC0001197_3""]"	[5631, 5630, 5632, 5633, 5634]	[-1, 0, 1, 2, 3]	5	13.741268157958984	13.29152774810791
BGC0001198	Terpene	Terpene	False	False	"[""BGC0001198_-1"", ""BGC0001198_0"", ""BGC0001198_1"", ""BGC0001198_2"", ""BGC0001198_3""]"	[5636, 5635, 5637, 5638, 5639]	[-1, 0, 1, 2, 3]	5	2.9713637828826904	7.8084101676940918
BGC0001199	Polyketide	Polyketide	False	False	"[""BGC0001199_-1"", ""BGC0001199_0"", ""BGC0001199_1"", ""BGC0001199_2"", ""BGC0001199_3""]"	[5641, 5640, 5642, 5643, 5644]	[-1, 0, 1, 2, 3]	5	13.97396183013916	11.358952522277832
BGC0001200	Polyketide	Polyketide	False	False	"[""BGC0001200_-1"", ""BGC0001200_0"", ""BGC0001200_1"", ""BGC0001200_2"", ""BGC0001200_3""]"	[5646, 5645, 5647, 5648, 5649]	[-1, 0, 1, 2, 3]	5	14.065470695495605	11.668763160705566
BGC0001201	Terpene	Terpene	False	False	"[""BGC0001201_-1"", ""BGC0001201_0"", ""BGC0001201_1"", ""BGC0001201_2"", ""BGC0001201_3""]"	[5651, 5650, 5652, 5653, 5654]	[-1, 0, 1, 2, 3]	5	3.8840334415435791	7.7881226539611816
BGC0001202	NRP Polyketide	Hybrid	False	False	"[""BGC0001202_-1"", ""BGC0001202_0"", ""BGC0001202_1"", ""BGC0001202_2"", ""BGC0001202_3""]"	[5656, 5655, 5657, 5658, 5659]	[-1, 0, 1, 2, 3]	5	17.539623260498047	7.8928432464599609
BGC0001203	NRP Polyketide	Hybrid	False	False	"[""BGC0001203_-1"", ""BGC0001203_0"", ""BGC0001203_1"", ""BGC0001203_2"", ""BGC0001203_3""]"	[5661, 5660, 5662, 5663, 5664]	[-1, 0, 1, 2, 3]	5	18.002435684204102	8.3274412155151367
BGC0001204	Polyketide	Polyketide	False	False	"[""BGC0001204_-1"", ""BGC0001204_0"", ""BGC0001204_1"", ""BGC0001204_2"", ""BGC0001204_3""]"	[5666, 5665, 5667, 5668, 5669]	[-1, 0, 1, 2, 3]	5	12.517378807067871	12.555020332336426
BGC0001205	Polyketide	Polyketide	False	False	"[""BGC0001205_-1"", ""BGC0001205_0"", ""BGC0001205_1"", ""BGC0001205_2"", ""BGC0001205_3""]"	[5671, 5670, 5672, 5673, 5674]	[-1, 0, 1, 2, 3]	5	16.10673713684082	11.970278739929199
BGC0001206	Other	Other	False	False	"[""BGC0001206_-1"", ""BGC0001206_0"", ""BGC0001206_1"", ""BGC0001206_2"", ""BGC0001206_3""]"	[5676, 5675, 5677, 5678, 5679]	[-1, 0, 1, 2, 3]	5	3.4518332481384277	1.7637162208557129
BGC0001207	NRP	NRP	False	False	"[""BGC0001207_-1"", ""BGC0001207_0"", ""BGC0001207_1"", ""BGC0001207_2"", ""BGC0001207_3""]"	[5681, 5680, 5682, 5683, 5684]	[-1, 0, 1, 2, 3]	5	14.202937126159668	-1.0521304607391357
BGC0001209	RiPP	RiPP	False	False	"[""BGC0001209_-1"", ""BGC0001209_0"", ""BGC0001209_1"", ""BGC0001209_2"", ""BGC0001209_3""]"	[5686, 5685, 5687, 5688, 5689]	[-1, 0, 1, 2, 3]	5	-4.8985943794250488	10.663415908813477
BGC0001210	RiPP	RiPP	False	False	"[""BGC0001210_-1"", ""BGC0001210_0"", ""BGC0001210_1"", ""BGC0001210_2"", ""BGC0001210_3""]"	[5691, 5690, 5692, 5693, 5694]	[-1, 0, 1, 2, 3]	5	-3.7517659664154053	11.305800437927246
BGC0001211	NRP	NRP	False	False	"[""BGC0001211_-1"", ""BGC0001211_0"", ""BGC0001211_1"", ""BGC0001211_2"", ""BGC0001211_3""]"	[5696, 5695, 5697, 5698, 5699]	[-1, 0, 1, 2, 3]	5	13.819887161254883	-1.1879516839981079
BGC0001212	NRP Polyketide	Hybrid	False	False	"[""BGC0001212_-1"", ""BGC0001212_0"", ""BGC0001212_1"", ""BGC0001212_2"", ""BGC0001212_3""]"	[5701, 5700, 5702, 5703, 5704]	[-1, 0, 1, 2, 3]	5	17.242630004882812	6.4820246696472168
BGC0001213	Polyketide	Polyketide	False	False	"[""BGC0001213_-1"", ""BGC0001213_0"", ""BGC0001213_1"", ""BGC0001213_2"", ""BGC0001213_3""]"	[5706, 5705, 5707, 5708, 5709]	[-1, 0, 1, 2, 3]	5	13.517852783203125	12.721524238586426
BGC0001214	NRP	NRP	False	False	"[""BGC0001214_-1"", ""BGC0001214_0"", ""BGC0001214_1"", ""BGC0001214_2"", ""BGC0001214_3""]"	[5711, 5710, 5712, 5713, 5714]	[-1, 0, 1, 2, 3]	5	13.807777404785156	-1.1760915517807007
BGC0001215	NRP	NRP	False	False	"[""BGC0001215_-1"", ""BGC0001215_0"", ""BGC0001215_1"", ""BGC0001215_2"", ""BGC0001215_3""]"	[5716, 5715, 5717, 5718, 5719]	[-1, 0, 1, 2, 3]	5	16.506399154663086	6.5736017227172852
BGC0001216	NRP Polyketide	Hybrid	False	False	"[""BGC0001216_-1"", ""BGC0001216_0"", ""BGC0001216_1"", ""BGC0001216_2"", ""BGC0001216_3""]"	[5721, 5720, 5722, 5723, 5724]	[-1, 0, 1, 2, 3]	5	17.90745735168457	7.7722053527832031
BGC0001217	Other	Other	False	False	"[""BGC0001217_-1"", ""BGC0001217_0"", ""BGC0001217_1"", ""BGC0001217_2"", ""BGC0001217_3""]"	[5726, 5725, 5727, 5728, 5729]	[-1, 0, 1, 2, 3]	5	2.52040696144104	2.0070395469665527
BGC0001218	NRP Polyketide	Hybrid	False	False	"[""BGC0001218_-1"", ""BGC0001218_0"", ""BGC0001218_1"", ""BGC0001218_2"", ""BGC0001218_3""]"	[5731, 5730, 5732, 5733, 5734]	[-1, 0, 1, 2, 3]	5	16.149703979492188	9.3540363311767578
BGC0001219	Polyketide	Polyketide	False	False	"[""BGC0001219_-1"", ""BGC0001219_0"", ""BGC0001219_1"", ""BGC0001219_2"", ""BGC0001219_3""]"	[5736, 5735, 5737, 5738, 5739]	[-1, 0, 1, 2, 3]	5	14.85665225982666	14.7933349609375
BGC0001220	NRP	NRP	False	False	"[""BGC0001220_-1"", ""BGC0001220_0"", ""BGC0001220_1"", ""BGC0001220_2"", ""BGC0001220_3""]"	[5741, 5740, 5742, 5743, 5744]	[-1, 0, 1, 2, 3]	5	11.688534736633301	-0.22980861365795135
BGC0001221	Other	Other	False	False	"[""BGC0001221_-1"", ""BGC0001221_0"", ""BGC0001221_1"", ""BGC0001221_2"", ""BGC0001221_3""]"	[5746, 5745, 5747, 5748, 5749]	[-1, 0, 1, 2, 3]	5	3.5912919044494629	1.5169597864151001
BGC0001222	RiPP	RiPP	False	False	"[""BGC0001222_-1"", ""BGC0001222_0"", ""BGC0001222_1"", ""BGC0001222_2"", ""BGC0001222_3""]"	[5751, 5750, 5752, 5753, 5754]	[-1, 0, 1, 2, 3]	5	-5.0468606948852539	8.8471555709838867
BGC0001223	Other	Other	False	False	"[""BGC0001223_-1"", ""BGC0001223_0"", ""BGC0001223_1"", ""BGC0001223_2"", ""BGC0001223_3""]"	[5756, 5755, 5757, 5758, 5759]	[-1, 0, 1, 2, 3]	5	4.3840484619140625	2.5464422702789307
BGC0001224	Other	Other	False	False	"[""BGC0001224_-1"", ""BGC0001224_0"", ""BGC0001224_1"", ""BGC0001224_2"", ""BGC0001224_3""]"	[5761, 5760, 5762, 5763, 5764]	[-1, 0, 1, 2, 3]	5	5.0663838386535645	2.791109561920166
BGC0001225	NRP	NRP	False	False	"[""BGC0001225_-1"", ""BGC0001225_0"", ""BGC0001225_1"", ""BGC0001225_2"", ""BGC0001225_3""]"	[5766, 5765, 5767, 5768, 5769]	[-1, 0, 1, 2, 3]	5	10.989026069641113	-0.44053381681442261
BGC0001226	RiPP	RiPP	False	False	"[""BGC0001226_-1"", ""BGC0001226_0"", ""BGC0001226_1"", ""BGC0001226_2"", ""BGC0001226_3""]"	[5771, 5770, 5772, 5773, 5774]	[-1, 0, 1, 2, 3]	5	-4.2090206146240234	11.22962474822998
BGC0001227	Terpene	Terpene	False	False	"[""BGC0001227_-1"", ""BGC0001227_0"", ""BGC0001227_1"", ""BGC0001227_2"", ""BGC0001227_3""]"	[5776, 5775, 5777, 5778, 5779]	[-1, 0, 1, 2, 3]	5	3.8387784957885742	8.0651683807373047
BGC0001228	NRP	NRP	False	False	"[""BGC0001228_-1"", ""BGC0001228_0"", ""BGC0001228_1"", ""BGC0001228_2"", ""BGC0001228_3""]"	[5781, 5780, 5782, 5783, 5784]	[-1, 0, 1, 2, 3]	5	13.44044303894043	-1.8238463401794434
BGC0001229	RiPP	RiPP	False	False	"[""BGC0001229_-1"", ""BGC0001229_0"", ""BGC0001229_1"", ""BGC0001229_2"", ""BGC0001229_3""]"	[5786, 5785, 5787, 5788, 5789]	[-1, 0, 1, 2, 3]	5	-4.7777009010314941	10.771010398864746
BGC0001230	NRP Polyketide	Hybrid	False	False	"[""BGC0001230_-1"", ""BGC0001230_0"", ""BGC0001230_1"", ""BGC0001230_2"", ""BGC0001230_3""]"	[5791, 5790, 5792, 5793, 5794]	[-1, 0, 1, 2, 3]	5	16.523097991943359	6.5381274223327637
BGC0001231	NRP Polyketide	Hybrid	False	False	"[""BGC0001231_-1"", ""BGC0001231_0"", ""BGC0001231_1"", ""BGC0001231_2"", ""BGC0001231_3""]"	[5796, 5795, 5797, 5798, 5799]	[-1, 0, 1, 2, 3]	5	17.92987060546875	7.7961082458496094
BGC0001233	NRP	NRP	False	False	"[""BGC0001233_-1"", ""BGC0001233_0"", ""BGC0001233_1"", ""BGC0001233_2"", ""BGC0001233_3""]"	[5801, 5800, 5802, 5803, 5804]	[-1, 0, 1, 2, 3]	5	13.165287971496582	-1.176993727684021
BGC0001235	NRP Polyketide	Hybrid	False	False	"[""BGC0001235_-1"", ""BGC0001235_0"", ""BGC0001235_1"", ""BGC0001235_2"", ""BGC0001235_3""]"	[5806, 5805, 5807, 5808, 5809]	[-1, 0, 1, 2, 3]	5	17.704086303710938	7.5369534492492676
BGC0001236	Polyketide	Polyketide	False	False	"[""BGC0001236_-1"", ""BGC0001236_0"", ""BGC0001236_1"", ""BGC0001236_2"", ""BGC0001236_3""]"	[5811, 5810, 5812, 5813, 5814]	[-1, 0, 1, 2, 3]	5	14.494693756103516	11.481121063232422
BGC0001237	Polyketide	Polyketide	False	False	"[""BGC0001237_-1"", ""BGC0001237_0"", ""BGC0001237_1"", ""BGC0001237_2"", ""BGC0001237_3""]"	[5816, 5815, 5817, 5818, 5819]	[-1, 0, 1, 2, 3]	5	15.194908142089844	11.664812088012695
BGC0001238	Other	Other	False	False	"[""BGC0001238_-1"", ""BGC0001238_0"", ""BGC0001238_1"", ""BGC0001238_2"", ""BGC0001238_3""]"	[5821, 5820, 5822, 5823, 5824]	[-1, 0, 1, 2, 3]	5	1.9857620000839233	2.0589983463287354
BGC0001239	Other	Other	False	False	"[""BGC0001239_-1"", ""BGC0001239_0"", ""BGC0001239_1"", ""BGC0001239_2"", ""BGC0001239_3""]"	[5826, 5825, 5827, 5828, 5829]	[-1, 0, 1, 2, 3]	5	2.8104901313781738	1.7690268754959106
BGC0001240	NRP	NRP	False	False	"[""BGC0001240_-1"", ""BGC0001240_0"", ""BGC0001240_1"", ""BGC0001240_2"", ""BGC0001240_3""]"	[5831, 5830, 5832, 5833, 5834]	[-1, 0, 1, 2, 3]	5	12.593993186950684	-0.29628002643585205
BGC0001241	Terpene	Terpene	False	False	"[""BGC0001241_-1"", ""BGC0001241_0"", ""BGC0001241_1"", ""BGC0001241_2"", ""BGC0001241_3""]"	[5836, 5835, 5837, 5838, 5839]	[-1, 0, 1, 2, 3]	5	5.3685016632080078	2.8351619243621826
BGC0001242	Polyketide	Polyketide	False	False	"[""BGC0001242_-1"", ""BGC0001242_0"", ""BGC0001242_1"", ""BGC0001242_2"", ""BGC0001242_3""]"	[5841, 5840, 5842, 5843, 5844]	[-1, 0, 1, 2, 3]	5	14.533632278442383	14.294758796691895
BGC0001244	Polyketide	Polyketide	False	False	"[""BGC0001244_-1"", ""BGC0001244_0"", ""BGC0001244_1"", ""BGC0001244_2"", ""BGC0001244_3""]"	[5846, 5845, 5847, 5848, 5849]	[-1, 0, 1, 2, 3]	5	14.385151863098145	12.578767776489258
BGC0001245	Polyketide	Polyketide	False	False	"[""BGC0001245_-1"", ""BGC0001245_0"", ""BGC0001245_1"", ""BGC0001245_2"", ""BGC0001245_3""]"	[5851, 5850, 5852, 5853, 5854]	[-1, 0, 1, 2, 3]	5	14.715004920959473	14.718246459960938
BGC0001246	Polyketide	Polyketide	False	False	"[""BGC0001246_-1"", ""BGC0001246_0"", ""BGC0001246_1"", ""BGC0001246_2"", ""BGC0001246_3""]"	[5856, 5855, 5857, 5858, 5859]	[-1, 0, 1, 2, 3]	5	14.815882682800293	12.633336067199707
BGC0001248	Terpene	Terpene	False	False	"[""BGC0001248_-1"", ""BGC0001248_0"", ""BGC0001248_1"", ""BGC0001248_2"", ""BGC0001248_3""]"	[5861, 5860, 5862, 5863, 5864]	[-1, 0, 1, 2, 3]	5	3.1767966747283936	7.4805045127868652
BGC0001249	NRP	NRP	False	False	"[""BGC0001249_-1"", ""BGC0001249_0"", ""BGC0001249_1"", ""BGC0001249_2"", ""BGC0001249_3""]"	[5866, 5865, 5867, 5868, 5869]	[-1, 0, 1, 2, 3]	5	12.122866630554199	-1.310726523399353
BGC0001250	NRP	NRP	False	False	"[""BGC0001250_-1"", ""BGC0001250_0"", ""BGC0001250_1"", ""BGC0001250_2"", ""BGC0001250_3""]"	[5871, 5870, 5872, 5873, 5874]	[-1, 0, 1, 2, 3]	5	10.972723960876465	-0.38482251763343811
BGC0001251	NRP	NRP	False	False	"[""BGC0001251_-1"", ""BGC0001251_0"", ""BGC0001251_1"", ""BGC0001251_2"", ""BGC0001251_3""]"	[5876, 5875, 5877, 5878, 5879]	[-1, 0, 1, 2, 3]	5	11.051898956298828	-0.25647348165512085
BGC0001252	Polyketide	Polyketide	False	False	"[""BGC0001252_-1"", ""BGC0001252_0"", ""BGC0001252_1"", ""BGC0001252_2"", ""BGC0001252_3""]"	[5881, 5880, 5882, 5883, 5884]	[-1, 0, 1, 2, 3]	5	14.717982292175293	10.630220413208008
BGC0001254	Polyketide	Polyketide	False	False	"[""BGC0001254_-1"", ""BGC0001254_0"", ""BGC0001254_1"", ""BGC0001254_2"", ""BGC0001254_3""]"	[5886, 5885, 5887, 5888, 5889]	[-1, 0, 1, 2, 3]	5	15.698866844177246	10.507867813110352
BGC0001255	NRP Polyketide	Hybrid	False	False	"[""BGC0001255_-1"", ""BGC0001255_0"", ""BGC0001255_1"", ""BGC0001255_2"", ""BGC0001255_3""]"	[5891, 5890, 5892, 5893, 5894]	[-1, 0, 1, 2, 3]	5	15.982796669006348	9.7924604415893555
BGC0001257	Polyketide	Polyketide	False	False	"[""BGC0001257_-1"", ""BGC0001257_0"", ""BGC0001257_1"", ""BGC0001257_2"", ""BGC0001257_3""]"	[5896, 5895, 5897, 5898, 5899]	[-1, 0, 1, 2, 3]	5	14.457925796508789	13.964615821838379
BGC0001258	Polyketide	Polyketide	False	False	"[""BGC0001258_-1"", ""BGC0001258_0"", ""BGC0001258_1"", ""BGC0001258_2"", ""BGC0001258_3""]"	[5901, 5900, 5902, 5903, 5904]	[-1, 0, 1, 2, 3]	5	14.387472152709961	14.284028053283691
BGC0001260	Terpene	Terpene	False	False	"[""BGC0001260_-1"", ""BGC0001260_0"", ""BGC0001260_1"", ""BGC0001260_2"", ""BGC0001260_3""]"	[5906, 5905, 5907, 5908, 5909]	[-1, 0, 1, 2, 3]	5	3.2315149307250977	8.1145143508911133
BGC0001261	NRP	NRP	False	False	"[""BGC0001261_-1"", ""BGC0001261_0"", ""BGC0001261_1"", ""BGC0001261_2"", ""BGC0001261_3""]"	[5911, 5910, 5912, 5913, 5914]	[-1, 0, 1, 2, 3]	5	11.101511001586914	-0.25109142065048218
BGC0001262	Polyketide	Polyketide	False	False	"[""BGC0001262_-1"", ""BGC0001262_0"", ""BGC0001262_1"", ""BGC0001262_2"", ""BGC0001262_3""]"	[5916, 5915, 5917, 5918, 5919]	[-1, 0, 1, 2, 3]	5	16.351638793945312	11.632271766662598
BGC0001264	Polyketide	Polyketide	False	False	"[""BGC0001264_-1"", ""BGC0001264_0"", ""BGC0001264_1"", ""BGC0001264_2"", ""BGC0001264_3""]"	[5921, 5920, 5922, 5923, 5924]	[-1, 0, 1, 2, 3]	5	15.95612907409668	11.03812313079834
BGC0001266	Polyketide	Polyketide	False	False	"[""BGC0001266_-1"", ""BGC0001266_0"", ""BGC0001266_1"", ""BGC0001266_2"", ""BGC0001266_3""]"	[5926, 5925, 5927, 5928, 5929]	[-1, 0, 1, 2, 3]	5	15.013210296630859	14.486941337585449
BGC0001267	Terpene	Terpene	False	False	"[""BGC0001267_-1"", ""BGC0001267_0"", ""BGC0001267_1"", ""BGC0001267_2"", ""BGC0001267_3""]"	[5931, 5930, 5932, 5933, 5934]	[-1, 0, 1, 2, 3]	5	3.8821167945861816	8.0483903884887695
BGC0001268	NRP Polyketide	Hybrid	False	False	"[""BGC0001268_-1"", ""BGC0001268_0"", ""BGC0001268_1"", ""BGC0001268_2"", ""BGC0001268_3""]"	[5936, 5935, 5937, 5938, 5939]	[-1, 0, 1, 2, 3]	5	15.914873123168945	9.7149934768676758
BGC0001273	Polyketide	Polyketide	False	False	"[""BGC0001273_-1"", ""BGC0001273_0"", ""BGC0001273_1"", ""BGC0001273_2"", ""BGC0001273_3""]"	[5941, 5940, 5942, 5943, 5944]	[-1, 0, 1, 2, 3]	5	13.92827033996582	11.615479469299316
BGC0001275	Polyketide	Polyketide	False	False	"[""BGC0001275_-1"", ""BGC0001275_0"", ""BGC0001275_1"", ""BGC0001275_2"", ""BGC0001275_3""]"	[5946, 5945, 5947, 5948, 5949]	[-1, 0, 1, 2, 3]	5	14.849455833435059	12.567961692810059
BGC0001276	Polyketide	Polyketide	False	False	"[""BGC0001276_-1"", ""BGC0001276_0"", ""BGC0001276_1"", ""BGC0001276_2"", ""BGC0001276_3""]"	[5951, 5950, 5952, 5953, 5954]	[-1, 0, 1, 2, 3]	5	14.286136627197266	12.20970630645752
BGC0001277	Terpene	Terpene	False	False	"[""BGC0001277_-1"", ""BGC0001277_0"", ""BGC0001277_1"", ""BGC0001277_2"", ""BGC0001277_3""]"	[5956, 5955, 5957, 5958, 5959]	[-1, 0, 1, 2, 3]	5	3.5140042304992676	8.3358163833618164
BGC0001278	Terpene	Terpene	False	False	"[""BGC0001278_-1"", ""BGC0001278_0"", ""BGC0001278_1"", ""BGC0001278_2"", ""BGC0001278_3""]"	[5961, 5960, 5962, 5963, 5964]	[-1, 0, 1, 2, 3]	5	3.6624963283538818	8.2799415588378906
BGC0001281	Polyketide	Polyketide	False	False	"[""BGC0001281_-1"", ""BGC0001281_0"", ""BGC0001281_1"", ""BGC0001281_2"", ""BGC0001281_3""]"	[5966, 5965, 5967, 5968, 5969]	[-1, 0, 1, 2, 3]	5	14.501967430114746	14.710466384887695
BGC0001283	Polyketide	Polyketide	False	False	"[""BGC0001283_-1"", ""BGC0001283_0"", ""BGC0001283_1"", ""BGC0001283_2"", ""BGC0001283_3""]"	[5971, 5970, 5972, 5973, 5974]	[-1, 0, 1, 2, 3]	5	13.752389907836914	11.455057144165039
BGC0001284	Polyketide	Polyketide	False	False	"[""BGC0001284_-1"", ""BGC0001284_0"", ""BGC0001284_1"", ""BGC0001284_2"", ""BGC0001284_3""]"	[5976, 5975, 5977, 5978, 5979]	[-1, 0, 1, 2, 3]	5	14.941320419311523	11.92513370513916
BGC0001285	Other	Other	False	False	"[""BGC0001285_-1"", ""BGC0001285_0"", ""BGC0001285_1"", ""BGC0001285_2"", ""BGC0001285_3""]"	[5981, 5980, 5982, 5983, 5984]	[-1, 0, 1, 2, 3]	5	2.6357412338256836	1.4330614805221558
BGC0001286	Other	Other	False	False	"[""BGC0001286_-1"", ""BGC0001286_0"", ""BGC0001286_1"", ""BGC0001286_2"", ""BGC0001286_3""]"	[5986, 5985, 5987, 5988, 5989]	[-1, 0, 1, 2, 3]	5	3.3012721538543701	2.7264792919158936
BGC0001287	Polyketide	Polyketide	False	False	"[""BGC0001287_-1"", ""BGC0001287_0"", ""BGC0001287_1"", ""BGC0001287_2"", ""BGC0001287_3""]"	[5991, 5990, 5992, 5993, 5994]	[-1, 0, 1, 2, 3]	5	13.77000617980957	12.207538604736328
BGC0001288	Polyketide	Polyketide	False	False	"[""BGC0001288_-1"", ""BGC0001288_0"", ""BGC0001288_1"", ""BGC0001288_2"", ""BGC0001288_3""]"	[5996, 5995, 5997, 5998, 5999]	[-1, 0, 1, 2, 3]	5	14.897327423095703	11.677139282226562
BGC0001289	RiPP	RiPP	False	False	"[""BGC0001289_-1"", ""BGC0001289_0"", ""BGC0001289_1"", ""BGC0001289_2"", ""BGC0001289_3""]"	[6001, 6000, 6002, 6003, 6004]	[-1, 0, 1, 2, 3]	5	-4.536231517791748	11.210442543029785
BGC0001290	NRP	NRP	False	False	"[""BGC0001290_-1"", ""BGC0001290_0"", ""BGC0001290_1"", ""BGC0001290_2"", ""BGC0001290_3""]"	[6006, 6005, 6007, 6008, 6009]	[-1, 0, 1, 2, 3]	5	15.921450614929199	9.4166269302368164
BGC0001291	RiPP	RiPP	False	False	"[""BGC0001291_-1"", ""BGC0001291_0"", ""BGC0001291_1"", ""BGC0001291_2"", ""BGC0001291_3""]"	[6011, 6010, 6012, 6013, 6014]	[-1, 0, 1, 2, 3]	5	-4.5446257591247559	10.192405700683594
BGC0001292	Other	Other	False	False	"[""BGC0001292_-1"", ""BGC0001292_0"", ""BGC0001292_1"", ""BGC0001292_2"", ""BGC0001292_3""]"	[6016, 6015, 6017, 6018, 6019]	[-1, 0, 1, 2, 3]	5	3.7179684638977051	1.2099210023880005
BGC0001293	Polyketide	Polyketide	False	False	"[""BGC0001293_-1"", ""BGC0001293_0"", ""BGC0001293_1"", ""BGC0001293_2"", ""BGC0001293_3""]"	[6021, 6020, 6022, 6023, 6024]	[-1, 0, 1, 2, 3]	5	13.530509948730469	14.34772777557373
BGC0001294	Other	Other	False	False	"[""BGC0001294_-1"", ""BGC0001294_0"", ""BGC0001294_1"", ""BGC0001294_2"", ""BGC0001294_3""]"	[6026, 6025, 6027, 6028, 6029]	[-1, 0, 1, 2, 3]	5	3.1225504875183105	2.075908899307251
BGC0001295	Other	Other	False	False	"[""BGC0001295_-1"", ""BGC0001295_0"", ""BGC0001295_1"", ""BGC0001295_2"", ""BGC0001295_3""]"	[6031, 6030, 6032, 6033, 6034]	[-1, 0, 1, 2, 3]	5	3.3359551429748535	2.3875052928924561
BGC0001296	Polyketide	Polyketide	False	False	"[""BGC0001296_-1"", ""BGC0001296_0"", ""BGC0001296_1"", ""BGC0001296_2"", ""BGC0001296_3""]"	[6036, 6035, 6037, 6038, 6039]	[-1, 0, 1, 2, 3]	5	13.503138542175293	12.246871948242188
BGC0001297	NRP	NRP	False	False	"[""BGC0001297_-1"", ""BGC0001297_0"", ""BGC0001297_1"", ""BGC0001297_2"", ""BGC0001297_3""]"	[6041, 6040, 6042, 6043, 6044]	[-1, 0, 1, 2, 3]	5	13.302153587341309	-1.1430057287216187
BGC0001298	Polyketide	Polyketide	False	False	"[""BGC0001298_-1"", ""BGC0001298_0"", ""BGC0001298_1"", ""BGC0001298_2"", ""BGC0001298_3""]"	[6046, 6045, 6047, 6048, 6049]	[-1, 0, 1, 2, 3]	5	13.535723686218262	12.133902549743652
BGC0001299	Polyketide	Polyketide	False	False	"[""BGC0001299_-1"", ""BGC0001299_0"", ""BGC0001299_1"", ""BGC0001299_2"", ""BGC0001299_3""]"	[6051, 6050, 6052, 6053, 6054]	[-1, 0, 1, 2, 3]	5	14.983731269836426	12.258758544921875
BGC0001300	Polyketide	Polyketide	False	False	"[""BGC0001300_-1"", ""BGC0001300_0"", ""BGC0001300_1"", ""BGC0001300_2"", ""BGC0001300_3""]"	[6056, 6055, 6057, 6058, 6059]	[-1, 0, 1, 2, 3]	5	13.734000205993652	11.481540679931641
BGC0001301	Polyketide	Polyketide	False	False	"[""BGC0001301_-1"", ""BGC0001301_0"", ""BGC0001301_1"", ""BGC0001301_2"", ""BGC0001301_3""]"	[6061, 6060, 6062, 6063, 6064]	[-1, 0, 1, 2, 3]	5	13.547995567321777	12.738511085510254
BGC0001302	Other	Other	False	False	"[""BGC0001302_-1"", ""BGC0001302_0"", ""BGC0001302_1"", ""BGC0001302_2"", ""BGC0001302_3""]"	[6066, 6065, 6067, 6068, 6069]	[-1, 0, 1, 2, 3]	5	3.0594685077667236	1.9708361625671387
BGC0001303	Polyketide	Polyketide	False	False	"[""BGC0001303_-1"", ""BGC0001303_0"", ""BGC0001303_1"", ""BGC0001303_2"", ""BGC0001303_3""]"	[6071, 6070, 6072, 6073, 6074]	[-1, 0, 1, 2, 3]	5	14.048883438110352	11.407299995422363
BGC0001304	Polyketide	Polyketide	False	False	"[""BGC0001304_-1"", ""BGC0001304_0"", ""BGC0001304_1"", ""BGC0001304_2"", ""BGC0001304_3""]"	[6076, 6075, 6077, 6078, 6079]	[-1, 0, 1, 2, 3]	5	15.017132759094238	14.853208541870117
BGC0001305	Polyketide	Polyketide	False	False	"[""BGC0001305_-1"", ""BGC0001305_0"", ""BGC0001305_1"", ""BGC0001305_2"", ""BGC0001305_3""]"	[6081, 6080, 6082, 6083, 6084]	[-1, 0, 1, 2, 3]	5	16.158561706542969	11.008234024047852
BGC0001306	RiPP	RiPP	False	False	"[""BGC0001306_-1"", ""BGC0001306_0"", ""BGC0001306_1"", ""BGC0001306_2"", ""BGC0001306_3""]"	[6086, 6085, 6087, 6088, 6089]	[-1, 0, 1, 2, 3]	5	-4.5660181045532227	7.9063777923583984
BGC0001307	RiPP	RiPP	False	False	"[""BGC0001307_-1"", ""BGC0001307_0"", ""BGC0001307_1"", ""BGC0001307_2"", ""BGC0001307_3""]"	[6091, 6090, 6092, 6093, 6094]	[-1, 0, 1, 2, 3]	5	-4.048616886138916	12.089783668518066
BGC0001310	Polyketide	Polyketide	False	False	"[""BGC0001310_-1"", ""BGC0001310_0"", ""BGC0001310_1"", ""BGC0001310_2"", ""BGC0001310_3""]"	[6096, 6095, 6097, 6098, 6099]	[-1, 0, 1, 2, 3]	5	13.818205833435059	14.080474853515625
BGC0001311	RiPP	RiPP	False	False	"[""BGC0001311_-1"", ""BGC0001311_0"", ""BGC0001311_1"", ""BGC0001311_2"", ""BGC0001311_3""]"	[6101, 6100, 6102, 6103, 6104]	[-1, 0, 1, 2, 3]	5	-3.7798888683319092	11.309820175170898
BGC0001312	NRP	NRP	False	False	"[""BGC0001312_-1"", ""BGC0001312_0"", ""BGC0001312_1"", ""BGC0001312_2"", ""BGC0001312_3""]"	[6106, 6105, 6107, 6108, 6109]	[-1, 0, 1, 2, 3]	5	13.03077220916748	-0.30617493391036987
BGC0001313	Terpene	Terpene	False	False	"[""BGC0001313_-1"", ""BGC0001313_0"", ""BGC0001313_1"", ""BGC0001313_2"", ""BGC0001313_3""]"	[6111, 6110, 6112, 6113, 6114]	[-1, 0, 1, 2, 3]	5	3.6258726119995117	8.2070236206054688
BGC0001314	Terpene	Terpene	False	False	"[""BGC0001314_-1"", ""BGC0001314_0"", ""BGC0001314_1"", ""BGC0001314_2"", ""BGC0001314_3""]"	[6116, 6115, 6117, 6118, 6119]	[-1, 0, 1, 2, 3]	5	2.9170823097229004	8.1415910720825195
BGC0001315	Terpene	Terpene	False	False	"[""BGC0001315_-1"", ""BGC0001315_0"", ""BGC0001315_1"", ""BGC0001315_2"", ""BGC0001315_3""]"	[6121, 6120, 6122, 6123, 6124]	[-1, 0, 1, 2, 3]	5	5.2799601554870605	2.9957659244537354
BGC0001316	Other	Other	False	False	"[""BGC0001316_-1"", ""BGC0001316_0"", ""BGC0001316_1"", ""BGC0001316_2"", ""BGC0001316_3""]"	[6126, 6125, 6127, 6128, 6129]	[-1, 0, 1, 2, 3]	5	2.6577591896057129	2.0788938999176025
BGC0001317	Terpene	Terpene	False	False	"[""BGC0001317_-1"", ""BGC0001317_0"", ""BGC0001317_1"", ""BGC0001317_2"", ""BGC0001317_3""]"	[6131, 6130, 6132, 6133, 6134]	[-1, 0, 1, 2, 3]	5	2.785881519317627	8.0287294387817383
BGC0001318	Other	Other	False	False	"[""BGC0001318_-1"", ""BGC0001318_0"", ""BGC0001318_1"", ""BGC0001318_2"", ""BGC0001318_3""]"	[6136, 6135, 6137, 6138, 6139]	[-1, 0, 1, 2, 3]	5	3.1171979904174805	2.7317647933959961
BGC0001321	Terpene	Terpene	False	False	"[""BGC0001321_-1"", ""BGC0001321_0"", ""BGC0001321_1"", ""BGC0001321_2"", ""BGC0001321_3""]"	[6141, 6140, 6142, 6143, 6144]	[-1, 0, 1, 2, 3]	5	2.9418184757232666	8.3777084350585938
BGC0001322	Terpene	Terpene	False	False	"[""BGC0001322_-1"", ""BGC0001322_0"", ""BGC0001322_1"", ""BGC0001322_2"", ""BGC0001322_3""]"	[6146, 6145, 6147, 6148, 6149]	[-1, 0, 1, 2, 3]	5	3.7200281620025635	7.9247026443481445
BGC0001323	Terpene	Terpene	False	False	"[""BGC0001323_-1"", ""BGC0001323_0"", ""BGC0001323_1"", ""BGC0001323_2"", ""BGC0001323_3""]"	[6151, 6150, 6152, 6153, 6154]	[-1, 0, 1, 2, 3]	5	3.0248754024505615	8.3952598571777344
BGC0001324	Terpene	Terpene	False	False	"[""BGC0001324_-1"", ""BGC0001324_0"", ""BGC0001324_1"", ""BGC0001324_2"", ""BGC0001324_3""]"	[6156, 6155, 6157, 6158, 6159]	[-1, 0, 1, 2, 3]	5	3.4505257606506348	8.3358936309814453
BGC0001325	Alkaloid	Alkaloid	False	False	"[""BGC0001325_-1"", ""BGC0001325_0"", ""BGC0001325_1"", ""BGC0001325_2"", ""BGC0001325_3""]"	[6161, 6160, 6162, 6163, 6164]	[-1, 0, 1, 2, 3]	5	5.2117314338684082	2.8800358772277832
BGC0001327	NRP Polyketide	Hybrid	False	False	"[""BGC0001327_-1"", ""BGC0001327_0"", ""BGC0001327_1"", ""BGC0001327_2"", ""BGC0001327_3""]"	[6166, 6165, 6167, 6168, 6169]	[-1, 0, 1, 2, 3]	5	17.80534553527832	7.3587188720703125
BGC0001328	NRP Polyketide	Hybrid	False	False	"[""BGC0001328_-1"", ""BGC0001328_0"", ""BGC0001328_1"", ""BGC0001328_2"", ""BGC0001328_3""]"	[6171, 6170, 6172, 6173, 6174]	[-1, 0, 1, 2, 3]	5	16.821609497070312	6.4774446487426758
BGC0001329	NRP Polyketide	Hybrid	False	False	"[""BGC0001329_-1"", ""BGC0001329_0"", ""BGC0001329_1"", ""BGC0001329_2"", ""BGC0001329_3""]"	[6176, 6175, 6177, 6178, 6179]	[-1, 0, 1, 2, 3]	5	17.923147201538086	7.7397360801696777
BGC0001330	NRP Polyketide	Hybrid	False	False	"[""BGC0001330_-1"", ""BGC0001330_0"", ""BGC0001330_1"", ""BGC0001330_2"", ""BGC0001330_3""]"	[6181, 6180, 6182, 6183, 6184]	[-1, 0, 1, 2, 3]	5	16.756669998168945	6.383690357208252
BGC0001331	NRP Polyketide	Hybrid	False	False	"[""BGC0001331_-1"", ""BGC0001331_0"", ""BGC0001331_1"", ""BGC0001331_2"", ""BGC0001331_3""]"	[6186, 6185, 6187, 6188, 6189]	[-1, 0, 1, 2, 3]	5	17.363031387329102	6.5206942558288574
BGC0001332	NRP Polyketide	Hybrid	False	False	"[""BGC0001332_-1"", ""BGC0001332_0"", ""BGC0001332_1"", ""BGC0001332_2"", ""BGC0001332_3""]"	[6191, 6190, 6192, 6193, 6194]	[-1, 0, 1, 2, 3]	5	17.657672882080078	7.2629561424255371
BGC0001333	Alkaloid	Alkaloid	False	False	"[""BGC0001333_-1"", ""BGC0001333_0"", ""BGC0001333_1"", ""BGC0001333_2"", ""BGC0001333_3""]"	[6196, 6195, 6197, 6198, 6199]	[-1, 0, 1, 2, 3]	5	5.0947051048278809	2.840285062789917
BGC0001334	Alkaloid	Alkaloid	False	False	"[""BGC0001334_-1"", ""BGC0001334_0"", ""BGC0001334_1"", ""BGC0001334_2"", ""BGC0001334_3""]"	[6201, 6200, 6202, 6203, 6204]	[-1, 0, 1, 2, 3]	5	5.1089048385620117	2.7789771556854248
BGC0001335	Alkaloid	Alkaloid	False	False	"[""BGC0001335_-1"", ""BGC0001335_0"", ""BGC0001335_1"", ""BGC0001335_2"", ""BGC0001335_3""]"	[6206, 6205, 6207, 6208, 6209]	[-1, 0, 1, 2, 3]	5	5.075624942779541	2.8407022953033447
BGC0001336	Alkaloid	Alkaloid	False	False	"[""BGC0001336_-1"", ""BGC0001336_0"", ""BGC0001336_1"", ""BGC0001336_2"", ""BGC0001336_3""]"	[6211, 6210, 6212, 6213, 6214]	[-1, 0, 1, 2, 3]	5	5.1609377861022949	2.8306081295013428
BGC0001337	Alkaloid	Alkaloid	False	False	"[""BGC0001337_-1"", ""BGC0001337_0"", ""BGC0001337_1"", ""BGC0001337_2"", ""BGC0001337_3""]"	[6216, 6215, 6217, 6218, 6219]	[-1, 0, 1, 2, 3]	5	5.0284113883972168	2.8010995388031006
BGC0001338	Polyketide	Polyketide	False	False	"[""BGC0001338_-1"", ""BGC0001338_0"", ""BGC0001338_1"", ""BGC0001338_2"", ""BGC0001338_3""]"	[6221, 6220, 6222, 6223, 6224]	[-1, 0, 1, 2, 3]	5	14.556021690368652	14.684108734130859
BGC0001339	Polyketide	Polyketide	False	False	"[""BGC0001339_-1"", ""BGC0001339_0"", ""BGC0001339_1"", ""BGC0001339_2"", ""BGC0001339_3""]"	[6226, 6225, 6227, 6228, 6229]	[-1, 0, 1, 2, 3]	5	15.084688186645508	14.866092681884766
BGC0001340	Polyketide	Polyketide	False	False	"[""BGC0001340_-1"", ""BGC0001340_0"", ""BGC0001340_1"", ""BGC0001340_2"", ""BGC0001340_3""]"	[6231, 6230, 6232, 6233, 6234]	[-1, 0, 1, 2, 3]	5	15.280715942382812	11.397384643554688
BGC0001341	NRP	NRP	False	False	"[""BGC0001341_-1"", ""BGC0001341_0"", ""BGC0001341_1"", ""BGC0001341_2"", ""BGC0001341_3""]"	[6236, 6235, 6237, 6238, 6239]	[-1, 0, 1, 2, 3]	5	10.926355361938477	-0.95376390218734741
BGC0001342	NRP Polyketide	Hybrid	False	False	"[""BGC0001342_-1"", ""BGC0001342_0"", ""BGC0001342_1"", ""BGC0001342_2"", ""BGC0001342_3""]"	[6241, 6240, 6242, 6243, 6244]	[-1, 0, 1, 2, 3]	5	14.599418640136719	10.81845760345459
BGC0001343	Polyketide	Polyketide	False	False	"[""BGC0001343_-1"", ""BGC0001343_0"", ""BGC0001343_1"", ""BGC0001343_2"", ""BGC0001343_3""]"	[6246, 6245, 6247, 6248, 6249]	[-1, 0, 1, 2, 3]	5	14.15352725982666	12.686111450195312
BGC0001344	NRP Polyketide	Hybrid	False	False	"[""BGC0001344_-1"", ""BGC0001344_0"", ""BGC0001344_1"", ""BGC0001344_2"", ""BGC0001344_3""]"	[6251, 6250, 6252, 6253, 6254]	[-1, 0, 1, 2, 3]	5	17.80845832824707	6.8423314094543457
BGC0001345	NRP	NRP	False	False	"[""BGC0001345_-1"", ""BGC0001345_0"", ""BGC0001345_1"", ""BGC0001345_2"", ""BGC0001345_3""]"	[6256, 6255, 6257, 6258, 6259]	[-1, 0, 1, 2, 3]	5	13.566996574401855	-0.46486544609069824
BGC0001346	NRP	NRP	False	False	"[""BGC0001346_-1"", ""BGC0001346_0"", ""BGC0001346_1"", ""BGC0001346_2"", ""BGC0001346_3""]"	[6261, 6260, 6262, 6263, 6264]	[-1, 0, 1, 2, 3]	5	14.082108497619629	-0.52754050493240356
BGC0001348	Polyketide	Polyketide	False	False	"[""BGC0001348_-1"", ""BGC0001348_0"", ""BGC0001348_1"", ""BGC0001348_2"", ""BGC0001348_3""]"	[6266, 6265, 6267, 6268, 6269]	[-1, 0, 1, 2, 3]	5	13.882699012756348	12.419286727905273
BGC0001349	NRP Polyketide	Hybrid	False	False	"[""BGC0001349_-1"", ""BGC0001349_0"", ""BGC0001349_1"", ""BGC0001349_2"", ""BGC0001349_3""]"	[6271, 6270, 6272, 6273, 6274]	[-1, 0, 1, 2, 3]	5	14.76885986328125	10.646653175354004
BGC0001350	Polyketide	Polyketide	False	False	"[""BGC0001350_-1"", ""BGC0001350_0"", ""BGC0001350_1"", ""BGC0001350_2"", ""BGC0001350_3""]"	[6276, 6275, 6277, 6278, 6279]	[-1, 0, 1, 2, 3]	5	14.037747383117676	12.495641708374023
BGC0001351	NRP	NRP	False	False	"[""BGC0001351_-1"", ""BGC0001351_0"", ""BGC0001351_1"", ""BGC0001351_2"", ""BGC0001351_3""]"	[6281, 6280, 6282, 6283, 6284]	[-1, 0, 1, 2, 3]	5	12.985197067260742	-1.5538583993911743
BGC0001356	RiPP	RiPP	False	False	"[""BGC0001356_-1"", ""BGC0001356_0"", ""BGC0001356_1"", ""BGC0001356_2"", ""BGC0001356_3""]"	[6286, 6285, 6287, 6288, 6289]	[-1, 0, 1, 2, 3]	5	-4.5994753837585449	8.2098875045776367
BGC0001357	Polyketide	Polyketide	False	False	"[""BGC0001357_-1"", ""BGC0001357_0"", ""BGC0001357_1"", ""BGC0001357_2"", ""BGC0001357_3""]"	[6291, 6290, 6292, 6293, 6294]	[-1, 0, 1, 2, 3]	5	15.131016731262207	12.500866889953613
BGC0001358	NRP Polyketide	Hybrid	False	False	"[""BGC0001358_-1"", ""BGC0001358_0"", ""BGC0001358_1"", ""BGC0001358_2"", ""BGC0001358_3""]"	[6296, 6295, 6297, 6298, 6299]	[-1, 0, 1, 2, 3]	5	16.402376174926758	8.851933479309082
BGC0001360	Polyketide	Polyketide	False	False	"[""BGC0001360_-1"", ""BGC0001360_0"", ""BGC0001360_1"", ""BGC0001360_2"", ""BGC0001360_3""]"	[6301, 6300, 6302, 6303, 6304]	[-1, 0, 1, 2, 3]	5	14.575469017028809	13.703742980957031
BGC0001361	Terpene	Terpene	False	False	"[""BGC0001361_-1"", ""BGC0001361_0"", ""BGC0001361_1"", ""BGC0001361_2"", ""BGC0001361_3""]"	[6306, 6305, 6307, 6308, 6309]	[-1, 0, 1, 2, 3]	5	2.9024062156677246	2.6875462532043457
BGC0001363	NRP Polyketide	Hybrid	False	False	"[""BGC0001363_-1"", ""BGC0001363_0"", ""BGC0001363_1"", ""BGC0001363_2"", ""BGC0001363_3""]"	[6311, 6310, 6312, 6313, 6314]	[-1, 0, 1, 2, 3]	5	17.386224746704102	6.4600882530212402
BGC0001364	RiPP	RiPP	False	False	"[""BGC0001364_-1"", ""BGC0001364_0"", ""BGC0001364_1"", ""BGC0001364_2"", ""BGC0001364_3""]"	[6316, 6315, 6317, 6318, 6319]	[-1, 0, 1, 2, 3]	5	-4.2011623382568359	10.81772518157959
BGC0001365	NRP	NRP	False	False	"[""BGC0001365_-1"", ""BGC0001365_0"", ""BGC0001365_1"", ""BGC0001365_2"", ""BGC0001365_3""]"	[6321, 6320, 6322, 6323, 6324]	[-1, 0, 1, 2, 3]	5	11.548396110534668	-0.27549669146537781
BGC0001366	Polyketide	Polyketide	False	False	"[""BGC0001366_-1"", ""BGC0001366_0"", ""BGC0001366_1"", ""BGC0001366_2"", ""BGC0001366_3""]"	[6326, 6325, 6327, 6328, 6329]	[-1, 0, 1, 2, 3]	5	12.458905220031738	14.406520843505859
BGC0001367	NRP Polyketide	Hybrid	False	False	"[""BGC0001367_-1"", ""BGC0001367_0"", ""BGC0001367_1"", ""BGC0001367_2"", ""BGC0001367_3""]"	[6331, 6330, 6332, 6333, 6334]	[-1, 0, 1, 2, 3]	5	17.914873123168945	7.7644119262695312
BGC0001368	NRP	NRP	False	False	"[""BGC0001368_-1"", ""BGC0001368_0"", ""BGC0001368_1"", ""BGC0001368_2"", ""BGC0001368_3""]"	[6336, 6335, 6337, 6338, 6339]	[-1, 0, 1, 2, 3]	5	12.823862075805664	-1.4995296001434326
BGC0001369	Polyketide	Polyketide	False	False	"[""BGC0001369_-1"", ""BGC0001369_0"", ""BGC0001369_1"", ""BGC0001369_2"", ""BGC0001369_3""]"	[6341, 6340, 6342, 6343, 6344]	[-1, 0, 1, 2, 3]	5	13.552818298339844	14.479253768920898
BGC0001370	NRP	NRP	False	False	"[""BGC0001370_-1"", ""BGC0001370_0"", ""BGC0001370_1"", ""BGC0001370_2"", ""BGC0001370_3""]"	[6346, 6345, 6347, 6348, 6349]	[-1, 0, 1, 2, 3]	5	13.079055786132812	-1.661965012550354
BGC0001371	NRP	NRP	False	False	"[""BGC0001371_-1"", ""BGC0001371_0"", ""BGC0001371_1"", ""BGC0001371_2"", ""BGC0001371_3""]"	[6351, 6350, 6352, 6353, 6354]	[-1, 0, 1, 2, 3]	5	11.659842491149902	-0.2237970381975174
BGC0001372	Terpene	Terpene	False	False	"[""BGC0001372_-1"", ""BGC0001372_0"", ""BGC0001372_1"", ""BGC0001372_2"", ""BGC0001372_3""]"	[6356, 6355, 6357, 6358, 6359]	[-1, 0, 1, 2, 3]	5	10.639484405517578	0.3129095733165741
BGC0001373	Polyketide	Polyketide	False	False	"[""BGC0001373_-1"", ""BGC0001373_0"", ""BGC0001373_1"", ""BGC0001373_2"", ""BGC0001373_3""]"	[6361, 6360, 6362, 6363, 6364]	[-1, 0, 1, 2, 3]	5	14.690987586975098	14.725143432617188
BGC0001374	Other	Other	False	False	"[""BGC0001374_-1"", ""BGC0001374_0"", ""BGC0001374_1"", ""BGC0001374_2"", ""BGC0001374_3""]"	[6366, 6365, 6367, 6368, 6369]	[-1, 0, 1, 2, 3]	5	2.7024960517883301	1.733434796333313
BGC0001375	Terpene	Terpene	False	False	"[""BGC0001375_-1"", ""BGC0001375_0"", ""BGC0001375_1"", ""BGC0001375_2"", ""BGC0001375_3""]"	[6371, 6370, 6372, 6373, 6374]	[-1, 0, 1, 2, 3]	5	3.2679800987243652	8.2584018707275391
BGC0001376	Polyketide	Polyketide	False	False	"[""BGC0001376_-1"", ""BGC0001376_0"", ""BGC0001376_1"", ""BGC0001376_2"", ""BGC0001376_3""]"	[6376, 6375, 6377, 6378, 6379]	[-1, 0, 1, 2, 3]	5	13.135260581970215	14.711668014526367
BGC0001377	Polyketide	Polyketide	False	False	"[""BGC0001377_-1"", ""BGC0001377_0"", ""BGC0001377_1"", ""BGC0001377_2"", ""BGC0001377_3""]"	[6381, 6380, 6382, 6383, 6384]	[-1, 0, 1, 2, 3]	5	14.085494041442871	13.167405128479004
BGC0001378	Polyketide	Polyketide	False	False	"[""BGC0001378_-1"", ""BGC0001378_0"", ""BGC0001378_1"", ""BGC0001378_2"", ""BGC0001378_3""]"	[6386, 6385, 6387, 6388, 6389]	[-1, 0, 1, 2, 3]	5	13.580714225769043	12.427848815917969
BGC0001379	NRP	NRP	False	False	"[""BGC0001379_-1"", ""BGC0001379_0"", ""BGC0001379_1"", ""BGC0001379_2"", ""BGC0001379_3""]"	[6391, 6390, 6392, 6393, 6394]	[-1, 0, 1, 2, 3]	5	12.128837585449219	-1.2753555774688721
BGC0001380	Saccharide	Saccharide	True	True	"[""BGC0001380_-1"", ""BGC0001380_0"", ""BGC0001380_1"", ""BGC0001380_2"", ""BGC0001380_3""]"	[6396, 6395, 6397, 6398, 6399]	[-1, 0, 1, 2, 3]	5	0.3732835054397583	-0.21676912903785706
BGC0001381	Polyketide	Polyketide	False	False	"[""BGC0001381_-1"", ""BGC0001381_0"", ""BGC0001381_1"", ""BGC0001381_2"", ""BGC0001381_3""]"	[6401, 6400, 6402, 6403, 6404]	[-1, 0, 1, 2, 3]	5	12.773374557495117	13.215741157531738
BGC0001383	Polyketide	Polyketide	False	False	"[""BGC0001383_-1"", ""BGC0001383_0"", ""BGC0001383_1"", ""BGC0001383_2"", ""BGC0001383_3""]"	[6406, 6405, 6407, 6408, 6409]	[-1, 0, 1, 2, 3]	5	13.988717079162598	12.990673065185547
BGC0001384	Polyketide	Polyketide	False	False	"[""BGC0001384_-1"", ""BGC0001384_0"", ""BGC0001384_1"", ""BGC0001384_2"", ""BGC0001384_3""]"	[6411, 6410, 6412, 6413, 6414]	[-1, 0, 1, 2, 3]	5	12.69646167755127	13.467841148376465
BGC0001386	Polyketide	Polyketide	False	False	"[""BGC0001386_-1"", ""BGC0001386_0"", ""BGC0001386_1"", ""BGC0001386_2"", ""BGC0001386_3""]"	[6416, 6415, 6417, 6418, 6419]	[-1, 0, 1, 2, 3]	5	14.524904251098633	14.756219863891602
BGC0001387	Other	Other	False	False	"[""BGC0001387_-1"", ""BGC0001387_0"", ""BGC0001387_1"", ""BGC0001387_2"", ""BGC0001387_3""]"	[6421, 6420, 6422, 6423, 6424]	[-1, 0, 1, 2, 3]	5	2.3158488273620605	1.7899906635284424
BGC0001388	RiPP	RiPP	False	False	"[""BGC0001388_-1"", ""BGC0001388_0"", ""BGC0001388_1"", ""BGC0001388_2"", ""BGC0001388_3""]"	[6426, 6425, 6427, 6428, 6429]	[-1, 0, 1, 2, 3]	5	-4.6390161514282227	9.6428546905517578
BGC0001389	NRP	NRP	False	False	"[""BGC0001389_-1"", ""BGC0001389_0"", ""BGC0001389_1"", ""BGC0001389_2"", ""BGC0001389_3""]"	[6431, 6430, 6432, 6433, 6434]	[-1, 0, 1, 2, 3]	5	13.781431198120117	-0.48134014010429382
BGC0001390	NRP Polyketide	Hybrid	False	False	"[""BGC0001390_-1"", ""BGC0001390_0"", ""BGC0001390_1"", ""BGC0001390_2"", ""BGC0001390_3""]"	[6436, 6435, 6437, 6438, 6439]	[-1, 0, 1, 2, 3]	5	14.804302215576172	12.659875869750977
BGC0001391	RiPP	RiPP	False	False	"[""BGC0001391_-1"", ""BGC0001391_0"", ""BGC0001391_1"", ""BGC0001391_2"", ""BGC0001391_3""]"	[6441, 6440, 6442, 6443, 6444]	[-1, 0, 1, 2, 3]	5	-3.5349686145782471	11.312777519226074
BGC0001392	RiPP	RiPP	False	False	"[""BGC0001392_-1"", ""BGC0001392_0"", ""BGC0001392_1"", ""BGC0001392_2"", ""BGC0001392_3""]"	[6446, 6445, 6447, 6448, 6449]	[-1, 0, 1, 2, 3]	5	-4.7956252098083496	10.571921348571777
BGC0001393	NRP	NRP	False	False	"[""BGC0001393_-1"", ""BGC0001393_0"", ""BGC0001393_1"", ""BGC0001393_2"", ""BGC0001393_3""]"	[6451, 6450, 6452, 6453, 6454]	[-1, 0, 1, 2, 3]	5	13.161764144897461	-0.93222171068191528
BGC0001394	NRP Polyketide	Hybrid	False	False	"[""BGC0001394_-1"", ""BGC0001394_0"", ""BGC0001394_1"", ""BGC0001394_2"", ""BGC0001394_3""]"	[6456, 6455, 6457, 6458, 6459]	[-1, 0, 1, 2, 3]	5	17.814817428588867	7.2125177383422852
BGC0001395	Other	Other	False	False	"[""BGC0001395_-1"", ""BGC0001395_0"", ""BGC0001395_1"", ""BGC0001395_2"", ""BGC0001395_3""]"	[6461, 6460, 6462, 6463, 6464]	[-1, 0, 1, 2, 3]	5	2.2573628425598145	0.83340352773666382
BGC0001396	Polyketide	Polyketide	False	False	"[""BGC0001396_-1"", ""BGC0001396_0"", ""BGC0001396_1"", ""BGC0001396_2"", ""BGC0001396_3""]"	[6466, 6465, 6467, 6468, 6469]	[-1, 0, 1, 2, 3]	5	14.75471305847168	11.668313026428223
BGC0001397	NRP Polyketide	Hybrid	False	False	"[""BGC0001397_-1"", ""BGC0001397_0"", ""BGC0001397_1"", ""BGC0001397_2"", ""BGC0001397_3""]"	[6471, 6470, 6472, 6473, 6474]	[-1, 0, 1, 2, 3]	5	17.757095336914062	8.8246822357177734
BGC0001398	RiPP	RiPP	False	False	"[""BGC0001398_-1"", ""BGC0001398_0"", ""BGC0001398_1"", ""BGC0001398_2"", ""BGC0001398_3""]"	[6476, 6475, 6477, 6478, 6479]	[-1, 0, 1, 2, 3]	5	-4.2425298690795898	11.55164909362793
BGC0001399	NRP	NRP	False	False	"[""BGC0001399_-1"", ""BGC0001399_0"", ""BGC0001399_1"", ""BGC0001399_2"", ""BGC0001399_3""]"	[6481, 6480, 6482, 6483, 6484]	[-1, 0, 1, 2, 3]	5	13.527656555175781	-0.20372220873832703
BGC0001400	Polyketide	Polyketide	False	False	"[""BGC0001400_-1"", ""BGC0001400_0"", ""BGC0001400_1"", ""BGC0001400_2"", ""BGC0001400_3""]"	[6486, 6485, 6487, 6488, 6489]	[-1, 0, 1, 2, 3]	5	15.752965927124023	11.177974700927734
BGC0001402	NRP	NRP	False	False	"[""BGC0001402_-1"", ""BGC0001402_0"", ""BGC0001402_1"", ""BGC0001402_2"", ""BGC0001402_3""]"	[6491, 6490, 6492, 6493, 6494]	[-1, 0, 1, 2, 3]	5	11.117400169372559	-0.17998898029327393
BGC0001403	Polyketide	Polyketide	False	False	"[""BGC0001403_-1"", ""BGC0001403_0"", ""BGC0001403_1"", ""BGC0001403_2"", ""BGC0001403_3""]"	[6496, 6495, 6497, 6498, 6499]	[-1, 0, 1, 2, 3]	5	15.044384002685547	12.258543014526367
BGC0001404	Polyketide	Polyketide	False	False	"[""BGC0001404_-1"", ""BGC0001404_0"", ""BGC0001404_1"", ""BGC0001404_2"", ""BGC0001404_3""]"	[6501, 6500, 6502, 6503, 6504]	[-1, 0, 1, 2, 3]	5	14.083672523498535	13.161906242370605
BGC0001405	Polyketide	Polyketide	False	False	"[""BGC0001405_-1"", ""BGC0001405_0"", ""BGC0001405_1"", ""BGC0001405_2"", ""BGC0001405_3""]"	[6506, 6505, 6507, 6508, 6509]	[-1, 0, 1, 2, 3]	5	14.873659133911133	14.850465774536133
BGC0001406	NRP	NRP	False	False	"[""BGC0001406_-1"", ""BGC0001406_0"", ""BGC0001406_1"", ""BGC0001406_2"", ""BGC0001406_3""]"	[6511, 6510, 6512, 6513, 6514]	[-1, 0, 1, 2, 3]	5	12.58411693572998	-1.7357149124145508
BGC0001407	RiPP	RiPP	False	False	"[""BGC0001407_-1"", ""BGC0001407_0"", ""BGC0001407_1"", ""BGC0001407_2"", ""BGC0001407_3""]"	[6516, 6515, 6517, 6518, 6519]	[-1, 0, 1, 2, 3]	5	-4.5727896690368652	11.14799690246582
BGC0001408	Other	Other	False	False	"[""BGC0001408_-1"", ""BGC0001408_0"", ""BGC0001408_1"", ""BGC0001408_2"", ""BGC0001408_3""]"	[6521, 6520, 6522, 6523, 6524]	[-1, 0, 1, 2, 3]	5	2.0409297943115234	2.4643399715423584
BGC0001409	Polyketide	Polyketide	False	False	"[""BGC0001409_-1"", ""BGC0001409_0"", ""BGC0001409_1"", ""BGC0001409_2"", ""BGC0001409_3""]"	[6526, 6525, 6527, 6528, 6529]	[-1, 0, 1, 2, 3]	5	12.522556304931641	13.051736831665039
BGC0001410	Saccharide	Saccharide	True	True	"[""BGC0001410_-1"", ""BGC0001410_0"", ""BGC0001410_1"", ""BGC0001410_2"", ""BGC0001410_3""]"	[6531, 6530, 6532, 6533, 6534]	[-1, 0, 1, 2, 3]	5	0.20864230394363403	-1.2927391529083252
BGC0001411	Saccharide	Saccharide	True	True	"[""BGC0001411_-1"", ""BGC0001411_0"", ""BGC0001411_1"", ""BGC0001411_2"", ""BGC0001411_3""]"	[6536, 6535, 6537, 6538, 6539]	[-1, 0, 1, 2, 3]	5	0.50416594743728638	-0.3493427038192749
BGC0001412	Saccharide	Saccharide	True	True	"[""BGC0001412_-1"", ""BGC0001412_0"", ""BGC0001412_1"", ""BGC0001412_2"", ""BGC0001412_3""]"	[6541, 6540, 6542, 6543, 6544]	[-1, 0, 1, 2, 3]	5	0.19760249555110931	-0.6021915078163147
BGC0001413	NRP	NRP	False	False	"[""BGC0001413_-1"", ""BGC0001413_0"", ""BGC0001413_1"", ""BGC0001413_2"", ""BGC0001413_3""]"	[6546, 6545, 6547, 6548, 6549]	[-1, 0, 1, 2, 3]	5	14.428014755249023	-0.51412099599838257
BGC0001414	NRP	NRP	False	False	"[""BGC0001414_-1"", ""BGC0001414_0"", ""BGC0001414_1"", ""BGC0001414_2"", ""BGC0001414_3""]"	[6551, 6550, 6552, 6553, 6554]	[-1, 0, 1, 2, 3]	5	12.78768253326416	-2.1392357349395752
BGC0001415	NRP Polyketide	Hybrid	False	False	"[""BGC0001415_-1"", ""BGC0001415_0"", ""BGC0001415_1"", ""BGC0001415_2"", ""BGC0001415_3""]"	[6556, 6555, 6557, 6558, 6559]	[-1, 0, 1, 2, 3]	5	13.959982872009277	-1.0296350717544556
BGC0001416	NRP	NRP	False	False	"[""BGC0001416_-1"", ""BGC0001416_0"", ""BGC0001416_1"", ""BGC0001416_2"", ""BGC0001416_3""]"	[6561, 6560, 6562, 6563, 6564]	[-1, 0, 1, 2, 3]	5	13.943406105041504	-0.35021546483039856
BGC0001417	NRP Polyketide	Hybrid	False	False	"[""BGC0001417_-1"", ""BGC0001417_0"", ""BGC0001417_1"", ""BGC0001417_2"", ""BGC0001417_3""]"	[6566, 6565, 6567, 6568, 6569]	[-1, 0, 1, 2, 3]	5	17.735649108886719	6.7115411758422852
BGC0001418	NRP Polyketide	Hybrid	False	False	"[""BGC0001418_-1"", ""BGC0001418_0"", ""BGC0001418_1"", ""BGC0001418_2"", ""BGC0001418_3""]"	[6571, 6570, 6572, 6573, 6574]	[-1, 0, 1, 2, 3]	5	17.590530395507812	6.7589726448059082
BGC0001419	NRP Polyketide	Hybrid	False	False	"[""BGC0001419_-1"", ""BGC0001419_0"", ""BGC0001419_1"", ""BGC0001419_2"", ""BGC0001419_3""]"	[6576, 6575, 6577, 6578, 6579]	[-1, 0, 1, 2, 3]	5	17.771461486816406	6.8692235946655273
BGC0001420	NRP Polyketide	Hybrid	False	False	"[""BGC0001420_-1"", ""BGC0001420_0"", ""BGC0001420_1"", ""BGC0001420_2"", ""BGC0001420_3""]"	[6581, 6580, 6582, 6583, 6584]	[-1, 0, 1, 2, 3]	5	17.769533157348633	6.8312978744506836
BGC0001421	NRP Polyketide	Hybrid	False	False	"[""BGC0001421_-1"", ""BGC0001421_0"", ""BGC0001421_1"", ""BGC0001421_2"", ""BGC0001421_3""]"	[6586, 6585, 6587, 6588, 6589]	[-1, 0, 1, 2, 3]	5	17.504230499267578	6.6038527488708496
BGC0001422	NRP Polyketide	Hybrid	False	False	"[""BGC0001422_-1"", ""BGC0001422_0"", ""BGC0001422_1"", ""BGC0001422_2"", ""BGC0001422_3""]"	[6591, 6590, 6592, 6593, 6594]	[-1, 0, 1, 2, 3]	5	17.616817474365234	6.9360833168029785
BGC0001423	NRP Polyketide	Hybrid	False	False	"[""BGC0001423_-1"", ""BGC0001423_0"", ""BGC0001423_1"", ""BGC0001423_2"", ""BGC0001423_3""]"	[6596, 6595, 6597, 6598, 6599]	[-1, 0, 1, 2, 3]	5	17.653749465942383	6.7796759605407715
BGC0001424	NRP Polyketide	Hybrid	False	False	"[""BGC0001424_-1"", ""BGC0001424_0"", ""BGC0001424_1"", ""BGC0001424_2"", ""BGC0001424_3""]"	[6601, 6600, 6602, 6603, 6604]	[-1, 0, 1, 2, 3]	5	17.591938018798828	6.7151823043823242
BGC0001425	NRP Polyketide	Hybrid	False	False	"[""BGC0001425_-1"", ""BGC0001425_0"", ""BGC0001425_1"", ""BGC0001425_2"", ""BGC0001425_3""]"	[6606, 6605, 6607, 6608, 6609]	[-1, 0, 1, 2, 3]	5	17.816267013549805	7.0686769485473633
BGC0001426	NRP Polyketide	Hybrid	False	False	"[""BGC0001426_-1"", ""BGC0001426_0"", ""BGC0001426_1"", ""BGC0001426_2"", ""BGC0001426_3""]"	[6611, 6610, 6612, 6613, 6614]	[-1, 0, 1, 2, 3]	5	17.691213607788086	7.029026985168457
BGC0001427	NRP Polyketide	Hybrid	False	False	"[""BGC0001427_-1"", ""BGC0001427_0"", ""BGC0001427_1"", ""BGC0001427_2"", ""BGC0001427_3""]"	[6616, 6615, 6617, 6618, 6619]	[-1, 0, 1, 2, 3]	5	17.756690979003906	6.9867644309997559
BGC0001428	NRP Polyketide	Hybrid	False	False	"[""BGC0001428_-1"", ""BGC0001428_0"", ""BGC0001428_1"", ""BGC0001428_2"", ""BGC0001428_3""]"	[6621, 6620, 6622, 6623, 6624]	[-1, 0, 1, 2, 3]	5	17.705429077148438	6.9200434684753418
BGC0001429	NRP Polyketide	Hybrid	False	False	"[""BGC0001429_-1"", ""BGC0001429_0"", ""BGC0001429_1"", ""BGC0001429_2"", ""BGC0001429_3""]"	[6626, 6625, 6627, 6628, 6629]	[-1, 0, 1, 2, 3]	5	17.37318229675293	6.949610710144043
BGC0001430	NRP Polyketide	Hybrid	False	False	"[""BGC0001430_-1"", ""BGC0001430_0"", ""BGC0001430_1"", ""BGC0001430_2"", ""BGC0001430_3""]"	[6631, 6630, 6632, 6633, 6634]	[-1, 0, 1, 2, 3]	5	17.705289840698242	6.9712796211242676
BGC0001431	NRP Polyketide	Hybrid	False	False	"[""BGC0001431_-1"", ""BGC0001431_0"", ""BGC0001431_1"", ""BGC0001431_2"", ""BGC0001431_3""]"	[6636, 6635, 6637, 6638, 6639]	[-1, 0, 1, 2, 3]	5	17.489995956420898	7.1585836410522461
BGC0001432	NRP Polyketide	Hybrid	False	False	"[""BGC0001432_-1"", ""BGC0001432_0"", ""BGC0001432_1"", ""BGC0001432_2"", ""BGC0001432_3""]"	[6641, 6640, 6642, 6643, 6644]	[-1, 0, 1, 2, 3]	5	17.540544509887695	7.4216470718383789
BGC0001433	Polyketide	Polyketide	False	False	"[""BGC0001433_-1"", ""BGC0001433_0"", ""BGC0001433_1"", ""BGC0001433_2"", ""BGC0001433_3""]"	[6646, 6645, 6647, 6648, 6649]	[-1, 0, 1, 2, 3]	5	13.342782974243164	11.803817749023438
BGC0001434	NRP	NRP	False	False	"[""BGC0001434_-1"", ""BGC0001434_0"", ""BGC0001434_1"", ""BGC0001434_2"", ""BGC0001434_3""]"	[6651, 6650, 6652, 6653, 6654]	[-1, 0, 1, 2, 3]	5	14.140978813171387	-0.42664423584938049
BGC0001435	NRP Polyketide	Hybrid	False	False	"[""BGC0001435_-1"", ""BGC0001435_0"", ""BGC0001435_1"", ""BGC0001435_2"", ""BGC0001435_3""]"	[6656, 6655, 6657, 6658, 6659]	[-1, 0, 1, 2, 3]	5	16.10374641418457	9.8038225173950195
BGC0001436	Polyketide	Polyketide	False	False	"[""BGC0001436_-1"", ""BGC0001436_0"", ""BGC0001436_1"", ""BGC0001436_2"", ""BGC0001436_3""]"	[6661, 6660, 6662, 6663, 6664]	[-1, 0, 1, 2, 3]	5	16.184576034545898	11.723929405212402
BGC0001437	NRP	NRP	False	False	"[""BGC0001437_-1"", ""BGC0001437_0"", ""BGC0001437_1"", ""BGC0001437_2"", ""BGC0001437_3""]"	[6666, 6665, 6667, 6668, 6669]	[-1, 0, 1, 2, 3]	5	13.024739265441895	-0.42943301796913147
BGC0001438	Polyketide Saccharide	Hybrid	True	False	"[""BGC0001438_-1"", ""BGC0001438_0"", ""BGC0001438_1"", ""BGC0001438_2"", ""BGC0001438_3""]"	[6671, 6670, 6672, 6673, 6674]	[-1, 0, 1, 2, 3]	5	11.871698379516602	13.759441375732422
BGC0001439	Polyketide Saccharide	Hybrid	True	False	"[""BGC0001439_-1"", ""BGC0001439_0"", ""BGC0001439_1"", ""BGC0001439_2"", ""BGC0001439_3""]"	[6676, 6675, 6677, 6678, 6679]	[-1, 0, 1, 2, 3]	5	11.684274673461914	13.751571655273438
BGC0001440	Other	Other	False	False	"[""BGC0001440_-1"", ""BGC0001440_0"", ""BGC0001440_1"", ""BGC0001440_2"", ""BGC0001440_3""]"	[6681, 6680, 6682, 6683, 6684]	[-1, 0, 1, 2, 3]	5	2.6214988231658936	1.733466625213623
BGC0001441	Other	Other	False	False	"[""BGC0001441_-1"", ""BGC0001441_0"", ""BGC0001441_1"", ""BGC0001441_2"", ""BGC0001441_3""]"	[6686, 6685, 6687, 6688, 6689]	[-1, 0, 1, 2, 3]	5	3.4986531734466553	1.4084392786026001
BGC0001442	NRP	NRP	False	False	"[""BGC0001442_-1"", ""BGC0001442_0"", ""BGC0001442_1"", ""BGC0001442_2"", ""BGC0001442_3""]"	[6691, 6690, 6692, 6693, 6694]	[-1, 0, 1, 2, 3]	5	14.135610580444336	-1.0153814554214478
BGC0001443	NRP Polyketide	Hybrid	False	False	"[""BGC0001443_-1"", ""BGC0001443_0"", ""BGC0001443_1"", ""BGC0001443_2"", ""BGC0001443_3""]"	[6696, 6695, 6697, 6698, 6699]	[-1, 0, 1, 2, 3]	5	17.810047149658203	8.8198003768920898
BGC0001444	Other	Other	False	False	"[""BGC0001444_-1"", ""BGC0001444_0"", ""BGC0001444_1"", ""BGC0001444_2"", ""BGC0001444_3""]"	[6701, 6700, 6702, 6703, 6704]	[-1, 0, 1, 2, 3]	5	3.1640310287475586	1.5417197942733765
BGC0001445	NRP Polyketide	Hybrid	False	False	"[""BGC0001445_-1"", ""BGC0001445_0"", ""BGC0001445_1"", ""BGC0001445_2"", ""BGC0001445_3""]"	[6706, 6705, 6707, 6708, 6709]	[-1, 0, 1, 2, 3]	5	16.004182815551758	9.5928173065185547
BGC0001446	Polyketide	Polyketide	False	False	"[""BGC0001446_-1"", ""BGC0001446_0"", ""BGC0001446_1"", ""BGC0001446_2"", ""BGC0001446_3""]"	[6711, 6710, 6712, 6713, 6714]	[-1, 0, 1, 2, 3]	5	14.512326240539551	14.100766181945801
BGC0001447	Polyketide	Polyketide	False	False	"[""BGC0001447_-1"", ""BGC0001447_0"", ""BGC0001447_1"", ""BGC0001447_2"", ""BGC0001447_3""]"	[6716, 6715, 6717, 6718, 6719]	[-1, 0, 1, 2, 3]	5	13.336079597473145	12.025773048400879
BGC0001448	NRP	NRP	False	False	"[""BGC0001448_-1"", ""BGC0001448_0"", ""BGC0001448_1"", ""BGC0001448_2"", ""BGC0001448_3""]"	[6721, 6720, 6722, 6723, 6724]	[-1, 0, 1, 2, 3]	5	13.063800811767578	-1.8335577249526978
BGC0001449	NRP Polyketide Alkaloid	Hybrid	False	False	"[""BGC0001449_-1"", ""BGC0001449_0"", ""BGC0001449_1"", ""BGC0001449_2"", ""BGC0001449_3""]"	[6726, 6725, 6727, 6728, 6729]	[-1, 0, 1, 2, 3]	5	16.319789886474609	9.0118589401245117
BGC0001451	NRP	NRP	False	False	"[""BGC0001451_-1"", ""BGC0001451_0"", ""BGC0001451_1"", ""BGC0001451_2"", ""BGC0001451_3""]"	[6731, 6730, 6732, 6733, 6734]	[-1, 0, 1, 2, 3]	5	13.421966552734375	-0.52691727876663208
BGC0001452	Polyketide	Polyketide	False	False	"[""BGC0001452_-1"", ""BGC0001452_0"", ""BGC0001452_1"", ""BGC0001452_2"", ""BGC0001452_3""]"	[6736, 6735, 6737, 6738, 6739]	[-1, 0, 1, 2, 3]	5	12.011673927307129	13.626012802124023
BGC0001453	Other	Other	False	False	"[""BGC0001453_-1"", ""BGC0001453_0"", ""BGC0001453_1"", ""BGC0001453_2"", ""BGC0001453_3""]"	[6741, 6740, 6742, 6743, 6744]	[-1, 0, 1, 2, 3]	5	3.1593399047851562	2.1375908851623535
BGC0001454	Other	Other	False	False	"[""BGC0001454_-1"", ""BGC0001454_0"", ""BGC0001454_1"", ""BGC0001454_2"", ""BGC0001454_3""]"	[6746, 6745, 6747, 6748, 6749]	[-1, 0, 1, 2, 3]	5	3.2202134132385254	0.92326390743255615
BGC0001455	NRP Polyketide	Hybrid	False	False	"[""BGC0001455_-1"", ""BGC0001455_0"", ""BGC0001455_1"", ""BGC0001455_2"", ""BGC0001455_3""]"	[6751, 6750, 6752, 6753, 6754]	[-1, 0, 1, 2, 3]	5	17.507438659667969	7.4581098556518555
BGC0001456	Terpene	Terpene	False	False	"[""BGC0001456_-1"", ""BGC0001456_0"", ""BGC0001456_1"", ""BGC0001456_2"", ""BGC0001456_3""]"	[6756, 6755, 6757, 6758, 6759]	[-1, 0, 1, 2, 3]	5	3.3241322040557861	8.1462574005126953
BGC0001457	NRP	NRP	False	False	"[""BGC0001457_-1"", ""BGC0001457_0"", ""BGC0001457_1"", ""BGC0001457_2"", ""BGC0001457_3""]"	[6761, 6760, 6762, 6763, 6764]	[-1, 0, 1, 2, 3]	5	16.669763565063477	6.2842831611633301
BGC0001458	Other	Other	False	False	"[""BGC0001458_-1"", ""BGC0001458_0"", ""BGC0001458_1"", ""BGC0001458_2"", ""BGC0001458_3""]"	[6766, 6765, 6767, 6768, 6769]	[-1, 0, 1, 2, 3]	5	3.1627664566040039	1.2869957685470581
BGC0001459	NRP	NRP	False	False	"[""BGC0001459_-1"", ""BGC0001459_0"", ""BGC0001459_1"", ""BGC0001459_2"", ""BGC0001459_3""]"	[6771, 6770, 6772, 6773, 6774]	[-1, 0, 1, 2, 3]	5	12.256540298461914	-2.3850688934326172
BGC0001460	NRP	NRP	False	False	"[""BGC0001460_-1"", ""BGC0001460_0"", ""BGC0001460_1"", ""BGC0001460_2"", ""BGC0001460_3""]"	[6776, 6775, 6777, 6778, 6779]	[-1, 0, 1, 2, 3]	5	12.312009811401367	-2.3733916282653809
BGC0001461	NRP	NRP	False	False	"[""BGC0001461_-1"", ""BGC0001461_0"", ""BGC0001461_1"", ""BGC0001461_2"", ""BGC0001461_3""]"	[6781, 6780, 6782, 6783, 6784]	[-1, 0, 1, 2, 3]	5	12.279030799865723	-2.4019393920898438
BGC0001462	NRP	NRP	False	False	"[""BGC0001462_-1"", ""BGC0001462_0"", ""BGC0001462_1"", ""BGC0001462_2"", ""BGC0001462_3""]"	[6786, 6785, 6787, 6788, 6789]	[-1, 0, 1, 2, 3]	5	12.26148796081543	-2.4114773273468018
BGC0001463	Other	Other	False	False	"[""BGC0001463_-1"", ""BGC0001463_0"", ""BGC0001463_1"", ""BGC0001463_2"", ""BGC0001463_3""]"	[6791, 6790, 6792, 6793, 6794]	[-1, 0, 1, 2, 3]	5	2.6737830638885498	1.7783046960830688
BGC0001464	Other	Other	False	False	"[""BGC0001464_-1"", ""BGC0001464_0"", ""BGC0001464_1"", ""BGC0001464_2"", ""BGC0001464_3""]"	[6796, 6795, 6797, 6798, 6799]	[-1, 0, 1, 2, 3]	5	2.6114070415496826	1.8224856853485107
BGC0001465	Other	Other	False	False	"[""BGC0001465_-1"", ""BGC0001465_0"", ""BGC0001465_1"", ""BGC0001465_2"", ""BGC0001465_3""]"	[6801, 6800, 6802, 6803, 6804]	[-1, 0, 1, 2, 3]	5	2.4680233001708984	1.830285906791687
BGC0001467	NRP Polyketide	Hybrid	False	False	"[""BGC0001467_-1"", ""BGC0001467_0"", ""BGC0001467_1"", ""BGC0001467_2"", ""BGC0001467_3""]"	[6806, 6805, 6807, 6808, 6809]	[-1, 0, 1, 2, 3]	5	17.233253479003906	6.5338821411132812
BGC0001468	Other	Other	False	False	"[""BGC0001468_-1"", ""BGC0001468_0"", ""BGC0001468_1"", ""BGC0001468_2"", ""BGC0001468_3""]"	[6811, 6810, 6812, 6813, 6814]	[-1, 0, 1, 2, 3]	5	2.5290093421936035	1.7893600463867188
BGC0001469	NRP	NRP	False	False	"[""BGC0001469_-1"", ""BGC0001469_0"", ""BGC0001469_1"", ""BGC0001469_2"", ""BGC0001469_3""]"	[6816, 6815, 6817, 6818, 6819]	[-1, 0, 1, 2, 3]	5	12.979866027832031	-1.0243839025497437
BGC0001470	Polyketide	Polyketide	False	False	"[""BGC0001470_-1"", ""BGC0001470_0"", ""BGC0001470_1"", ""BGC0001470_2"", ""BGC0001470_3""]"	[6821, 6820, 6822, 6823, 6824]	[-1, 0, 1, 2, 3]	5	14.09498119354248	12.615520477294922
BGC0001471	RiPP	RiPP	False	False	"[""BGC0001471_-1"", ""BGC0001471_0"", ""BGC0001471_1"", ""BGC0001471_2"", ""BGC0001471_3""]"	[6826, 6825, 6827, 6828, 6829]	[-1, 0, 1, 2, 3]	5	-3.3388030529022217	11.01203441619873
BGC0001472	RiPP	RiPP	False	False	"[""BGC0001472_-1"", ""BGC0001472_0"", ""BGC0001472_1"", ""BGC0001472_2"", ""BGC0001472_3""]"	[6831, 6830, 6832, 6833, 6834]	[-1, 0, 1, 2, 3]	5	-3.7262256145477295	11.165855407714844
BGC0001473	RiPP	RiPP	False	False	"[""BGC0001473_-1"", ""BGC0001473_0"", ""BGC0001473_1"", ""BGC0001473_2"", ""BGC0001473_3""]"	[6836, 6835, 6837, 6838, 6839]	[-1, 0, 1, 2, 3]	5	-3.3928036689758301	10.992208480834961
BGC0001474	RiPP	RiPP	False	False	"[""BGC0001474_-1"", ""BGC0001474_0"", ""BGC0001474_1"", ""BGC0001474_2"", ""BGC0001474_3""]"	[6841, 6840, 6842, 6843, 6844]	[-1, 0, 1, 2, 3]	5	-3.5108721256256104	10.839600563049316
BGC0001475	Terpene	Terpene	False	False	"[""BGC0001475_-1"", ""BGC0001475_0"", ""BGC0001475_1"", ""BGC0001475_2"", ""BGC0001475_3""]"	[6846, 6845, 6847, 6848, 6849]	[-1, 0, 1, 2, 3]	5	2.9786264896392822	8.3864259719848633
BGC0001476	Other	Other	False	False	"[""BGC0001476_-1"", ""BGC0001476_0"", ""BGC0001476_1"", ""BGC0001476_2"", ""BGC0001476_3""]"	[6851, 6850, 6852, 6853, 6854]	[-1, 0, 1, 2, 3]	5	3.5172348022460938	1.9451847076416016
BGC0001477	NRP Polyketide	Hybrid	False	False	"[""BGC0001477_-1"", ""BGC0001477_0"", ""BGC0001477_1"", ""BGC0001477_2"", ""BGC0001477_3""]"	[6856, 6855, 6857, 6858, 6859]	[-1, 0, 1, 2, 3]	5	16.854804992675781	6.473808765411377
BGC0001478	Other	Other	False	False	"[""BGC0001478_-1"", ""BGC0001478_0"", ""BGC0001478_1"", ""BGC0001478_2"", ""BGC0001478_3""]"	[6861, 6860, 6862, 6863, 6864]	[-1, 0, 1, 2, 3]	5	3.5316963195800781	1.3294048309326172
BGC0001479	NRP	NRP	False	False	"[""BGC0001479_-1"", ""BGC0001479_0"", ""BGC0001479_1"", ""BGC0001479_2"", ""BGC0001479_3""]"	[6866, 6865, 6867, 6868, 6869]	[-1, 0, 1, 2, 3]	5	13.039989471435547	-0.30586254596710205
BGC0001480	Other	Other	False	False	"[""BGC0001480_-1"", ""BGC0001480_0"", ""BGC0001480_1"", ""BGC0001480_2"", ""BGC0001480_3""]"	[6871, 6870, 6872, 6873, 6874]	[-1, 0, 1, 2, 3]	5	2.3833849430084229	1.6892548799514771
BGC0001481	Terpene	Terpene	False	False	"[""BGC0001481_-1"", ""BGC0001481_0"", ""BGC0001481_1"", ""BGC0001481_2"", ""BGC0001481_3""]"	[6876, 6875, 6877, 6878, 6879]	[-1, 0, 1, 2, 3]	5	3.1710159778594971	7.8397808074951172
BGC0001483	Other	Other	False	False	"[""BGC0001483_-1"", ""BGC0001483_0"", ""BGC0001483_1"", ""BGC0001483_2"", ""BGC0001483_3""]"	[6881, 6880, 6882, 6883, 6884]	[-1, 0, 1, 2, 3]	5	3.2285807132720947	2.0399572849273682
BGC0001484	Other	Other	False	False	"[""BGC0001484_-1"", ""BGC0001484_0"", ""BGC0001484_1"", ""BGC0001484_2"", ""BGC0001484_3""]"	[6886, 6885, 6887, 6888, 6889]	[-1, 0, 1, 2, 3]	5	3.188927173614502	1.6600641012191772
BGC0001485	Alkaloid	Alkaloid	False	False	"[""BGC0001485_-1"", ""BGC0001485_0"", ""BGC0001485_1"", ""BGC0001485_2"", ""BGC0001485_3""]"	[6891, 6890, 6892, 6893, 6894]	[-1, 0, 1, 2, 3]	5	5.0573806762695312	2.8263981342315674
BGC0001486	RiPP	RiPP	False	False	"[""BGC0001486_-1"", ""BGC0001486_0"", ""BGC0001486_1"", ""BGC0001486_2"", ""BGC0001486_3""]"	[6896, 6895, 6897, 6898, 6899]	[-1, 0, 1, 2, 3]	5	-4.6639518737792969	9.1294984817504883
BGC0001487	Other	Other	False	False	"[""BGC0001487_-1"", ""BGC0001487_0"", ""BGC0001487_1"", ""BGC0001487_2"", ""BGC0001487_3""]"	[6901, 6900, 6902, 6903, 6904]	[-1, 0, 1, 2, 3]	5	3.6009452342987061	1.5786337852478027
BGC0001488	Other	Other	False	False	"[""BGC0001488_-1"", ""BGC0001488_0"", ""BGC0001488_1"", ""BGC0001488_2"", ""BGC0001488_3""]"	[6906, 6905, 6907, 6908, 6909]	[-1, 0, 1, 2, 3]	5	2.4960675239562988	2.0302143096923828
BGC0001489	Polyketide	Polyketide	False	False	"[""BGC0001489_-1"", ""BGC0001489_0"", ""BGC0001489_1"", ""BGC0001489_2"", ""BGC0001489_3""]"	[6911, 6910, 6912, 6913, 6914]	[-1, 0, 1, 2, 3]	5	13.753132820129395	14.356223106384277
BGC0001490	Other	Other	False	False	"[""BGC0001490_-1"", ""BGC0001490_0"", ""BGC0001490_1"", ""BGC0001490_2"", ""BGC0001490_3""]"	[6916, 6915, 6917, 6918, 6919]	[-1, 0, 1, 2, 3]	5	3.1650772094726562	2.7174816131591797
BGC0001491	Polyketide	Polyketide	False	False	"[""BGC0001491_-1"", ""BGC0001491_0"", ""BGC0001491_1"", ""BGC0001491_2"", ""BGC0001491_3""]"	[6921, 6920, 6922, 6923, 6924]	[-1, 0, 1, 2, 3]	5	14.220608711242676	11.879475593566895
BGC0001492	Polyketide	Polyketide	False	False	"[""BGC0001492_-1"", ""BGC0001492_0"", ""BGC0001492_1"", ""BGC0001492_2"", ""BGC0001492_3""]"	[6926, 6925, 6927, 6928, 6929]	[-1, 0, 1, 2, 3]	5	12.730979919433594	13.335409164428711
BGC0001493	RiPP	RiPP	False	False	"[""BGC0001493_-1"", ""BGC0001493_0"", ""BGC0001493_1"", ""BGC0001493_2"", ""BGC0001493_3""]"	[6931, 6930, 6932, 6933, 6934]	[-1, 0, 1, 2, 3]	5	-4.0854053497314453	12.031058311462402
BGC0001494	RiPP	RiPP	False	False	"[""BGC0001494_-1"", ""BGC0001494_0"", ""BGC0001494_1"", ""BGC0001494_2"", ""BGC0001494_3""]"	[6936, 6935, 6937, 6938, 6939]	[-1, 0, 1, 2, 3]	5	-4.8028645515441895	10.34199333190918
BGC0001495	Polyketide	Polyketide	False	False	"[""BGC0001495_-1"", ""BGC0001495_0"", ""BGC0001495_1"", ""BGC0001495_2"", ""BGC0001495_3""]"	[6941, 6940, 6942, 6943, 6944]	[-1, 0, 1, 2, 3]	5	14.79203987121582	11.620625495910645
BGC0001496	RiPP	RiPP	False	False	"[""BGC0001496_-1"", ""BGC0001496_0"", ""BGC0001496_1"", ""BGC0001496_2"", ""BGC0001496_3""]"	[6946, 6945, 6947, 6948, 6949]	[-1, 0, 1, 2, 3]	5	-4.846440315246582	10.68122673034668
BGC0001498	Other	Other	False	False	"[""BGC0001498_-1"", ""BGC0001498_0"", ""BGC0001498_1"", ""BGC0001498_2"", ""BGC0001498_3""]"	[6951, 6950, 6952, 6953, 6954]	[-1, 0, 1, 2, 3]	5	3.6318051815032959	2.1329076290130615
BGC0001499	Other	Other	False	False	"[""BGC0001499_-1"", ""BGC0001499_0"", ""BGC0001499_1"", ""BGC0001499_2"", ""BGC0001499_3""]"	[6956, 6955, 6957, 6958, 6959]	[-1, 0, 1, 2, 3]	5	2.309476375579834	1.6924940347671509
BGC0001500	Polyketide	Polyketide	False	False	"[""BGC0001500_-1"", ""BGC0001500_0"", ""BGC0001500_1"", ""BGC0001500_2"", ""BGC0001500_3""]"	[6961, 6960, 6962, 6963, 6964]	[-1, 0, 1, 2, 3]	5	13.12326717376709	14.926460266113281
BGC0001501	Alkaloid	Alkaloid	False	False	"[""BGC0001501_-1"", ""BGC0001501_0"", ""BGC0001501_1"", ""BGC0001501_2"", ""BGC0001501_3""]"	[6966, 6965, 6967, 6968, 6969]	[-1, 0, 1, 2, 3]	5	5.2605800628662109	2.9249310493469238
BGC0001502	NRP	NRP	False	False	"[""BGC0001502_-1"", ""BGC0001502_0"", ""BGC0001502_1"", ""BGC0001502_2"", ""BGC0001502_3""]"	[6971, 6970, 6972, 6973, 6974]	[-1, 0, 1, 2, 3]	5	13.055570602416992	-0.65141606330871582
BGC0001503	Polyketide	Polyketide	False	False	"[""BGC0001503_-1"", ""BGC0001503_0"", ""BGC0001503_1"", ""BGC0001503_2"", ""BGC0001503_3""]"	[6976, 6975, 6977, 6978, 6979]	[-1, 0, 1, 2, 3]	5	12.30512809753418	12.756648063659668
BGC0001504	Polyketide	Polyketide	False	False	"[""BGC0001504_-1"", ""BGC0001504_0"", ""BGC0001504_1"", ""BGC0001504_2"", ""BGC0001504_3""]"	[6981, 6980, 6982, 6983, 6984]	[-1, 0, 1, 2, 3]	5	14.354351997375488	12.683342933654785
BGC0001505	RiPP	RiPP	False	False	"[""BGC0001505_-1"", ""BGC0001505_0"", ""BGC0001505_1"", ""BGC0001505_2"", ""BGC0001505_3""]"	[6986, 6985, 6987, 6988, 6989]	[-1, 0, 1, 2, 3]	5	-4.6534380912780762	9.2367668151855469
BGC0001506	RiPP	RiPP	False	False	"[""BGC0001506_-1"", ""BGC0001506_0"", ""BGC0001506_1"", ""BGC0001506_2"", ""BGC0001506_3""]"	[6991, 6990, 6992, 6993, 6994]	[-1, 0, 1, 2, 3]	5	-4.3019275665283203	11.603938102722168
BGC0001507	RiPP	RiPP	False	False	"[""BGC0001507_-1"", ""BGC0001507_0"", ""BGC0001507_1"", ""BGC0001507_2"", ""BGC0001507_3""]"	[6996, 6995, 6997, 6998, 6999]	[-1, 0, 1, 2, 3]	5	-4.1158261299133301	12.002377510070801
BGC0001508	Polyketide	Polyketide	False	False	"[""BGC0001508_-1"", ""BGC0001508_0"", ""BGC0001508_1"", ""BGC0001508_2"", ""BGC0001508_3""]"	[7001, 7000, 7002, 7003, 7004]	[-1, 0, 1, 2, 3]	5	14.912768363952637	15.07297420501709
BGC0001509	NRP	NRP	False	False	"[""BGC0001509_-1"", ""BGC0001509_0"", ""BGC0001509_1"", ""BGC0001509_2"", ""BGC0001509_3""]"	[7006, 7005, 7007, 7008, 7009]	[-1, 0, 1, 2, 3]	5	14.082557678222656	-0.63988864421844482
BGC0001510	Other	Other	False	False	"[""BGC0001510_-1"", ""BGC0001510_0"", ""BGC0001510_1"", ""BGC0001510_2"", ""BGC0001510_3""]"	[7011, 7010, 7012, 7013, 7014]	[-1, 0, 1, 2, 3]	5	3.2158539295196533	1.22364342212677
BGC0001511	Polyketide	Polyketide	False	False	"[""BGC0001511_-1"", ""BGC0001511_0"", ""BGC0001511_1"", ""BGC0001511_2"", ""BGC0001511_3""]"	[7016, 7015, 7017, 7018, 7019]	[-1, 0, 1, 2, 3]	5	12.429520606994629	12.581118583679199
BGC0001512	Polyketide	Polyketide	False	False	"[""BGC0001512_-1"", ""BGC0001512_0"", ""BGC0001512_1"", ""BGC0001512_2"", ""BGC0001512_3""]"	[7021, 7020, 7022, 7023, 7024]	[-1, 0, 1, 2, 3]	5	12.54649543762207	13.117720603942871
BGC0001513	Polyketide	Polyketide	False	False	"[""BGC0001513_-1"", ""BGC0001513_0"", ""BGC0001513_1"", ""BGC0001513_2"", ""BGC0001513_3""]"	[7026, 7025, 7027, 7028, 7029]	[-1, 0, 1, 2, 3]	5	12.459436416625977	14.31977653503418
BGC0001514	Other	Other	False	False	"[""BGC0001514_-1"", ""BGC0001514_0"", ""BGC0001514_1"", ""BGC0001514_2"", ""BGC0001514_3""]"	[7031, 7030, 7032, 7033, 7034]	[-1, 0, 1, 2, 3]	5	2.3919377326965332	1.1997336149215698
BGC0001515	NRP	NRP	False	False	"[""BGC0001515_-1"", ""BGC0001515_0"", ""BGC0001515_1"", ""BGC0001515_2"", ""BGC0001515_3""]"	[7036, 7035, 7037, 7038, 7039]	[-1, 0, 1, 2, 3]	5	10.878204345703125	0.093813203275203705
BGC0001516	NRP	NRP	False	False	"[""BGC0001516_-1"", ""BGC0001516_0"", ""BGC0001516_1"", ""BGC0001516_2"", ""BGC0001516_3""]"	[7041, 7040, 7042, 7043, 7044]	[-1, 0, 1, 2, 3]	5	10.782917976379395	-0.79030358791351318
BGC0001517	NRP	NRP	False	False	"[""BGC0001517_-1"", ""BGC0001517_0"", ""BGC0001517_1"", ""BGC0001517_2"", ""BGC0001517_3""]"	[7046, 7045, 7047, 7048, 7049]	[-1, 0, 1, 2, 3]	5	11.177431106567383	-0.37535545229911804
BGC0001518	Terpene	Terpene	False	False	"[""BGC0001518_-1"", ""BGC0001518_0"", ""BGC0001518_1"", ""BGC0001518_2"", ""BGC0001518_3""]"	[7051, 7050, 7052, 7053, 7054]	[-1, 0, 1, 2, 3]	5	10.573434829711914	0.28417301177978516
BGC0001519	NRP Polyketide	Hybrid	False	False	"[""BGC0001519_-1"", ""BGC0001519_0"", ""BGC0001519_1"", ""BGC0001519_2"", ""BGC0001519_3""]"	[7056, 7055, 7057, 7058, 7059]	[-1, 0, 1, 2, 3]	5	17.135957717895508	7.533419132232666
BGC0001520	Polyketide	Polyketide	False	False	"[""BGC0001520_-1"", ""BGC0001520_0"", ""BGC0001520_1"", ""BGC0001520_2"", ""BGC0001520_3""]"	[7061, 7060, 7062, 7063, 7064]	[-1, 0, 1, 2, 3]	5	13.866179466247559	12.905763626098633
BGC0001521	NRP	NRP	False	False	"[""BGC0001521_-1"", ""BGC0001521_0"", ""BGC0001521_1"", ""BGC0001521_2"", ""BGC0001521_3""]"	[7066, 7065, 7067, 7068, 7069]	[-1, 0, 1, 2, 3]	5	10.798552513122559	-0.83946150541305542
BGC0001522	Polyketide	Polyketide	False	False	"[""BGC0001522_-1"", ""BGC0001522_0"", ""BGC0001522_1"", ""BGC0001522_2"", ""BGC0001522_3""]"	[7071, 7070, 7072, 7073, 7074]	[-1, 0, 1, 2, 3]	5	12.02961540222168	13.571783065795898
BGC0001523	Polyketide	Polyketide	False	False	"[""BGC0001523_-1"", ""BGC0001523_0"", ""BGC0001523_1"", ""BGC0001523_2"", ""BGC0001523_3""]"	[7076, 7075, 7077, 7078, 7079]	[-1, 0, 1, 2, 3]	5	13.516443252563477	12.833013534545898
BGC0001524	NRP Polyketide	Hybrid	False	False	"[""BGC0001524_-1"", ""BGC0001524_0"", ""BGC0001524_1"", ""BGC0001524_2"", ""BGC0001524_3""]"	[7081, 7080, 7082, 7083, 7084]	[-1, 0, 1, 2, 3]	5	17.019697189331055	6.8561758995056152
BGC0001525	Other	Other	False	False	"[""BGC0001525_-1"", ""BGC0001525_0"", ""BGC0001525_1"", ""BGC0001525_2"", ""BGC0001525_3""]"	[7086, 7085, 7087, 7088, 7089]	[-1, 0, 1, 2, 3]	5	2.1168200969696045	1.4789425134658813
BGC0001526	Other	Other	False	False	"[""BGC0001526_-1"", ""BGC0001526_0"", ""BGC0001526_1"", ""BGC0001526_2"", ""BGC0001526_3""]"	[7091, 7090, 7092, 7093, 7094]	[-1, 0, 1, 2, 3]	5	2.0629949569702148	1.5184040069580078
BGC0001527	Other	Other	False	False	"[""BGC0001527_-1"", ""BGC0001527_0"", ""BGC0001527_1"", ""BGC0001527_2"", ""BGC0001527_3""]"	[7096, 7095, 7097, 7098, 7099]	[-1, 0, 1, 2, 3]	5	10.99826717376709	-0.20757782459259033
BGC0001528	Terpene	Terpene	False	False	"[""BGC0001528_-1"", ""BGC0001528_0"", ""BGC0001528_1"", ""BGC0001528_2"", ""BGC0001528_3""]"	[7101, 7100, 7102, 7103, 7104]	[-1, 0, 1, 2, 3]	5	3.5626235008239746	8.3706254959106445
BGC0001529	Alkaloid	Alkaloid	False	False	"[""BGC0001529_-1"", ""BGC0001529_0"", ""BGC0001529_1"", ""BGC0001529_2"", ""BGC0001529_3""]"	[7106, 7105, 7107, 7108, 7109]	[-1, 0, 1, 2, 3]	5	4.5400872230529785	2.651824951171875
BGC0001531	Other	Other	False	False	"[""BGC0001531_-1"", ""BGC0001531_0"", ""BGC0001531_1"", ""BGC0001531_2"", ""BGC0001531_3""]"	[7111, 7110, 7112, 7113, 7114]	[-1, 0, 1, 2, 3]	5	2.5642023086547852	1.6795735359191895
BGC0001532	NRP	NRP	False	False	"[""BGC0001532_-1"", ""BGC0001532_0"", ""BGC0001532_1"", ""BGC0001532_2"", ""BGC0001532_3""]"	[7116, 7115, 7117, 7118, 7119]	[-1, 0, 1, 2, 3]	5	12.653938293457031	-0.69704371690750122
BGC0001533	Polyketide	Polyketide	False	False	"[""BGC0001533_-1"", ""BGC0001533_0"", ""BGC0001533_1"", ""BGC0001533_2"", ""BGC0001533_3""]"	[7121, 7120, 7122, 7123, 7124]	[-1, 0, 1, 2, 3]	5	13.580748558044434	12.796365737915039
BGC0001534	Other	Other	False	False	"[""BGC0001534_-1"", ""BGC0001534_0"", ""BGC0001534_1"", ""BGC0001534_2"", ""BGC0001534_3""]"	[7126, 7125, 7127, 7128, 7129]	[-1, 0, 1, 2, 3]	5	1.9953652620315552	1.3776977062225342
BGC0001535	Other	Other	False	False	"[""BGC0001535_-1"", ""BGC0001535_0"", ""BGC0001535_1"", ""BGC0001535_2"", ""BGC0001535_3""]"	[7131, 7130, 7132, 7133, 7134]	[-1, 0, 1, 2, 3]	5	2.7062771320343018	2.6491348743438721
BGC0001536	NRP	NRP	False	False	"[""BGC0001536_-1"", ""BGC0001536_0"", ""BGC0001536_1"", ""BGC0001536_2"", ""BGC0001536_3""]"	[7136, 7135, 7137, 7138, 7139]	[-1, 0, 1, 2, 3]	5	12.70466136932373	-0.73217540979385376
BGC0001537	Polyketide	Polyketide	False	False	"[""BGC0001537_-1"", ""BGC0001537_0"", ""BGC0001537_1"", ""BGC0001537_2"", ""BGC0001537_3""]"	[7141, 7140, 7142, 7143, 7144]	[-1, 0, 1, 2, 3]	5	13.410924911499023	12.902446746826172
BGC0001539	RiPP	RiPP	False	False	"[""BGC0001539_-1"", ""BGC0001539_0"", ""BGC0001539_1"", ""BGC0001539_2"", ""BGC0001539_3""]"	[7146, 7145, 7147, 7148, 7149]	[-1, 0, 1, 2, 3]	5	-4.2172880172729492	11.951775550842285
BGC0001540	Other	Other	False	False	"[""BGC0001540_-1"", ""BGC0001540_0"", ""BGC0001540_1"", ""BGC0001540_2"", ""BGC0001540_3""]"	[7151, 7150, 7152, 7153, 7154]	[-1, 0, 1, 2, 3]	5	3.1653306484222412	2.7638146877288818
BGC0001541	Polyketide	Polyketide	False	False	"[""BGC0001541_-1"", ""BGC0001541_0"", ""BGC0001541_1"", ""BGC0001541_2"", ""BGC0001541_3""]"	[7156, 7155, 7157, 7158, 7159]	[-1, 0, 1, 2, 3]	5	14.453641891479492	14.133771896362305
BGC0001542	Polyketide	Polyketide	False	False	"[""BGC0001542_-1"", ""BGC0001542_0"", ""BGC0001542_1"", ""BGC0001542_2"", ""BGC0001542_3""]"	[7161, 7160, 7162, 7163, 7164]	[-1, 0, 1, 2, 3]	5	14.229830741882324	13.202652931213379
BGC0001543	Polyketide	Polyketide	False	False	"[""BGC0001543_-1"", ""BGC0001543_0"", ""BGC0001543_1"", ""BGC0001543_2"", ""BGC0001543_3""]"	[7166, 7165, 7167, 7168, 7169]	[-1, 0, 1, 2, 3]	5	14.978595733642578	10.189907073974609
BGC0001544	NRP Polyketide	Hybrid	False	False	"[""BGC0001544_-1"", ""BGC0001544_0"", ""BGC0001544_1"", ""BGC0001544_2"", ""BGC0001544_3""]"	[7171, 7170, 7172, 7173, 7174]	[-1, 0, 1, 2, 3]	5	15.311593055725098	11.273797035217285
BGC0001545	NRP	NRP	False	False	"[""BGC0001545_-1"", ""BGC0001545_0"", ""BGC0001545_1"", ""BGC0001545_2"", ""BGC0001545_3""]"	[7176, 7175, 7177, 7178, 7179]	[-1, 0, 1, 2, 3]	5	11.690767288208008	-0.35817530751228333
BGC0001547	Terpene	Terpene	False	False	"[""BGC0001547_-1"", ""BGC0001547_0"", ""BGC0001547_1"", ""BGC0001547_2"", ""BGC0001547_3""]"	[7181, 7180, 7182, 7183, 7184]	[-1, 0, 1, 2, 3]	5	3.8622801303863525	7.7272801399230957
BGC0001548	RiPP	RiPP	False	False	"[""BGC0001548_-1"", ""BGC0001548_0"", ""BGC0001548_1"", ""BGC0001548_2"", ""BGC0001548_3""]"	[7186, 7185, 7187, 7188, 7189]	[-1, 0, 1, 2, 3]	5	-4.1842441558837891	11.640199661254883
BGC0001549	RiPP	RiPP	False	False	"[""BGC0001549_-1"", ""BGC0001549_0"", ""BGC0001549_1"", ""BGC0001549_2"", ""BGC0001549_3""]"	[7191, 7190, 7192, 7193, 7194]	[-1, 0, 1, 2, 3]	5	-4.2197422981262207	11.907500267028809
BGC0001550	RiPP	RiPP	False	False	"[""BGC0001550_-1"", ""BGC0001550_0"", ""BGC0001550_1"", ""BGC0001550_2"", ""BGC0001550_3""]"	[7196, 7195, 7197, 7198, 7199]	[-1, 0, 1, 2, 3]	5	-4.3970599174499512	11.289041519165039
BGC0001551	RiPP	RiPP	False	False	"[""BGC0001551_-1"", ""BGC0001551_0"", ""BGC0001551_1"", ""BGC0001551_2"", ""BGC0001551_3""]"	[7201, 7200, 7202, 7203, 7204]	[-1, 0, 1, 2, 3]	5	-4.2531485557556152	11.687463760375977
BGC0001552	RiPP	RiPP	False	False	"[""BGC0001552_-1"", ""BGC0001552_0"", ""BGC0001552_1"", ""BGC0001552_2"", ""BGC0001552_3""]"	[7206, 7205, 7207, 7208, 7209]	[-1, 0, 1, 2, 3]	5	-4.9421544075012207	8.8658847808837891
BGC0001553	NRP Polyketide	Hybrid	False	False	"[""BGC0001553_-1"", ""BGC0001553_0"", ""BGC0001553_1"", ""BGC0001553_2"", ""BGC0001553_3""]"	[7211, 7210, 7212, 7213, 7214]	[-1, 0, 1, 2, 3]	5	14.79742431640625	10.57982063293457
BGC0001554	Other	Other	False	False	"[""BGC0001554_-1"", ""BGC0001554_0"", ""BGC0001554_1"", ""BGC0001554_2"", ""BGC0001554_3""]"	[7216, 7215, 7217, 7218, 7219]	[-1, 0, 1, 2, 3]	5	2.0769844055175781	1.8667219877243042
BGC0001555	RiPP	RiPP	False	False	"[""BGC0001555_-1"", ""BGC0001555_0"", ""BGC0001555_1"", ""BGC0001555_2"", ""BGC0001555_3""]"	[7221, 7220, 7222, 7223, 7224]	[-1, 0, 1, 2, 3]	5	-4.6277427673339844	8.0745124816894531
BGC0001556	NRP Polyketide	Hybrid	False	False	"[""BGC0001556_-1"", ""BGC0001556_0"", ""BGC0001556_1"", ""BGC0001556_2"", ""BGC0001556_3""]"	[7226, 7225, 7227, 7228, 7229]	[-1, 0, 1, 2, 3]	5	15.619536399841309	10.125698089599609
BGC0001558	Polyketide	Polyketide	False	False	"[""BGC0001558_-1"", ""BGC0001558_0"", ""BGC0001558_1"", ""BGC0001558_2"", ""BGC0001558_3""]"	[7231, 7230, 7232, 7233, 7234]	[-1, 0, 1, 2, 3]	5	11.833532333374023	14.008464813232422
BGC0001559	RiPP	RiPP	False	False	"[""BGC0001559_-1"", ""BGC0001559_0"", ""BGC0001559_1"", ""BGC0001559_2"", ""BGC0001559_3""]"	[7236, 7235, 7237, 7238, 7239]	[-1, 0, 1, 2, 3]	5	-4.4573855400085449	7.6808514595031738
BGC0001560	NRP Polyketide	Hybrid	False	False	"[""BGC0001560_-1"", ""BGC0001560_0"", ""BGC0001560_1"", ""BGC0001560_2"", ""BGC0001560_3""]"	[7241, 7240, 7242, 7243, 7244]	[-1, 0, 1, 2, 3]	5	12.871992111206055	-0.98908454179763794
BGC0001561	NRP	NRP	False	False	"[""BGC0001561_-1"", ""BGC0001561_0"", ""BGC0001561_1"", ""BGC0001561_2"", ""BGC0001561_3""]"	[7246, 7245, 7247, 7248, 7249]	[-1, 0, 1, 2, 3]	5	13.821998596191406	-1.3697545528411865
BGC0001562	NRP	NRP	False	False	"[""BGC0001562_-1"", ""BGC0001562_0"", ""BGC0001562_1"", ""BGC0001562_2"", ""BGC0001562_3""]"	[7251, 7250, 7252, 7253, 7254]	[-1, 0, 1, 2, 3]	5	13.740013122558594	-1.3560731410980225
BGC0001563	NRP Polyketide	Hybrid	False	False	"[""BGC0001563_-1"", ""BGC0001563_0"", ""BGC0001563_1"", ""BGC0001563_2"", ""BGC0001563_3""]"	[7256, 7255, 7257, 7258, 7259]	[-1, 0, 1, 2, 3]	5	16.079278945922852	9.5907602310180664
BGC0001564	NRP Polyketide	Hybrid	False	False	"[""BGC0001564_-1"", ""BGC0001564_0"", ""BGC0001564_1"", ""BGC0001564_2"", ""BGC0001564_3""]"	[7261, 7260, 7262, 7263, 7264]	[-1, 0, 1, 2, 3]	5	16.747095108032227	8.6606483459472656
BGC0001565	NRP	NRP	False	False	"[""BGC0001565_-1"", ""BGC0001565_0"", ""BGC0001565_1"", ""BGC0001565_2"", ""BGC0001565_3""]"	[7266, 7265, 7267, 7268, 7269]	[-1, 0, 1, 2, 3]	5	16.32878303527832	8.7915782928466797
BGC0001566	Polyketide	Polyketide	False	False	"[""BGC0001566_-1"", ""BGC0001566_0"", ""BGC0001566_1"", ""BGC0001566_2"", ""BGC0001566_3""]"	[7271, 7270, 7272, 7273, 7274]	[-1, 0, 1, 2, 3]	5	14.807345390319824	11.115904808044434
BGC0001567	NRP	NRP	False	False	"[""BGC0001567_-1"", ""BGC0001567_0"", ""BGC0001567_1"", ""BGC0001567_2"", ""BGC0001567_3""]"	[7276, 7275, 7277, 7278, 7279]	[-1, 0, 1, 2, 3]	5	13.423158645629883	-1.6377333402633667
BGC0001568	Polyketide	Polyketide	False	False	"[""BGC0001568_-1"", ""BGC0001568_0"", ""BGC0001568_1"", ""BGC0001568_2"", ""BGC0001568_3""]"	[7281, 7280, 7282, 7283, 7284]	[-1, 0, 1, 2, 3]	5	11.852060317993164	14.060578346252441
BGC0001569	NRP	NRP	False	False	"[""BGC0001569_-1"", ""BGC0001569_0"", ""BGC0001569_1"", ""BGC0001569_2"", ""BGC0001569_3""]"	[7286, 7285, 7287, 7288, 7289]	[-1, 0, 1, 2, 3]	5	13.438987731933594	-1.3875349760055542
BGC0001570	NRP	NRP	False	False	"[""BGC0001570_-1"", ""BGC0001570_0"", ""BGC0001570_1"", ""BGC0001570_2"", ""BGC0001570_3""]"	[7291, 7290, 7292, 7293, 7294]	[-1, 0, 1, 2, 3]	5	13.42100715637207	-0.74999284744262695
BGC0001571	Terpene	Terpene	False	False	"[""BGC0001571_-1"", ""BGC0001571_0"", ""BGC0001571_1"", ""BGC0001571_2"", ""BGC0001571_3""]"	[7296, 7295, 7297, 7298, 7299]	[-1, 0, 1, 2, 3]	5	3.8094987869262695	7.8438844680786133
BGC0001572	Other	Other	False	False	"[""BGC0001572_-1"", ""BGC0001572_0"", ""BGC0001572_1"", ""BGC0001572_2"", ""BGC0001572_3""]"	[7301, 7300, 7302, 7303, 7304]	[-1, 0, 1, 2, 3]	5	2.9615914821624756	2.1484770774841309
BGC0001573	Alkaloid	Alkaloid	False	False	"[""BGC0001573_-1"", ""BGC0001573_0"", ""BGC0001573_1"", ""BGC0001573_2"", ""BGC0001573_3""]"	[7306, 7305, 7307, 7308, 7309]	[-1, 0, 1, 2, 3]	5	10.522089004516602	0.32168740034103394
BGC0001574	NRP	NRP	False	False	"[""BGC0001574_-1"", ""BGC0001574_0"", ""BGC0001574_1"", ""BGC0001574_2"", ""BGC0001574_3""]"	[7311, 7310, 7312, 7313, 7314]	[-1, 0, 1, 2, 3]	5	13.383339881896973	-1.1444840431213379
BGC0001575	NRP	NRP	False	False	"[""BGC0001575_-1"", ""BGC0001575_0"", ""BGC0001575_1"", ""BGC0001575_2"", ""BGC0001575_3""]"	[7316, 7315, 7317, 7318, 7319]	[-1, 0, 1, 2, 3]	5	11.980509757995605	-1.0569521188735962
BGC0001576	RiPP	RiPP	False	False	"[""BGC0001576_-1"", ""BGC0001576_0"", ""BGC0001576_1"", ""BGC0001576_2"", ""BGC0001576_3""]"	[7321, 7320, 7322, 7323, 7324]	[-1, 0, 1, 2, 3]	5	-4.9262304306030273	8.7835292816162109
BGC0001577	RiPP	RiPP	False	False	"[""BGC0001577_-1"", ""BGC0001577_0"", ""BGC0001577_1"", ""BGC0001577_2"", ""BGC0001577_3""]"	[7326, 7325, 7327, 7328, 7329]	[-1, 0, 1, 2, 3]	5	-4.6330533027648926	9.2133398056030273
BGC0001578	Polyketide	Polyketide	False	False	"[""BGC0001578_-1"", ""BGC0001578_0"", ""BGC0001578_1"", ""BGC0001578_2"", ""BGC0001578_3""]"	[7331, 7330, 7332, 7333, 7334]	[-1, 0, 1, 2, 3]	5	14.917839050292969	14.392918586730957
BGC0001579	RiPP	RiPP	False	False	"[""BGC0001579_-1"", ""BGC0001579_0"", ""BGC0001579_1"", ""BGC0001579_2"", ""BGC0001579_3""]"	[7336, 7335, 7337, 7338, 7339]	[-1, 0, 1, 2, 3]	5	-4.8449568748474121	8.6560678482055664
BGC0001580	Polyketide	Polyketide	False	False	"[""BGC0001580_-1"", ""BGC0001580_0"", ""BGC0001580_1"", ""BGC0001580_2"", ""BGC0001580_3""]"	[7341, 7340, 7342, 7343, 7344]	[-1, 0, 1, 2, 3]	5	13.738273620605469	12.404650688171387
BGC0001582	NRP	NRP	False	False	"[""BGC0001582_-1"", ""BGC0001582_0"", ""BGC0001582_1"", ""BGC0001582_2"", ""BGC0001582_3""]"	[7346, 7345, 7347, 7348, 7349]	[-1, 0, 1, 2, 3]	5	12.054695129394531	-1.3861930370330811
BGC0001583	Polyketide	Polyketide	False	False	"[""BGC0001583_-1"", ""BGC0001583_0"", ""BGC0001583_1"", ""BGC0001583_2"", ""BGC0001583_3""]"	[7351, 7350, 7352, 7353, 7354]	[-1, 0, 1, 2, 3]	5	14.369441032409668	13.371352195739746
BGC0001584	Polyketide	Polyketide	False	False	"[""BGC0001584_-1"", ""BGC0001584_0"", ""BGC0001584_1"", ""BGC0001584_2"", ""BGC0001584_3""]"	[7356, 7355, 7357, 7358, 7359]	[-1, 0, 1, 2, 3]	5	17.816083908081055	8.9309778213500977
BGC0001585	Alkaloid	Alkaloid	False	False	"[""BGC0001585_-1"", ""BGC0001585_0"", ""BGC0001585_1"", ""BGC0001585_2"", ""BGC0001585_3""]"	[7361, 7360, 7362, 7363, 7364]	[-1, 0, 1, 2, 3]	5	5.215726375579834	2.8512203693389893
BGC0001586	Saccharide	Saccharide	True	True	"[""BGC0001586_-1"", ""BGC0001586_0"", ""BGC0001586_1"", ""BGC0001586_2"", ""BGC0001586_3""]"	[7366, 7365, 7367, 7368, 7369]	[-1, 0, 1, 2, 3]	5	0.41330885887145996	-0.52891647815704346
BGC0001587	Other	Other	False	False	"[""BGC0001587_-1"", ""BGC0001587_0"", ""BGC0001587_1"", ""BGC0001587_2"", ""BGC0001587_3""]"	[7371, 7370, 7372, 7373, 7374]	[-1, 0, 1, 2, 3]	5	3.1068148612976074	1.3334932327270508
BGC0001588	Saccharide	Saccharide	True	True	"[""BGC0001588_-1"", ""BGC0001588_0"", ""BGC0001588_1"", ""BGC0001588_2"", ""BGC0001588_3""]"	[7376, 7375, 7377, 7378, 7379]	[-1, 0, 1, 2, 3]	5	0.35101810097694397	-0.39724349975585938
BGC0001589	Saccharide	Saccharide	True	True	"[""BGC0001589_-1"", ""BGC0001589_0"", ""BGC0001589_1"", ""BGC0001589_2"", ""BGC0001589_3""]"	[7381, 7380, 7382, 7383, 7384]	[-1, 0, 1, 2, 3]	5	0.7151559591293335	-0.20841079950332642
BGC0001590	Polyketide	Polyketide	False	False	"[""BGC0001590_-1"", ""BGC0001590_0"", ""BGC0001590_1"", ""BGC0001590_2"", ""BGC0001590_3""]"	[7386, 7385, 7387, 7388, 7389]	[-1, 0, 1, 2, 3]	5	13.057038307189941	14.662871360778809
BGC0001591	Other	Other	False	False	"[""BGC0001591_-1"", ""BGC0001591_0"", ""BGC0001591_1"", ""BGC0001591_2"", ""BGC0001591_3""]"	[7391, 7390, 7392, 7393, 7394]	[-1, 0, 1, 2, 3]	5	2.3954722881317139	2.5081167221069336
BGC0001592	Other	Other	False	False	"[""BGC0001592_-1"", ""BGC0001592_0"", ""BGC0001592_1"", ""BGC0001592_2"", ""BGC0001592_3""]"	[7396, 7395, 7397, 7398, 7399]	[-1, 0, 1, 2, 3]	5	3.3328673839569092	1.8347679376602173
BGC0001593	NRP	NRP	False	False	"[""BGC0001593_-1"", ""BGC0001593_0"", ""BGC0001593_1"", ""BGC0001593_2"", ""BGC0001593_3""]"	[7401, 7400, 7402, 7403, 7404]	[-1, 0, 1, 2, 3]	5	12.640622138977051	-0.89402008056640625
BGC0001594	Alkaloid	Alkaloid	False	False	"[""BGC0001594_-1"", ""BGC0001594_0"", ""BGC0001594_1"", ""BGC0001594_2"", ""BGC0001594_3""]"	[7406, 7405, 7407, 7408, 7409]	[-1, 0, 1, 2, 3]	5	5.2181077003479004	2.8913943767547607
BGC0001595	Alkaloid	Alkaloid	False	False	"[""BGC0001595_-1"", ""BGC0001595_0"", ""BGC0001595_1"", ""BGC0001595_2"", ""BGC0001595_3""]"	[7411, 7410, 7412, 7413, 7414]	[-1, 0, 1, 2, 3]	5	5.3563442230224609	2.9959475994110107
BGC0001596	Polyketide	Polyketide	False	False	"[""BGC0001596_-1"", ""BGC0001596_0"", ""BGC0001596_1"", ""BGC0001596_2"", ""BGC0001596_3""]"	[7416, 7415, 7417, 7418, 7419]	[-1, 0, 1, 2, 3]	5	12.442391395568848	14.420200347900391
BGC0001597	Polyketide	Polyketide	False	False	"[""BGC0001597_-1"", ""BGC0001597_0"", ""BGC0001597_1"", ""BGC0001597_2"", ""BGC0001597_3""]"	[7421, 7420, 7422, 7423, 7424]	[-1, 0, 1, 2, 3]	5	12.635272979736328	12.316458702087402
BGC0001598	NRP Polyketide	Hybrid	False	False	"[""BGC0001598_-1"", ""BGC0001598_0"", ""BGC0001598_1"", ""BGC0001598_2"", ""BGC0001598_3""]"	[7426, 7425, 7427, 7428, 7429]	[-1, 0, 1, 2, 3]	5	13.823830604553223	11.711393356323242
BGC0001599	NRP	NRP	False	False	"[""BGC0001599_-1"", ""BGC0001599_0"", ""BGC0001599_1"", ""BGC0001599_2"", ""BGC0001599_3""]"	[7431, 7430, 7432, 7433, 7434]	[-1, 0, 1, 2, 3]	5	12.555652618408203	-1.1052308082580566
BGC0001600	Polyketide	Polyketide	False	False	"[""BGC0001600_-1"", ""BGC0001600_0"", ""BGC0001600_1"", ""BGC0001600_2"", ""BGC0001600_3""]"	[7436, 7435, 7437, 7438, 7439]	[-1, 0, 1, 2, 3]	5	16.332759857177734	11.765742301940918
BGC0001601	RiPP	RiPP	False	False	"[""BGC0001601_-1"", ""BGC0001601_0"", ""BGC0001601_1"", ""BGC0001601_2"", ""BGC0001601_3""]"	[7441, 7440, 7442, 7443, 7444]	[-1, 0, 1, 2, 3]	5	-4.6602253913879395	10.173815727233887
BGC0001602	RiPP	RiPP	False	False	"[""BGC0001602_-1"", ""BGC0001602_0"", ""BGC0001602_1"", ""BGC0001602_2"", ""BGC0001602_3""]"	[7446, 7445, 7447, 7448, 7449]	[-1, 0, 1, 2, 3]	5	-4.7058944702148438	8.9735136032104492
BGC0001603	Saccharide	Saccharide	True	True	"[""BGC0001603_-1"", ""BGC0001603_0"", ""BGC0001603_1"", ""BGC0001603_2"", ""BGC0001603_3""]"	[7451, 7450, 7452, 7453, 7454]	[-1, 0, 1, 2, 3]	5	0.33564317226409912	-1.3972272872924805
BGC0001604	Terpene	Terpene	False	False	"[""BGC0001604_-1"", ""BGC0001604_0"", ""BGC0001604_1"", ""BGC0001604_2"", ""BGC0001604_3""]"	[7456, 7455, 7457, 7458, 7459]	[-1, 0, 1, 2, 3]	5	2.908951997756958	8.2500333786010742
BGC0001605	Terpene	Terpene	False	False	"[""BGC0001605_-1"", ""BGC0001605_0"", ""BGC0001605_1"", ""BGC0001605_2"", ""BGC0001605_3""]"	[7461, 7460, 7462, 7463, 7464]	[-1, 0, 1, 2, 3]	5	2.9353978633880615	7.9577183723449707
BGC0001606	Polyketide	Polyketide	False	False	"[""BGC0001606_-1"", ""BGC0001606_0"", ""BGC0001606_1"", ""BGC0001606_2"", ""BGC0001606_3""]"	[7466, 7465, 7467, 7468, 7469]	[-1, 0, 1, 2, 3]	5	14.003478050231934	12.814865112304688
BGC0001607	Other	Other	False	False	"[""BGC0001607_-1"", ""BGC0001607_0"", ""BGC0001607_1"", ""BGC0001607_2"", ""BGC0001607_3""]"	[7471, 7470, 7472, 7473, 7474]	[-1, 0, 1, 2, 3]	5	3.3845596313476562	1.5008559226989746
BGC0001608	NRP	NRP	False	False	"[""BGC0001608_-1"", ""BGC0001608_0"", ""BGC0001608_1"", ""BGC0001608_2"", ""BGC0001608_3""]"	[7476, 7475, 7477, 7478, 7479]	[-1, 0, 1, 2, 3]	5	14.430765151977539	-0.49890848994255066
BGC0001609	NRP	NRP	False	False	"[""BGC0001609_-1"", ""BGC0001609_0"", ""BGC0001609_1"", ""BGC0001609_2"", ""BGC0001609_3""]"	[7481, 7480, 7482, 7483, 7484]	[-1, 0, 1, 2, 3]	5	11.205771446228027	-0.11889096349477768
BGC0001610	Other	Other	False	False	"[""BGC0001610_-1"", ""BGC0001610_0"", ""BGC0001610_1"", ""BGC0001610_2"", ""BGC0001610_3""]"	[7486, 7485, 7487, 7488, 7489]	[-1, 0, 1, 2, 3]	5	3.3368072509765625	1.5242213010787964
BGC0001611	NRP Polyketide	Hybrid	False	False	"[""BGC0001611_-1"", ""BGC0001611_0"", ""BGC0001611_1"", ""BGC0001611_2"", ""BGC0001611_3""]"	[7491, 7490, 7492, 7493, 7494]	[-1, 0, 1, 2, 3]	5	17.610036849975586	8.7558050155639648
BGC0001612	Alkaloid	Alkaloid	False	False	"[""BGC0001612_-1"", ""BGC0001612_0"", ""BGC0001612_1"", ""BGC0001612_2"", ""BGC0001612_3""]"	[7496, 7495, 7497, 7498, 7499]	[-1, 0, 1, 2, 3]	5	5.2620062828063965	2.9479520320892334
BGC0001614	NRP	NRP	False	False	"[""BGC0001614_-1"", ""BGC0001614_0"", ""BGC0001614_1"", ""BGC0001614_2"", ""BGC0001614_3""]"	[7501, 7500, 7502, 7503, 7504]	[-1, 0, 1, 2, 3]	5	12.933377265930176	-0.54578644037246704
BGC0001615	NRP	NRP	False	False	"[""BGC0001615_-1"", ""BGC0001615_0"", ""BGC0001615_1"", ""BGC0001615_2"", ""BGC0001615_3""]"	[7506, 7505, 7507, 7508, 7509]	[-1, 0, 1, 2, 3]	5	12.950346946716309	-0.83429414033889771
BGC0001616	NRP Polyketide	Hybrid	False	False	"[""BGC0001616_-1"", ""BGC0001616_0"", ""BGC0001616_1"", ""BGC0001616_2"", ""BGC0001616_3""]"	[7511, 7510, 7512, 7513, 7514]	[-1, 0, 1, 2, 3]	5	3.2262649536132812	1.33507239818573
BGC0001617	Terpene	Terpene	False	False	"[""BGC0001617_-1"", ""BGC0001617_0"", ""BGC0001617_1"", ""BGC0001617_2"", ""BGC0001617_3""]"	[7516, 7515, 7517, 7518, 7519]	[-1, 0, 1, 2, 3]	5	15.149152755737305	15.293624877929688
BGC0001618	RiPP	RiPP	False	False	"[""BGC0001618_-1"", ""BGC0001618_0"", ""BGC0001618_1"", ""BGC0001618_2"", ""BGC0001618_3""]"	[7521, 7520, 7522, 7523, 7524]	[-1, 0, 1, 2, 3]	5	-4.2502570152282715	11.664627075195312
BGC0001619	Polyketide	Polyketide	False	False	"[""BGC0001619_-1"", ""BGC0001619_0"", ""BGC0001619_1"", ""BGC0001619_2"", ""BGC0001619_3""]"	[7526, 7525, 7527, 7528, 7529]	[-1, 0, 1, 2, 3]	5	12.996935844421387	13.180035591125488
BGC0001620	NRP Polyketide	Hybrid	False	False	"[""BGC0001620_-1"", ""BGC0001620_0"", ""BGC0001620_1"", ""BGC0001620_2"", ""BGC0001620_3""]"	[7531, 7530, 7532, 7533, 7534]	[-1, 0, 1, 2, 3]	5	16.796682357788086	6.5597491264343262
BGC0001621	NRP	NRP	False	False	"[""BGC0001621_-1"", ""BGC0001621_0"", ""BGC0001621_1"", ""BGC0001621_2"", ""BGC0001621_3""]"	[7536, 7535, 7537, 7538, 7539]	[-1, 0, 1, 2, 3]	5	11.244128227233887	-0.47720152139663696
BGC0001622	Polyketide	Polyketide	False	False	"[""BGC0001622_-1"", ""BGC0001622_0"", ""BGC0001622_1"", ""BGC0001622_2"", ""BGC0001622_3""]"	[7541, 7540, 7542, 7543, 7544]	[-1, 0, 1, 2, 3]	5	14.60848331451416	14.751153945922852
BGC0001623	NRP Polyketide	Hybrid	False	False	"[""BGC0001623_-1"", ""BGC0001623_0"", ""BGC0001623_1"", ""BGC0001623_2"", ""BGC0001623_3""]"	[7546, 7545, 7547, 7548, 7549]	[-1, 0, 1, 2, 3]	5	14.679774284362793	-0.37237975001335144
BGC0001624	Other	Other	False	False	"[""BGC0001624_-1"", ""BGC0001624_0"", ""BGC0001624_1"", ""BGC0001624_2"", ""BGC0001624_3""]"	[7551, 7550, 7552, 7553, 7554]	[-1, 0, 1, 2, 3]	5	3.4039692878723145	1.3379373550415039
BGC0001625	Polyketide	Polyketide	False	False	"[""BGC0001625_-1"", ""BGC0001625_0"", ""BGC0001625_1"", ""BGC0001625_2"", ""BGC0001625_3""]"	[7556, 7555, 7557, 7558, 7559]	[-1, 0, 1, 2, 3]	5	14.880166053771973	12.969480514526367
BGC0001626	Polyketide	Polyketide	False	False	"[""BGC0001626_-1"", ""BGC0001626_0"", ""BGC0001626_1"", ""BGC0001626_2"", ""BGC0001626_3""]"	[7561, 7560, 7562, 7563, 7564]	[-1, 0, 1, 2, 3]	5	14.372163772583008	13.269944190979004
BGC0001627	NRP	NRP	False	False	"[""BGC0001627_-1"", ""BGC0001627_0"", ""BGC0001627_1"", ""BGC0001627_2"", ""BGC0001627_3""]"	[7566, 7565, 7567, 7568, 7569]	[-1, 0, 1, 2, 3]	5	11.569707870483398	-1.0538697242736816
BGC0001628	NRP	NRP	False	False	"[""BGC0001628_-1"", ""BGC0001628_0"", ""BGC0001628_1"", ""BGC0001628_2"", ""BGC0001628_3""]"	[7571, 7570, 7572, 7573, 7574]	[-1, 0, 1, 2, 3]	5	13.189145088195801	-1.6084884405136108
BGC0001629	NRP	NRP	False	False	"[""BGC0001629_-1"", ""BGC0001629_0"", ""BGC0001629_1"", ""BGC0001629_2"", ""BGC0001629_3""]"	[7576, 7575, 7577, 7578, 7579]	[-1, 0, 1, 2, 3]	5	14.111733436584473	-0.92230844497680664
BGC0001630	NRP Polyketide	Hybrid	False	False	"[""BGC0001630_-1"", ""BGC0001630_0"", ""BGC0001630_1"", ""BGC0001630_2"", ""BGC0001630_3""]"	[7581, 7580, 7582, 7583, 7584]	[-1, 0, 1, 2, 3]	5	14.42259407043457	-0.7888638973236084
BGC0001631	NRP Polyketide	Hybrid	False	False	"[""BGC0001631_-1"", ""BGC0001631_0"", ""BGC0001631_1"", ""BGC0001631_2"", ""BGC0001631_3""]"	[7586, 7585, 7587, 7588, 7589]	[-1, 0, 1, 2, 3]	5	12.863396644592285	-0.48744219541549683
BGC0001632	RiPP	RiPP	False	False	"[""BGC0001632_-1"", ""BGC0001632_0"", ""BGC0001632_1"", ""BGC0001632_2"", ""BGC0001632_3""]"	[7591, 7590, 7592, 7593, 7594]	[-1, 0, 1, 2, 3]	5	-4.7107353210449219	10.372110366821289
BGC0001633	Other	Other	False	False	"[""BGC0001633_-1"", ""BGC0001633_0"", ""BGC0001633_1"", ""BGC0001633_2"", ""BGC0001633_3""]"	[7596, 7595, 7597, 7598, 7599]	[-1, 0, 1, 2, 3]	5	2.169522762298584	1.4357584714889526
BGC0001634	RiPP	RiPP	False	False	"[""BGC0001634_-1"", ""BGC0001634_0"", ""BGC0001634_1"", ""BGC0001634_2"", ""BGC0001634_3""]"	[7601, 7600, 7602, 7603, 7604]	[-1, 0, 1, 2, 3]	5	-4.2988982200622559	11.658019065856934
BGC0001635	NRP Polyketide	Hybrid	False	False	"[""BGC0001635_-1"", ""BGC0001635_0"", ""BGC0001635_1"", ""BGC0001635_2"", ""BGC0001635_3""]"	[7606, 7605, 7607, 7608, 7609]	[-1, 0, 1, 2, 3]	5	14.648953437805176	-0.43034714460372925
BGC0001636	NRP	NRP	False	False	"[""BGC0001636_-1"", ""BGC0001636_0"", ""BGC0001636_1"", ""BGC0001636_2"", ""BGC0001636_3""]"	[7611, 7610, 7612, 7613, 7614]	[-1, 0, 1, 2, 3]	5	12.417733192443848	-0.40676653385162354
BGC0001637	NRP	NRP	False	False	"[""BGC0001637_-1"", ""BGC0001637_0"", ""BGC0001637_1"", ""BGC0001637_2"", ""BGC0001637_3""]"	[7616, 7615, 7617, 7618, 7619]	[-1, 0, 1, 2, 3]	5	12.451740264892578	-1.242467999458313
BGC0001638	RiPP	RiPP	False	False	"[""BGC0001638_-1"", ""BGC0001638_0"", ""BGC0001638_1"", ""BGC0001638_2"", ""BGC0001638_3""]"	[7621, 7620, 7622, 7623, 7624]	[-1, 0, 1, 2, 3]	5	-4.7542638778686523	8.2473764419555664
BGC0001639	RiPP	RiPP	False	False	"[""BGC0001639_-1"", ""BGC0001639_0"", ""BGC0001639_1"", ""BGC0001639_2"", ""BGC0001639_3""]"	[7626, 7625, 7627, 7628, 7629]	[-1, 0, 1, 2, 3]	5	-4.9763507843017578	8.8919219970703125
BGC0001640	RiPP	RiPP	False	False	"[""BGC0001640_-1"", ""BGC0001640_0"", ""BGC0001640_1"", ""BGC0001640_2"", ""BGC0001640_3""]"	[7631, 7630, 7632, 7633, 7634]	[-1, 0, 1, 2, 3]	5	-3.3871734142303467	11.027507781982422
BGC0001641	NRP	NRP	False	False	"[""BGC0001641_-1"", ""BGC0001641_0"", ""BGC0001641_1"", ""BGC0001641_2"", ""BGC0001641_3""]"	[7636, 7635, 7637, 7638, 7639]	[-1, 0, 1, 2, 3]	5	12.407227516174316	-0.60061508417129517
BGC0001642	Terpene	Terpene	False	False	"[""BGC0001642_-1"", ""BGC0001642_0"", ""BGC0001642_1"", ""BGC0001642_2"", ""BGC0001642_3""]"	[7641, 7640, 7642, 7643, 7644]	[-1, 0, 1, 2, 3]	5	3.0520615577697754	7.5841760635375977
BGC0001644	Polyketide	Polyketide	False	False	"[""BGC0001644_-1"", ""BGC0001644_0"", ""BGC0001644_1"", ""BGC0001644_2"", ""BGC0001644_3""]"	[7646, 7645, 7647, 7648, 7649]	[-1, 0, 1, 2, 3]	5	13.67266845703125	13.553163528442383
BGC0001645	RiPP	RiPP	False	False	"[""BGC0001645_-1"", ""BGC0001645_0"", ""BGC0001645_1"", ""BGC0001645_2"", ""BGC0001645_3""]"	[7651, 7650, 7652, 7653, 7654]	[-1, 0, 1, 2, 3]	5	-4.1311836242675781	12.01598072052002
BGC0001646	NRP Polyketide	Hybrid	False	False	"[""BGC0001646_-1"", ""BGC0001646_0"", ""BGC0001646_1"", ""BGC0001646_2"", ""BGC0001646_3""]"	[7656, 7655, 7657, 7658, 7659]	[-1, 0, 1, 2, 3]	5	17.432407379150391	7.2974758148193359
BGC0001647	Polyketide	Polyketide	False	False	"[""BGC0001647_-1"", ""BGC0001647_0"", ""BGC0001647_1"", ""BGC0001647_2"", ""BGC0001647_3""]"	[7661, 7660, 7662, 7663, 7664]	[-1, 0, 1, 2, 3]	5	15.499000549316406	10.213147163391113
BGC0001648	Polyketide	Polyketide	False	False	"[""BGC0001648_-1"", ""BGC0001648_0"", ""BGC0001648_1"", ""BGC0001648_2"", ""BGC0001648_3""]"	[7666, 7665, 7667, 7668, 7669]	[-1, 0, 1, 2, 3]	5	13.214541435241699	11.837983131408691
BGC0001649	Polyketide	Polyketide	False	False	"[""BGC0001649_-1"", ""BGC0001649_0"", ""BGC0001649_1"", ""BGC0001649_2"", ""BGC0001649_3""]"	[7671, 7670, 7672, 7673, 7674]	[-1, 0, 1, 2, 3]	5	13.230959892272949	12.051176071166992
BGC0001650	NRP	NRP	False	False	"[""BGC0001650_-1"", ""BGC0001650_0"", ""BGC0001650_1"", ""BGC0001650_2"", ""BGC0001650_3""]"	[7676, 7675, 7677, 7678, 7679]	[-1, 0, 1, 2, 3]	5	14.434470176696777	-0.43777140974998474
BGC0001651	Other	Other	False	False	"[""BGC0001651_-1"", ""BGC0001651_0"", ""BGC0001651_1"", ""BGC0001651_2"", ""BGC0001651_3""]"	[7681, 7680, 7682, 7683, 7684]	[-1, 0, 1, 2, 3]	5	2.9271242618560791	1.1912866830825806
BGC0001652	NRP	NRP	False	False	"[""BGC0001652_-1"", ""BGC0001652_0"", ""BGC0001652_1"", ""BGC0001652_2"", ""BGC0001652_3""]"	[7686, 7685, 7687, 7688, 7689]	[-1, 0, 1, 2, 3]	5	13.280488967895508	-0.86044108867645264
BGC0001653	Polyketide	Polyketide	False	False	"[""BGC0001653_-1"", ""BGC0001653_0"", ""BGC0001653_1"", ""BGC0001653_2"", ""BGC0001653_3""]"	[7691, 7690, 7692, 7693, 7694]	[-1, 0, 1, 2, 3]	5	13.813399314880371	12.468752861022949
BGC0001654	Saccharide	Saccharide	True	True	"[""BGC0001654_-1"", ""BGC0001654_0"", ""BGC0001654_1"", ""BGC0001654_2"", ""BGC0001654_3""]"	[7696, 7695, 7697, 7698, 7699]	[-1, 0, 1, 2, 3]	5	0.3349854052066803	-1.1336613893508911
BGC0001655	RiPP	RiPP	False	False	"[""BGC0001655_-1"", ""BGC0001655_0"", ""BGC0001655_1"", ""BGC0001655_2"", ""BGC0001655_3""]"	[7701, 7700, 7702, 7703, 7704]	[-1, 0, 1, 2, 3]	5	-4.6827168464660645	10.103252410888672
BGC0001656	Polyketide	Polyketide	False	False	"[""BGC0001656_-1"", ""BGC0001656_0"", ""BGC0001656_1"", ""BGC0001656_2"", ""BGC0001656_3""]"	[7706, 7705, 7707, 7708, 7709]	[-1, 0, 1, 2, 3]	5	13.943674087524414	12.20615291595459
BGC0001657	NRP	NRP	False	False	"[""BGC0001657_-1"", ""BGC0001657_0"", ""BGC0001657_1"", ""BGC0001657_2"", ""BGC0001657_3""]"	[7711, 7710, 7712, 7713, 7714]	[-1, 0, 1, 2, 3]	5	14.386163711547852	-1.0074820518493652
BGC0001658	Polyketide	Polyketide	False	False	"[""BGC0001658_-1"", ""BGC0001658_0"", ""BGC0001658_1"", ""BGC0001658_2"", ""BGC0001658_3""]"	[7716, 7715, 7717, 7718, 7719]	[-1, 0, 1, 2, 3]	5	13.216171264648438	11.907196998596191
BGC0001659	Terpene	Terpene	False	False	"[""BGC0001659_-1"", ""BGC0001659_0"", ""BGC0001659_1"", ""BGC0001659_2"", ""BGC0001659_3""]"	[7721, 7720, 7722, 7723, 7724]	[-1, 0, 1, 2, 3]	5	3.9193015098571777	7.9042196273803711
BGC0001660	RiPP	RiPP	False	False	"[""BGC0001660_-1"", ""BGC0001660_0"", ""BGC0001660_1"", ""BGC0001660_2"", ""BGC0001660_3""]"	[7726, 7725, 7727, 7728, 7729]	[-1, 0, 1, 2, 3]	5	-4.5890531539916992	10.907864570617676
BGC0001661	Polyketide	Polyketide	False	False	"[""BGC0001661_-1"", ""BGC0001661_0"", ""BGC0001661_1"", ""BGC0001661_2"", ""BGC0001661_3""]"	[7731, 7730, 7732, 7733, 7734]	[-1, 0, 1, 2, 3]	5	12.426262855529785	14.360603332519531
BGC0001662	Polyketide	Polyketide	False	False	"[""BGC0001662_-1"", ""BGC0001662_0"", ""BGC0001662_1"", ""BGC0001662_2"", ""BGC0001662_3""]"	[7736, 7735, 7737, 7738, 7739]	[-1, 0, 1, 2, 3]	5	13.478861808776855	12.297025680541992
BGC0001663	Polyketide	Polyketide	False	False	"[""BGC0001663_-1"", ""BGC0001663_0"", ""BGC0001663_1"", ""BGC0001663_2"", ""BGC0001663_3""]"	[7741, 7740, 7742, 7743, 7744]	[-1, 0, 1, 2, 3]	5	16.292919158935547	11.868054389953613
BGC0001664	Terpene	Terpene	False	False	"[""BGC0001664_-1"", ""BGC0001664_0"", ""BGC0001664_1"", ""BGC0001664_2"", ""BGC0001664_3""]"	[7746, 7745, 7747, 7748, 7749]	[-1, 0, 1, 2, 3]	5	3.6821470260620117	8.3028163909912109
BGC0001665	Polyketide	Polyketide	False	False	"[""BGC0001665_-1"", ""BGC0001665_0"", ""BGC0001665_1"", ""BGC0001665_2"", ""BGC0001665_3""]"	[7751, 7750, 7752, 7753, 7754]	[-1, 0, 1, 2, 3]	5	13.816152572631836	12.388552665710449
BGC0001666	Polyketide	Polyketide	False	False	"[""BGC0001666_-1"", ""BGC0001666_0"", ""BGC0001666_1"", ""BGC0001666_2"", ""BGC0001666_3""]"	[7756, 7755, 7757, 7758, 7759]	[-1, 0, 1, 2, 3]	5	13.78504753112793	13.762418746948242
BGC0001667	NRP Polyketide	Hybrid	False	False	"[""BGC0001667_-1"", ""BGC0001667_0"", ""BGC0001667_1"", ""BGC0001667_2"", ""BGC0001667_3""]"	[7761, 7760, 7762, 7763, 7764]	[-1, 0, 1, 2, 3]	5	16.719919204711914	6.4382386207580566
BGC0001668	NRP	NRP	False	False	"[""BGC0001668_-1"", ""BGC0001668_0"", ""BGC0001668_1"", ""BGC0001668_2"", ""BGC0001668_3""]"	[7766, 7765, 7767, 7768, 7769]	[-1, 0, 1, 2, 3]	5	10.66840934753418	-0.61646240949630737
BGC0001669	RiPP	RiPP	False	False	"[""BGC0001669_-1"", ""BGC0001669_0"", ""BGC0001669_1"", ""BGC0001669_2"", ""BGC0001669_3""]"	[7771, 7770, 7772, 7773, 7774]	[-1, 0, 1, 2, 3]	5	-4.4098367691040039	11.603575706481934
BGC0001670	Polyketide	Polyketide	False	False	"[""BGC0001670_-1"", ""BGC0001670_0"", ""BGC0001670_1"", ""BGC0001670_2"", ""BGC0001670_3""]"	[7776, 7775, 7777, 7778, 7779]	[-1, 0, 1, 2, 3]	5	14.36822509765625	13.710596084594727
BGC0001671	NRP	NRP	False	False	"[""BGC0001671_-1"", ""BGC0001671_0"", ""BGC0001671_1"", ""BGC0001671_2"", ""BGC0001671_3""]"	[7781, 7780, 7782, 7783, 7784]	[-1, 0, 1, 2, 3]	5	12.740734100341797	-0.99130791425704956
BGC0001672	NRP	NRP	False	False	"[""BGC0001672_-1"", ""BGC0001672_0"", ""BGC0001672_1"", ""BGC0001672_2"", ""BGC0001672_3""]"	[7786, 7785, 7787, 7788, 7789]	[-1, 0, 1, 2, 3]	5	12.368443489074707	-1.2600008249282837
BGC0001674	RiPP	RiPP	False	False	"[""BGC0001674_-1"", ""BGC0001674_0"", ""BGC0001674_1"", ""BGC0001674_2"", ""BGC0001674_3""]"	[7791, 7790, 7792, 7793, 7794]	[-1, 0, 1, 2, 3]	5	-4.1311798095703125	11.912673950195312
BGC0001675	Polyketide	Polyketide	False	False	"[""BGC0001675_-1"", ""BGC0001675_0"", ""BGC0001675_1"", ""BGC0001675_2"", ""BGC0001675_3""]"	[7796, 7795, 7797, 7798, 7799]	[-1, 0, 1, 2, 3]	5	11.831916809082031	13.642155647277832
BGC0001677	Polyketide	Polyketide	False	False	"[""BGC0001677_-1"", ""BGC0001677_0"", ""BGC0001677_1"", ""BGC0001677_2"", ""BGC0001677_3""]"	[7801, 7800, 7802, 7803, 7804]	[-1, 0, 1, 2, 3]	5	14.795444488525391	14.710684776306152
BGC0001678	Other	Other	False	False	"[""BGC0001678_-1"", ""BGC0001678_0"", ""BGC0001678_1"", ""BGC0001678_2"", ""BGC0001678_3""]"	[7806, 7805, 7807, 7808, 7809]	[-1, 0, 1, 2, 3]	5	3.4129061698913574	1.5896978378295898
BGC0001679	NRP	NRP	False	False	"[""BGC0001679_-1"", ""BGC0001679_0"", ""BGC0001679_1"", ""BGC0001679_2"", ""BGC0001679_3""]"	[7811, 7810, 7812, 7813, 7814]	[-1, 0, 1, 2, 3]	5	10.900496482849121	0.10979393869638443
BGC0001680	Other	Other	False	False	"[""BGC0001680_-1"", ""BGC0001680_0"", ""BGC0001680_1"", ""BGC0001680_2"", ""BGC0001680_3""]"	[7816, 7815, 7817, 7818, 7819]	[-1, 0, 1, 2, 3]	5	2.3301644325256348	1.9362237453460693
BGC0001681	Other	Other	False	False	"[""BGC0001681_-1"", ""BGC0001681_0"", ""BGC0001681_1"", ""BGC0001681_2"", ""BGC0001681_3""]"	[7821, 7820, 7822, 7823, 7824]	[-1, 0, 1, 2, 3]	5	1.9171597957611084	2.0412776470184326
BGC0001682	Other	Other	False	False	"[""BGC0001682_-1"", ""BGC0001682_0"", ""BGC0001682_1"", ""BGC0001682_2"", ""BGC0001682_3""]"	[7826, 7825, 7827, 7828, 7829]	[-1, 0, 1, 2, 3]	5	2.0146703720092773	1.9408690929412842
BGC0001683	Other	Other	False	False	"[""BGC0001683_-1"", ""BGC0001683_0"", ""BGC0001683_1"", ""BGC0001683_2"", ""BGC0001683_3""]"	[7831, 7830, 7832, 7833, 7834]	[-1, 0, 1, 2, 3]	5	2.2316405773162842	1.7913572788238525
BGC0001684	Other	Other	False	False	"[""BGC0001684_-1"", ""BGC0001684_0"", ""BGC0001684_1"", ""BGC0001684_2"", ""BGC0001684_3""]"	[7836, 7835, 7837, 7838, 7839]	[-1, 0, 1, 2, 3]	5	1.8190298080444336	1.7026916742324829
BGC0001685	Other	Other	False	False	"[""BGC0001685_-1"", ""BGC0001685_0"", ""BGC0001685_1"", ""BGC0001685_2"", ""BGC0001685_3""]"	[7841, 7840, 7842, 7843, 7844]	[-1, 0, 1, 2, 3]	5	1.8394944667816162	2.5296204090118408
BGC0001686	NRP	NRP	False	False	"[""BGC0001686_-1"", ""BGC0001686_0"", ""BGC0001686_1"", ""BGC0001686_2"", ""BGC0001686_3""]"	[7846, 7845, 7847, 7848, 7849]	[-1, 0, 1, 2, 3]	5	12.833812713623047	-0.80648654699325562
BGC0001687	Other	Other	False	False	"[""BGC0001687_-1"", ""BGC0001687_0"", ""BGC0001687_1"", ""BGC0001687_2"", ""BGC0001687_3""]"	[7851, 7850, 7852, 7853, 7854]	[-1, 0, 1, 2, 3]	5	2.0078291893005371	1.5240334272384644
BGC0001690	Polyketide	Polyketide	False	False	"[""BGC0001690_-1"", ""BGC0001690_0"", ""BGC0001690_1"", ""BGC0001690_2"", ""BGC0001690_3""]"	[7856, 7855, 7857, 7858, 7859]	[-1, 0, 1, 2, 3]	5	14.488628387451172	10.850414276123047
BGC0001692	NRP	NRP	False	False	"[""BGC0001692_-1"", ""BGC0001692_0"", ""BGC0001692_1"", ""BGC0001692_2"", ""BGC0001692_3""]"	[7861, 7860, 7862, 7863, 7864]	[-1, 0, 1, 2, 3]	5	13.846676826477051	-0.54254305362701416
BGC0001693	Polyketide	Polyketide	False	False	"[""BGC0001693_-1"", ""BGC0001693_0"", ""BGC0001693_1"", ""BGC0001693_2"", ""BGC0001693_3""]"	[7866, 7865, 7867, 7868, 7869]	[-1, 0, 1, 2, 3]	5	12.534233093261719	13.687056541442871
BGC0001694	Polyketide	Polyketide	False	False	"[""BGC0001694_-1"", ""BGC0001694_0"", ""BGC0001694_1"", ""BGC0001694_2"", ""BGC0001694_3""]"	[7871, 7870, 7872, 7873, 7874]	[-1, 0, 1, 2, 3]	5	14.670761108398438	11.802121162414551
BGC0001695	NRP	NRP	False	False	"[""BGC0001695_-1"", ""BGC0001695_0"", ""BGC0001695_1"", ""BGC0001695_2"", ""BGC0001695_3""]"	[7876, 7875, 7877, 7878, 7879]	[-1, 0, 1, 2, 3]	5	16.840282440185547	6.5677046775817871
BGC0001696	RiPP	RiPP	False	False	"[""BGC0001696_-1"", ""BGC0001696_0"", ""BGC0001696_1"", ""BGC0001696_2"", ""BGC0001696_3""]"	[7881, 7880, 7882, 7883, 7884]	[-1, 0, 1, 2, 3]	5	-4.9576058387756348	9.095646858215332
BGC0001699	NRP	NRP	False	False	"[""BGC0001699_-1"", ""BGC0001699_0"", ""BGC0001699_1"", ""BGC0001699_2"", ""BGC0001699_3""]"	[7886, 7885, 7887, 7888, 7889]	[-1, 0, 1, 2, 3]	5	11.865240097045898	-0.41090130805969238
BGC0001700	Polyketide	Polyketide	False	False	"[""BGC0001700_-1"", ""BGC0001700_0"", ""BGC0001700_1"", ""BGC0001700_2"", ""BGC0001700_3""]"	[7891, 7890, 7892, 7893, 7894]	[-1, 0, 1, 2, 3]	5	13.888601303100586	12.660054206848145
BGC0001701	RiPP	RiPP	False	False	"[""BGC0001701_-1"", ""BGC0001701_0"", ""BGC0001701_1"", ""BGC0001701_2"", ""BGC0001701_3""]"	[7896, 7895, 7897, 7898, 7899]	[-1, 0, 1, 2, 3]	5	-4.5532526969909668	10.702086448669434
BGC0001702	NRP Polyketide	Hybrid	False	False	"[""BGC0001702_-1"", ""BGC0001702_0"", ""BGC0001702_1"", ""BGC0001702_2"", ""BGC0001702_3""]"	[7901, 7900, 7902, 7903, 7904]	[-1, 0, 1, 2, 3]	5	17.84980583190918	8.8544492721557617
BGC0001703	Other	Other	False	False	"[""BGC0001703_-1"", ""BGC0001703_0"", ""BGC0001703_1"", ""BGC0001703_2"", ""BGC0001703_3""]"	[7906, 7905, 7907, 7908, 7909]	[-1, 0, 1, 2, 3]	5	3.6389758586883545	1.1169641017913818
BGC0001704	Other	Other	False	False	"[""BGC0001704_-1"", ""BGC0001704_0"", ""BGC0001704_1"", ""BGC0001704_2"", ""BGC0001704_3""]"	[7911, 7910, 7912, 7913, 7914]	[-1, 0, 1, 2, 3]	5	3.7950928211212158	1.0914590358734131
BGC0001705	NRP Polyketide	Hybrid	False	False	"[""BGC0001705_-1"", ""BGC0001705_0"", ""BGC0001705_1"", ""BGC0001705_2"", ""BGC0001705_3""]"	[7916, 7915, 7917, 7918, 7919]	[-1, 0, 1, 2, 3]	5	16.665376663208008	6.3828744888305664
BGC0001706	Terpene	Terpene	False	False	"[""BGC0001706_-1"", ""BGC0001706_0"", ""BGC0001706_1"", ""BGC0001706_2"", ""BGC0001706_3""]"	[7921, 7920, 7922, 7923, 7924]	[-1, 0, 1, 2, 3]	5	3.5308365821838379	7.9582843780517578
BGC0001707	RiPP	RiPP	False	False	"[""BGC0001707_-1"", ""BGC0001707_0"", ""BGC0001707_1"", ""BGC0001707_2"", ""BGC0001707_3""]"	[7926, 7925, 7927, 7928, 7929]	[-1, 0, 1, 2, 3]	5	-3.3506603240966797	11.037848472595215
BGC0001708	Polyketide Terpene	Hybrid	False	False	"[""BGC0001708_-1"", ""BGC0001708_0"", ""BGC0001708_1"", ""BGC0001708_2"", ""BGC0001708_3""]"	[7931, 7930, 7932, 7933, 7934]	[-1, 0, 1, 2, 3]	5	15.124628067016602	15.222764015197754
BGC0001709	Polyketide	Polyketide	False	False	"[""BGC0001709_-1"", ""BGC0001709_0"", ""BGC0001709_1"", ""BGC0001709_2"", ""BGC0001709_3""]"	[7936, 7935, 7937, 7938, 7939]	[-1, 0, 1, 2, 3]	5	13.18533992767334	12.058883666992188
BGC0001711	NRP Polyketide	Hybrid	False	False	"[""BGC0001711_-1"", ""BGC0001711_0"", ""BGC0001711_1"", ""BGC0001711_2"", ""BGC0001711_3""]"	[7941, 7940, 7942, 7943, 7944]	[-1, 0, 1, 2, 3]	5	17.417848587036133	6.8457646369934082
BGC0001712	Other	Other	False	False	"[""BGC0001712_-1"", ""BGC0001712_0"", ""BGC0001712_1"", ""BGC0001712_2"", ""BGC0001712_3""]"	[7946, 7945, 7947, 7948, 7949]	[-1, 0, 1, 2, 3]	5	10.478207588195801	0.26537385582923889
BGC0001713	Other	Other	False	False	"[""BGC0001713_-1"", ""BGC0001713_0"", ""BGC0001713_1"", ""BGC0001713_2"", ""BGC0001713_3""]"	[7951, 7950, 7952, 7953, 7954]	[-1, 0, 1, 2, 3]	5	2.6209008693695068	2.1732933521270752
BGC0001715	NRP	NRP	False	False	"[""BGC0001715_-1"", ""BGC0001715_0"", ""BGC0001715_1"", ""BGC0001715_2"", ""BGC0001715_3""]"	[7956, 7955, 7957, 7958, 7959]	[-1, 0, 1, 2, 3]	5	13.989405632019043	-0.45103946328163147
BGC0001716	NRP	NRP	False	False	"[""BGC0001716_-1"", ""BGC0001716_0"", ""BGC0001716_1"", ""BGC0001716_2"", ""BGC0001716_3""]"	[7961, 7960, 7962, 7963, 7964]	[-1, 0, 1, 2, 3]	5	13.074375152587891	-0.34236356616020203
BGC0001717	NRP	NRP	False	False	"[""BGC0001717_-1"", ""BGC0001717_0"", ""BGC0001717_1"", ""BGC0001717_2"", ""BGC0001717_3""]"	[7966, 7965, 7967, 7968, 7969]	[-1, 0, 1, 2, 3]	5	10.996628761291504	-0.23544934391975403
BGC0001718	NRP	NRP	False	False	"[""BGC0001718_-1"", ""BGC0001718_0"", ""BGC0001718_1"", ""BGC0001718_2"", ""BGC0001718_3""]"	[7971, 7970, 7972, 7973, 7974]	[-1, 0, 1, 2, 3]	5	10.963563919067383	-0.017348332330584526
BGC0001719	Polyketide	Polyketide	False	False	"[""BGC0001719_-1"", ""BGC0001719_0"", ""BGC0001719_1"", ""BGC0001719_2"", ""BGC0001719_3""]"	[7976, 7975, 7977, 7978, 7979]	[-1, 0, 1, 2, 3]	5	12.639937400817871	12.374814987182617
BGC0001720	Polyketide	Polyketide	False	False	"[""BGC0001720_-1"", ""BGC0001720_0"", ""BGC0001720_1"", ""BGC0001720_2"", ""BGC0001720_3""]"	[7981, 7980, 7982, 7983, 7984]	[-1, 0, 1, 2, 3]	5	13.567290306091309	14.446346282958984
BGC0001721	NRP	NRP	False	False	"[""BGC0001721_-1"", ""BGC0001721_0"", ""BGC0001721_1"", ""BGC0001721_2"", ""BGC0001721_3""]"	[7986, 7985, 7987, 7988, 7989]	[-1, 0, 1, 2, 3]	5	13.833353042602539	-0.33741998672485352
BGC0001722	Polyketide	Polyketide	False	False	"[""BGC0001722_-1"", ""BGC0001722_0"", ""BGC0001722_1"", ""BGC0001722_2"", ""BGC0001722_3""]"	[7991, 7990, 7992, 7993, 7994]	[-1, 0, 1, 2, 3]	5	15.105714797973633	14.988360404968262
BGC0001723	Polyketide	Polyketide	False	False	"[""BGC0001723_-1"", ""BGC0001723_0"", ""BGC0001723_1"", ""BGC0001723_2"", ""BGC0001723_3""]"	[7996, 7995, 7997, 7998, 7999]	[-1, 0, 1, 2, 3]	5	12.844394683837891	14.692614555358887
BGC0001724	NRP Polyketide	Hybrid	False	False	"[""BGC0001724_-1"", ""BGC0001724_0"", ""BGC0001724_1"", ""BGC0001724_2"", ""BGC0001724_3""]"	[8001, 8000, 8002, 8003, 8004]	[-1, 0, 1, 2, 3]	5	16.171611785888672	11.186496734619141
BGC0001725	Other	Other	False	False	"[""BGC0001725_-1"", ""BGC0001725_0"", ""BGC0001725_1"", ""BGC0001725_2"", ""BGC0001725_3""]"	[8006, 8005, 8007, 8008, 8009]	[-1, 0, 1, 2, 3]	5	2.274813175201416	2.370506763458252
BGC0001726	NRP Polyketide	Hybrid	False	False	"[""BGC0001726_-1"", ""BGC0001726_0"", ""BGC0001726_1"", ""BGC0001726_2"", ""BGC0001726_3""]"	[8011, 8010, 8012, 8013, 8014]	[-1, 0, 1, 2, 3]	5	16.016176223754883	9.7472066879272461
BGC0001727	RiPP	RiPP	False	False	"[""BGC0001727_-1"", ""BGC0001727_0"", ""BGC0001727_1"", ""BGC0001727_2"", ""BGC0001727_3""]"	[8016, 8015, 8017, 8018, 8019]	[-1, 0, 1, 2, 3]	5	-4.0454111099243164	11.661677360534668
BGC0001728	NRP Polyketide	Hybrid	False	False	"[""BGC0001728_-1"", ""BGC0001728_0"", ""BGC0001728_1"", ""BGC0001728_2"", ""BGC0001728_3""]"	[8021, 8020, 8022, 8023, 8024]	[-1, 0, 1, 2, 3]	5	17.785699844360352	7.9685416221618652
BGC0001729	Polyketide Terpene	Hybrid	False	False	"[""BGC0001729_-1"", ""BGC0001729_0"", ""BGC0001729_1"", ""BGC0001729_2"", ""BGC0001729_3""]"	[8026, 8025, 8027, 8028, 8029]	[-1, 0, 1, 2, 3]	5	15.099092483520508	15.086963653564453
BGC0001730	Polyketide	Polyketide	False	False	"[""BGC0001730_-1"", ""BGC0001730_0"", ""BGC0001730_1"", ""BGC0001730_2"", ""BGC0001730_3""]"	[8031, 8030, 8032, 8033, 8034]	[-1, 0, 1, 2, 3]	5	12.773241996765137	14.751744270324707
BGC0001731	Other	Other	False	False	"[""BGC0001731_-1"", ""BGC0001731_0"", ""BGC0001731_1"", ""BGC0001731_2"", ""BGC0001731_3""]"	[8036, 8035, 8037, 8038, 8039]	[-1, 0, 1, 2, 3]	5	2.9997797012329102	1.9110983610153198
BGC0001732	Other	Other	False	False	"[""BGC0001732_-1"", ""BGC0001732_0"", ""BGC0001732_1"", ""BGC0001732_2"", ""BGC0001732_3""]"	[8041, 8040, 8042, 8043, 8044]	[-1, 0, 1, 2, 3]	5	2.8417372703552246	1.6112661361694336
BGC0001733	RiPP	RiPP	False	False	"[""BGC0001733_-1"", ""BGC0001733_0"", ""BGC0001733_1"", ""BGC0001733_2"", ""BGC0001733_3""]"	[8046, 8045, 8047, 8048, 8049]	[-1, 0, 1, 2, 3]	5	-4.4478788375854492	7.6719121932983398
BGC0001735	Other	Other	False	False	"[""BGC0001735_-1"", ""BGC0001735_0"", ""BGC0001735_1"", ""BGC0001735_2"", ""BGC0001735_3""]"	[8051, 8050, 8052, 8053, 8054]	[-1, 0, 1, 2, 3]	5	2.0814418792724609	1.3878191709518433
BGC0001736	NRP	NRP	False	False	"[""BGC0001736_-1"", ""BGC0001736_0"", ""BGC0001736_1"", ""BGC0001736_2"", ""BGC0001736_3""]"	[8056, 8055, 8057, 8058, 8059]	[-1, 0, 1, 2, 3]	5	11.170794486999512	-0.97236907482147217
BGC0001737	NRP Polyketide	Hybrid	False	False	"[""BGC0001737_-1"", ""BGC0001737_0"", ""BGC0001737_1"", ""BGC0001737_2"", ""BGC0001737_3""]"	[8061, 8060, 8062, 8063, 8064]	[-1, 0, 1, 2, 3]	5	17.856651306152344	7.0294961929321289
BGC0001738	NRP Polyketide	Hybrid	False	False	"[""BGC0001738_-1"", ""BGC0001738_0"", ""BGC0001738_1"", ""BGC0001738_2"", ""BGC0001738_3""]"	[8066, 8065, 8067, 8068, 8069]	[-1, 0, 1, 2, 3]	5	15.816486358642578	9.9323663711547852
BGC0001739	Other	Other	False	False	"[""BGC0001739_-1"", ""BGC0001739_0"", ""BGC0001739_1"", ""BGC0001739_2"", ""BGC0001739_3""]"	[8071, 8070, 8072, 8073, 8074]	[-1, 0, 1, 2, 3]	5	3.4773156642913818	1.7250865697860718
BGC0001740	NRP Polyketide	Hybrid	False	False	"[""BGC0001740_-1"", ""BGC0001740_0"", ""BGC0001740_1"", ""BGC0001740_2"", ""BGC0001740_3""]"	[8076, 8075, 8077, 8078, 8079]	[-1, 0, 1, 2, 3]	5	16.644735336303711	6.5550246238708496
BGC0001741	NRP Polyketide	Hybrid	False	False	"[""BGC0001741_-1"", ""BGC0001741_0"", ""BGC0001741_1"", ""BGC0001741_2"", ""BGC0001741_3""]"	[8081, 8080, 8082, 8083, 8084]	[-1, 0, 1, 2, 3]	5	16.076171875	9.8673419952392578
BGC0001742	Polyketide	Polyketide	False	False	"[""BGC0001742_-1"", ""BGC0001742_0"", ""BGC0001742_1"", ""BGC0001742_2"", ""BGC0001742_3""]"	[8086, 8085, 8087, 8088, 8089]	[-1, 0, 1, 2, 3]	5	13.506632804870605	13.43254566192627
BGC0001743	RiPP	RiPP	False	False	"[""BGC0001743_-1"", ""BGC0001743_0"", ""BGC0001743_1"", ""BGC0001743_2"", ""BGC0001743_3""]"	[8091, 8090, 8092, 8093, 8094]	[-1, 0, 1, 2, 3]	5	-5.0626320838928223	8.787663459777832
BGC0001745	RiPP	RiPP	False	False	"[""BGC0001745_-1"", ""BGC0001745_0"", ""BGC0001745_1"", ""BGC0001745_2"", ""BGC0001745_3""]"	[8096, 8095, 8097, 8098, 8099]	[-1, 0, 1, 2, 3]	5	-4.6535420417785645	8.8896646499633789
BGC0001746	Terpene	Terpene	False	False	"[""BGC0001746_-1"", ""BGC0001746_0"", ""BGC0001746_1"", ""BGC0001746_2"", ""BGC0001746_3""]"	[8101, 8100, 8102, 8103, 8104]	[-1, 0, 1, 2, 3]	5	3.7131273746490479	7.3333845138549805
BGC0001747	Other	Other	False	False	"[""BGC0001747_-1"", ""BGC0001747_0"", ""BGC0001747_1"", ""BGC0001747_2"", ""BGC0001747_3""]"	[8106, 8105, 8107, 8108, 8109]	[-1, 0, 1, 2, 3]	5	2.2962188720703125	2.495769739151001
BGC0001748	NRP Polyketide	Hybrid	False	False	"[""BGC0001748_-1"", ""BGC0001748_0"", ""BGC0001748_1"", ""BGC0001748_2"", ""BGC0001748_3""]"	[8111, 8110, 8112, 8113, 8114]	[-1, 0, 1, 2, 3]	5	16.714767456054688	6.3065319061279297
BGC0001749	Polyketide	Polyketide	False	False	"[""BGC0001749_-1"", ""BGC0001749_0"", ""BGC0001749_1"", ""BGC0001749_2"", ""BGC0001749_3""]"	[8116, 8115, 8117, 8118, 8119]	[-1, 0, 1, 2, 3]	5	14.77076244354248	12.645216941833496
BGC0001750	NRP Polyketide	Hybrid	False	False	"[""BGC0001750_-1"", ""BGC0001750_0"", ""BGC0001750_1"", ""BGC0001750_2"", ""BGC0001750_3""]"	[8121, 8120, 8122, 8123, 8124]	[-1, 0, 1, 2, 3]	5	17.503057479858398	8.4534416198730469
BGC0001751	NRP Polyketide	Hybrid	False	False	"[""BGC0001751_-1"", ""BGC0001751_0"", ""BGC0001751_1"", ""BGC0001751_2"", ""BGC0001751_3""]"	[8126, 8125, 8127, 8128, 8129]	[-1, 0, 1, 2, 3]	5	16.692991256713867	9.103607177734375
BGC0001752	NRP	NRP	False	False	"[""BGC0001752_-1"", ""BGC0001752_0"", ""BGC0001752_1"", ""BGC0001752_2"", ""BGC0001752_3""]"	[8131, 8130, 8132, 8133, 8134]	[-1, 0, 1, 2, 3]	5	13.315549850463867	-1.9509329795837402
BGC0001753	RiPP	RiPP	False	False	"[""BGC0001753_-1"", ""BGC0001753_0"", ""BGC0001753_1"", ""BGC0001753_2"", ""BGC0001753_3""]"	[8136, 8135, 8137, 8138, 8139]	[-1, 0, 1, 2, 3]	5	-3.3191235065460205	10.98338794708252
BGC0001755	Polyketide	Polyketide	False	False	"[""BGC0001755_-1"", ""BGC0001755_0"", ""BGC0001755_1"", ""BGC0001755_2"", ""BGC0001755_3""]"	[8141, 8140, 8142, 8143, 8144]	[-1, 0, 1, 2, 3]	5	13.75439453125	11.824090003967285
BGC0001756	Terpene	Terpene	False	False	"[""BGC0001756_-1"", ""BGC0001756_0"", ""BGC0001756_1"", ""BGC0001756_2"", ""BGC0001756_3""]"	[8146, 8145, 8147, 8148, 8149]	[-1, 0, 1, 2, 3]	5	3.1080021858215332	7.5978732109069824
BGC0001757	Other	Other	False	False	"[""BGC0001757_-1"", ""BGC0001757_0"", ""BGC0001757_1"", ""BGC0001757_2"", ""BGC0001757_3""]"	[8151, 8150, 8152, 8153, 8154]	[-1, 0, 1, 2, 3]	5	3.2530643939971924	1.7967139482498169
BGC0001758	NRP	NRP	False	False	"[""BGC0001758_-1"", ""BGC0001758_0"", ""BGC0001758_1"", ""BGC0001758_2"", ""BGC0001758_3""]"	[8156, 8155, 8157, 8158, 8159]	[-1, 0, 1, 2, 3]	5	12.963363647460938	-0.87009710073471069
BGC0001759	Polyketide	Polyketide	False	False	"[""BGC0001759_-1"", ""BGC0001759_0"", ""BGC0001759_1"", ""BGC0001759_2"", ""BGC0001759_3""]"	[8161, 8160, 8162, 8163, 8164]	[-1, 0, 1, 2, 3]	5	13.622721672058105	13.844535827636719
BGC0001760	NRP	NRP	False	False	"[""BGC0001760_-1"", ""BGC0001760_0"", ""BGC0001760_1"", ""BGC0001760_2"", ""BGC0001760_3""]"	[8166, 8165, 8167, 8168, 8169]	[-1, 0, 1, 2, 3]	5	14.30959415435791	-1.0818734169006348
BGC0001761	Polyketide	Polyketide	False	False	"[""BGC0001761_-1"", ""BGC0001761_0"", ""BGC0001761_1"", ""BGC0001761_2"", ""BGC0001761_3""]"	[8171, 8170, 8172, 8173, 8174]	[-1, 0, 1, 2, 3]	5	14.856878280639648	11.604323387145996
BGC0001762	Alkaloid	Alkaloid	False	False	"[""BGC0001762_-1"", ""BGC0001762_0"", ""BGC0001762_1"", ""BGC0001762_2"", ""BGC0001762_3""]"	[8176, 8175, 8177, 8178, 8179]	[-1, 0, 1, 2, 3]	5	12.668659210205078	12.32292366027832
BGC0001763	NRP Polyketide	Hybrid	False	False	"[""BGC0001763_-1"", ""BGC0001763_0"", ""BGC0001763_1"", ""BGC0001763_2"", ""BGC0001763_3""]"	[8181, 8180, 8182, 8183, 8184]	[-1, 0, 1, 2, 3]	5	16.974605560302734	6.7112822532653809
BGC0001764	NRP	NRP	False	False	"[""BGC0001764_-1"", ""BGC0001764_0"", ""BGC0001764_1"", ""BGC0001764_2"", ""BGC0001764_3""]"	[8186, 8185, 8187, 8188, 8189]	[-1, 0, 1, 2, 3]	5	11.796635627746582	-0.46065068244934082
BGC0001765	Saccharide	Saccharide	True	True	"[""BGC0001765_-1"", ""BGC0001765_0"", ""BGC0001765_1"", ""BGC0001765_2"", ""BGC0001765_3""]"	[8191, 8190, 8192, 8193, 8194]	[-1, 0, 1, 2, 3]	5	0.15213018655776978	-0.57004237174987793
BGC0001767	NRP	NRP	False	False	"[""BGC0001767_-1"", ""BGC0001767_0"", ""BGC0001767_1"", ""BGC0001767_2"", ""BGC0001767_3""]"	[8196, 8195, 8197, 8198, 8199]	[-1, 0, 1, 2, 3]	5	12.923678398132324	-1.939250111579895
BGC0001768	NRP	NRP	False	False	"[""BGC0001768_-1"", ""BGC0001768_0"", ""BGC0001768_1"", ""BGC0001768_2"", ""BGC0001768_3""]"	[8201, 8200, 8202, 8203, 8204]	[-1, 0, 1, 2, 3]	5	11.047162055969238	-0.29762843251228333
BGC0001769	Polyketide	Polyketide	False	False	"[""BGC0001769_-1"", ""BGC0001769_0"", ""BGC0001769_1"", ""BGC0001769_2"", ""BGC0001769_3""]"	[8206, 8205, 8207, 8208, 8209]	[-1, 0, 1, 2, 3]	5	11.808882713317871	13.753494262695312
BGC0001770	Polyketide	Polyketide	False	False	"[""BGC0001770_-1"", ""BGC0001770_0"", ""BGC0001770_1"", ""BGC0001770_2"", ""BGC0001770_3""]"	[8211, 8210, 8212, 8213, 8214]	[-1, 0, 1, 2, 3]	5	13.99721622467041	11.42530632019043
BGC0001771	NRP	NRP	False	False	"[""BGC0001771_-1"", ""BGC0001771_0"", ""BGC0001771_1"", ""BGC0001771_2"", ""BGC0001771_3""]"	[8216, 8215, 8217, 8218, 8219]	[-1, 0, 1, 2, 3]	5	12.241329193115234	-1.5971670150756836
BGC0001772	Polyketide	Polyketide	False	False	"[""BGC0001772_-1"", ""BGC0001772_0"", ""BGC0001772_1"", ""BGC0001772_2"", ""BGC0001772_3""]"	[8221, 8220, 8222, 8223, 8224]	[-1, 0, 1, 2, 3]	5	15.881621360778809	11.202545166015625
BGC0001773	Polyketide	Polyketide	False	False	"[""BGC0001773_-1"", ""BGC0001773_0"", ""BGC0001773_1"", ""BGC0001773_2"", ""BGC0001773_3""]"	[8226, 8225, 8227, 8228, 8229]	[-1, 0, 1, 2, 3]	5	12.48707103729248	12.626734733581543
BGC0001774	Other	Other	False	False	"[""BGC0001774_-1"", ""BGC0001774_0"", ""BGC0001774_1"", ""BGC0001774_2"", ""BGC0001774_3""]"	[8231, 8230, 8232, 8233, 8234]	[-1, 0, 1, 2, 3]	5	2.6070070266723633	2.380528450012207
BGC0001775	Terpene	Terpene	False	False	"[""BGC0001775_-1"", ""BGC0001775_0"", ""BGC0001775_1"", ""BGC0001775_2"", ""BGC0001775_3""]"	[8236, 8235, 8237, 8238, 8239]	[-1, 0, 1, 2, 3]	5	2.9676847457885742	8.2658758163452148
BGC0001776	Terpene	Terpene	False	False	"[""BGC0001776_-1"", ""BGC0001776_0"", ""BGC0001776_1"", ""BGC0001776_2"", ""BGC0001776_3""]"	[8241, 8240, 8242, 8243, 8244]	[-1, 0, 1, 2, 3]	5	3.8664085865020752	7.7927975654602051
BGC0001777	Terpene	Terpene	False	False	"[""BGC0001777_-1"", ""BGC0001777_0"", ""BGC0001777_1"", ""BGC0001777_2"", ""BGC0001777_3""]"	[8246, 8245, 8247, 8248, 8249]	[-1, 0, 1, 2, 3]	5	3.3881092071533203	7.9157600402832031
BGC0001778	Other	Other	False	False	"[""BGC0001778_-1"", ""BGC0001778_0"", ""BGC0001778_1"", ""BGC0001778_2"", ""BGC0001778_3""]"	[8251, 8250, 8252, 8253, 8254]	[-1, 0, 1, 2, 3]	5	3.295482873916626	1.8452033996582031
BGC0001779	RiPP	RiPP	False	False	"[""BGC0001779_-1"", ""BGC0001779_0"", ""BGC0001779_1"", ""BGC0001779_2"", ""BGC0001779_3""]"	[8256, 8255, 8257, 8258, 8259]	[-1, 0, 1, 2, 3]	5	-4.366889476776123	11.432315826416016
BGC0001780	NRP	NRP	False	False	"[""BGC0001780_-1"", ""BGC0001780_0"", ""BGC0001780_1"", ""BGC0001780_2"", ""BGC0001780_3""]"	[8261, 8260, 8262, 8263, 8264]	[-1, 0, 1, 2, 3]	5	16.033651351928711	9.1998863220214844
BGC0001781	RiPP	RiPP	False	False	"[""BGC0001781_-1"", ""BGC0001781_0"", ""BGC0001781_1"", ""BGC0001781_2"", ""BGC0001781_3""]"	[8266, 8265, 8267, 8268, 8269]	[-1, 0, 1, 2, 3]	5	-4.4789009094238281	11.282047271728516
BGC0001782	Other	Other	False	False	"[""BGC0001782_-1"", ""BGC0001782_0"", ""BGC0001782_1"", ""BGC0001782_2"", ""BGC0001782_3""]"	[8271, 8270, 8272, 8273, 8274]	[-1, 0, 1, 2, 3]	5	3.5802285671234131	1.879153847694397
BGC0001783	Other	Other	False	False	"[""BGC0001783_-1"", ""BGC0001783_0"", ""BGC0001783_1"", ""BGC0001783_2"", ""BGC0001783_3""]"	[8276, 8275, 8277, 8278, 8279]	[-1, 0, 1, 2, 3]	5	2.8246877193450928	2.4821243286132812
BGC0001784	Polyketide	Polyketide	False	False	"[""BGC0001784_-1"", ""BGC0001784_0"", ""BGC0001784_1"", ""BGC0001784_2"", ""BGC0001784_3""]"	[8281, 8280, 8282, 8283, 8284]	[-1, 0, 1, 2, 3]	5	13.493791580200195	12.411725044250488
BGC0001785	Polyketide	Polyketide	False	False	"[""BGC0001785_-1"", ""BGC0001785_0"", ""BGC0001785_1"", ""BGC0001785_2"", ""BGC0001785_3""]"	[8286, 8285, 8287, 8288, 8289]	[-1, 0, 1, 2, 3]	5	14.28688907623291	11.872519493103027
BGC0001786	RiPP	RiPP	False	False	"[""BGC0001786_-1"", ""BGC0001786_0"", ""BGC0001786_1"", ""BGC0001786_2"", ""BGC0001786_3""]"	[8291, 8290, 8292, 8293, 8294]	[-1, 0, 1, 2, 3]	5	-4.2374629974365234	11.444663047790527
BGC0001787	RiPP	RiPP	False	False	"[""BGC0001787_-1"", ""BGC0001787_0"", ""BGC0001787_1"", ""BGC0001787_2"", ""BGC0001787_3""]"	[8296, 8295, 8297, 8298, 8299]	[-1, 0, 1, 2, 3]	5	-4.2737579345703125	10.765670776367188
BGC0001788	RiPP	RiPP	False	False	"[""BGC0001788_-1"", ""BGC0001788_0"", ""BGC0001788_1"", ""BGC0001788_2"", ""BGC0001788_3""]"	[8301, 8300, 8302, 8303, 8304]	[-1, 0, 1, 2, 3]	5	-4.4733180999755859	11.143166542053223
BGC0001789	RiPP	RiPP	False	False	"[""BGC0001789_-1"", ""BGC0001789_0"", ""BGC0001789_1"", ""BGC0001789_2"", ""BGC0001789_3""]"	[8306, 8305, 8307, 8308, 8309]	[-1, 0, 1, 2, 3]	5	-3.8499071598052979	11.404804229736328
BGC0001790	NRP	NRP	False	False	"[""BGC0001790_-1"", ""BGC0001790_0"", ""BGC0001790_1"", ""BGC0001790_2"", ""BGC0001790_3""]"	[8311, 8310, 8312, 8313, 8314]	[-1, 0, 1, 2, 3]	5	13.088393211364746	-1.4266500473022461
BGC0001791	NRP	NRP	False	False	"[""BGC0001791_-1"", ""BGC0001791_0"", ""BGC0001791_1"", ""BGC0001791_2"", ""BGC0001791_3""]"	[8316, 8315, 8317, 8318, 8319]	[-1, 0, 1, 2, 3]	5	12.65997314453125	-0.85093897581100464
BGC0001792	NRP	NRP	False	False	"[""BGC0001792_-1"", ""BGC0001792_0"", ""BGC0001792_1"", ""BGC0001792_2"", ""BGC0001792_3""]"	[8321, 8320, 8322, 8323, 8324]	[-1, 0, 1, 2, 3]	5	13.806357383728027	-1.4673019647598267
BGC0001793	NRP Polyketide	Hybrid	False	False	"[""BGC0001793_-1"", ""BGC0001793_0"", ""BGC0001793_1"", ""BGC0001793_2"", ""BGC0001793_3""]"	[8326, 8325, 8327, 8328, 8329]	[-1, 0, 1, 2, 3]	5	16.823484420776367	8.5515995025634766
BGC0001794	NRP Polyketide	Hybrid	False	False	"[""BGC0001794_-1"", ""BGC0001794_0"", ""BGC0001794_1"", ""BGC0001794_2"", ""BGC0001794_3""]"	[8331, 8330, 8332, 8333, 8334]	[-1, 0, 1, 2, 3]	5	16.806413650512695	8.2996883392333984
BGC0001795	Polyketide	Polyketide	False	False	"[""BGC0001795_-1"", ""BGC0001795_0"", ""BGC0001795_1"", ""BGC0001795_2"", ""BGC0001795_3""]"	[8336, 8335, 8337, 8338, 8339]	[-1, 0, 1, 2, 3]	5	13.998058319091797	12.213343620300293
BGC0001796	NRP	NRP	False	False	"[""BGC0001796_-1"", ""BGC0001796_0"", ""BGC0001796_1"", ""BGC0001796_2"", ""BGC0001796_3""]"	[8341, 8340, 8342, 8343, 8344]	[-1, 0, 1, 2, 3]	5	12.834820747375488	-0.85400331020355225
BGC0001797	RiPP	RiPP	False	False	"[""BGC0001797_-1"", ""BGC0001797_0"", ""BGC0001797_1"", ""BGC0001797_2"", ""BGC0001797_3""]"	[8346, 8345, 8347, 8348, 8349]	[-1, 0, 1, 2, 3]	5	-5.0145306587219238	9.1363534927368164
BGC0001799	Alkaloid	Alkaloid	False	False	"[""BGC0001799_-1"", ""BGC0001799_0"", ""BGC0001799_1"", ""BGC0001799_2"", ""BGC0001799_3""]"	[8351, 8350, 8352, 8353, 8354]	[-1, 0, 1, 2, 3]	5	5.1793723106384277	2.7633860111236572
BGC0001800	NRP Polyketide	Hybrid	False	False	"[""BGC0001800_-1"", ""BGC0001800_0"", ""BGC0001800_1"", ""BGC0001800_2"", ""BGC0001800_3""]"	[8356, 8355, 8357, 8358, 8359]	[-1, 0, 1, 2, 3]	5	17.53333854675293	6.8895955085754395
BGC0001801	NRP	NRP	False	False	"[""BGC0001801_-1"", ""BGC0001801_0"", ""BGC0001801_1"", ""BGC0001801_2"", ""BGC0001801_3""]"	[8361, 8360, 8362, 8363, 8364]	[-1, 0, 1, 2, 3]	5	13.243072509765625	-1.9015578031539917
BGC0001802	RiPP	RiPP	False	False	"[""BGC0001802_-1"", ""BGC0001802_0"", ""BGC0001802_1"", ""BGC0001802_2"", ""BGC0001802_3""]"	[8366, 8365, 8367, 8368, 8369]	[-1, 0, 1, 2, 3]	5	-4.841834545135498	8.5907888412475586
BGC0001806	NRP	NRP	False	False	"[""BGC0001806_-1"", ""BGC0001806_0"", ""BGC0001806_1"", ""BGC0001806_2"", ""BGC0001806_3""]"	[8371, 8370, 8372, 8373, 8374]	[-1, 0, 1, 2, 3]	5	14.069957733154297	-0.92910706996917725
BGC0001807	NRP Polyketide	Hybrid	False	False	"[""BGC0001807_-1"", ""BGC0001807_0"", ""BGC0001807_1"", ""BGC0001807_2"", ""BGC0001807_3""]"	[8376, 8375, 8377, 8378, 8379]	[-1, 0, 1, 2, 3]	5	17.794475555419922	8.8692798614501953
BGC0001808	Other	Other	False	False	"[""BGC0001808_-1"", ""BGC0001808_0"", ""BGC0001808_1"", ""BGC0001808_2"", ""BGC0001808_3""]"	[8381, 8380, 8382, 8383, 8384]	[-1, 0, 1, 2, 3]	5	3.5464773178100586	1.4781008958816528
BGC0001809	Other	Other	False	False	"[""BGC0001809_-1"", ""BGC0001809_0"", ""BGC0001809_1"", ""BGC0001809_2"", ""BGC0001809_3""]"	[8386, 8385, 8387, 8388, 8389]	[-1, 0, 1, 2, 3]	5	2.6644890308380127	1.7714805603027344
BGC0001810	Polyketide	Polyketide	False	False	"[""BGC0001810_-1"", ""BGC0001810_0"", ""BGC0001810_1"", ""BGC0001810_2"", ""BGC0001810_3""]"	[8391, 8390, 8392, 8393, 8394]	[-1, 0, 1, 2, 3]	5	12.937985420227051	14.684318542480469
BGC0001811	Terpene	Terpene	False	False	"[""BGC0001811_-1"", ""BGC0001811_0"", ""BGC0001811_1"", ""BGC0001811_2"", ""BGC0001811_3""]"	[8396, 8395, 8397, 8398, 8399]	[-1, 0, 1, 2, 3]	5	3.1316006183624268	8.3583345413208008
BGC0001812	Polyketide	Polyketide	False	False	"[""BGC0001812_-1"", ""BGC0001812_0"", ""BGC0001812_1"", ""BGC0001812_2"", ""BGC0001812_3""]"	[8401, 8400, 8402, 8403, 8404]	[-1, 0, 1, 2, 3]	5	12.544548988342285	13.484429359436035
BGC0001813	NRP	NRP	False	False	"[""BGC0001813_-1"", ""BGC0001813_0"", ""BGC0001813_1"", ""BGC0001813_2"", ""BGC0001813_3""]"	[8406, 8405, 8407, 8408, 8409]	[-1, 0, 1, 2, 3]	5	12.650432586669922	-1.132576584815979
BGC0001814	NRP	NRP	False	False	"[""BGC0001814_-1"", ""BGC0001814_0"", ""BGC0001814_1"", ""BGC0001814_2"", ""BGC0001814_3""]"	[8411, 8410, 8412, 8413, 8414]	[-1, 0, 1, 2, 3]	5	13.921871185302734	-0.95006430149078369
BGC0001816	NRP Polyketide	Hybrid	False	False	"[""BGC0001816_-1"", ""BGC0001816_0"", ""BGC0001816_1"", ""BGC0001816_2"", ""BGC0001816_3""]"	[8416, 8415, 8417, 8418, 8419]	[-1, 0, 1, 2, 3]	5	17.301515579223633	7.2515826225280762
BGC0001817	Other	Other	False	False	"[""BGC0001817_-1"", ""BGC0001817_0"", ""BGC0001817_1"", ""BGC0001817_2"", ""BGC0001817_3""]"	[8421, 8420, 8422, 8423, 8424]	[-1, 0, 1, 2, 3]	5	2.5850005149841309	0.96329677104949951
BGC0001818	NRP	NRP	False	False	"[""BGC0001818_-1"", ""BGC0001818_0"", ""BGC0001818_1"", ""BGC0001818_2"", ""BGC0001818_3""]"	[8426, 8425, 8427, 8428, 8429]	[-1, 0, 1, 2, 3]	5	12.304741859436035	-1.4732977151870728
BGC0001819	Polyketide	Polyketide	False	False	"[""BGC0001819_-1"", ""BGC0001819_0"", ""BGC0001819_1"", ""BGC0001819_2"", ""BGC0001819_3""]"	[8431, 8430, 8432, 8433, 8434]	[-1, 0, 1, 2, 3]	5	14.751200675964355	10.505045890808105
BGC0001820	NRP	NRP	False	False	"[""BGC0001820_-1"", ""BGC0001820_0"", ""BGC0001820_1"", ""BGC0001820_2"", ""BGC0001820_3""]"	[8436, 8435, 8437, 8438, 8439]	[-1, 0, 1, 2, 3]	5	11.180302619934082	-0.28910443186759949
BGC0001822	NRP	NRP	False	False	"[""BGC0001822_-1"", ""BGC0001822_0"", ""BGC0001822_1"", ""BGC0001822_2"", ""BGC0001822_3""]"	[8441, 8440, 8442, 8443, 8444]	[-1, 0, 1, 2, 3]	5	13.914709091186523	-0.57780367136001587
BGC0001823	NRP Polyketide	Hybrid	False	False	"[""BGC0001823_-1"", ""BGC0001823_0"", ""BGC0001823_1"", ""BGC0001823_2"", ""BGC0001823_3""]"	[8446, 8445, 8447, 8448, 8449]	[-1, 0, 1, 2, 3]	5	16.683845520019531	6.7697477340698242
BGC0001824	NRP	NRP	False	False	"[""BGC0001824_-1"", ""BGC0001824_0"", ""BGC0001824_1"", ""BGC0001824_2"", ""BGC0001824_3""]"	[8451, 8450, 8452, 8453, 8454]	[-1, 0, 1, 2, 3]	5	13.105587959289551	-0.87455707788467407
BGC0001825	NRP	NRP	False	False	"[""BGC0001825_-1"", ""BGC0001825_0"", ""BGC0001825_1"", ""BGC0001825_2"", ""BGC0001825_3""]"	[8456, 8455, 8457, 8458, 8459]	[-1, 0, 1, 2, 3]	5	12.446118354797363	-1.2137494087219238
BGC0001826	NRP	NRP	False	False	"[""BGC0001826_-1"", ""BGC0001826_0"", ""BGC0001826_1"", ""BGC0001826_2"", ""BGC0001826_3""]"	[8461, 8460, 8462, 8463, 8464]	[-1, 0, 1, 2, 3]	5	13.645908355712891	-1.0497018098831177
BGC0001827	Polyketide	Polyketide	False	False	"[""BGC0001827_-1"", ""BGC0001827_0"", ""BGC0001827_1"", ""BGC0001827_2"", ""BGC0001827_3""]"	[8466, 8465, 8467, 8468, 8469]	[-1, 0, 1, 2, 3]	5	14.516490936279297	14.595114707946777
BGC0001828	Polyketide	Polyketide	False	False	"[""BGC0001828_-1"", ""BGC0001828_0"", ""BGC0001828_1"", ""BGC0001828_2"", ""BGC0001828_3""]"	[8471, 8470, 8472, 8473, 8474]	[-1, 0, 1, 2, 3]	5	13.338001251220703	12.899104118347168
BGC0001829	NRP Polyketide	Hybrid	False	False	"[""BGC0001829_-1"", ""BGC0001829_0"", ""BGC0001829_1"", ""BGC0001829_2"", ""BGC0001829_3""]"	[8476, 8475, 8477, 8478, 8479]	[-1, 0, 1, 2, 3]	5	17.965116500854492	8.2149953842163086
BGC0001830	Polyketide	Polyketide	False	False	"[""BGC0001830_-1"", ""BGC0001830_0"", ""BGC0001830_1"", ""BGC0001830_2"", ""BGC0001830_3""]"	[8481, 8480, 8482, 8483, 8484]	[-1, 0, 1, 2, 3]	5	12.718588829040527	13.633089065551758
BGC0001831	Polyketide	Polyketide	False	False	"[""BGC0001831_-1"", ""BGC0001831_0"", ""BGC0001831_1"", ""BGC0001831_2"", ""BGC0001831_3""]"	[8486, 8485, 8487, 8488, 8489]	[-1, 0, 1, 2, 3]	5	12.676676750183105	14.403801918029785
BGC0001833	NRP	NRP	False	False	"[""BGC0001833_-1"", ""BGC0001833_0"", ""BGC0001833_1"", ""BGC0001833_2"", ""BGC0001833_3""]"	[8491, 8490, 8492, 8493, 8494]	[-1, 0, 1, 2, 3]	5	13.51541805267334	-0.82205039262771606
BGC0001834	NRP	NRP	False	False	"[""BGC0001834_-1"", ""BGC0001834_0"", ""BGC0001834_1"", ""BGC0001834_2"", ""BGC0001834_3""]"	[8496, 8495, 8497, 8498, 8499]	[-1, 0, 1, 2, 3]	5	12.893173217773438	-1.026824951171875
BGC0001835	Polyketide	Polyketide	False	False	"[""BGC0001835_-1"", ""BGC0001835_0"", ""BGC0001835_1"", ""BGC0001835_2"", ""BGC0001835_3""]"	[8501, 8500, 8502, 8503, 8504]	[-1, 0, 1, 2, 3]	5	13.829108238220215	12.011688232421875
BGC0001836	Polyketide	Polyketide	False	False	"[""BGC0001836_-1"", ""BGC0001836_0"", ""BGC0001836_1"", ""BGC0001836_2"", ""BGC0001836_3""]"	[8506, 8505, 8507, 8508, 8509]	[-1, 0, 1, 2, 3]	5	14.029151916503906	12.230474472045898
BGC0001837	Polyketide	Polyketide	False	False	"[""BGC0001837_-1"", ""BGC0001837_0"", ""BGC0001837_1"", ""BGC0001837_2"", ""BGC0001837_3""]"	[8511, 8510, 8512, 8513, 8514]	[-1, 0, 1, 2, 3]	5	13.792183876037598	13.163663864135742
BGC0001838	NRP	NRP	False	False	"[""BGC0001838_-1"", ""BGC0001838_0"", ""BGC0001838_1"", ""BGC0001838_2"", ""BGC0001838_3""]"	[8516, 8515, 8517, 8518, 8519]	[-1, 0, 1, 2, 3]	5	13.149685859680176	-0.58385735750198364
BGC0001839	Terpene	Terpene	False	False	"[""BGC0001839_-1"", ""BGC0001839_0"", ""BGC0001839_1"", ""BGC0001839_2"", ""BGC0001839_3""]"	[8521, 8520, 8522, 8523, 8524]	[-1, 0, 1, 2, 3]	5	3.0885181427001953	7.5395307540893555
BGC0001840	NRP Polyketide	Hybrid	False	False	"[""BGC0001840_-1"", ""BGC0001840_0"", ""BGC0001840_1"", ""BGC0001840_2"", ""BGC0001840_3""]"	[8526, 8525, 8527, 8528, 8529]	[-1, 0, 1, 2, 3]	5	14.231532096862793	-0.76058173179626465
BGC0001841	NRP Polyketide	Hybrid	False	False	"[""BGC0001841_-1"", ""BGC0001841_0"", ""BGC0001841_1"", ""BGC0001841_2"", ""BGC0001841_3""]"	[8531, 8530, 8532, 8533, 8534]	[-1, 0, 1, 2, 3]	5	14.384509086608887	-1.0967051982879639
BGC0001842	NRP	NRP	False	False	"[""BGC0001842_-1"", ""BGC0001842_0"", ""BGC0001842_1"", ""BGC0001842_2"", ""BGC0001842_3""]"	[8536, 8535, 8537, 8538, 8539]	[-1, 0, 1, 2, 3]	5	14.084228515625	-1.0208148956298828
BGC0001843	NRP	NRP	False	False	"[""BGC0001843_-1"", ""BGC0001843_0"", ""BGC0001843_1"", ""BGC0001843_2"", ""BGC0001843_3""]"	[8541, 8540, 8542, 8543, 8544]	[-1, 0, 1, 2, 3]	5	13.16758918762207	-1.7348513603210449
BGC0001844	NRP	NRP	False	False	"[""BGC0001844_-1"", ""BGC0001844_0"", ""BGC0001844_1"", ""BGC0001844_2"", ""BGC0001844_3""]"	[8546, 8545, 8547, 8548, 8549]	[-1, 0, 1, 2, 3]	5	12.804869651794434	-0.62286376953125
BGC0001845	Other Polyketide NRP	Hybrid	False	False	"[""BGC0001845_-1"", ""BGC0001845_0"", ""BGC0001845_1"", ""BGC0001845_2"", ""BGC0001845_3""]"	[8551, 8550, 8552, 8553, 8554]	[-1, 0, 1, 2, 3]	5	17.285806655883789	7.1242475509643555
BGC0001846	Saccharide NRP	Hybrid	True	False	"[""BGC0001846_-1"", ""BGC0001846_0"", ""BGC0001846_1"", ""BGC0001846_2"", ""BGC0001846_3""]"	[8556, 8555, 8557, 8558, 8559]	[-1, 0, 1, 2, 3]	5	12.035770416259766	-2.1413421630859375
BGC0001847	Other	Other	False	False	"[""BGC0001847_-1"", ""BGC0001847_0"", ""BGC0001847_1"", ""BGC0001847_2"", ""BGC0001847_3""]"	[8561, 8560, 8562, 8563, 8564]	[-1, 0, 1, 2, 3]	5	2.2374768257141113	1.7592631578445435
BGC0001848	Other	Other	False	False	"[""BGC0001848_-1"", ""BGC0001848_0"", ""BGC0001848_1"", ""BGC0001848_2"", ""BGC0001848_3""]"	[8566, 8565, 8567, 8568, 8569]	[-1, 0, 1, 2, 3]	5	2.8437886238098145	1.6796642541885376
BGC0001849	RiPP	RiPP	False	False	"[""BGC0001849_-1"", ""BGC0001849_0"", ""BGC0001849_1"", ""BGC0001849_2"", ""BGC0001849_3""]"	[8571, 8570, 8572, 8573, 8574]	[-1, 0, 1, 2, 3]	5	-4.5375399589538574	10.230950355529785
BGC0001850	Other	Other	False	False	"[""BGC0001850_-1"", ""BGC0001850_0"", ""BGC0001850_1"", ""BGC0001850_2"", ""BGC0001850_3""]"	[8576, 8575, 8577, 8578, 8579]	[-1, 0, 1, 2, 3]	5	3.13946533203125	1.8756780624389648
BGC0001851	Polyketide Saccharide	Hybrid	True	False	"[""BGC0001851_-1"", ""BGC0001851_0"", ""BGC0001851_1"", ""BGC0001851_2"", ""BGC0001851_3""]"	[8581, 8580, 8582, 8583, 8584]	[-1, 0, 1, 2, 3]	5	11.57227611541748	13.775968551635742
BGC0001852	Polyketide Saccharide	Hybrid	True	False	"[""BGC0001852_-1"", ""BGC0001852_0"", ""BGC0001852_1"", ""BGC0001852_2"", ""BGC0001852_3""]"	[8586, 8585, 8587, 8588, 8589]	[-1, 0, 1, 2, 3]	5	11.625033378601074	13.752544403076172
BGC0001853	NRP Polyketide	Hybrid	False	False	"[""BGC0001853_-1"", ""BGC0001853_0"", ""BGC0001853_1"", ""BGC0001853_2"", ""BGC0001853_3""]"	[8591, 8590, 8592, 8593, 8594]	[-1, 0, 1, 2, 3]	5	17.709865570068359	8.7022733688354492
BGC0001854	Polyketide	Polyketide	False	False	"[""BGC0001854_-1"", ""BGC0001854_0"", ""BGC0001854_1"", ""BGC0001854_2"", ""BGC0001854_3""]"	[8596, 8595, 8597, 8598, 8599]	[-1, 0, 1, 2, 3]	5	14.050601005554199	14.081966400146484
BGC0001856	Polyketide	Polyketide	False	False	"[""BGC0001856_-1"", ""BGC0001856_0"", ""BGC0001856_1"", ""BGC0001856_2"", ""BGC0001856_3""]"	[8601, 8600, 8602, 8603, 8604]	[-1, 0, 1, 2, 3]	5	12.476152420043945	12.483302116394043
BGC0001857	Alkaloid NRP Polyketide	Hybrid	False	False	"[""BGC0001857_-1"", ""BGC0001857_0"", ""BGC0001857_1"", ""BGC0001857_2"", ""BGC0001857_3""]"	[8606, 8605, 8607, 8608, 8609]	[-1, 0, 1, 2, 3]	5	16.031270980834961	10.60655403137207
BGC0001858	Polyketide	Polyketide	False	False	"[""BGC0001858_-1"", ""BGC0001858_0"", ""BGC0001858_1"", ""BGC0001858_2"", ""BGC0001858_3""]"	[8611, 8610, 8612, 8613, 8614]	[-1, 0, 1, 2, 3]	5	16.323892593383789	11.85878849029541
BGC0001859	Other	Other	False	False	"[""BGC0001859_-1"", ""BGC0001859_0"", ""BGC0001859_1"", ""BGC0001859_2"", ""BGC0001859_3""]"	[8616, 8615, 8617, 8618, 8619]	[-1, 0, 1, 2, 3]	5	2.4565975666046143	1.9346767663955688
BGC0001860	RiPP	RiPP	False	False	"[""BGC0001860_-1"", ""BGC0001860_0"", ""BGC0001860_1"", ""BGC0001860_2"", ""BGC0001860_3""]"	[8621, 8620, 8622, 8623, 8624]	[-1, 0, 1, 2, 3]	5	-3.3826644420623779	11.042947769165039
BGC0001861	RiPP	RiPP	False	False	"[""BGC0001861_-1"", ""BGC0001861_0"", ""BGC0001861_1"", ""BGC0001861_2"", ""BGC0001861_3""]"	[8626, 8625, 8627, 8628, 8629]	[-1, 0, 1, 2, 3]	5	-3.6829428672790527	11.292767524719238
BGC0001862	RiPP	RiPP	False	False	"[""BGC0001862_-1"", ""BGC0001862_0"", ""BGC0001862_1"", ""BGC0001862_2"", ""BGC0001862_3""]"	[8631, 8630, 8632, 8633, 8634]	[-1, 0, 1, 2, 3]	5	-4.9423637390136719	10.653973579406738
BGC0001863	RiPP Terpene	Hybrid	False	False	"[""BGC0001863_-1"", ""BGC0001863_0"", ""BGC0001863_1"", ""BGC0001863_2"", ""BGC0001863_3""]"	[8636, 8635, 8637, 8638, 8639]	[-1, 0, 1, 2, 3]	5	-4.6422224044799805	9.7854957580566406
BGC0001864	RiPP	RiPP	False	False	"[""BGC0001864_-1"", ""BGC0001864_0"", ""BGC0001864_1"", ""BGC0001864_2"", ""BGC0001864_3""]"	[8641, 8640, 8642, 8643, 8644]	[-1, 0, 1, 2, 3]	5	-4.9274959564208984	10.674352645874023
BGC0001865	Polyketide	Polyketide	False	False	"[""BGC0001865_-1"", ""BGC0001865_0"", ""BGC0001865_1"", ""BGC0001865_2"", ""BGC0001865_3""]"	[8646, 8645, 8647, 8648, 8649]	[-1, 0, 1, 2, 3]	5	14.298388481140137	12.724026679992676
BGC0001866	Polyketide	Polyketide	False	False	"[""BGC0001866_-1"", ""BGC0001866_0"", ""BGC0001866_1"", ""BGC0001866_2"", ""BGC0001866_3""]"	[8651, 8650, 8652, 8653, 8654]	[-1, 0, 1, 2, 3]	5	15.285786628723145	12.288419723510742
BGC0001867	RiPP	RiPP	False	False	"[""BGC0001867_-1"", ""BGC0001867_0"", ""BGC0001867_1"", ""BGC0001867_2"", ""BGC0001867_3""]"	[8656, 8655, 8657, 8658, 8659]	[-1, 0, 1, 2, 3]	5	-4.386751651763916	10.113226890563965
BGC0001868	Other	Other	False	False	"[""BGC0001868_-1"", ""BGC0001868_0"", ""BGC0001868_1"", ""BGC0001868_2"", ""BGC0001868_3""]"	[8661, 8660, 8662, 8663, 8664]	[-1, 0, 1, 2, 3]	5	3.4661927223205566	1.9478973150253296
BGC0001869	Other NRP	Hybrid	False	False	"[""BGC0001869_-1"", ""BGC0001869_0"", ""BGC0001869_1"", ""BGC0001869_2"", ""BGC0001869_3""]"	[8666, 8665, 8667, 8668, 8669]	[-1, 0, 1, 2, 3]	5	3.5565841197967529	1.3452209234237671
BGC0001870	Other	Other	False	False	"[""BGC0001870_-1"", ""BGC0001870_0"", ""BGC0001870_1"", ""BGC0001870_2"", ""BGC0001870_3""]"	[8671, 8670, 8672, 8673, 8674]	[-1, 0, 1, 2, 3]	5	2.6966426372528076	2.014493465423584
BGC0001872	Polyketide	Polyketide	False	False	"[""BGC0001872_-1"", ""BGC0001872_0"", ""BGC0001872_1"", ""BGC0001872_2"", ""BGC0001872_3""]"	[8676, 8675, 8677, 8678, 8679]	[-1, 0, 1, 2, 3]	5	13.387736320495605	11.928173065185547
BGC0001873	NRP	NRP	False	False	"[""BGC0001873_-1"", ""BGC0001873_0"", ""BGC0001873_1"", ""BGC0001873_2"", ""BGC0001873_3""]"	[8681, 8680, 8682, 8683, 8684]	[-1, 0, 1, 2, 3]	5	12.303309440612793	-0.78003537654876709
BGC0001874	NRP Polyketide	Hybrid	False	False	"[""BGC0001874_-1"", ""BGC0001874_0"", ""BGC0001874_1"", ""BGC0001874_2"", ""BGC0001874_3""]"	[8686, 8685, 8687, 8688, 8689]	[-1, 0, 1, 2, 3]	5	15.630674362182617	10.727004051208496
BGC0001875	Polyketide	Polyketide	False	False	"[""BGC0001875_-1"", ""BGC0001875_0"", ""BGC0001875_1"", ""BGC0001875_2"", ""BGC0001875_3""]"	[8691, 8690, 8692, 8693, 8694]	[-1, 0, 1, 2, 3]	5	14.194600105285645	11.775120735168457
BGC0001876	NRP	NRP	False	False	"[""BGC0001876_-1"", ""BGC0001876_0"", ""BGC0001876_1"", ""BGC0001876_2"", ""BGC0001876_3""]"	[8696, 8695, 8697, 8698, 8699]	[-1, 0, 1, 2, 3]	5	12.581635475158691	-1.1507763862609863
BGC0001877	Polyketide	Polyketide	False	False	"[""BGC0001877_-1"", ""BGC0001877_0"", ""BGC0001877_1"", ""BGC0001877_2"", ""BGC0001877_3""]"	[8701, 8700, 8702, 8703, 8704]	[-1, 0, 1, 2, 3]	5	12.846328735351562	12.368129730224609
BGC0001878	NRP Polyketide	Hybrid	False	False	"[""BGC0001878_-1"", ""BGC0001878_0"", ""BGC0001878_1"", ""BGC0001878_2"", ""BGC0001878_3""]"	[8706, 8705, 8707, 8708, 8709]	[-1, 0, 1, 2, 3]	5	14.344073295593262	-1.0169492959976196
BGC0001879	Other	Other	False	False	"[""BGC0001879_-1"", ""BGC0001879_0"", ""BGC0001879_1"", ""BGC0001879_2"", ""BGC0001879_3""]"	[8711, 8710, 8712, 8713, 8714]	[-1, 0, 1, 2, 3]	5	2.9115238189697266	2.2522969245910645
BGC0001880	RiPP	RiPP	False	False	"[""BGC0001880_-1"", ""BGC0001880_0"", ""BGC0001880_1"", ""BGC0001880_2"", ""BGC0001880_3""]"	[8716, 8715, 8717, 8718, 8719]	[-1, 0, 1, 2, 3]	5	-4.6735091209411621	9.0406484603881836
BGC0001881	NRP Polyketide	Hybrid	False	False	"[""BGC0001881_-1"", ""BGC0001881_0"", ""BGC0001881_1"", ""BGC0001881_2"", ""BGC0001881_3""]"	[8721, 8720, 8722, 8723, 8724]	[-1, 0, 1, 2, 3]	5	16.089492797851562	10.312393188476562
BGC0001882	Polyketide	Polyketide	False	False	"[""BGC0001882_-1"", ""BGC0001882_0"", ""BGC0001882_1"", ""BGC0001882_2"", ""BGC0001882_3""]"	[8726, 8725, 8727, 8728, 8729]	[-1, 0, 1, 2, 3]	5	3.3836357593536377	0.92912209033966064
BGC0001884	NRP Polyketide	Hybrid	False	False	"[""BGC0001884_-1"", ""BGC0001884_0"", ""BGC0001884_1"", ""BGC0001884_2"", ""BGC0001884_3""]"	[8731, 8730, 8732, 8733, 8734]	[-1, 0, 1, 2, 3]	5	16.454021453857422	8.7849082946777344
BGC0001885	NRP Polyketide	Hybrid	False	False	"[""BGC0001885_-1"", ""BGC0001885_0"", ""BGC0001885_1"", ""BGC0001885_2"", ""BGC0001885_3""]"	[8736, 8735, 8737, 8738, 8739]	[-1, 0, 1, 2, 3]	5	17.831369400024414	7.9020380973815918
BGC0001886	Polyketide	Polyketide	False	False	"[""BGC0001886_-1"", ""BGC0001886_0"", ""BGC0001886_1"", ""BGC0001886_2"", ""BGC0001886_3""]"	[8741, 8740, 8742, 8743, 8744]	[-1, 0, 1, 2, 3]	5	14.482477188110352	14.463679313659668
BGC0001887	RiPP	RiPP	False	False	"[""BGC0001887_-1"", ""BGC0001887_0"", ""BGC0001887_1"", ""BGC0001887_2"", ""BGC0001887_3""]"	[8746, 8745, 8747, 8748, 8749]	[-1, 0, 1, 2, 3]	5	-4.8809857368469238	8.5663347244262695
BGC0001888	Other	Other	False	False	"[""BGC0001888_-1"", ""BGC0001888_0"", ""BGC0001888_1"", ""BGC0001888_2"", ""BGC0001888_3""]"	[8751, 8750, 8752, 8753, 8754]	[-1, 0, 1, 2, 3]	5	2.8138425350189209	1.7878940105438232
BGC0001889	RiPP	RiPP	False	False	"[""BGC0001889_-1"", ""BGC0001889_0"", ""BGC0001889_1"", ""BGC0001889_2"", ""BGC0001889_3""]"	[8756, 8755, 8757, 8758, 8759]	[-1, 0, 1, 2, 3]	5	-4.148343563079834	11.977297782897949
BGC0001890	NRP	NRP	False	False	"[""BGC0001890_-1"", ""BGC0001890_0"", ""BGC0001890_1"", ""BGC0001890_2"", ""BGC0001890_3""]"	[8761, 8760, 8762, 8763, 8764]	[-1, 0, 1, 2, 3]	5	12.172406196594238	-0.37735241651535034
BGC0001891	Other	Other	False	False	"[""BGC0001891_-1"", ""BGC0001891_0"", ""BGC0001891_1"", ""BGC0001891_2"", ""BGC0001891_3""]"	[8766, 8765, 8767, 8768, 8769]	[-1, 0, 1, 2, 3]	5	2.0572192668914795	2.0931389331817627
BGC0001892	Polyketide	Polyketide	False	False	"[""BGC0001892_-1"", ""BGC0001892_0"", ""BGC0001892_1"", ""BGC0001892_2"", ""BGC0001892_3""]"	[8771, 8770, 8772, 8773, 8774]	[-1, 0, 1, 2, 3]	5	16.350027084350586	11.686395645141602
BGC0001893	Other	Other	False	False	"[""BGC0001893_-1"", ""BGC0001893_0"", ""BGC0001893_1"", ""BGC0001893_2"", ""BGC0001893_3""]"	[8776, 8775, 8777, 8778, 8779]	[-1, 0, 1, 2, 3]	5	3.8336796760559082	7.6776347160339355
BGC0001894	Saccharide	Saccharide	True	True	"[""BGC0001894_-1"", ""BGC0001894_0"", ""BGC0001894_1"", ""BGC0001894_2"", ""BGC0001894_3""]"	[8781, 8780, 8782, 8783, 8784]	[-1, 0, 1, 2, 3]	5	0.29937711358070374	-1.1209073066711426
BGC0001895	Polyketide	Polyketide	False	False	"[""BGC0001895_-1"", ""BGC0001895_0"", ""BGC0001895_1"", ""BGC0001895_2"", ""BGC0001895_3""]"	[8786, 8785, 8787, 8788, 8789]	[-1, 0, 1, 2, 3]	5	12.518130302429199	14.480003356933594
BGC0001896	Other	Other	False	False	"[""BGC0001896_-1"", ""BGC0001896_0"", ""BGC0001896_1"", ""BGC0001896_2"", ""BGC0001896_3""]"	[8791, 8790, 8792, 8793, 8794]	[-1, 0, 1, 2, 3]	5	2.7105720043182373	1.1375652551651001
BGC0001897	Polyketide	Polyketide	False	False	"[""BGC0001897_-1"", ""BGC0001897_0"", ""BGC0001897_1"", ""BGC0001897_2"", ""BGC0001897_3""]"	[8796, 8795, 8797, 8798, 8799]	[-1, 0, 1, 2, 3]	5	14.695178031921387	10.939017295837402
BGC0001899	Polyketide	Polyketide	False	False	"[""BGC0001899_-1"", ""BGC0001899_0"", ""BGC0001899_1"", ""BGC0001899_2"", ""BGC0001899_3""]"	[8801, 8800, 8802, 8803, 8804]	[-1, 0, 1, 2, 3]	5	15.137819290161133	14.789051055908203
BGC0001902	NRP Polyketide	Hybrid	False	False	"[""BGC0001902_-1"", ""BGC0001902_0"", ""BGC0001902_1"", ""BGC0001902_2"", ""BGC0001902_3""]"	[8806, 8805, 8807, 8808, 8809]	[-1, 0, 1, 2, 3]	5	17.839885711669922	6.908236026763916
BGC0001903	Other	Other	False	False	"[""BGC0001903_-1"", ""BGC0001903_0"", ""BGC0001903_1"", ""BGC0001903_2"", ""BGC0001903_3""]"	[8811, 8810, 8812, 8813, 8814]	[-1, 0, 1, 2, 3]	5	3.2928547859191895	0.96577268838882446
BGC0001904	Polyketide	Polyketide	False	False	"[""BGC0001904_-1"", ""BGC0001904_0"", ""BGC0001904_1"", ""BGC0001904_2"", ""BGC0001904_3""]"	[8816, 8815, 8817, 8818, 8819]	[-1, 0, 1, 2, 3]	5	12.97681999206543	14.737310409545898
BGC0001905	Polyketide	Polyketide	False	False	"[""BGC0001905_-1"", ""BGC0001905_0"", ""BGC0001905_1"", ""BGC0001905_2"", ""BGC0001905_3""]"	[8821, 8820, 8822, 8823, 8824]	[-1, 0, 1, 2, 3]	5	1.6427292823791504	0.40961453318595886
BGC0001906	Polyketide	Polyketide	False	False	"[""BGC0001906_-1"", ""BGC0001906_0"", ""BGC0001906_1"", ""BGC0001906_2"", ""BGC0001906_3""]"	[8826, 8825, 8827, 8828, 8829]	[-1, 0, 1, 2, 3]	5	13.939654350280762	14.148984909057617
BGC0001907	Polyketide	Polyketide	False	False	"[""BGC0001907_-1"", ""BGC0001907_0"", ""BGC0001907_1"", ""BGC0001907_2"", ""BGC0001907_3""]"	[8831, 8830, 8832, 8833, 8834]	[-1, 0, 1, 2, 3]	5	14.805707931518555	10.681011199951172
BGC0001909	Polyketide	Polyketide	False	False	"[""BGC0001909_-1"", ""BGC0001909_0"", ""BGC0001909_1"", ""BGC0001909_2"", ""BGC0001909_3""]"	[8836, 8835, 8837, 8838, 8839]	[-1, 0, 1, 2, 3]	5	14.163412094116211	11.107058525085449
BGC0001910	Terpene	Terpene	False	False	"[""BGC0001910_-1"", ""BGC0001910_0"", ""BGC0001910_1"", ""BGC0001910_2"", ""BGC0001910_3""]"	[8841, 8840, 8842, 8843, 8844]	[-1, 0, 1, 2, 3]	5	3.3277499675750732	8.3690547943115234
BGC0001911	Terpene	Terpene	False	False	"[""BGC0001911_-1"", ""BGC0001911_0"", ""BGC0001911_1"", ""BGC0001911_2"", ""BGC0001911_3""]"	[8846, 8845, 8847, 8848, 8849]	[-1, 0, 1, 2, 3]	5	3.4259994029998779	8.2495174407958984
BGC0001913	Polyketide	Polyketide	False	False	"[""BGC0001913_-1"", ""BGC0001913_0"", ""BGC0001913_1"", ""BGC0001913_2"", ""BGC0001913_3""]"	[8851, 8850, 8852, 8853, 8854]	[-1, 0, 1, 2, 3]	5	14.844428062438965	12.577473640441895
BGC0001917	Polyketide	Polyketide	False	False	"[""BGC0001917_-1"", ""BGC0001917_0"", ""BGC0001917_1"", ""BGC0001917_2"", ""BGC0001917_3""]"	[8856, 8855, 8857, 8858, 8859]	[-1, 0, 1, 2, 3]	5	13.218057632446289	12.114058494567871
BGC0001918	NRP Polyketide	Hybrid	False	False	"[""BGC0001918_-1"", ""BGC0001918_0"", ""BGC0001918_1"", ""BGC0001918_2"", ""BGC0001918_3""]"	[8861, 8860, 8862, 8863, 8864]	[-1, 0, 1, 2, 3]	5	16.761173248291016	6.4272527694702148
BGC0001919	NRP Polyketide	Hybrid	False	False	"[""BGC0001919_-1"", ""BGC0001919_0"", ""BGC0001919_1"", ""BGC0001919_2"", ""BGC0001919_3""]"	[8866, 8865, 8867, 8868, 8869]	[-1, 0, 1, 2, 3]	5	17.874284744262695	7.9770727157592773
BGC0001920	RiPP	RiPP	False	False	"[""BGC0001920_-1"", ""BGC0001920_0"", ""BGC0001920_1"", ""BGC0001920_2"", ""BGC0001920_3""]"	[8871, 8870, 8872, 8873, 8874]	[-1, 0, 1, 2, 3]	5	-4.1166725158691406	11.887734413146973
BGC0001922	Polyketide	Polyketide	False	False	"[""BGC0001922_-1"", ""BGC0001922_0"", ""BGC0001922_1"", ""BGC0001922_2"", ""BGC0001922_3""]"	[8876, 8875, 8877, 8878, 8879]	[-1, 0, 1, 2, 3]	5	12.467611312866211	12.530643463134766
BGC0001923	Terpene Polyketide	Hybrid	False	False	"[""BGC0001923_-1"", ""BGC0001923_0"", ""BGC0001923_1"", ""BGC0001923_2"", ""BGC0001923_3""]"	[8881, 8880, 8882, 8883, 8884]	[-1, 0, 1, 2, 3]	5	15.040597915649414	15.074360847473145
BGC0001924	Terpene	Terpene	False	False	"[""BGC0001924_-1"", ""BGC0001924_0"", ""BGC0001924_1"", ""BGC0001924_2"", ""BGC0001924_3""]"	[8886, 8885, 8887, 8888, 8889]	[-1, 0, 1, 2, 3]	5	3.281836986541748	8.0397214889526367
BGC0001925	Alkaloid	Alkaloid	False	False	"[""BGC0001925_-1"", ""BGC0001925_0"", ""BGC0001925_1"", ""BGC0001925_2"", ""BGC0001925_3""]"	[8891, 8890, 8892, 8893, 8894]	[-1, 0, 1, 2, 3]	5	4.9061374664306641	2.7052264213562012
BGC0001926	Polyketide	Polyketide	False	False	"[""BGC0001926_-1"", ""BGC0001926_0"", ""BGC0001926_1"", ""BGC0001926_2"", ""BGC0001926_3""]"	[8896, 8895, 8897, 8898, 8899]	[-1, 0, 1, 2, 3]	5	16.33256721496582	11.83978271484375
BGC0001927	Other	Other	False	False	"[""BGC0001927_-1"", ""BGC0001927_0"", ""BGC0001927_1"", ""BGC0001927_2"", ""BGC0001927_3""]"	[8901, 8900, 8902, 8903, 8904]	[-1, 0, 1, 2, 3]	5	13.252457618713379	11.690230369567871
BGC0001928	Other	Other	False	False	"[""BGC0001928_-1"", ""BGC0001928_0"", ""BGC0001928_1"", ""BGC0001928_2"", ""BGC0001928_3""]"	[8906, 8905, 8907, 8908, 8909]	[-1, 0, 1, 2, 3]	5	2.6808352470397949	1.6957663297653198
BGC0001929	RiPP	RiPP	False	False	"[""BGC0001929_-1"", ""BGC0001929_0"", ""BGC0001929_1"", ""BGC0001929_2"", ""BGC0001929_3""]"	[8911, 8910, 8912, 8913, 8914]	[-1, 0, 1, 2, 3]	5	-4.9908633232116699	8.6035537719726562
BGC0001931	Polyketide	Polyketide	False	False	"[""BGC0001931_-1"", ""BGC0001931_0"", ""BGC0001931_1"", ""BGC0001931_2"", ""BGC0001931_3""]"	[8916, 8915, 8917, 8918, 8919]	[-1, 0, 1, 2, 3]	5	12.529660224914551	13.49170970916748
BGC0001934	Polyketide	Polyketide	False	False	"[""BGC0001934_-1"", ""BGC0001934_0"", ""BGC0001934_1"", ""BGC0001934_2"", ""BGC0001934_3""]"	[8921, 8920, 8922, 8923, 8924]	[-1, 0, 1, 2, 3]	5	14.157483100891113	11.142192840576172
BGC0001937	Other	Other	False	False	"[""BGC0001937_-1"", ""BGC0001937_0"", ""BGC0001937_1"", ""BGC0001937_2"", ""BGC0001937_3""]"	[8926, 8925, 8927, 8928, 8929]	[-1, 0, 1, 2, 3]	5	3.4925577640533447	1.7651553153991699
BGC0001938	Polyketide	Polyketide	False	False	"[""BGC0001938_-1"", ""BGC0001938_0"", ""BGC0001938_1"", ""BGC0001938_2"", ""BGC0001938_3""]"	[8931, 8930, 8932, 8933, 8934]	[-1, 0, 1, 2, 3]	5	13.549995422363281	13.907735824584961
BGC0001940	Polyketide	Polyketide	False	False	"[""BGC0001940_-1"", ""BGC0001940_0"", ""BGC0001940_1"", ""BGC0001940_2"", ""BGC0001940_3""]"	[8936, 8935, 8937, 8938, 8939]	[-1, 0, 1, 2, 3]	5	17.519309997558594	8.5292539596557617
BGC0001941	NRP Polyketide	Hybrid	False	False	"[""BGC0001941_-1"", ""BGC0001941_0"", ""BGC0001941_1"", ""BGC0001941_2"", ""BGC0001941_3""]"	[8941, 8940, 8942, 8943, 8944]	[-1, 0, 1, 2, 3]	5	17.787328720092773	7.377964973449707
BGC0001942	NRP Polyketide	Hybrid	False	False	"[""BGC0001942_-1"", ""BGC0001942_0"", ""BGC0001942_1"", ""BGC0001942_2"", ""BGC0001942_3""]"	[8946, 8945, 8947, 8948, 8949]	[-1, 0, 1, 2, 3]	5	16.846735000610352	6.4355721473693848
BGC0001944	Polyketide	Polyketide	False	False	"[""BGC0001944_-1"", ""BGC0001944_0"", ""BGC0001944_1"", ""BGC0001944_2"", ""BGC0001944_3""]"	[8951, 8950, 8952, 8953, 8954]	[-1, 0, 1, 2, 3]	5	13.308381080627441	11.723974227905273
BGC0001945	NRP	NRP	False	False	"[""BGC0001945_-1"", ""BGC0001945_0"", ""BGC0001945_1"", ""BGC0001945_2"", ""BGC0001945_3""]"	[8956, 8955, 8957, 8958, 8959]	[-1, 0, 1, 2, 3]	5	12.927881240844727	-1.7179683446884155
BGC0001947	Saccharide	Saccharide	True	True	"[""BGC0001947_-1"", ""BGC0001947_0"", ""BGC0001947_1"", ""BGC0001947_2"", ""BGC0001947_3""]"	[8961, 8960, 8962, 8963, 8964]	[-1, 0, 1, 2, 3]	5	0.15489192306995392	-0.75572848320007324
BGC0001948	Other	Other	False	False	"[""BGC0001948_-1"", ""BGC0001948_0"", ""BGC0001948_1"", ""BGC0001948_2"", ""BGC0001948_3""]"	[8966, 8965, 8967, 8968, 8969]	[-1, 0, 1, 2, 3]	5	3.0100498199462891	2.6916365623474121
BGC0001949	Other	Other	False	False	"[""BGC0001949_-1"", ""BGC0001949_0"", ""BGC0001949_1"", ""BGC0001949_2"", ""BGC0001949_3""]"	[8971, 8970, 8972, 8973, 8974]	[-1, 0, 1, 2, 3]	5	3.0833756923675537	2.7036170959472656
BGC0001950	NRP	NRP	False	False	"[""BGC0001950_-1"", ""BGC0001950_0"", ""BGC0001950_1"", ""BGC0001950_2"", ""BGC0001950_3""]"	[8976, 8975, 8977, 8978, 8979]	[-1, 0, 1, 2, 3]	5	16.607929229736328	6.5466403961181641
BGC0001951	NRP	NRP	False	False	"[""BGC0001951_-1"", ""BGC0001951_0"", ""BGC0001951_1"", ""BGC0001951_2"", ""BGC0001951_3""]"	[8981, 8980, 8982, 8983, 8984]	[-1, 0, 1, 2, 3]	5	16.537307739257812	6.6203742027282715
BGC0001952	NRP	NRP	False	False	"[""BGC0001952_-1"", ""BGC0001952_0"", ""BGC0001952_1"", ""BGC0001952_2"", ""BGC0001952_3""]"	[8986, 8985, 8987, 8988, 8989]	[-1, 0, 1, 2, 3]	5	16.738836288452148	7.0174293518066406
BGC0001953	NRP	NRP	False	False	"[""BGC0001953_-1"", ""BGC0001953_0"", ""BGC0001953_1"", ""BGC0001953_2"", ""BGC0001953_3""]"	[8991, 8990, 8992, 8993, 8994]	[-1, 0, 1, 2, 3]	5	16.685684204101562	6.8063488006591797
BGC0001954	NRP Polyketide	Hybrid	False	False	"[""BGC0001954_-1"", ""BGC0001954_0"", ""BGC0001954_1"", ""BGC0001954_2"", ""BGC0001954_3""]"	[8996, 8995, 8997, 8998, 8999]	[-1, 0, 1, 2, 3]	5	16.158958435058594	11.46418571472168
BGC0001955	NRP	NRP	False	False	"[""BGC0001955_-1"", ""BGC0001955_0"", ""BGC0001955_1"", ""BGC0001955_2"", ""BGC0001955_3""]"	[9001, 9000, 9002, 9003, 9004]	[-1, 0, 1, 2, 3]	5	12.551053047180176	-2.2065525054931641
BGC0001956	Polyketide	Polyketide	False	False	"[""BGC0001956_-1"", ""BGC0001956_0"", ""BGC0001956_1"", ""BGC0001956_2"", ""BGC0001956_3""]"	[9006, 9005, 9007, 9008, 9009]	[-1, 0, 1, 2, 3]	5	14.740598678588867	10.524120330810547
BGC0001957	Polyketide	Polyketide	False	False	"[""BGC0001957_-1"", ""BGC0001957_0"", ""BGC0001957_1"", ""BGC0001957_2"", ""BGC0001957_3""]"	[9011, 9010, 9012, 9013, 9014]	[-1, 0, 1, 2, 3]	5	17.767574310302734	8.9578332901000977
BGC0001959	Other	Other	False	False	"[""BGC0001959_-1"", ""BGC0001959_0"", ""BGC0001959_1"", ""BGC0001959_2"", ""BGC0001959_3""]"	[9016, 9015, 9017, 9018, 9019]	[-1, 0, 1, 2, 3]	5	3.4752285480499268	2.1104984283447266
BGC0001960	Polyketide	Polyketide	False	False	"[""BGC0001960_-1"", ""BGC0001960_0"", ""BGC0001960_1"", ""BGC0001960_2"", ""BGC0001960_3""]"	[9021, 9020, 9022, 9023, 9024]	[-1, 0, 1, 2, 3]	5	12.789202690124512	14.708337783813477
BGC0001962	Polyketide	Polyketide	False	False	"[""BGC0001962_-1"", ""BGC0001962_0"", ""BGC0001962_1"", ""BGC0001962_2"", ""BGC0001962_3""]"	[9026, 9025, 9027, 9028, 9029]	[-1, 0, 1, 2, 3]	5	13.642167091369629	13.863787651062012
BGC0001963	NRP Polyketide	Hybrid	False	False	"[""BGC0001963_-1"", ""BGC0001963_0"", ""BGC0001963_1"", ""BGC0001963_2"", ""BGC0001963_3""]"	[9031, 9030, 9032, 9033, 9034]	[-1, 0, 1, 2, 3]	5	17.72538948059082	8.9715747833251953
BGC0001964	Polyketide	Polyketide	False	False	"[""BGC0001964_-1"", ""BGC0001964_0"", ""BGC0001964_1"", ""BGC0001964_2"", ""BGC0001964_3""]"	[9036, 9035, 9037, 9038, 9039]	[-1, 0, 1, 2, 3]	5	12.984923362731934	14.819319725036621
BGC0001965	Other	Other	False	False	"[""BGC0001965_-1"", ""BGC0001965_0"", ""BGC0001965_1"", ""BGC0001965_2"", ""BGC0001965_3""]"	[9041, 9040, 9042, 9043, 9044]	[-1, 0, 1, 2, 3]	5	3.098724365234375	0.74580109119415283
BGC0001966	NRP Polyketide	Hybrid	False	False	"[""BGC0001966_-1"", ""BGC0001966_0"", ""BGC0001966_1"", ""BGC0001966_2"", ""BGC0001966_3""]"	[9046, 9045, 9047, 9048, 9049]	[-1, 0, 1, 2, 3]	5	16.728769302368164	7.0472903251647949
BGC0001967	NRP Polyketide	Hybrid	False	False	"[""BGC0001967_-1"", ""BGC0001967_0"", ""BGC0001967_1"", ""BGC0001967_2"", ""BGC0001967_3""]"	[9051, 9050, 9052, 9053, 9054]	[-1, 0, 1, 2, 3]	5	13.542410850524902	-1.0931611061096191
BGC0001968	NRP	NRP	False	False	"[""BGC0001968_-1"", ""BGC0001968_0"", ""BGC0001968_1"", ""BGC0001968_2"", ""BGC0001968_3""]"	[9056, 9055, 9057, 9058, 9059]	[-1, 0, 1, 2, 3]	5	13.175172805786133	-1.9675751924514771
BGC0001969	Terpene	Terpene	False	False	"[""BGC0001969_-1"", ""BGC0001969_0"", ""BGC0001969_1"", ""BGC0001969_2"", ""BGC0001969_3""]"	[9061, 9060, 9062, 9063, 9064]	[-1, 0, 1, 2, 3]	5	3.63960862159729	8.2831058502197266
BGC0001970	NRP Polyketide	Hybrid	False	False	"[""BGC0001970_-1"", ""BGC0001970_0"", ""BGC0001970_1"", ""BGC0001970_2"", ""BGC0001970_3""]"	[9066, 9065, 9067, 9068, 9069]	[-1, 0, 1, 2, 3]	5	16.661342620849609	6.9055385589599609
BGC0001971	NRP Polyketide	Hybrid	False	False	"[""BGC0001971_-1"", ""BGC0001971_0"", ""BGC0001971_1"", ""BGC0001971_2"", ""BGC0001971_3""]"	[9071, 9070, 9072, 9073, 9074]	[-1, 0, 1, 2, 3]	5	16.619848251342773	6.8173799514770508
BGC0001972	Other	Other	False	False	"[""BGC0001972_-1"", ""BGC0001972_0"", ""BGC0001972_1"", ""BGC0001972_2"", ""BGC0001972_3""]"	[9076, 9075, 9077, 9078, 9079]	[-1, 0, 1, 2, 3]	5	2.8740859031677246	2.2643599510192871
BGC0001974	Other	Other	False	False	"[""BGC0001974_-1"", ""BGC0001974_0"", ""BGC0001974_1"", ""BGC0001974_2"", ""BGC0001974_3""]"	[9081, 9080, 9082, 9083, 9084]	[-1, 0, 1, 2, 3]	5	2.4757504463195801	1.7354998588562012
BGC0001975	NRP	NRP	False	False	"[""BGC0001975_-1"", ""BGC0001975_0"", ""BGC0001975_1"", ""BGC0001975_2"", ""BGC0001975_3""]"	[9086, 9085, 9087, 9088, 9089]	[-1, 0, 1, 2, 3]	5	14.505350112915039	-0.7197566032409668
BGC0001976	Terpene	Terpene	False	False	"[""BGC0001976_-1"", ""BGC0001976_0"", ""BGC0001976_1"", ""BGC0001976_2"", ""BGC0001976_3""]"	[9091, 9090, 9092, 9093, 9094]	[-1, 0, 1, 2, 3]	5	15.171505928039551	15.285441398620605
BGC0001979	Polyketide	Polyketide	False	False	"[""BGC0001979_-1"", ""BGC0001979_0"", ""BGC0001979_1"", ""BGC0001979_2"", ""BGC0001979_3""]"	[9096, 9095, 9097, 9098, 9099]	[-1, 0, 1, 2, 3]	5	12.463170051574707	13.85874080657959
BGC0001980	NRP	NRP	False	False	"[""BGC0001980_-1"", ""BGC0001980_0"", ""BGC0001980_1"", ""BGC0001980_2"", ""BGC0001980_3""]"	[9101, 9100, 9102, 9103, 9104]	[-1, 0, 1, 2, 3]	5	14.09281063079834	-0.49516329169273376
BGC0001983	Other	Other	False	False	"[""BGC0001983_-1"", ""BGC0001983_0"", ""BGC0001983_1"", ""BGC0001983_2"", ""BGC0001983_3""]"	[9106, 9105, 9107, 9108, 9109]	[-1, 0, 1, 2, 3]	5	3.2153158187866211	2.0383148193359375
BGC0001984	NRP	NRP	False	False	"[""BGC0001984_-1"", ""BGC0001984_0"", ""BGC0001984_1"", ""BGC0001984_2"", ""BGC0001984_3""]"	[9111, 9110, 9112, 9113, 9114]	[-1, 0, 1, 2, 3]	5	13.30355167388916	-1.1064273118972778
BGC0001985	Other	Other	False	False	"[""BGC0001985_-1"", ""BGC0001985_0"", ""BGC0001985_1"", ""BGC0001985_2"", ""BGC0001985_3""]"	[9116, 9115, 9117, 9118, 9119]	[-1, 0, 1, 2, 3]	5	3.5237751007080078	1.3993926048278809
BGC0001986	Other	Other	False	False	"[""BGC0001986_-1"", ""BGC0001986_0"", ""BGC0001986_1"", ""BGC0001986_2"", ""BGC0001986_3""]"	[9121, 9120, 9122, 9123, 9124]	[-1, 0, 1, 2, 3]	5	2.9721794128417969	2.5790207386016846
BGC0001987	Polyketide	Polyketide	False	False	"[""BGC0001987_-1"", ""BGC0001987_0"", ""BGC0001987_1"", ""BGC0001987_2"", ""BGC0001987_3""]"	[9126, 9125, 9127, 9128, 9129]	[-1, 0, 1, 2, 3]	5	13.835339546203613	13.196694374084473
BGC0001988	Polyketide	Polyketide	False	False	"[""BGC0001988_-1"", ""BGC0001988_0"", ""BGC0001988_1"", ""BGC0001988_2"", ""BGC0001988_3""]"	[9131, 9130, 9132, 9133, 9134]	[-1, 0, 1, 2, 3]	5	14.770795822143555	14.726524353027344
BGC0001989	Other	Other	False	False	"[""BGC0001989_-1"", ""BGC0001989_0"", ""BGC0001989_1"", ""BGC0001989_2"", ""BGC0001989_3""]"	[9136, 9135, 9137, 9138, 9139]	[-1, 0, 1, 2, 3]	5	3.6668801307678223	1.2850395441055298
BGC0001990	Other	Other	False	False	"[""BGC0001990_-1"", ""BGC0001990_0"", ""BGC0001990_1"", ""BGC0001990_2"", ""BGC0001990_3""]"	[9141, 9140, 9142, 9143, 9144]	[-1, 0, 1, 2, 3]	5	3.1896522045135498	2.6125862598419189
BGC0001991	Polyketide	Polyketide	False	False	"[""BGC0001991_-1"", ""BGC0001991_0"", ""BGC0001991_1"", ""BGC0001991_2"", ""BGC0001991_3""]"	[9146, 9145, 9147, 9148, 9149]	[-1, 0, 1, 2, 3]	5	14.200685501098633	12.496099472045898
BGC0001992	Other	Other	False	False	"[""BGC0001992_-1"", ""BGC0001992_0"", ""BGC0001992_1"", ""BGC0001992_2"", ""BGC0001992_3""]"	[9151, 9150, 9152, 9153, 9154]	[-1, 0, 1, 2, 3]	5	2.5724079608917236	2.4713296890258789
BGC0001994	Other	Other	False	False	"[""BGC0001994_-1"", ""BGC0001994_0"", ""BGC0001994_1"", ""BGC0001994_2"", ""BGC0001994_3""]"	[9156, 9155, 9157, 9158, 9159]	[-1, 0, 1, 2, 3]	5	3.5665955543518066	1.4575493335723877
BGC0001995	Terpene	Terpene	False	False	"[""BGC0001995_-1"", ""BGC0001995_0"", ""BGC0001995_1"", ""BGC0001995_2"", ""BGC0001995_3""]"	[9161, 9160, 9162, 9163, 9164]	[-1, 0, 1, 2, 3]	5	3.6457369327545166	8.2905111312866211
BGC0001996	Other	Other	False	False	"[""BGC0001996_-1"", ""BGC0001996_0"", ""BGC0001996_1"", ""BGC0001996_2"", ""BGC0001996_3""]"	[9166, 9165, 9167, 9168, 9169]	[-1, 0, 1, 2, 3]	5	3.0639913082122803	2.0572388172149658
BGC0001997	Terpene	Terpene	False	False	"[""BGC0001997_-1"", ""BGC0001997_0"", ""BGC0001997_1"", ""BGC0001997_2"", ""BGC0001997_3""]"	[9171, 9170, 9172, 9173, 9174]	[-1, 0, 1, 2, 3]	5	3.7007694244384766	8.1243562698364258
BGC0001998	Polyketide	Polyketide	False	False	"[""BGC0001998_-1"", ""BGC0001998_0"", ""BGC0001998_1"", ""BGC0001998_2"", ""BGC0001998_3""]"	[9176, 9175, 9177, 9178, 9179]	[-1, 0, 1, 2, 3]	5	15.758701324462891	11.354022979736328
BGC0001999	NRP	NRP	False	False	"[""BGC0001999_-1"", ""BGC0001999_0"", ""BGC0001999_1"", ""BGC0001999_2"", ""BGC0001999_3""]"	[9181, 9180, 9182, 9183, 9184]	[-1, 0, 1, 2, 3]	5	14.333619117736816	-0.54310595989227295
BGC0002000	Polyketide	Polyketide	False	False	"[""BGC0002000_-1"", ""BGC0002000_0"", ""BGC0002000_1"", ""BGC0002000_2"", ""BGC0002000_3""]"	[9186, 9185, 9187, 9188, 9189]	[-1, 0, 1, 2, 3]	5	12.553621292114258	14.536844253540039
BGC0002001	NRP Polyketide	Hybrid	False	False	"[""BGC0002001_-1"", ""BGC0002001_0"", ""BGC0002001_1"", ""BGC0002001_2"", ""BGC0002001_3""]"	[9191, 9190, 9192, 9193, 9194]	[-1, 0, 1, 2, 3]	5	17.413835525512695	6.6911664009094238
BGC0002002	NRP	NRP	False	False	"[""BGC0002002_-1"", ""BGC0002002_0"", ""BGC0002002_1"", ""BGC0002002_2"", ""BGC0002002_3""]"	[9196, 9195, 9197, 9198, 9199]	[-1, 0, 1, 2, 3]	5	11.378406524658203	-1.0941574573516846
BGC0002004	RiPP	RiPP	False	False	"[""BGC0002004_-1"", ""BGC0002004_0"", ""BGC0002004_1"", ""BGC0002004_2"", ""BGC0002004_3""]"	[9201, 9200, 9202, 9203, 9204]	[-1, 0, 1, 2, 3]	5	-4.453648567199707	7.6695904731750488
BGC0002005	RiPP	RiPP	False	False	"[""BGC0002005_-1"", ""BGC0002005_0"", ""BGC0002005_1"", ""BGC0002005_2"", ""BGC0002005_3""]"	[9206, 9205, 9207, 9208, 9209]	[-1, 0, 1, 2, 3]	5	-4.7203798294067383	8.2024564743041992
BGC0002006	RiPP	RiPP	False	False	"[""BGC0002006_-1"", ""BGC0002006_0"", ""BGC0002006_1"", ""BGC0002006_2"", ""BGC0002006_3""]"	[9211, 9210, 9212, 9213, 9214]	[-1, 0, 1, 2, 3]	5	-3.8302631378173828	11.237700462341309
BGC0002007	Terpene	Terpene	False	False	"[""BGC0002007_-1"", ""BGC0002007_0"", ""BGC0002007_1"", ""BGC0002007_2"", ""BGC0002007_3""]"	[9216, 9215, 9217, 9218, 9219]	[-1, 0, 1, 2, 3]	5	2.7809276580810547	7.9917502403259277
BGC0002008	Other	Other	False	False	"[""BGC0002008_-1"", ""BGC0002008_0"", ""BGC0002008_1"", ""BGC0002008_2"", ""BGC0002008_3""]"	[9221, 9220, 9222, 9223, 9224]	[-1, 0, 1, 2, 3]	5	3.3429505825042725	0.92798501253128052
BGC0002009	Polyketide	Polyketide	False	False	"[""BGC0002009_-1"", ""BGC0002009_0"", ""BGC0002009_1"", ""BGC0002009_2"", ""BGC0002009_3""]"	[9226, 9225, 9227, 9228, 9229]	[-1, 0, 1, 2, 3]	5	12.49174976348877	13.060345649719238
BGC0002010	NRP Polyketide	Hybrid	False	False	"[""BGC0002010_-1"", ""BGC0002010_0"", ""BGC0002010_1"", ""BGC0002010_2"", ""BGC0002010_3""]"	[9231, 9230, 9232, 9233, 9234]	[-1, 0, 1, 2, 3]	5	14.67971134185791	11.070239067077637
BGC0002011	Polyketide	Polyketide	False	False	"[""BGC0002011_-1"", ""BGC0002011_0"", ""BGC0002011_1"", ""BGC0002011_2"", ""BGC0002011_3""]"	[9236, 9235, 9237, 9238, 9239]	[-1, 0, 1, 2, 3]	5	13.665311813354492	13.769425392150879
BGC0002012	Polyketide	Polyketide	False	False	"[""BGC0002012_-1"", ""BGC0002012_0"", ""BGC0002012_1"", ""BGC0002012_2"", ""BGC0002012_3""]"	[9241, 9240, 9242, 9243, 9244]	[-1, 0, 1, 2, 3]	5	12.808100700378418	14.710657119750977
BGC0002013	RiPP	RiPP	False	False	"[""BGC0002013_-1"", ""BGC0002013_0"", ""BGC0002013_1"", ""BGC0002013_2"", ""BGC0002013_3""]"	[9246, 9245, 9247, 9248, 9249]	[-1, 0, 1, 2, 3]	5	-4.7143378257751465	9.8275184631347656
BGC0002014	NRP Polyketide	Hybrid	False	False	"[""BGC0002014_-1"", ""BGC0002014_0"", ""BGC0002014_1"", ""BGC0002014_2"", ""BGC0002014_3""]"	[9251, 9250, 9252, 9253, 9254]	[-1, 0, 1, 2, 3]	5	14.65220832824707	-0.4488321840763092
BGC0002015	RiPP	RiPP	False	False	"[""BGC0002015_-1"", ""BGC0002015_0"", ""BGC0002015_1"", ""BGC0002015_2"", ""BGC0002015_3""]"	[9256, 9255, 9257, 9258, 9259]	[-1, 0, 1, 2, 3]	5	-4.0507407188415527	11.785970687866211
BGC0002016	Polyketide	Polyketide	False	False	"[""BGC0002016_-1"", ""BGC0002016_0"", ""BGC0002016_1"", ""BGC0002016_2"", ""BGC0002016_3""]"	[9261, 9260, 9262, 9263, 9264]	[-1, 0, 1, 2, 3]	5	12.627711296081543	14.288243293762207
BGC0002017	NRP	NRP	False	False	"[""BGC0002017_-1"", ""BGC0002017_0"", ""BGC0002017_1"", ""BGC0002017_2"", ""BGC0002017_3""]"	[9266, 9265, 9267, 9268, 9269]	[-1, 0, 1, 2, 3]	5	13.863633155822754	-1.5930724143981934
BGC0002018	Other	Other	False	False	"[""BGC0002018_-1"", ""BGC0002018_0"", ""BGC0002018_1"", ""BGC0002018_2"", ""BGC0002018_3""]"	[9271, 9270, 9272, 9273, 9274]	[-1, 0, 1, 2, 3]	5	2.74294114112854	1.7650817632675171
BGC0002019	Terpene	Terpene	False	False	"[""BGC0002019_-1"", ""BGC0002019_0"", ""BGC0002019_1"", ""BGC0002019_2"", ""BGC0002019_3""]"	[9276, 9275, 9277, 9278, 9279]	[-1, 0, 1, 2, 3]	5	2.9171938896179199	8.1279010772705078
BGC0002020	Saccharide NRP	Hybrid	True	False	"[""BGC0002020_-1"", ""BGC0002020_0"", ""BGC0002020_1"", ""BGC0002020_2"", ""BGC0002020_3""]"	[9281, 9280, 9282, 9283, 9284]	[-1, 0, 1, 2, 3]	5	12.156303405761719	-2.3567867279052734
BGC0002021	Polyketide	Polyketide	False	False	"[""BGC0002021_-1"", ""BGC0002021_0"", ""BGC0002021_1"", ""BGC0002021_2"", ""BGC0002021_3""]"	[9286, 9285, 9287, 9288, 9289]	[-1, 0, 1, 2, 3]	5	12.483909606933594	13.688080787658691
BGC0002022	Polyketide	Polyketide	False	False	"[""BGC0002022_-1"", ""BGC0002022_0"", ""BGC0002022_1"", ""BGC0002022_2"", ""BGC0002022_3""]"	[9291, 9290, 9292, 9293, 9294]	[-1, 0, 1, 2, 3]	5	14.081037521362305	11.210519790649414
BGC0002024	Polyketide	Polyketide	False	False	"[""BGC0002024_-1"", ""BGC0002024_0"", ""BGC0002024_1"", ""BGC0002024_2"", ""BGC0002024_3""]"	[9296, 9295, 9297, 9298, 9299]	[-1, 0, 1, 2, 3]	5	13.646604537963867	12.550961494445801
BGC0002025	NRP Polyketide	Hybrid	False	False	"[""BGC0002025_-1"", ""BGC0002025_0"", ""BGC0002025_1"", ""BGC0002025_2"", ""BGC0002025_3""]"	[9301, 9300, 9302, 9303, 9304]	[-1, 0, 1, 2, 3]	5	15.393118858337402	11.129999160766602
BGC0002026	NRP Polyketide	Hybrid	False	False	"[""BGC0002026_-1"", ""BGC0002026_0"", ""BGC0002026_1"", ""BGC0002026_2"", ""BGC0002026_3""]"	[9306, 9305, 9307, 9308, 9309]	[-1, 0, 1, 2, 3]	5	15.767837524414062	10.24357795715332
BGC0002028	Polyketide	Polyketide	False	False	"[""BGC0002028_-1"", ""BGC0002028_0"", ""BGC0002028_1"", ""BGC0002028_2"", ""BGC0002028_3""]"	[9311, 9310, 9312, 9313, 9314]	[-1, 0, 1, 2, 3]	5	11.920849800109863	13.982455253601074
BGC0002031	Alkaloid	Alkaloid	False	False	"[""BGC0002031_-1"", ""BGC0002031_0"", ""BGC0002031_1"", ""BGC0002031_2"", ""BGC0002031_3""]"	[9316, 9315, 9317, 9318, 9319]	[-1, 0, 1, 2, 3]	5	5.0233345031738281	2.8240528106689453
BGC0002032	Polyketide	Polyketide	False	False	"[""BGC0002032_-1"", ""BGC0002032_0"", ""BGC0002032_1"", ""BGC0002032_2"", ""BGC0002032_3""]"	[9321, 9320, 9322, 9323, 9324]	[-1, 0, 1, 2, 3]	5	14.380338668823242	12.125438690185547
BGC0002033	Polyketide	Polyketide	False	False	"[""BGC0002033_-1"", ""BGC0002033_0"", ""BGC0002033_1"", ""BGC0002033_2"", ""BGC0002033_3""]"	[9326, 9325, 9327, 9328, 9329]	[-1, 0, 1, 2, 3]	5	13.003875732421875	13.051298141479492
BGC0002034	Other	Other	False	False	"[""BGC0002034_-1"", ""BGC0002034_0"", ""BGC0002034_1"", ""BGC0002034_2"", ""BGC0002034_3""]"	[9331, 9330, 9332, 9333, 9334]	[-1, 0, 1, 2, 3]	5	3.1199736595153809	1.2284731864929199
BGC0002035	NRP Polyketide	Hybrid	False	False	"[""BGC0002035_-1"", ""BGC0002035_0"", ""BGC0002035_1"", ""BGC0002035_2"", ""BGC0002035_3""]"	[9336, 9335, 9337, 9338, 9339]	[-1, 0, 1, 2, 3]	5	16.213945388793945	9.2512321472167969
BGC0002036	Other	Other	False	False	"[""BGC0002036_-1"", ""BGC0002036_0"", ""BGC0002036_1"", ""BGC0002036_2"", ""BGC0002036_3""]"	[9341, 9340, 9342, 9343, 9344]	[-1, 0, 1, 2, 3]	5	3.3119165897369385	1.7863298654556274
BGC0002037	NRP	NRP	False	False	"[""BGC0002037_-1"", ""BGC0002037_0"", ""BGC0002037_1"", ""BGC0002037_2"", ""BGC0002037_3""]"	[9346, 9345, 9347, 9348, 9349]	[-1, 0, 1, 2, 3]	5	14.473434448242188	-0.8704453706741333
BGC0002038	Polyketide	Polyketide	False	False	"[""BGC0002038_-1"", ""BGC0002038_0"", ""BGC0002038_1"", ""BGC0002038_2"", ""BGC0002038_3""]"	[9351, 9350, 9352, 9353, 9354]	[-1, 0, 1, 2, 3]	5	13.303997039794922	13.504609107971191
BGC0002039	Other	Other	False	False	"[""BGC0002039_-1"", ""BGC0002039_0"", ""BGC0002039_1"", ""BGC0002039_2"", ""BGC0002039_3""]"	[9356, 9355, 9357, 9358, 9359]	[-1, 0, 1, 2, 3]	5	3.0716977119445801	1.42888343334198
BGC0002040	Other	Other	False	False	"[""BGC0002040_-1"", ""BGC0002040_0"", ""BGC0002040_1"", ""BGC0002040_2"", ""BGC0002040_3""]"	[9361, 9360, 9362, 9363, 9364]	[-1, 0, 1, 2, 3]	5	2.6735329627990723	1.2937465906143188
BGC0002042	NRP	NRP	False	False	"[""BGC0002042_-1"", ""BGC0002042_0"", ""BGC0002042_1"", ""BGC0002042_2"", ""BGC0002042_3""]"	[9366, 9365, 9367, 9368, 9369]	[-1, 0, 1, 2, 3]	5	12.537225723266602	-1.0709648132324219
BGC0002043	RiPP	RiPP	False	False	"[""BGC0002043_-1"", ""BGC0002043_0"", ""BGC0002043_1"", ""BGC0002043_2"", ""BGC0002043_3""]"	[9371, 9370, 9372, 9373, 9374]	[-1, 0, 1, 2, 3]	5	-4.9254779815673828	8.5343599319458008
BGC0002044	NRP	NRP	False	False	"[""BGC0002044_-1"", ""BGC0002044_0"", ""BGC0002044_1"", ""BGC0002044_2"", ""BGC0002044_3""]"	[9376, 9375, 9377, 9378, 9379]	[-1, 0, 1, 2, 3]	5	14.266767501831055	-0.98700469732284546
BGC0002045	Polyketide	Polyketide	False	False	"[""BGC0002045_-1"", ""BGC0002045_0"", ""BGC0002045_1"", ""BGC0002045_2"", ""BGC0002045_3""]"	[9381, 9380, 9382, 9383, 9384]	[-1, 0, 1, 2, 3]	5	12.916216850280762	14.69180965423584
BGC0002046	NRP Polyketide	Hybrid	False	False	"[""BGC0002046_-1"", ""BGC0002046_0"", ""BGC0002046_1"", ""BGC0002046_2"", ""BGC0002046_3""]"	[9386, 9385, 9387, 9388, 9389]	[-1, 0, 1, 2, 3]	5	15.309160232543945	9.8526706695556641
BGC0002047	Polyketide	Polyketide	False	False	"[""BGC0002047_-1"", ""BGC0002047_0"", ""BGC0002047_1"", ""BGC0002047_2"", ""BGC0002047_3""]"	[9391, 9390, 9392, 9393, 9394]	[-1, 0, 1, 2, 3]	5	12.940644264221191	14.72770881652832
BGC0002048	NRP	NRP	False	False	"[""BGC0002048_-1"", ""BGC0002048_0"", ""BGC0002048_1"", ""BGC0002048_2"", ""BGC0002048_3""]"	[9396, 9395, 9397, 9398, 9399]	[-1, 0, 1, 2, 3]	5	13.636277198791504	-0.40848454833030701
BGC0002049	RiPP	RiPP	False	False	"[""BGC0002049_-1"", ""BGC0002049_0"", ""BGC0002049_1"", ""BGC0002049_2"", ""BGC0002049_3""]"	[9401, 9400, 9402, 9403, 9404]	[-1, 0, 1, 2, 3]	5	-4.8972663879394531	8.6667900085449219
BGC0002050	NRP Polyketide	Hybrid	False	False	"[""BGC0002050_-1"", ""BGC0002050_0"", ""BGC0002050_1"", ""BGC0002050_2"", ""BGC0002050_3""]"	[9406, 9405, 9407, 9408, 9409]	[-1, 0, 1, 2, 3]	5	17.451400756835938	7.5415105819702148
BGC0002051	NRP	NRP	False	False	"[""BGC0002051_-1"", ""BGC0002051_0"", ""BGC0002051_1"", ""BGC0002051_2"", ""BGC0002051_3""]"	[9411, 9410, 9412, 9413, 9414]	[-1, 0, 1, 2, 3]	5	14.219850540161133	-0.44637665152549744
BGC0002052	Other	Other	False	False	"[""BGC0002052_-1"", ""BGC0002052_0"", ""BGC0002052_1"", ""BGC0002052_2"", ""BGC0002052_3""]"	[9416, 9415, 9417, 9418, 9419]	[-1, 0, 1, 2, 3]	5	2.0697004795074463	1.4665416479110718
BGC0002053	RiPP	RiPP	False	False	"[""BGC0002053_-1"", ""BGC0002053_0"", ""BGC0002053_1"", ""BGC0002053_2"", ""BGC0002053_3""]"	[9421, 9420, 9422, 9423, 9424]	[-1, 0, 1, 2, 3]	5	-4.0825204849243164	12.029838562011719
BGC0002054	Polyketide NRP Saccharide	Hybrid	True	False	"[""BGC0002054_-1"", ""BGC0002054_0"", ""BGC0002054_1"", ""BGC0002054_2"", ""BGC0002054_3""]"	[9426, 9425, 9427, 9428, 9429]	[-1, 0, 1, 2, 3]	5	17.838483810424805	8.7684564590454102
BGC0002055	NRP Polyketide	Hybrid	False	False	"[""BGC0002055_-1"", ""BGC0002055_0"", ""BGC0002055_1"", ""BGC0002055_2"", ""BGC0002055_3""]"	[9431, 9430, 9432, 9433, 9434]	[-1, 0, 1, 2, 3]	5	15.485973358154297	9.7080326080322266
BGC0002056	NRP Polyketide	Hybrid	False	False	"[""BGC0002056_-1"", ""BGC0002056_0"", ""BGC0002056_1"", ""BGC0002056_2"", ""BGC0002056_3""]"	[9436, 9435, 9437, 9438, 9439]	[-1, 0, 1, 2, 3]	5	16.034595489501953	9.1876239776611328
BGC0002058	Polyketide NRP	Hybrid	False	False	"[""BGC0002058_-1"", ""BGC0002058_0"", ""BGC0002058_1"", ""BGC0002058_2"", ""BGC0002058_3""]"	[9441, 9440, 9442, 9443, 9444]	[-1, 0, 1, 2, 3]	5	16.532316207885742	6.5280513763427734
BGC0002059	NRP Polyketide	Hybrid	False	False	"[""BGC0002059_-1"", ""BGC0002059_0"", ""BGC0002059_1"", ""BGC0002059_2"", ""BGC0002059_3""]"	[9446, 9445, 9447, 9448, 9449]	[-1, 0, 1, 2, 3]	5	17.324947357177734	7.4587740898132324
BGC0002060	Polyketide	Polyketide	False	False	"[""BGC0002060_-1"", ""BGC0002060_0"", ""BGC0002060_1"", ""BGC0002060_2"", ""BGC0002060_3""]"	[9451, 9450, 9452, 9453, 9454]	[-1, 0, 1, 2, 3]	5	13.895170211791992	11.967292785644531
BGC0002061	NRP Polyketide	Hybrid	False	False	"[""BGC0002061_-1"", ""BGC0002061_0"", ""BGC0002061_1"", ""BGC0002061_2"", ""BGC0002061_3""]"	[9456, 9455, 9457, 9458, 9459]	[-1, 0, 1, 2, 3]	5	16.601350784301758	6.7311086654663086
BGC0002062	Polyketide	Polyketide	False	False	"[""BGC0002062_-1"", ""BGC0002062_0"", ""BGC0002062_1"", ""BGC0002062_2"", ""BGC0002062_3""]"	[9461, 9460, 9462, 9463, 9464]	[-1, 0, 1, 2, 3]	5	14.041957855224609	12.950674057006836
BGC0002063	Polyketide	Polyketide	False	False	"[""BGC0002063_-1"", ""BGC0002063_0"", ""BGC0002063_1"", ""BGC0002063_2"", ""BGC0002063_3""]"	[9466, 9465, 9467, 9468, 9469]	[-1, 0, 1, 2, 3]	5	14.82764720916748	14.818332672119141
BGC0002064	RiPP	RiPP	False	False	"[""BGC0002064_-1"", ""BGC0002064_0"", ""BGC0002064_1"", ""BGC0002064_2"", ""BGC0002064_3""]"	[9471, 9470, 9472, 9473, 9474]	[-1, 0, 1, 2, 3]	5	-4.4130644798278809	11.18516731262207
BGC0002066	NRP Polyketide	Hybrid	False	False	"[""BGC0002066_-1"", ""BGC0002066_0"", ""BGC0002066_1"", ""BGC0002066_2"", ""BGC0002066_3""]"	[9476, 9475, 9477, 9478, 9479]	[-1, 0, 1, 2, 3]	5	16.066217422485352	9.6114654541015625
BGC0002067	NRP Polyketide	Hybrid	False	False	"[""BGC0002067_-1"", ""BGC0002067_0"", ""BGC0002067_1"", ""BGC0002067_2"", ""BGC0002067_3""]"	[9481, 9480, 9482, 9483, 9484]	[-1, 0, 1, 2, 3]	5	15.993267059326172	9.7225360870361328
BGC0002068	NRP Polyketide	Hybrid	False	False	"[""BGC0002068_-1"", ""BGC0002068_0"", ""BGC0002068_1"", ""BGC0002068_2"", ""BGC0002068_3""]"	[9486, 9485, 9487, 9488, 9489]	[-1, 0, 1, 2, 3]	5	16.20765495300293	9.0900239944458008
BGC0002069	Other	Other	False	False	"[""BGC0002069_-1"", ""BGC0002069_0"", ""BGC0002069_1"", ""BGC0002069_2"", ""BGC0002069_3""]"	[9491, 9490, 9492, 9493, 9494]	[-1, 0, 1, 2, 3]	5	2.5181779861450195	1.2169904708862305
BGC0002070	Polyketide	Polyketide	False	False	"[""BGC0002070_-1"", ""BGC0002070_0"", ""BGC0002070_1"", ""BGC0002070_2"", ""BGC0002070_3""]"	[9496, 9495, 9497, 9498, 9499]	[-1, 0, 1, 2, 3]	5	12.45576286315918	14.455245971679688
BGC0002071	NRP	NRP	False	False	"[""BGC0002071_-1"", ""BGC0002071_0"", ""BGC0002071_1"", ""BGC0002071_2"", ""BGC0002071_3""]"	[9501, 9500, 9502, 9503, 9504]	[-1, 0, 1, 2, 3]	5	14.009546279907227	-0.70574700832366943
BGC0002072	Polyketide	Polyketide	False	False	"[""BGC0002072_-1"", ""BGC0002072_0"", ""BGC0002072_1"", ""BGC0002072_2"", ""BGC0002072_3""]"	[9506, 9505, 9507, 9508, 9509]	[-1, 0, 1, 2, 3]	5	13.369051933288574	12.052123069763184
BGC0002073	NRP	NRP	False	False	"[""BGC0002073_-1"", ""BGC0002073_0"", ""BGC0002073_1"", ""BGC0002073_2"", ""BGC0002073_3""]"	[9511, 9510, 9512, 9513, 9514]	[-1, 0, 1, 2, 3]	5	2.7250878810882568	2.0498635768890381
BGC0002074	RiPP	RiPP	False	False	"[""BGC0002074_-1"", ""BGC0002074_0"", ""BGC0002074_1"", ""BGC0002074_2"", ""BGC0002074_3""]"	[9516, 9515, 9517, 9518, 9519]	[-1, 0, 1, 2, 3]	5	-4.1177945137023926	11.948966979980469
BGC0002075	NRP Alkaloid	Hybrid	False	False	"[""BGC0002075_-1"", ""BGC0002075_0"", ""BGC0002075_1"", ""BGC0002075_2"", ""BGC0002075_3""]"	[9521, 9520, 9522, 9523, 9524]	[-1, 0, 1, 2, 3]	5	14.133832931518555	-0.57590532302856445
BGC0002076	Other	Other	False	False	"[""BGC0002076_-1"", ""BGC0002076_0"", ""BGC0002076_1"", ""BGC0002076_2"", ""BGC0002076_3""]"	[9526, 9525, 9527, 9528, 9529]	[-1, 0, 1, 2, 3]	5	2.8114418983459473	2.2288017272949219
BGC0002078	NRP	NRP	False	False	"[""BGC0002078_-1"", ""BGC0002078_0"", ""BGC0002078_1"", ""BGC0002078_2"", ""BGC0002078_3""]"	[9531, 9530, 9532, 9533, 9534]	[-1, 0, 1, 2, 3]	5	13.837259292602539	-1.527305006980896
BGC0002079	NRP	NRP	False	False	"[""BGC0002079_-1"", ""BGC0002079_0"", ""BGC0002079_1"", ""BGC0002079_2"", ""BGC0002079_3""]"	[9536, 9535, 9537, 9538, 9539]	[-1, 0, 1, 2, 3]	5	13.777299880981445	-1.5615333318710327
BGC0002080	Other	Other	False	False	"[""BGC0002080_-1"", ""BGC0002080_0"", ""BGC0002080_1"", ""BGC0002080_2"", ""BGC0002080_3""]"	[9541, 9540, 9542, 9543, 9544]	[-1, 0, 1, 2, 3]	5	2.9862828254699707	2.1277384757995605
BGC0002081	Polyketide	Polyketide	False	False	"[""BGC0002081_-1"", ""BGC0002081_0"", ""BGC0002081_1"", ""BGC0002081_2"", ""BGC0002081_3""]"	[9546, 9545, 9547, 9548, 9549]	[-1, 0, 1, 2, 3]	5	13.145216941833496	14.787949562072754
BGC0002082	NRP Polyketide	Hybrid	False	False	"[""BGC0002082_-1"", ""BGC0002082_0"", ""BGC0002082_1"", ""BGC0002082_2"", ""BGC0002082_3""]"	[9551, 9550, 9552, 9553, 9554]	[-1, 0, 1, 2, 3]	5	16.194171905517578	9.6020488739013672
BGC0002083	Polyketide	Polyketide	False	False	"[""BGC0002083_-1"", ""BGC0002083_0"", ""BGC0002083_1"", ""BGC0002083_2"", ""BGC0002083_3""]"	[9556, 9555, 9557, 9558, 9559]	[-1, 0, 1, 2, 3]	5	15.053458213806152	11.517990112304688
BGC0002084	RiPP	RiPP	False	False	"[""BGC0002084_-1"", ""BGC0002084_0"", ""BGC0002084_1"", ""BGC0002084_2"", ""BGC0002084_3""]"	[9561, 9560, 9562, 9563, 9564]	[-1, 0, 1, 2, 3]	5	-4.4285492897033691	7.6507382392883301
BGC0002085	Saccharide	Saccharide	True	True	"[""BGC0002085_-1"", ""BGC0002085_0"", ""BGC0002085_1"", ""BGC0002085_2"", ""BGC0002085_3""]"	[9566, 9565, 9567, 9568, 9569]	[-1, 0, 1, 2, 3]	5	12.330556869506836	12.647727012634277
BGC0002086	Polyketide	Polyketide	False	False	"[""BGC0002086_-1"", ""BGC0002086_0"", ""BGC0002086_1"", ""BGC0002086_2"", ""BGC0002086_3""]"	[9571, 9570, 9572, 9573, 9574]	[-1, 0, 1, 2, 3]	5	12.518610000610352	13.553679466247559
BGC0002087	NRP Polyketide	Hybrid	False	False	"[""BGC0002087_-1"", ""BGC0002087_0"", ""BGC0002087_1"", ""BGC0002087_2"", ""BGC0002087_3""]"	[9576, 9575, 9577, 9578, 9579]	[-1, 0, 1, 2, 3]	5	15.445108413696289	10.216368675231934
BGC0002088	Polyketide Saccharide	Hybrid	True	False	"[""BGC0002088_-1"", ""BGC0002088_0"", ""BGC0002088_1"", ""BGC0002088_2"", ""BGC0002088_3""]"	[9581, 9580, 9582, 9583, 9584]	[-1, 0, 1, 2, 3]	5	12.288434028625488	12.693410873413086
BGC0002089	NRP	NRP	False	False	"[""BGC0002089_-1"", ""BGC0002089_0"", ""BGC0002089_1"", ""BGC0002089_2"", ""BGC0002089_3""]"	[9586, 9585, 9587, 9588, 9589]	[-1, 0, 1, 2, 3]	5	12.69014835357666	-1.8291853666305542
BGC0002090	Polyketide NRP	Hybrid	False	False	"[""BGC0002090_-1"", ""BGC0002090_0"", ""BGC0002090_1"", ""BGC0002090_2"", ""BGC0002090_3""]"	[9591, 9590, 9592, 9593, 9594]	[-1, 0, 1, 2, 3]	5	17.885738372802734	7.9010748863220215
BGC0002091	NRP	NRP	False	False	"[""BGC0002091_-1"", ""BGC0002091_0"", ""BGC0002091_1"", ""BGC0002091_2"", ""BGC0002091_3""]"	[9596, 9595, 9597, 9598, 9599]	[-1, 0, 1, 2, 3]	5	12.47474479675293	-1.3319522142410278
BGC0002092	NRP	NRP	False	False	"[""BGC0002092_-1"", ""BGC0002092_0"", ""BGC0002092_1"", ""BGC0002092_2"", ""BGC0002092_3""]"	[9601, 9600, 9602, 9603, 9604]	[-1, 0, 1, 2, 3]	5	13.769654273986816	-0.63301444053649902
BGC0002093	Polyketide NRP	Hybrid	False	False	"[""BGC0002093_-1"", ""BGC0002093_0"", ""BGC0002093_1"", ""BGC0002093_2"", ""BGC0002093_3""]"	[9606, 9605, 9607, 9608, 9609]	[-1, 0, 1, 2, 3]	5	16.191032409667969	9.4659032821655273
BGC0002095	NRP	NRP	False	False	"[""BGC0002095_-1"", ""BGC0002095_0"", ""BGC0002095_1"", ""BGC0002095_2"", ""BGC0002095_3""]"	[9611, 9610, 9612, 9613, 9614]	[-1, 0, 1, 2, 3]	5	13.542978286743164	-0.48678499460220337
BGC0002096	Polyketide	Polyketide	False	False	"[""BGC0002096_-1"", ""BGC0002096_0"", ""BGC0002096_1"", ""BGC0002096_2"", ""BGC0002096_3""]"	[9616, 9615, 9617, 9618, 9619]	[-1, 0, 1, 2, 3]	5	14.076857566833496	11.192468643188477
BGC0002097	NRP Polyketide Saccharide	Hybrid	True	False	"[""BGC0002097_-1"", ""BGC0002097_0"", ""BGC0002097_1"", ""BGC0002097_2"", ""BGC0002097_3""]"	[9621, 9620, 9622, 9623, 9624]	[-1, 0, 1, 2, 3]	5	17.785223007202148	8.9820661544799805
BGC0002098	Polyketide	Polyketide	False	False	"[""BGC0002098_-1"", ""BGC0002098_0"", ""BGC0002098_1"", ""BGC0002098_2"", ""BGC0002098_3""]"	[9626, 9625, 9627, 9628, 9629]	[-1, 0, 1, 2, 3]	5	14.126761436462402	11.961921691894531
BGC0002099	RiPP	RiPP	False	False	"[""BGC0002099_-1"", ""BGC0002099_0"", ""BGC0002099_1"", ""BGC0002099_2"", ""BGC0002099_3""]"	[9631, 9630, 9632, 9633, 9634]	[-1, 0, 1, 2, 3]	5	-4.6427764892578125	7.9730086326599121
BGC0002100	NRP Other	Hybrid	False	False	"[""BGC0002100_-1"", ""BGC0002100_0"", ""BGC0002100_1"", ""BGC0002100_2"", ""BGC0002100_3""]"	[9636, 9635, 9637, 9638, 9639]	[-1, 0, 1, 2, 3]	5	12.238839149475098	-1.9741346836090088
BGC0002101	Polyketide	Polyketide	False	False	"[""BGC0002101_-1"", ""BGC0002101_0"", ""BGC0002101_1"", ""BGC0002101_2"", ""BGC0002101_3""]"	[9641, 9640, 9642, 9643, 9644]	[-1, 0, 1, 2, 3]	5	13.577597618103027	11.552502632141113
BGC0002102	Polyketide	Polyketide	False	False	"[""BGC0002102_-1"", ""BGC0002102_0"", ""BGC0002102_1"", ""BGC0002102_2"", ""BGC0002102_3""]"	[9646, 9645, 9647, 9648, 9649]	[-1, 0, 1, 2, 3]	5	13.723894119262695	12.626065254211426
BGC0002103	Other	Other	False	False	"[""BGC0002103_-1"", ""BGC0002103_0"", ""BGC0002103_1"", ""BGC0002103_2"", ""BGC0002103_3""]"	[9651, 9650, 9652, 9653, 9654]	[-1, 0, 1, 2, 3]	5	3.2390713691711426	2.7950384616851807
BGC0002104	NRP Polyketide	Hybrid	False	False	"[""BGC0002104_-1"", ""BGC0002104_0"", ""BGC0002104_1"", ""BGC0002104_2"", ""BGC0002104_3""]"	[9656, 9655, 9657, 9658, 9659]	[-1, 0, 1, 2, 3]	5	15.769030570983887	9.9358015060424805
BGC0002105	Polyketide	Polyketide	False	False	"[""BGC0002105_-1"", ""BGC0002105_0"", ""BGC0002105_1"", ""BGC0002105_2"", ""BGC0002105_3""]"	[9661, 9660, 9662, 9663, 9664]	[-1, 0, 1, 2, 3]	5	13.539158821105957	12.420182228088379
BGC0002106	Polyketide	Polyketide	False	False	"[""BGC0002106_-1"", ""BGC0002106_0"", ""BGC0002106_1"", ""BGC0002106_2"", ""BGC0002106_3""]"	[9666, 9665, 9667, 9668, 9669]	[-1, 0, 1, 2, 3]	5	13.226255416870117	12.007406234741211
BGC0002107	NRP Polyketide	Hybrid	False	False	"[""BGC0002107_-1"", ""BGC0002107_0"", ""BGC0002107_1"", ""BGC0002107_2"", ""BGC0002107_3""]"	[9671, 9670, 9672, 9673, 9674]	[-1, 0, 1, 2, 3]	5	17.599712371826172	8.2985010147094727
BGC0002108	NRP	NRP	False	False	"[""BGC0002108_-1"", ""BGC0002108_0"", ""BGC0002108_1"", ""BGC0002108_2"", ""BGC0002108_3""]"	[9676, 9675, 9677, 9678, 9679]	[-1, 0, 1, 2, 3]	5	13.572046279907227	-0.52290904521942139
BGC0002109	NRP	NRP	False	False	"[""BGC0002109_-1"", ""BGC0002109_0"", ""BGC0002109_1"", ""BGC0002109_2"", ""BGC0002109_3""]"	[9681, 9680, 9682, 9683, 9684]	[-1, 0, 1, 2, 3]	5	13.046260833740234	-1.267408013343811
BGC0002110	RiPP	RiPP	False	False	"[""BGC0002110_-1"", ""BGC0002110_0"", ""BGC0002110_1"", ""BGC0002110_2"", ""BGC0002110_3""]"	[9686, 9685, 9687, 9688, 9689]	[-1, 0, 1, 2, 3]	5	-3.8509230613708496	11.384096145629883
BGC0002111	RiPP	RiPP	False	False	"[""BGC0002111_-1"", ""BGC0002111_0"", ""BGC0002111_1"", ""BGC0002111_2"", ""BGC0002111_3""]"	[9691, 9690, 9692, 9693, 9694]	[-1, 0, 1, 2, 3]	5	-4.7562150955200195	10.663443565368652
BGC0002114	NRP Polyketide	Hybrid	False	False	"[""BGC0002114_-1"", ""BGC0002114_0"", ""BGC0002114_1"", ""BGC0002114_2"", ""BGC0002114_3""]"	[9696, 9695, 9697, 9698, 9699]	[-1, 0, 1, 2, 3]	5	18.046207427978516	8.0421056747436523
BGC0002115	RiPP	RiPP	False	False	"[""BGC0002115_-1"", ""BGC0002115_0"", ""BGC0002115_1"", ""BGC0002115_2"", ""BGC0002115_3""]"	[9701, 9700, 9702, 9703, 9704]	[-1, 0, 1, 2, 3]	5	-4.7204761505126953	8.2667264938354492
BGC0002116	RiPP	RiPP	False	False	"[""BGC0002116_-1"", ""BGC0002116_0"", ""BGC0002116_1"", ""BGC0002116_2"", ""BGC0002116_3""]"	[9706, 9705, 9707, 9708, 9709]	[-1, 0, 1, 2, 3]	5	-4.7956528663635254	8.4740467071533203
BGC0002117	NRP	NRP	False	False	"[""BGC0002117_-1"", ""BGC0002117_0"", ""BGC0002117_1"", ""BGC0002117_2"", ""BGC0002117_3""]"	[9711, 9710, 9712, 9713, 9714]	[-1, 0, 1, 2, 3]	5	13.786961555480957	-0.62299942970275879
BGC0002118	NRP Polyketide	Hybrid	False	False	"[""BGC0002118_-1"", ""BGC0002118_0"", ""BGC0002118_1"", ""BGC0002118_2"", ""BGC0002118_3""]"	[9716, 9715, 9717, 9718, 9719]	[-1, 0, 1, 2, 3]	5	16.560602188110352	9.1091766357421875
BGC0002119	NRP Polyketide	Hybrid	False	False	"[""BGC0002119_-1"", ""BGC0002119_0"", ""BGC0002119_1"", ""BGC0002119_2"", ""BGC0002119_3""]"	[9721, 9720, 9722, 9723, 9724]	[-1, 0, 1, 2, 3]	5	15.191584587097168	10.656472206115723
BGC0002120	RiPP	RiPP	False	False	"[""BGC0002120_-1"", ""BGC0002120_0"", ""BGC0002120_1"", ""BGC0002120_2"", ""BGC0002120_3""]"	[9726, 9725, 9727, 9728, 9729]	[-1, 0, 1, 2, 3]	5	-4.5137214660644531	10.014245986938477
BGC0002122	NRP	NRP	False	False	"[""BGC0002122_-1"", ""BGC0002122_0"", ""BGC0002122_1"", ""BGC0002122_2"", ""BGC0002122_3""]"	[9731, 9730, 9732, 9733, 9734]	[-1, 0, 1, 2, 3]	5	12.791172981262207	-0.31015560030937195
BGC0002123	NRP Polyketide	Hybrid	False	False	"[""BGC0002123_-1"", ""BGC0002123_0"", ""BGC0002123_1"", ""BGC0002123_2"", ""BGC0002123_3""]"	[9736, 9735, 9737, 9738, 9739]	[-1, 0, 1, 2, 3]	5	12.572824478149414	-0.6390421986579895
BGC0002124	Polyketide	Polyketide	False	False	"[""BGC0002124_-1"", ""BGC0002124_0"", ""BGC0002124_1"", ""BGC0002124_2"", ""BGC0002124_3""]"	[9741, 9740, 9742, 9743, 9744]	[-1, 0, 1, 2, 3]	5	14.900267601013184	11.653570175170898
BGC0002125	NRP	NRP	False	False	"[""BGC0002125_-1"", ""BGC0002125_0"", ""BGC0002125_1"", ""BGC0002125_2"", ""BGC0002125_3""]"	[9746, 9745, 9747, 9748, 9749]	[-1, 0, 1, 2, 3]	5	14.339132308959961	-0.79581773281097412
BGC0002126	NRP	NRP	False	False	"[""BGC0002126_-1"", ""BGC0002126_0"", ""BGC0002126_1"", ""BGC0002126_2"", ""BGC0002126_3""]"	[9751, 9750, 9752, 9753, 9754]	[-1, 0, 1, 2, 3]	5	14.23067569732666	-0.46228909492492676
BGC0002127	Polyketide	Polyketide	False	False	"[""BGC0002127_-1"", ""BGC0002127_0"", ""BGC0002127_1"", ""BGC0002127_2"", ""BGC0002127_3""]"	[9756, 9755, 9757, 9758, 9759]	[-1, 0, 1, 2, 3]	5	13.860255241394043	14.251726150512695
BGC0002128	Other	Other	False	False	"[""BGC0002128_-1"", ""BGC0002128_0"", ""BGC0002128_1"", ""BGC0002128_2"", ""BGC0002128_3""]"	[9761, 9760, 9762, 9763, 9764]	[-1, 0, 1, 2, 3]	5	3.406113862991333	2.0906078815460205
BGC0002129	Polyketide	Polyketide	False	False	"[""BGC0002129_-1"", ""BGC0002129_0"", ""BGC0002129_1"", ""BGC0002129_2"", ""BGC0002129_3""]"	[9766, 9765, 9767, 9768, 9769]	[-1, 0, 1, 2, 3]	5	12.840742111206055	14.746129035949707
BGC0002130	RiPP	RiPP	False	False	"[""BGC0002130_-1"", ""BGC0002130_0"", ""BGC0002130_1"", ""BGC0002130_2"", ""BGC0002130_3""]"	[9771, 9770, 9772, 9773, 9774]	[-1, 0, 1, 2, 3]	5	-4.8126978874206543	10.715106010437012
BGC0002131	NRP Polyketide Saccharide	Hybrid	True	False	"[""BGC0002131_-1"", ""BGC0002131_0"", ""BGC0002131_1"", ""BGC0002131_2"", ""BGC0002131_3""]"	[9776, 9775, 9777, 9778, 9779]	[-1, 0, 1, 2, 3]	5	14.714837074279785	10.448564529418945
BGC0002132	Other	Other	False	False	"[""BGC0002132_-1"", ""BGC0002132_0"", ""BGC0002132_1"", ""BGC0002132_2"", ""BGC0002132_3""]"	[9781, 9780, 9782, 9783, 9784]	[-1, 0, 1, 2, 3]	5	1.9805872440338135	2.5221092700958252
BGC0002133	RiPP	RiPP	False	False	"[""BGC0002133_-1"", ""BGC0002133_0"", ""BGC0002133_1"", ""BGC0002133_2"", ""BGC0002133_3""]"	[9786, 9785, 9787, 9788, 9789]	[-1, 0, 1, 2, 3]	5	-4.7507114410400391	9.0895490646362305
BGC0002134	Other	Other	False	False	"[""BGC0002134_-1"", ""BGC0002134_0"", ""BGC0002134_1"", ""BGC0002134_2"", ""BGC0002134_3""]"	[9791, 9790, 9792, 9793, 9794]	[-1, 0, 1, 2, 3]	5	2.7058663368225098	1.7458915710449219
BGC0002135	NRP	NRP	False	False	"[""BGC0002135_-1"", ""BGC0002135_0"", ""BGC0002135_1"", ""BGC0002135_2"", ""BGC0002135_3""]"	[9796, 9795, 9797, 9798, 9799]	[-1, 0, 1, 2, 3]	5	12.979779243469238	-0.27927067875862122
BGC0002137	Polyketide	Polyketide	False	False	"[""BGC0002137_-1"", ""BGC0002137_0"", ""BGC0002137_1"", ""BGC0002137_2"", ""BGC0002137_3""]"	[9801, 9800, 9802, 9803, 9804]	[-1, 0, 1, 2, 3]	5	12.763062477111816	14.677233695983887
BGC0002138	Polyketide	Polyketide	False	False	"[""BGC0002138_-1"", ""BGC0002138_0"", ""BGC0002138_1"", ""BGC0002138_2"", ""BGC0002138_3""]"	[9806, 9805, 9807, 9808, 9809]	[-1, 0, 1, 2, 3]	5	14.704632759094238	10.609428405761719
BGC0002139	Polyketide	Polyketide	False	False	"[""BGC0002139_-1"", ""BGC0002139_0"", ""BGC0002139_1"", ""BGC0002139_2"", ""BGC0002139_3""]"	[9811, 9810, 9812, 9813, 9814]	[-1, 0, 1, 2, 3]	5	16.078285217285156	11.154434204101562
BGC0002140	Polyketide	Polyketide	False	False	"[""BGC0002140_-1"", ""BGC0002140_0"", ""BGC0002140_1"", ""BGC0002140_2"", ""BGC0002140_3""]"	[9816, 9815, 9817, 9818, 9819]	[-1, 0, 1, 2, 3]	5	11.968522071838379	14.088776588439941
BGC0002141	Polyketide	Polyketide	False	False	"[""BGC0002141_-1"", ""BGC0002141_0"", ""BGC0002141_1"", ""BGC0002141_2"", ""BGC0002141_3""]"	[9821, 9820, 9822, 9823, 9824]	[-1, 0, 1, 2, 3]	5	12.290563583374023	12.956450462341309
BGC0002142	Polyketide	Polyketide	False	False	"[""BGC0002142_-1"", ""BGC0002142_0"", ""BGC0002142_1"", ""BGC0002142_2"", ""BGC0002142_3""]"	[9826, 9825, 9827, 9828, 9829]	[-1, 0, 1, 2, 3]	5	13.195196151733398	13.044961929321289
BGC0002143	Polyketide	Polyketide	False	False	"[""BGC0002143_-1"", ""BGC0002143_0"", ""BGC0002143_1"", ""BGC0002143_2"", ""BGC0002143_3""]"	[9831, 9830, 9832, 9833, 9834]	[-1, 0, 1, 2, 3]	5	13.125130653381348	14.781031608581543
BGC0002144	RiPP	RiPP	False	False	"[""BGC0002144_-1"", ""BGC0002144_0"", ""BGC0002144_1"", ""BGC0002144_2"", ""BGC0002144_3""]"	[9836, 9835, 9837, 9838, 9839]	[-1, 0, 1, 2, 3]	5	-4.6522030830383301	10.009964942932129
BGC0002146	NRP	NRP	False	False	"[""BGC0002146_-1"", ""BGC0002146_0"", ""BGC0002146_1"", ""BGC0002146_2"", ""BGC0002146_3""]"	[9841, 9840, 9842, 9843, 9844]	[-1, 0, 1, 2, 3]	5	10.950820922851562	0.019603557884693146
BGC0002147	NRP	NRP	False	False	"[""BGC0002147_-1"", ""BGC0002147_0"", ""BGC0002147_1"", ""BGC0002147_2"", ""BGC0002147_3""]"	[9846, 9845, 9847, 9848, 9849]	[-1, 0, 1, 2, 3]	5	13.194908142089844	-1.2535628080368042
BGC0002148	Alkaloid	Alkaloid	False	False	"[""BGC0002148_-1"", ""BGC0002148_0"", ""BGC0002148_1"", ""BGC0002148_2"", ""BGC0002148_3""]"	[9851, 9850, 9852, 9853, 9854]	[-1, 0, 1, 2, 3]	5	2.7816536426544189	1.7973971366882324
BGC0002149	NRP Terpene	Hybrid	False	False	"[""BGC0002149_-1"", ""BGC0002149_0"", ""BGC0002149_1"", ""BGC0002149_2"", ""BGC0002149_3""]"	[9856, 9855, 9857, 9858, 9859]	[-1, 0, 1, 2, 3]	5	10.661567687988281	0.28299787640571594
BGC0002150	RiPP	RiPP	False	False	"[""BGC0002150_-1"", ""BGC0002150_0"", ""BGC0002150_1"", ""BGC0002150_2"", ""BGC0002150_3""]"	[9861, 9860, 9862, 9863, 9864]	[-1, 0, 1, 2, 3]	5	-4.680539608001709	9.2633810043334961
BGC0002151	RiPP	RiPP	False	False	"[""BGC0002151_-1"", ""BGC0002151_0"", ""BGC0002151_1"", ""BGC0002151_2"", ""BGC0002151_3""]"	[9866, 9865, 9867, 9868, 9869]	[-1, 0, 1, 2, 3]	5	-4.6533932685852051	9.1384677886962891
BGC0002152	Other	Other	False	False	"[""BGC0002152_-1"", ""BGC0002152_0"", ""BGC0002152_1"", ""BGC0002152_2"", ""BGC0002152_3""]"	[9871, 9870, 9872, 9873, 9874]	[-1, 0, 1, 2, 3]	5	2.261436939239502	2.4722614288330078
BGC0002153	Polyketide	Polyketide	False	False	"[""BGC0002153_-1"", ""BGC0002153_0"", ""BGC0002153_1"", ""BGC0002153_2"", ""BGC0002153_3""]"	[9876, 9875, 9877, 9878, 9879]	[-1, 0, 1, 2, 3]	5	14.111250877380371	14.095258712768555
BGC0002154	Polyketide	Polyketide	False	False	"[""BGC0002154_-1"", ""BGC0002154_0"", ""BGC0002154_1"", ""BGC0002154_2"", ""BGC0002154_3""]"	[9881, 9880, 9882, 9883, 9884]	[-1, 0, 1, 2, 3]	5	14.440877914428711	13.417876243591309
BGC0002155	Polyketide	Polyketide	False	False	"[""BGC0002155_-1"", ""BGC0002155_0"", ""BGC0002155_1"", ""BGC0002155_2"", ""BGC0002155_3""]"	[9886, 9885, 9887, 9888, 9889]	[-1, 0, 1, 2, 3]	5	14.509250640869141	13.659214973449707
BGC0002157	NRP Alkaloid	Hybrid	False	False	"[""BGC0002157_-1"", ""BGC0002157_0"", ""BGC0002157_1"", ""BGC0002157_2"", ""BGC0002157_3""]"	[9891, 9890, 9892, 9893, 9894]	[-1, 0, 1, 2, 3]	5	11.048892021179199	-0.18167036771774292
BGC0002158	NRP Polyketide	Hybrid	False	False	"[""BGC0002158_-1"", ""BGC0002158_0"", ""BGC0002158_1"", ""BGC0002158_2"", ""BGC0002158_3""]"	[9896, 9895, 9897, 9898, 9899]	[-1, 0, 1, 2, 3]	5	12.733309745788574	-0.24779874086380005
BGC0002160	NRP	NRP	False	False	"[""BGC0002160_-1"", ""BGC0002160_0"", ""BGC0002160_1"", ""BGC0002160_2"", ""BGC0002160_3""]"	[9901, 9900, 9902, 9903, 9904]	[-1, 0, 1, 2, 3]	5	11.082185745239258	-0.26414451003074646
BGC0002161	Polyketide	Polyketide	False	False	"[""BGC0002161_-1"", ""BGC0002161_0"", ""BGC0002161_1"", ""BGC0002161_2"", ""BGC0002161_3""]"	[9906, 9905, 9907, 9908, 9909]	[-1, 0, 1, 2, 3]	5	14.447955131530762	13.492923736572266
BGC0002162	Terpene	Terpene	False	False	"[""BGC0002162_-1"", ""BGC0002162_0"", ""BGC0002162_1"", ""BGC0002162_2"", ""BGC0002162_3""]"	[9911, 9910, 9912, 9913, 9914]	[-1, 0, 1, 2, 3]	5	3.6490449905395508	8.2795372009277344
BGC0002163	Other	Other	False	False	"[""BGC0002163_-1"", ""BGC0002163_0"", ""BGC0002163_1"", ""BGC0002163_2"", ""BGC0002163_3""]"	[9916, 9915, 9917, 9918, 9919]	[-1, 0, 1, 2, 3]	5	2.2631068229675293	1.8040672540664673
BGC0002164	NRP	NRP	False	False	"[""BGC0002164_-1"", ""BGC0002164_0"", ""BGC0002164_1"", ""BGC0002164_2"", ""BGC0002164_3""]"	[9921, 9920, 9922, 9923, 9924]	[-1, 0, 1, 2, 3]	5	11.041237831115723	-0.24089865386486053
BGC0002165	Polyketide	Polyketide	False	False	"[""BGC0002165_-1"", ""BGC0002165_0"", ""BGC0002165_1"", ""BGC0002165_2"", ""BGC0002165_3""]"	[9926, 9925, 9927, 9928, 9929]	[-1, 0, 1, 2, 3]	5	16.314857482910156	11.523824691772461
BGC0002166	NRP	NRP	False	False	"[""BGC0002166_-1"", ""BGC0002166_0"", ""BGC0002166_1"", ""BGC0002166_2"", ""BGC0002166_3""]"	[9931, 9930, 9932, 9933, 9934]	[-1, 0, 1, 2, 3]	5	11.175067901611328	-0.27289804816246033
BGC0002167	NRP	NRP	False	False	"[""BGC0002167_-1"", ""BGC0002167_0"", ""BGC0002167_1"", ""BGC0002167_2"", ""BGC0002167_3""]"	[9936, 9935, 9937, 9938, 9939]	[-1, 0, 1, 2, 3]	5	12.179288864135742	-0.47915172576904297
BGC0002168	Polyketide	Polyketide	False	False	"[""BGC0002168_-1"", ""BGC0002168_0"", ""BGC0002168_1"", ""BGC0002168_2"", ""BGC0002168_3""]"	[9941, 9940, 9942, 9943, 9944]	[-1, 0, 1, 2, 3]	5	16.307060241699219	11.789143562316895
BGC0002169	Polyketide NRP	Hybrid	False	False	"[""BGC0002169_-1"", ""BGC0002169_0"", ""BGC0002169_1"", ""BGC0002169_2"", ""BGC0002169_3""]"	[9946, 9945, 9947, 9948, 9949]	[-1, 0, 1, 2, 3]	5	16.373958587646484	8.9274530410766602
BGC0002170	Polyketide	Polyketide	False	False	"[""BGC0002170_-1"", ""BGC0002170_0"", ""BGC0002170_1"", ""BGC0002170_2"", ""BGC0002170_3""]"	[9951, 9950, 9952, 9953, 9954]	[-1, 0, 1, 2, 3]	5	16.220779418945312	11.909956932067871
BGC0002171	NRP Polyketide	Hybrid	False	False	"[""BGC0002171_-1"", ""BGC0002171_0"", ""BGC0002171_1"", ""BGC0002171_2"", ""BGC0002171_3""]"	[9956, 9955, 9957, 9958, 9959]	[-1, 0, 1, 2, 3]	5	16.805997848510742	8.3513870239257812
BGC0002172	NRP	NRP	False	False	"[""BGC0002172_-1"", ""BGC0002172_0"", ""BGC0002172_1"", ""BGC0002172_2"", ""BGC0002172_3""]"	[9961, 9960, 9962, 9963, 9964]	[-1, 0, 1, 2, 3]	5	10.799028396606445	0.13102346658706665
BGC0002173	Terpene Saccharide	Hybrid	True	False	"[""BGC0002173_-1"", ""BGC0002173_0"", ""BGC0002173_1"", ""BGC0002173_2"", ""BGC0002173_3""]"	[9966, 9965, 9967, 9968, 9969]	[-1, 0, 1, 2, 3]	5	2.765070915222168	8.0253419876098633
BGC0002174	NRP	NRP	False	False	"[""BGC0002174_-1"", ""BGC0002174_0"", ""BGC0002174_1"", ""BGC0002174_2"", ""BGC0002174_3""]"	[9971, 9970, 9972, 9973, 9974]	[-1, 0, 1, 2, 3]	5	14.311966896057129	-1.2056312561035156
BGC0002175	Polyketide	Polyketide	False	False	"[""BGC0002175_-1"", ""BGC0002175_0"", ""BGC0002175_1"", ""BGC0002175_2"", ""BGC0002175_3""]"	[9976, 9975, 9977, 9978, 9979]	[-1, 0, 1, 2, 3]	5	14.578194618225098	13.677361488342285
BGC0002176	Terpene	Terpene	False	False	"[""BGC0002176_-1"", ""BGC0002176_0"", ""BGC0002176_1"", ""BGC0002176_2"", ""BGC0002176_3""]"	[9981, 9980, 9982, 9983, 9984]	[-1, 0, 1, 2, 3]	5	3.6416635513305664	7.3823742866516113
BGC0002177	Polyketide	Polyketide	False	False	"[""BGC0002177_-1"", ""BGC0002177_0"", ""BGC0002177_1"", ""BGC0002177_2"", ""BGC0002177_3""]"	[9986, 9985, 9987, 9988, 9989]	[-1, 0, 1, 2, 3]	5	14.893050193786621	14.660786628723145
BGC0002178	NRP	NRP	False	False	"[""BGC0002178_-1"", ""BGC0002178_0"", ""BGC0002178_1"", ""BGC0002178_2"", ""BGC0002178_3""]"	[9991, 9990, 9992, 9993, 9994]	[-1, 0, 1, 2, 3]	5	11.086239814758301	0.062153048813343048
BGC0002180	Polyketide	Polyketide	False	False	"[""BGC0002180_-1"", ""BGC0002180_0"", ""BGC0002180_1"", ""BGC0002180_2"", ""BGC0002180_3""]"	[9996, 9995, 9997, 9998, 9999]	[-1, 0, 1, 2, 3]	5	16.335515975952148	11.849923133850098
BGC0002181	Terpene	Terpene	False	False	"[""BGC0002181_-1"", ""BGC0002181_0"", ""BGC0002181_1"", ""BGC0002181_2"", ""BGC0002181_3""]"	[10001, 10000, 10002, 10003, 10004]	[-1, 0, 1, 2, 3]	5	2.7892978191375732	8.0922870635986328
BGC0002185	Polyketide	Polyketide	False	False	"[""BGC0002185_-1"", ""BGC0002185_0"", ""BGC0002185_1"", ""BGC0002185_2"", ""BGC0002185_3""]"	[10006, 10005, 10007, 10008, 10009]	[-1, 0, 1, 2, 3]	5	15.971602439880371	10.720821380615234
BGC0002186	NRP Polyketide	Hybrid	False	False	"[""BGC0002186_-1"", ""BGC0002186_0"", ""BGC0002186_1"", ""BGC0002186_2"", ""BGC0002186_3""]"	[10011, 10010, 10012, 10013, 10014]	[-1, 0, 1, 2, 3]	5	15.84461498260498	9.4720945358276367
BGC0002187	Polyketide	Polyketide	False	False	"[""BGC0002187_-1"", ""BGC0002187_0"", ""BGC0002187_1"", ""BGC0002187_2"", ""BGC0002187_3""]"	[10016, 10015, 10017, 10018, 10019]	[-1, 0, 1, 2, 3]	5	15.050346374511719	14.976078033447266
BGC0002188	NRP Polyketide	Hybrid	False	False	"[""BGC0002188_-1"", ""BGC0002188_0"", ""BGC0002188_1"", ""BGC0002188_2"", ""BGC0002188_3""]"	[10021, 10020, 10022, 10023, 10024]	[-1, 0, 1, 2, 3]	5	16.362531661987305	8.6523818969726562
BGC0002190	Polyketide	Polyketide	False	False	"[""BGC0002190_-1"", ""BGC0002190_0"", ""BGC0002190_1"", ""BGC0002190_2"", ""BGC0002190_3""]"	[10026, 10025, 10027, 10028, 10029]	[-1, 0, 1, 2, 3]	5	13.651187896728516	14.436053276062012
BGC0002191	Polyketide	Polyketide	False	False	"[""BGC0002191_-1"", ""BGC0002191_0"", ""BGC0002191_1"", ""BGC0002191_2"", ""BGC0002191_3""]"	[10031, 10030, 10032, 10033, 10034]	[-1, 0, 1, 2, 3]	5	14.019865036010742	11.254889488220215
BGC0002192	Polyketide	Polyketide	False	False	"[""BGC0002192_-1"", ""BGC0002192_0"", ""BGC0002192_1"", ""BGC0002192_2"", ""BGC0002192_3""]"	[10036, 10035, 10037, 10038, 10039]	[-1, 0, 1, 2, 3]	5	15.560996055603027	11.130240440368652
BGC0002193	Other	Other	False	False	"[""BGC0002193_-1"", ""BGC0002193_0"", ""BGC0002193_1"", ""BGC0002193_2"", ""BGC0002193_3""]"	[10041, 10040, 10042, 10043, 10044]	[-1, 0, 1, 2, 3]	5	3.7148482799530029	1.2715202569961548
BGC0002194	Polyketide	Polyketide	False	False	"[""BGC0002194_-1"", ""BGC0002194_0"", ""BGC0002194_1"", ""BGC0002194_2"", ""BGC0002194_3""]"	[10046, 10045, 10047, 10048, 10049]	[-1, 0, 1, 2, 3]	5	16.046232223510742	11.066444396972656
BGC0002195	Other	Other	False	False	"[""BGC0002195_-1"", ""BGC0002195_0"", ""BGC0002195_1"", ""BGC0002195_2"", ""BGC0002195_3""]"	[10051, 10050, 10052, 10053, 10054]	[-1, 0, 1, 2, 3]	5	2.5334634780883789	2.0882556438446045
BGC0002196	Polyketide	Polyketide	False	False	"[""BGC0002196_-1"", ""BGC0002196_0"", ""BGC0002196_1"", ""BGC0002196_2"", ""BGC0002196_3""]"	[10056, 10055, 10057, 10058, 10059]	[-1, 0, 1, 2, 3]	5	15.350522994995117	12.293047904968262
BGC0002197	Polyketide NRP	Hybrid	False	False	"[""BGC0002197_-1"", ""BGC0002197_0"", ""BGC0002197_1"", ""BGC0002197_2"", ""BGC0002197_3""]"	[10061, 10060, 10062, 10063, 10064]	[-1, 0, 1, 2, 3]	5	16.127809524536133	10.891291618347168
BGC0002198	NRP	NRP	False	False	"[""BGC0002198_-1"", ""BGC0002198_0"", ""BGC0002198_1"", ""BGC0002198_2"", ""BGC0002198_3""]"	[10066, 10065, 10067, 10068, 10069]	[-1, 0, 1, 2, 3]	5	10.524716377258301	0.097484871745109558
BGC0002199	Alkaloid	Alkaloid	False	False	"[""BGC0002199_-1"", ""BGC0002199_0"", ""BGC0002199_1"", ""BGC0002199_2"", ""BGC0002199_3""]"	[10071, 10070, 10072, 10073, 10074]	[-1, 0, 1, 2, 3]	5	10.814404487609863	0.11130404472351074
BGC0002203	NRP Polyketide Other	Hybrid	False	False	"[""BGC0002203_-1"", ""BGC0002203_0"", ""BGC0002203_1"", ""BGC0002203_2"", ""BGC0002203_3""]"	[10076, 10075, 10077, 10078, 10079]	[-1, 0, 1, 2, 3]	5	16.533321380615234	8.0160961151123047
BGC0002204	Polyketide NRP	Hybrid	False	False	"[""BGC0002204_-1"", ""BGC0002204_0"", ""BGC0002204_1"", ""BGC0002204_2"", ""BGC0002204_3""]"	[10081, 10080, 10082, 10083, 10084]	[-1, 0, 1, 2, 3]	5	16.104375839233398	9.3741121292114258
BGC0002205	Polyketide NRP	Hybrid	False	False	"[""BGC0002205_-1"", ""BGC0002205_0"", ""BGC0002205_1"", ""BGC0002205_2"", ""BGC0002205_3""]"	[10086, 10085, 10087, 10088, 10089]	[-1, 0, 1, 2, 3]	5	16.106639862060547	10.062682151794434
BGC0002206	Polyketide	Polyketide	False	False	"[""BGC0002206_-1"", ""BGC0002206_0"", ""BGC0002206_1"", ""BGC0002206_2"", ""BGC0002206_3""]"	[10091, 10090, 10092, 10093, 10094]	[-1, 0, 1, 2, 3]	5	14.738208770751953	14.882195472717285
BGC0002207	Other	Other	False	False	"[""BGC0002207_-1"", ""BGC0002207_0"", ""BGC0002207_1"", ""BGC0002207_2"", ""BGC0002207_3""]"	[10096, 10095, 10097, 10098, 10099]	[-1, 0, 1, 2, 3]	5	3.1119046211242676	2.7738409042358398
BGC0002208	NRP	NRP	False	False	"[""BGC0002208_-1"", ""BGC0002208_0"", ""BGC0002208_1"", ""BGC0002208_2"", ""BGC0002208_3""]"	[10101, 10100, 10102, 10103, 10104]	[-1, 0, 1, 2, 3]	5	11.002744674682617	0.089141160249710083
BGC0002209	Polyketide	Polyketide	False	False	"[""BGC0002209_-1"", ""BGC0002209_0"", ""BGC0002209_1"", ""BGC0002209_2"", ""BGC0002209_3""]"	[10106, 10105, 10107, 10108, 10109]	[-1, 0, 1, 2, 3]	5	15.845255851745605	11.802769660949707
BGC0002210	Polyketide NRP	Hybrid	False	False	"[""BGC0002210_-1"", ""BGC0002210_0"", ""BGC0002210_1"", ""BGC0002210_2"", ""BGC0002210_3""]"	[10111, 10110, 10112, 10113, 10114]	[-1, 0, 1, 2, 3]	5	16.165510177612305	11.051431655883789
BGC0002211	Polyketide	Polyketide	False	False	"[""BGC0002211_-1"", ""BGC0002211_0"", ""BGC0002211_1"", ""BGC0002211_2"", ""BGC0002211_3""]"	[10116, 10115, 10117, 10118, 10119]	[-1, 0, 1, 2, 3]	5	16.280557632446289	11.869736671447754
BGC0002212	Polyketide	Polyketide	False	False	"[""BGC0002212_-1"", ""BGC0002212_0"", ""BGC0002212_1"", ""BGC0002212_2"", ""BGC0002212_3""]"	[10121, 10120, 10122, 10123, 10124]	[-1, 0, 1, 2, 3]	5	14.574114799499512	12.30983829498291
BGC0002213	Polyketide	Polyketide	False	False	"[""BGC0002213_-1"", ""BGC0002213_0"", ""BGC0002213_1"", ""BGC0002213_2"", ""BGC0002213_3""]"	[10126, 10125, 10127, 10128, 10129]	[-1, 0, 1, 2, 3]	5	16.264179229736328	11.92060661315918
BGC0002214	Polyketide	Polyketide	False	False	"[""BGC0002214_-1"", ""BGC0002214_0"", ""BGC0002214_1"", ""BGC0002214_2"", ""BGC0002214_3""]"	[10131, 10130, 10132, 10133, 10134]	[-1, 0, 1, 2, 3]	5	16.335062026977539	11.772573471069336
BGC0002215	Polyketide	Polyketide	False	False	"[""BGC0002215_-1"", ""BGC0002215_0"", ""BGC0002215_1"", ""BGC0002215_2"", ""BGC0002215_3""]"	[10136, 10135, 10137, 10138, 10139]	[-1, 0, 1, 2, 3]	5	15.09194278717041	14.485401153564453
BGC0002216	Terpene	Terpene	False	False	"[""BGC0002216_-1"", ""BGC0002216_0"", ""BGC0002216_1"", ""BGC0002216_2"", ""BGC0002216_3""]"	[10141, 10140, 10142, 10143, 10144]	[-1, 0, 1, 2, 3]	5	3.9046688079833984	7.6707353591918945
BGC0002217	Terpene	Terpene	False	False	"[""BGC0002217_-1"", ""BGC0002217_0"", ""BGC0002217_1"", ""BGC0002217_2"", ""BGC0002217_3""]"	[10146, 10145, 10147, 10148, 10149]	[-1, 0, 1, 2, 3]	5	3.1105539798736572	8.3499393463134766
BGC0002218	Terpene	Terpene	False	False	"[""BGC0002218_-1"", ""BGC0002218_0"", ""BGC0002218_1"", ""BGC0002218_2"", ""BGC0002218_3""]"	[10151, 10150, 10152, 10153, 10154]	[-1, 0, 1, 2, 3]	5	3.5607831478118896	8.0597600936889648
BGC0002219	Terpene	Terpene	False	False	"[""BGC0002219_-1"", ""BGC0002219_0"", ""BGC0002219_1"", ""BGC0002219_2"", ""BGC0002219_3""]"	[10156, 10155, 10157, 10158, 10159]	[-1, 0, 1, 2, 3]	5	3.2575180530548096	8.0678014755249023
BGC0002220	Terpene	Terpene	False	False	"[""BGC0002220_-1"", ""BGC0002220_0"", ""BGC0002220_1"", ""BGC0002220_2"", ""BGC0002220_3""]"	[10161, 10160, 10162, 10163, 10164]	[-1, 0, 1, 2, 3]	5	2.9232385158538818	8.3710756301879883
BGC0002221	Terpene	Terpene	False	False	"[""BGC0002221_-1"", ""BGC0002221_0"", ""BGC0002221_1"", ""BGC0002221_2"", ""BGC0002221_3""]"	[10166, 10165, 10167, 10168, 10169]	[-1, 0, 1, 2, 3]	5	2.9206211566925049	8.3582382202148438
BGC0002222	Polyketide	Polyketide	False	False	"[""BGC0002222_-1"", ""BGC0002222_0"", ""BGC0002222_1"", ""BGC0002222_2"", ""BGC0002222_3""]"	[10171, 10170, 10172, 10173, 10174]	[-1, 0, 1, 2, 3]	5	13.516823768615723	14.516246795654297
BGC0002223	Polyketide	Polyketide	False	False	"[""BGC0002223_-1"", ""BGC0002223_0"", ""BGC0002223_1"", ""BGC0002223_2"", ""BGC0002223_3""]"	[10176, 10175, 10177, 10178, 10179]	[-1, 0, 1, 2, 3]	5	14.54018497467041	14.171063423156738
BGC0002224	Polyketide	Polyketide	False	False	"[""BGC0002224_-1"", ""BGC0002224_0"", ""BGC0002224_1"", ""BGC0002224_2"", ""BGC0002224_3""]"	[10181, 10180, 10182, 10183, 10184]	[-1, 0, 1, 2, 3]	5	14.353081703186035	12.936465263366699
BGC0002225	Terpene	Terpene	False	False	"[""BGC0002225_-1"", ""BGC0002225_0"", ""BGC0002225_1"", ""BGC0002225_2"", ""BGC0002225_3""]"	[10186, 10185, 10187, 10188, 10189]	[-1, 0, 1, 2, 3]	5	10.612682342529297	0.32132765650749207
BGC0002226	NRP	NRP	False	False	"[""BGC0002226_-1"", ""BGC0002226_0"", ""BGC0002226_1"", ""BGC0002226_2"", ""BGC0002226_3""]"	[10191, 10190, 10192, 10193, 10194]	[-1, 0, 1, 2, 3]	5	11.655055046081543	-1.0824857950210571
BGC0002227	NRP	NRP	False	False	"[""BGC0002227_-1"", ""BGC0002227_0"", ""BGC0002227_1"", ""BGC0002227_2"", ""BGC0002227_3""]"	[10196, 10195, 10197, 10198, 10199]	[-1, 0, 1, 2, 3]	5	15.567359924316406	9.8072957992553711
BGC0002228	NRP	NRP	False	False	"[""BGC0002228_-1"", ""BGC0002228_0"", ""BGC0002228_1"", ""BGC0002228_2"", ""BGC0002228_3""]"	[10201, 10200, 10202, 10203, 10204]	[-1, 0, 1, 2, 3]	5	16.329540252685547	11.471477508544922
BGC0002229	Polyketide	Polyketide	False	False	"[""BGC0002229_-1"", ""BGC0002229_0"", ""BGC0002229_1"", ""BGC0002229_2"", ""BGC0002229_3""]"	[10206, 10205, 10207, 10208, 10209]	[-1, 0, 1, 2, 3]	5	15.4815673828125	12.242840766906738
BGC0002230	Polyketide NRP	Hybrid	False	False	"[""BGC0002230_-1"", ""BGC0002230_0"", ""BGC0002230_1"", ""BGC0002230_2"", ""BGC0002230_3""]"	[10211, 10210, 10212, 10213, 10214]	[-1, 0, 1, 2, 3]	5	16.133731842041016	9.2382745742797852
BGC0002232	Alkaloid	Alkaloid	False	False	"[""BGC0002232_-1"", ""BGC0002232_0"", ""BGC0002232_1"", ""BGC0002232_2"", ""BGC0002232_3""]"	[10216, 10215, 10217, 10218, 10219]	[-1, 0, 1, 2, 3]	5	10.545952796936035	0.28668969869613647
BGC0002233	Polyketide	Polyketide	False	False	"[""BGC0002233_-1"", ""BGC0002233_0"", ""BGC0002233_1"", ""BGC0002233_2"", ""BGC0002233_3""]"	[10221, 10220, 10222, 10223, 10224]	[-1, 0, 1, 2, 3]	5	16.275331497192383	11.776340484619141
BGC0002234	Polyketide	Polyketide	False	False	"[""BGC0002234_-1"", ""BGC0002234_0"", ""BGC0002234_1"", ""BGC0002234_2"", ""BGC0002234_3""]"	[10226, 10225, 10227, 10228, 10229]	[-1, 0, 1, 2, 3]	5	16.355409622192383	11.758864402770996
BGC0002235	Polyketide NRP	Hybrid	False	False	"[""BGC0002235_-1"", ""BGC0002235_0"", ""BGC0002235_1"", ""BGC0002235_2"", ""BGC0002235_3""]"	[10231, 10230, 10232, 10233, 10234]	[-1, 0, 1, 2, 3]	5	16.129913330078125	10.957015991210938
BGC0002236	Polyketide	Polyketide	False	False	"[""BGC0002236_-1"", ""BGC0002236_0"", ""BGC0002236_1"", ""BGC0002236_2"", ""BGC0002236_3""]"	[10236, 10235, 10237, 10238, 10239]	[-1, 0, 1, 2, 3]	5	14.723943710327148	12.677624702453613
BGC0002237	Polyketide	Polyketide	False	False	"[""BGC0002237_-1"", ""BGC0002237_0"", ""BGC0002237_1"", ""BGC0002237_2"", ""BGC0002237_3""]"	[10241, 10240, 10242, 10243, 10244]	[-1, 0, 1, 2, 3]	5	14.93397045135498	11.702625274658203
BGC0002238	Polyketide	Polyketide	False	False	"[""BGC0002238_-1"", ""BGC0002238_0"", ""BGC0002238_1"", ""BGC0002238_2"", ""BGC0002238_3""]"	[10246, 10245, 10247, 10248, 10249]	[-1, 0, 1, 2, 3]	5	15.518548965454102	12.078746795654297
BGC0002239	Polyketide NRP	Hybrid	False	False	"[""BGC0002239_-1"", ""BGC0002239_0"", ""BGC0002239_1"", ""BGC0002239_2"", ""BGC0002239_3""]"	[10251, 10250, 10252, 10253, 10254]	[-1, 0, 1, 2, 3]	5	15.740030288696289	9.9673633575439453
BGC0002240	Polyketide	Polyketide	False	False	"[""BGC0002240_-1"", ""BGC0002240_0"", ""BGC0002240_1"", ""BGC0002240_2"", ""BGC0002240_3""]"	[10256, 10255, 10257, 10258, 10259]	[-1, 0, 1, 2, 3]	5	15.553138732910156	10.167573928833008
BGC0002242	NRP	NRP	False	False	"[""BGC0002242_-1"", ""BGC0002242_0"", ""BGC0002242_1"", ""BGC0002242_2"", ""BGC0002242_3""]"	[10261, 10260, 10262, 10263, 10264]	[-1, 0, 1, 2, 3]	5	10.943014144897461	0.12487471848726273
BGC0002244	Polyketide	Polyketide	False	False	"[""BGC0002244_-1"", ""BGC0002244_0"", ""BGC0002244_1"", ""BGC0002244_2"", ""BGC0002244_3""]"	[10266, 10265, 10267, 10268, 10269]	[-1, 0, 1, 2, 3]	5	15.0810546875	15.117757797241211
BGC0002245	Terpene	Terpene	False	False	"[""BGC0002245_-1"", ""BGC0002245_0"", ""BGC0002245_1"", ""BGC0002245_2"", ""BGC0002245_3""]"	[10271, 10270, 10272, 10273, 10274]	[-1, 0, 1, 2, 3]	5	2.9775598049163818	8.3700075149536133
BGC0002246	Terpene	Terpene	False	False	"[""BGC0002246_-1"", ""BGC0002246_0"", ""BGC0002246_1"", ""BGC0002246_2"", ""BGC0002246_3""]"	[10276, 10275, 10277, 10278, 10279]	[-1, 0, 1, 2, 3]	5	3.2709245681762695	8.3400192260742188
BGC0002248	Terpene NRP	Hybrid	False	False	"[""BGC0002248_-1"", ""BGC0002248_0"", ""BGC0002248_1"", ""BGC0002248_2"", ""BGC0002248_3""]"	[10281, 10280, 10282, 10283, 10284]	[-1, 0, 1, 2, 3]	5	10.650435447692871	0.29325303435325623
BGC0002249	Polyketide	Polyketide	False	False	"[""BGC0002249_-1"", ""BGC0002249_0"", ""BGC0002249_1"", ""BGC0002249_2"", ""BGC0002249_3""]"	[10286, 10285, 10287, 10288, 10289]	[-1, 0, 1, 2, 3]	5	2.2305121421813965	0.77209848165512085
BGC0002250	Polyketide NRP	Hybrid	False	False	"[""BGC0002250_-1"", ""BGC0002250_0"", ""BGC0002250_1"", ""BGC0002250_2"", ""BGC0002250_3""]"	[10291, 10290, 10292, 10293, 10294]	[-1, 0, 1, 2, 3]	5	16.192174911499023	9.2105216979980469
BGC0002253	Polyketide	Polyketide	False	False	"[""BGC0002253_-1"", ""BGC0002253_0"", ""BGC0002253_1"", ""BGC0002253_2"", ""BGC0002253_3""]"	[10296, 10295, 10297, 10298, 10299]	[-1, 0, 1, 2, 3]	5	14.876107215881348	12.738527297973633
BGC0002254	Polyketide	Polyketide	False	False	"[""BGC0002254_-1"", ""BGC0002254_0"", ""BGC0002254_1"", ""BGC0002254_2"", ""BGC0002254_3""]"	[10301, 10300, 10302, 10303, 10304]	[-1, 0, 1, 2, 3]	5	16.362466812133789	11.575818061828613
BGC0002255	Polyketide	Polyketide	False	False	"[""BGC0002255_-1"", ""BGC0002255_0"", ""BGC0002255_1"", ""BGC0002255_2"", ""BGC0002255_3""]"	[10306, 10305, 10307, 10308, 10309]	[-1, 0, 1, 2, 3]	5	15.257312774658203	11.815866470336914
BGC0002256	NRP Other	Hybrid	False	False	"[""BGC0002256_-1"", ""BGC0002256_0"", ""BGC0002256_1"", ""BGC0002256_2"", ""BGC0002256_3""]"	[10311, 10310, 10312, 10313, 10314]	[-1, 0, 1, 2, 3]	5	10.657839775085449	0.20801030099391937
BGC0002257	Polyketide	Polyketide	False	False	"[""BGC0002257_-1"", ""BGC0002257_0"", ""BGC0002257_1"", ""BGC0002257_2"", ""BGC0002257_3""]"	[10316, 10315, 10317, 10318, 10319]	[-1, 0, 1, 2, 3]	5	14.734766960144043	14.078279495239258
BGC0002258	Polyketide	Polyketide	False	False	"[""BGC0002258_-1"", ""BGC0002258_0"", ""BGC0002258_1"", ""BGC0002258_2"", ""BGC0002258_3""]"	[10321, 10320, 10322, 10323, 10324]	[-1, 0, 1, 2, 3]	5	14.943812370300293	11.67054557800293
BGC0002259	Polyketide NRP	Hybrid	False	False	"[""BGC0002259_-1"", ""BGC0002259_0"", ""BGC0002259_1"", ""BGC0002259_2"", ""BGC0002259_3""]"	[10326, 10325, 10327, 10328, 10329]	[-1, 0, 1, 2, 3]	5	17.128793716430664	7.129188060760498
BGC0002260	Terpene	Terpene	False	False	"[""BGC0002260_-1"", ""BGC0002260_0"", ""BGC0002260_1"", ""BGC0002260_2"", ""BGC0002260_3""]"	[10331, 10330, 10332, 10333, 10334]	[-1, 0, 1, 2, 3]	5	3.5019335746765137	7.9968523979187012
BGC0002261	Polyketide	Polyketide	False	False	"[""BGC0002261_-1"", ""BGC0002261_0"", ""BGC0002261_1"", ""BGC0002261_2"", ""BGC0002261_3""]"	[10336, 10335, 10337, 10338, 10339]	[-1, 0, 1, 2, 3]	5	15.185879707336426	12.51032829284668
BGC0002262	Polyketide	Polyketide	False	False	"[""BGC0002262_-1"", ""BGC0002262_0"", ""BGC0002262_1"", ""BGC0002262_2"", ""BGC0002262_3""]"	[10341, 10340, 10342, 10343, 10344]	[-1, 0, 1, 2, 3]	5	13.342713356018066	11.603680610656738
BGC0002264	NRP	NRP	False	False	"[""BGC0002264_-1"", ""BGC0002264_0"", ""BGC0002264_1"", ""BGC0002264_2"", ""BGC0002264_3""]"	[10346, 10345, 10347, 10348, 10349]	[-1, 0, 1, 2, 3]	5	10.526031494140625	0.29782742261886597
BGC0002266	Terpene Polyketide	Hybrid	False	False	"[""BGC0002266_-1"", ""BGC0002266_0"", ""BGC0002266_1"", ""BGC0002266_2"", ""BGC0002266_3""]"	[10351, 10350, 10352, 10353, 10354]	[-1, 0, 1, 2, 3]	5	16.295623779296875	11.877870559692383
BGC0002267	Polyketide	Polyketide	False	False	"[""BGC0002267_-1"", ""BGC0002267_0"", ""BGC0002267_1"", ""BGC0002267_2"", ""BGC0002267_3""]"	[10356, 10355, 10357, 10358, 10359]	[-1, 0, 1, 2, 3]	5	14.349282264709473	12.973260879516602
BGC0002268	Polyketide NRP	Hybrid	False	False	"[""BGC0002268_-1"", ""BGC0002268_0"", ""BGC0002268_1"", ""BGC0002268_2"", ""BGC0002268_3""]"	[10361, 10360, 10362, 10363, 10364]	[-1, 0, 1, 2, 3]	5	16.116886138916016	9.3959531784057617
BGC0002270	NRP Polyketide	Hybrid	False	False	"[""BGC0002270_-1"", ""BGC0002270_0"", ""BGC0002270_1"", ""BGC0002270_2"", ""BGC0002270_3""]"	[10366, 10365, 10367, 10368, 10369]	[-1, 0, 1, 2, 3]	5	16.748483657836914	8.1949310302734375
BGC0002271	NRP	NRP	False	False	"[""BGC0002271_-1"", ""BGC0002271_0"", ""BGC0002271_1"", ""BGC0002271_2"", ""BGC0002271_3""]"	[10371, 10370, 10372, 10373, 10374]	[-1, 0, 1, 2, 3]	5	10.671777725219727	-0.92291754484176636
BGC0002272	NRP	NRP	False	False	"[""BGC0002272_-1"", ""BGC0002272_0"", ""BGC0002272_1"", ""BGC0002272_2"", ""BGC0002272_3""]"	[10376, 10375, 10377, 10378, 10379]	[-1, 0, 1, 2, 3]	5	11.452817916870117	-0.30821201205253601
BGC0002273	NRP	NRP	False	False	"[""BGC0002273_-1"", ""BGC0002273_0"", ""BGC0002273_1"", ""BGC0002273_2"", ""BGC0002273_3""]"	[10381, 10380, 10382, 10383, 10384]	[-1, 0, 1, 2, 3]	5	10.835103988647461	0.19323796033859253
BGC0002274	NRP	NRP	False	False	"[""BGC0002274_-1"", ""BGC0002274_0"", ""BGC0002274_1"", ""BGC0002274_2"", ""BGC0002274_3""]"	[10386, 10385, 10387, 10388, 10389]	[-1, 0, 1, 2, 3]	5	10.824360847473145	-0.76018595695495605
BGC0002275	NRP Polyketide	Hybrid	False	False	"[""BGC0002275_-1"", ""BGC0002275_0"", ""BGC0002275_1"", ""BGC0002275_2"", ""BGC0002275_3""]"	[10391, 10390, 10392, 10393, 10394]	[-1, 0, 1, 2, 3]	5	16.529453277587891	8.6127357482910156
BGC0002276	NRP	NRP	False	False	"[""BGC0002276_-1"", ""BGC0002276_0"", ""BGC0002276_1"", ""BGC0002276_2"", ""BGC0002276_3""]"	[10396, 10395, 10397, 10398, 10399]	[-1, 0, 1, 2, 3]	5	12.159907341003418	-0.65387415885925293
BGC0002277	NRP	NRP	False	False	"[""BGC0002277_-1"", ""BGC0002277_0"", ""BGC0002277_1"", ""BGC0002277_2"", ""BGC0002277_3""]"	[10401, 10400, 10402, 10403, 10404]	[-1, 0, 1, 2, 3]	5	11.933106422424316	-0.64833402633666992
BGC0002278	Alkaloid NRP	Hybrid	False	False	"[""BGC0002278_-1"", ""BGC0002278_0"", ""BGC0002278_1"", ""BGC0002278_2"", ""BGC0002278_3""]"	[10406, 10405, 10407, 10408, 10409]	[-1, 0, 1, 2, 3]	5	10.533001899719238	0.28007408976554871
BGC0002282	Other	Other	False	False	"[""BGC0002282_-1"", ""BGC0002282_0"", ""BGC0002282_1"", ""BGC0002282_2"", ""BGC0002282_3""]"	[10411, 10410, 10412, 10413, 10414]	[-1, 0, 1, 2, 3]	5	3.1650362014770508	1.1911337375640869
BGC0002283	Terpene	Terpene	False	False	"[""BGC0002283_-1"", ""BGC0002283_0"", ""BGC0002283_1"", ""BGC0002283_2"", ""BGC0002283_3""]"	[10416, 10415, 10417, 10418, 10419]	[-1, 0, 1, 2, 3]	5	3.2085888385772705	2.7803702354431152
BGC0002284	Other	Other	False	False	"[""BGC0002284_-1"", ""BGC0002284_0"", ""BGC0002284_1"", ""BGC0002284_2"", ""BGC0002284_3""]"	[10421, 10420, 10422, 10423, 10424]	[-1, 0, 1, 2, 3]	5	2.3996784687042236	2.545644998550415
BGC0002285	RiPP	RiPP	False	False	"[""BGC0002285_-1"", ""BGC0002285_0"", ""BGC0002285_1"", ""BGC0002285_2"", ""BGC0002285_3""]"	[10426, 10425, 10427, 10428, 10429]	[-1, 0, 1, 2, 3]	5	-4.756568431854248	8.4567441940307617
BGC0002286	NRP	NRP	False	False	"[""BGC0002286_-1"", ""BGC0002286_0"", ""BGC0002286_1"", ""BGC0002286_2"", ""BGC0002286_3""]"	[10431, 10430, 10432, 10433, 10434]	[-1, 0, 1, 2, 3]	5	13.132864952087402	-0.6317521333694458
BGC0002287	NRP	NRP	False	False	"[""BGC0002287_-1"", ""BGC0002287_0"", ""BGC0002287_1"", ""BGC0002287_2"", ""BGC0002287_3""]"	[10436, 10435, 10437, 10438, 10439]	[-1, 0, 1, 2, 3]	5	16.466695785522461	6.553246021270752
BGC0002288	NRP	NRP	False	False	"[""BGC0002288_-1"", ""BGC0002288_0"", ""BGC0002288_1"", ""BGC0002288_2"", ""BGC0002288_3""]"	[10441, 10440, 10442, 10443, 10444]	[-1, 0, 1, 2, 3]	5	11.717185974121094	-0.61740165948867798
BGC0002289	RiPP	RiPP	False	False	"[""BGC0002289_-1"", ""BGC0002289_0"", ""BGC0002289_1"", ""BGC0002289_2"", ""BGC0002289_3""]"	[10446, 10445, 10447, 10448, 10449]	[-1, 0, 1, 2, 3]	5	-4.2492780685424805	10.897751808166504
BGC0002290	Other	Other	False	False	"[""BGC0002290_-1"", ""BGC0002290_0"", ""BGC0002290_1"", ""BGC0002290_2"", ""BGC0002290_3""]"	[10451, 10450, 10452, 10453, 10454]	[-1, 0, 1, 2, 3]	5	3.2508127689361572	2.7871782779693604
BGC0002291	Polyketide	Polyketide	False	False	"[""BGC0002291_-1"", ""BGC0002291_0"", ""BGC0002291_1"", ""BGC0002291_2"", ""BGC0002291_3""]"	[10456, 10455, 10457, 10458, 10459]	[-1, 0, 1, 2, 3]	5	12.847320556640625	12.276705741882324
BGC0002293	NRP	NRP	False	False	"[""BGC0002293_-1"", ""BGC0002293_0"", ""BGC0002293_1"", ""BGC0002293_2"", ""BGC0002293_3""]"	[10461, 10460, 10462, 10463, 10464]	[-1, 0, 1, 2, 3]	5	12.551810264587402	-2.0344405174255371
BGC0002294	Other	Other	False	False	"[""BGC0002294_-1"", ""BGC0002294_0"", ""BGC0002294_1"", ""BGC0002294_2"", ""BGC0002294_3""]"	[10466, 10465, 10467, 10468, 10469]	[-1, 0, 1, 2, 3]	5	3.1018052101135254	2.0897526741027832
BGC0002295	NRP Saccharide	Hybrid	True	False	"[""BGC0002295_-1"", ""BGC0002295_0"", ""BGC0002295_1"", ""BGC0002295_2"", ""BGC0002295_3""]"	[10471, 10470, 10472, 10473, 10474]	[-1, 0, 1, 2, 3]	5	12.552315711975098	-2.1591570377349854
BGC0002296	NRP Polyketide	Hybrid	False	False	"[""BGC0002296_-1"", ""BGC0002296_0"", ""BGC0002296_1"", ""BGC0002296_2"", ""BGC0002296_3""]"	[10476, 10475, 10477, 10478, 10479]	[-1, 0, 1, 2, 3]	5	16.620695114135742	6.5905838012695312
BGC0002297	NRP Polyketide	Hybrid	False	False	"[""BGC0002297_-1"", ""BGC0002297_0"", ""BGC0002297_1"", ""BGC0002297_2"", ""BGC0002297_3""]"	[10481, 10480, 10482, 10483, 10484]	[-1, 0, 1, 2, 3]	5	16.702325820922852	6.4284629821777344
BGC0002298	RiPP	RiPP	False	False	"[""BGC0002298_-1"", ""BGC0002298_0"", ""BGC0002298_1"", ""BGC0002298_2"", ""BGC0002298_3""]"	[10486, 10485, 10487, 10488, 10489]	[-1, 0, 1, 2, 3]	5	-4.203885555267334	11.996250152587891
BGC0002300	NRP	NRP	False	False	"[""BGC0002300_-1"", ""BGC0002300_0"", ""BGC0002300_1"", ""BGC0002300_2"", ""BGC0002300_3""]"	[10491, 10490, 10492, 10493, 10494]	[-1, 0, 1, 2, 3]	5	13.551887512207031	-1.4991915225982666
BGC0002301	Polyketide	Polyketide	False	False	"[""BGC0002301_-1"", ""BGC0002301_0"", ""BGC0002301_1"", ""BGC0002301_2"", ""BGC0002301_3""]"	[10496, 10495, 10497, 10498, 10499]	[-1, 0, 1, 2, 3]	5	14.472793579101562	13.886599540710449
BGC0002302	Saccharide	Saccharide	True	True	"[""BGC0002302_-1"", ""BGC0002302_0"", ""BGC0002302_1"", ""BGC0002302_2"", ""BGC0002302_3""]"	[10501, 10500, 10502, 10503, 10504]	[-1, 0, 1, 2, 3]	5	0.63980501890182495	-0.96902137994766235
BGC0002303	RiPP	RiPP	False	False	"[""BGC0002303_-1"", ""BGC0002303_0"", ""BGC0002303_1"", ""BGC0002303_2"", ""BGC0002303_3""]"	[10506, 10505, 10507, 10508, 10509]	[-1, 0, 1, 2, 3]	5	-4.0495767593383789	10.854228019714355
BGC0002304	Polyketide NRP	Hybrid	False	False	"[""BGC0002304_-1"", ""BGC0002304_0"", ""BGC0002304_1"", ""BGC0002304_2"", ""BGC0002304_3""]"	[10511, 10510, 10512, 10513, 10514]	[-1, 0, 1, 2, 3]	5	16.122993469238281	10.781041145324707
BGC0002305	Other	Other	False	False	"[""BGC0002305_-1"", ""BGC0002305_0"", ""BGC0002305_1"", ""BGC0002305_2"", ""BGC0002305_3""]"	[10516, 10515, 10517, 10518, 10519]	[-1, 0, 1, 2, 3]	5	3.3800384998321533	1.4881743192672729
BGC0002306	RiPP	RiPP	False	False	"[""BGC0002306_-1"", ""BGC0002306_0"", ""BGC0002306_1"", ""BGC0002306_2"", ""BGC0002306_3""]"	[10521, 10520, 10522, 10523, 10524]	[-1, 0, 1, 2, 3]	5	-4.8561892509460449	10.435768127441406
BGC0002307	RiPP	RiPP	False	False	"[""BGC0002307_-1"", ""BGC0002307_0"", ""BGC0002307_1"", ""BGC0002307_2"", ""BGC0002307_3""]"	[10526, 10525, 10527, 10528, 10529]	[-1, 0, 1, 2, 3]	5	-4.1147642135620117	11.960912704467773
BGC0002308	Alkaloid Polyketide	Hybrid	False	False	"[""BGC0002308_-1"", ""BGC0002308_0"", ""BGC0002308_1"", ""BGC0002308_2"", ""BGC0002308_3""]"	[10531, 10530, 10532, 10533, 10534]	[-1, 0, 1, 2, 3]	5	14.738296508789062	10.826805114746094
BGC0002309	Terpene	Terpene	False	False	"[""BGC0002309_-1"", ""BGC0002309_0"", ""BGC0002309_1"", ""BGC0002309_2"", ""BGC0002309_3""]"	[10536, 10535, 10537, 10538, 10539]	[-1, 0, 1, 2, 3]	5	3.6165041923522949	7.9039201736450195
BGC0002311	RiPP	RiPP	False	False	"[""BGC0002311_-1"", ""BGC0002311_0"", ""BGC0002311_1"", ""BGC0002311_2"", ""BGC0002311_3""]"	[10541, 10540, 10542, 10543, 10544]	[-1, 0, 1, 2, 3]	5	-4.5278458595275879	7.8079142570495605
BGC0002312	RiPP	RiPP	False	False	"[""BGC0002312_-1"", ""BGC0002312_0"", ""BGC0002312_1"", ""BGC0002312_2"", ""BGC0002312_3""]"	[10546, 10545, 10547, 10548, 10549]	[-1, 0, 1, 2, 3]	5	-4.8267049789428711	10.397544860839844
BGC0002313	Other	Other	False	False	"[""BGC0002313_-1"", ""BGC0002313_0"", ""BGC0002313_1"", ""BGC0002313_2"", ""BGC0002313_3""]"	[10551, 10550, 10552, 10553, 10554]	[-1, 0, 1, 2, 3]	5	2.9969260692596436	2.0238127708435059
BGC0002314	NRP	NRP	False	False	"[""BGC0002314_-1"", ""BGC0002314_0"", ""BGC0002314_1"", ""BGC0002314_2"", ""BGC0002314_3""]"	[10556, 10555, 10557, 10558, 10559]	[-1, 0, 1, 2, 3]	5	12.82489013671875	-1.2384084463119507
BGC0002315	Polyketide	Polyketide	False	False	"[""BGC0002315_-1"", ""BGC0002315_0"", ""BGC0002315_1"", ""BGC0002315_2"", ""BGC0002315_3""]"	[10561, 10560, 10562, 10563, 10564]	[-1, 0, 1, 2, 3]	5	11.88602352142334	14.041966438293457
BGC0002316	RiPP	RiPP	False	False	"[""BGC0002316_-1"", ""BGC0002316_0"", ""BGC0002316_1"", ""BGC0002316_2"", ""BGC0002316_3""]"	[10566, 10565, 10567, 10568, 10569]	[-1, 0, 1, 2, 3]	5	-4.1214599609375	11.967472076416016
BGC0002317	RiPP	RiPP	False	False	"[""BGC0002317_-1"", ""BGC0002317_0"", ""BGC0002317_1"", ""BGC0002317_2"", ""BGC0002317_3""]"	[10571, 10570, 10572, 10573, 10574]	[-1, 0, 1, 2, 3]	5	-4.6763215065002441	8.3347949981689453
BGC0002318	RiPP	RiPP	False	False	"[""BGC0002318_-1"", ""BGC0002318_0"", ""BGC0002318_1"", ""BGC0002318_2"", ""BGC0002318_3""]"	[10576, 10575, 10577, 10578, 10579]	[-1, 0, 1, 2, 3]	5	-4.1864228248596191	11.927140235900879
BGC0002319	RiPP	RiPP	False	False	"[""BGC0002319_-1"", ""BGC0002319_0"", ""BGC0002319_1"", ""BGC0002319_2"", ""BGC0002319_3""]"	[10581, 10580, 10582, 10583, 10584]	[-1, 0, 1, 2, 3]	5	-4.6974091529846191	8.857945442199707
BGC0002320	Terpene	Terpene	False	False	"[""BGC0002320_-1"", ""BGC0002320_0"", ""BGC0002320_1"", ""BGC0002320_2"", ""BGC0002320_3""]"	[10586, 10585, 10587, 10588, 10589]	[-1, 0, 1, 2, 3]	5	2.9141933917999268	8.4269161224365234
BGC0002321	Other	Other	False	False	"[""BGC0002321_-1"", ""BGC0002321_0"", ""BGC0002321_1"", ""BGC0002321_2"", ""BGC0002321_3""]"	[10591, 10590, 10592, 10593, 10594]	[-1, 0, 1, 2, 3]	5	3.703571081161499	1.198110818862915
BGC0002322	Other	Other	False	False	"[""BGC0002322_-1"", ""BGC0002322_0"", ""BGC0002322_1"", ""BGC0002322_2"", ""BGC0002322_3""]"	[10596, 10595, 10597, 10598, 10599]	[-1, 0, 1, 2, 3]	5	-4.5270733833312988	7.8090009689331055
BGC0002323	RiPP	RiPP	False	False	"[""BGC0002323_-1"", ""BGC0002323_0"", ""BGC0002323_1"", ""BGC0002323_2"", ""BGC0002323_3""]"	[10601, 10600, 10602, 10603, 10604]	[-1, 0, 1, 2, 3]	5	-3.9987607002258301	11.513466835021973
BGC0002324	NRP Polyketide	Hybrid	False	False	"[""BGC0002324_-1"", ""BGC0002324_0"", ""BGC0002324_1"", ""BGC0002324_2"", ""BGC0002324_3""]"	[10606, 10605, 10607, 10608, 10609]	[-1, 0, 1, 2, 3]	5	14.33875560760498	-1.0573301315307617
BGC0002325	RiPP	RiPP	False	False	"[""BGC0002325_-1"", ""BGC0002325_0"", ""BGC0002325_1"", ""BGC0002325_2"", ""BGC0002325_3""]"	[10611, 10610, 10612, 10613, 10614]	[-1, 0, 1, 2, 3]	5	-4.6880888938903809	8.4974050521850586
BGC0002326	NRP	NRP	False	False	"[""BGC0002326_-1"", ""BGC0002326_0"", ""BGC0002326_1"", ""BGC0002326_2"", ""BGC0002326_3""]"	[10616, 10615, 10617, 10618, 10619]	[-1, 0, 1, 2, 3]	5	13.901691436767578	-0.89426904916763306
BGC0002327	NRP	NRP	False	False	"[""BGC0002327_-1"", ""BGC0002327_0"", ""BGC0002327_1"", ""BGC0002327_2"", ""BGC0002327_3""]"	[10621, 10620, 10622, 10623, 10624]	[-1, 0, 1, 2, 3]	5	14.439860343933105	-0.4395279586315155
BGC0002328	RiPP	RiPP	False	False	"[""BGC0002328_-1"", ""BGC0002328_0"", ""BGC0002328_1"", ""BGC0002328_2"", ""BGC0002328_3""]"	[10626, 10625, 10627, 10628, 10629]	[-1, 0, 1, 2, 3]	5	-4.8406953811645508	8.5146427154541016
BGC0002329	NRP	NRP	False	False	"[""BGC0002329_-1"", ""BGC0002329_0"", ""BGC0002329_1"", ""BGC0002329_2"", ""BGC0002329_3""]"	[10631, 10630, 10632, 10633, 10634]	[-1, 0, 1, 2, 3]	5	13.812692642211914	-1.539803147315979
BGC0002330	RiPP	RiPP	False	False	"[""BGC0002330_-1"", ""BGC0002330_0"", ""BGC0002330_1"", ""BGC0002330_2"", ""BGC0002330_3""]"	[10636, 10635, 10637, 10638, 10639]	[-1, 0, 1, 2, 3]	5	-4.6593360900878906	9.1945552825927734
BGC0002331	Other	Other	False	False	"[""BGC0002331_-1"", ""BGC0002331_0"", ""BGC0002331_1"", ""BGC0002331_2"", ""BGC0002331_3""]"	[10641, 10640, 10642, 10643, 10644]	[-1, 0, 1, 2, 3]	5	2.2846875190734863	2.3397982120513916
BGC0002332	Polyketide	Polyketide	False	False	"[""BGC0002332_-1"", ""BGC0002332_0"", ""BGC0002332_1"", ""BGC0002332_2"", ""BGC0002332_3""]"	[10646, 10645, 10647, 10648, 10649]	[-1, 0, 1, 2, 3]	5	13.646136283874512	13.969964981079102
BGC0002333	Polyketide	Polyketide	False	False	"[""BGC0002333_-1"", ""BGC0002333_0"", ""BGC0002333_1"", ""BGC0002333_2"", ""BGC0002333_3""]"	[10651, 10650, 10652, 10653, 10654]	[-1, 0, 1, 2, 3]	5	13.220352172851562	12.586487770080566
BGC0002334	Other RiPP	Hybrid	False	False	"[""BGC0002334_-1"", ""BGC0002334_0"", ""BGC0002334_1"", ""BGC0002334_2"", ""BGC0002334_3""]"	[10656, 10655, 10657, 10658, 10659]	[-1, 0, 1, 2, 3]	5	1.9071651697158813	2.583981990814209
BGC0002336	NRP	NRP	False	False	"[""BGC0002336_-1"", ""BGC0002336_0"", ""BGC0002336_1"", ""BGC0002336_2"", ""BGC0002336_3""]"	[10661, 10660, 10662, 10663, 10664]	[-1, 0, 1, 2, 3]	5	14.277325630187988	-0.44340959191322327
BGC0002337	RiPP	RiPP	False	False	"[""BGC0002337_-1"", ""BGC0002337_0"", ""BGC0002337_1"", ""BGC0002337_2"", ""BGC0002337_3""]"	[10666, 10665, 10667, 10668, 10669]	[-1, 0, 1, 2, 3]	5	-5.0212931632995605	9.0963382720947266
BGC0002338	Polyketide	Polyketide	False	False	"[""BGC0002338_-1"", ""BGC0002338_0"", ""BGC0002338_1"", ""BGC0002338_2"", ""BGC0002338_3""]"	[10671, 10670, 10672, 10673, 10674]	[-1, 0, 1, 2, 3]	5	15.62720775604248	11.063327789306641
BGC0002339	Terpene	Terpene	False	False	"[""BGC0002339_-1"", ""BGC0002339_0"", ""BGC0002339_1"", ""BGC0002339_2"", ""BGC0002339_3""]"	[10676, 10675, 10677, 10678, 10679]	[-1, 0, 1, 2, 3]	5	2.8918511867523193	7.9475364685058594
BGC0002340	NRP Other	Hybrid	False	False	"[""BGC0002340_-1"", ""BGC0002340_0"", ""BGC0002340_1"", ""BGC0002340_2"", ""BGC0002340_3""]"	[10681, 10680, 10682, 10683, 10684]	[-1, 0, 1, 2, 3]	5	13.477241516113281	-1.7496349811553955
BGC0002341	Other	Other	False	False	"[""BGC0002341_-1"", ""BGC0002341_0"", ""BGC0002341_1"", ""BGC0002341_2"", ""BGC0002341_3""]"	[10686, 10685, 10687, 10688, 10689]	[-1, 0, 1, 2, 3]	5	1.9704524278640747	1.5927556753158569
BGC0002342	NRP Polyketide	Hybrid	False	False	"[""BGC0002342_-1"", ""BGC0002342_0"", ""BGC0002342_1"", ""BGC0002342_2"", ""BGC0002342_3""]"	[10691, 10690, 10692, 10693, 10694]	[-1, 0, 1, 2, 3]	5	16.018741607666016	9.4383621215820312
BGC0002343	Alkaloid RiPP	Hybrid	False	False	"[""BGC0002343_-1"", ""BGC0002343_0"", ""BGC0002343_1"", ""BGC0002343_2"", ""BGC0002343_3""]"	[10696, 10695, 10697, 10698, 10699]	[-1, 0, 1, 2, 3]	5	-4.5743389129638672	9.2196788787841797
BGC0002344	NRP	NRP	False	False	"[""BGC0002344_-1"", ""BGC0002344_0"", ""BGC0002344_1"", ""BGC0002344_2"", ""BGC0002344_3""]"	[10701, 10700, 10702, 10703, 10704]	[-1, 0, 1, 2, 3]	5	12.704160690307617	-2.142589807510376
BGC0002345	Other	Other	False	False	"[""BGC0002345_-1"", ""BGC0002345_0"", ""BGC0002345_1"", ""BGC0002345_2"", ""BGC0002345_3""]"	[10706, 10705, 10707, 10708, 10709]	[-1, 0, 1, 2, 3]	5	2.1188886165618896	2.3285095691680908
BGC0002346	RiPP	RiPP	False	False	"[""BGC0002346_-1"", ""BGC0002346_0"", ""BGC0002346_1"", ""BGC0002346_2"", ""BGC0002346_3""]"	[10711, 10710, 10712, 10713, 10714]	[-1, 0, 1, 2, 3]	5	-4.2859001159667969	11.876531600952148
BGC0002347	Alkaloid	Alkaloid	False	False	"[""BGC0002347_-1"", ""BGC0002347_0"", ""BGC0002347_1"", ""BGC0002347_2"", ""BGC0002347_3""]"	[10716, 10715, 10717, 10718, 10719]	[-1, 0, 1, 2, 3]	5	5.0369930267333984	2.7208578586578369
BGC0002348	NRP	NRP	False	False	"[""BGC0002348_-1"", ""BGC0002348_0"", ""BGC0002348_1"", ""BGC0002348_2"", ""BGC0002348_3""]"	[10721, 10720, 10722, 10723, 10724]	[-1, 0, 1, 2, 3]	5	11.776228904724121	-0.31133922934532166
BGC0002349	Polyketide Saccharide	Hybrid	True	False	"[""BGC0002349_-1"", ""BGC0002349_0"", ""BGC0002349_1"", ""BGC0002349_2"", ""BGC0002349_3""]"	[10726, 10725, 10727, 10728, 10729]	[-1, 0, 1, 2, 3]	5	12.50892162322998	12.645623207092285
BGC0002350	NRP Polyketide Saccharide	Hybrid	True	False	"[""BGC0002350_-1"", ""BGC0002350_0"", ""BGC0002350_1"", ""BGC0002350_2"", ""BGC0002350_3""]"	[10731, 10730, 10732, 10733, 10734]	[-1, 0, 1, 2, 3]	5	18.045970916748047	8.3012447357177734
BGC0002351	NRP	NRP	False	False	"[""BGC0002351_-1"", ""BGC0002351_0"", ""BGC0002351_1"", ""BGC0002351_2"", ""BGC0002351_3""]"	[10736, 10735, 10737, 10738, 10739]	[-1, 0, 1, 2, 3]	5	13.873373985290527	-1.1989014148712158
BGC0002352	Other	Other	False	False	"[""BGC0002352_-1"", ""BGC0002352_0"", ""BGC0002352_1"", ""BGC0002352_2"", ""BGC0002352_3""]"	[10741, 10740, 10742, 10743, 10744]	[-1, 0, 1, 2, 3]	5	10.871642112731934	-0.75276452302932739
BGC0002353	RiPP	RiPP	False	False	"[""BGC0002353_-1"", ""BGC0002353_0"", ""BGC0002353_1"", ""BGC0002353_2"", ""BGC0002353_3""]"	[10746, 10745, 10747, 10748, 10749]	[-1, 0, 1, 2, 3]	5	-3.868466854095459	10.771059036254883
BGC0002354	RiPP	RiPP	False	False	"[""BGC0002354_-1"", ""BGC0002354_0"", ""BGC0002354_1"", ""BGC0002354_2"", ""BGC0002354_3""]"	[10751, 10750, 10752, 10753, 10754]	[-1, 0, 1, 2, 3]	5	-4.6833405494689941	8.1065587997436523
BGC0002355	Polyketide Other	Hybrid	False	False	"[""BGC0002355_-1"", ""BGC0002355_0"", ""BGC0002355_1"", ""BGC0002355_2"", ""BGC0002355_3""]"	[10756, 10755, 10757, 10758, 10759]	[-1, 0, 1, 2, 3]	5	13.164115905761719	12.600068092346191
BGC0002356	Polyketide Other	Hybrid	False	False	"[""BGC0002356_-1"", ""BGC0002356_0"", ""BGC0002356_1"", ""BGC0002356_2"", ""BGC0002356_3""]"	[10761, 10760, 10762, 10763, 10764]	[-1, 0, 1, 2, 3]	5	13.525412559509277	12.41353702545166
BGC0002357	Polyketide Other	Hybrid	False	False	"[""BGC0002357_-1"", ""BGC0002357_0"", ""BGC0002357_1"", ""BGC0002357_2"", ""BGC0002357_3""]"	[10766, 10765, 10767, 10768, 10769]	[-1, 0, 1, 2, 3]	5	13.454816818237305	11.692663192749023
BGC0002358	Polyketide	Polyketide	False	False	"[""BGC0002358_-1"", ""BGC0002358_0"", ""BGC0002358_1"", ""BGC0002358_2"", ""BGC0002358_3""]"	[10771, 10770, 10772, 10773, 10774]	[-1, 0, 1, 2, 3]	5	12.290006637573242	-2.4078030586242676
BGC0002359	NRP	NRP	False	False	"[""BGC0002359_-1"", ""BGC0002359_0"", ""BGC0002359_1"", ""BGC0002359_2"", ""BGC0002359_3""]"	[10776, 10775, 10777, 10778, 10779]	[-1, 0, 1, 2, 3]	5	12.806316375732422	-1.6447465419769287
BGC0002360	NRP	NRP	False	False	"[""BGC0002360_-1"", ""BGC0002360_0"", ""BGC0002360_1"", ""BGC0002360_2"", ""BGC0002360_3""]"	[10781, 10780, 10782, 10783, 10784]	[-1, 0, 1, 2, 3]	5	13.792263031005859	-1.5426158905029297
BGC0002361	Polyketide Saccharide	Hybrid	True	False	"[""BGC0002361_-1"", ""BGC0002361_0"", ""BGC0002361_1"", ""BGC0002361_2"", ""BGC0002361_3""]"	[10786, 10785, 10787, 10788, 10789]	[-1, 0, 1, 2, 3]	5	11.538632392883301	13.843131065368652
BGC0002362	Polyketide	Polyketide	False	False	"[""BGC0002362_-1"", ""BGC0002362_0"", ""BGC0002362_1"", ""BGC0002362_2"", ""BGC0002362_3""]"	[10791, 10790, 10792, 10793, 10794]	[-1, 0, 1, 2, 3]	5	12.801509857177734	12.206182479858398
BGC0002363	RiPP	RiPP	False	False	"[""BGC0002363_-1"", ""BGC0002363_0"", ""BGC0002363_1"", ""BGC0002363_2"", ""BGC0002363_3""]"	[10796, 10795, 10797, 10798, 10799]	[-1, 0, 1, 2, 3]	5	-3.4935400485992432	10.969943046569824
BGC0002364	Polyketide	Polyketide	False	False	"[""BGC0002364_-1"", ""BGC0002364_0"", ""BGC0002364_1"", ""BGC0002364_2"", ""BGC0002364_3""]"	[10801, 10800, 10802, 10803, 10804]	[-1, 0, 1, 2, 3]	5	13.808051109313965	13.757782936096191
BGC0002365	Other Polyketide	Hybrid	False	False	"[""BGC0002365_-1"", ""BGC0002365_0"", ""BGC0002365_1"", ""BGC0002365_2"", ""BGC0002365_3""]"	[10806, 10805, 10807, 10808, 10809]	[-1, 0, 1, 2, 3]	5	15.710860252380371	9.9642887115478516
BGC0002366	Polyketide	Polyketide	False	False	"[""BGC0002366_-1"", ""BGC0002366_0"", ""BGC0002366_1"", ""BGC0002366_2"", ""BGC0002366_3""]"	[10811, 10810, 10812, 10813, 10814]	[-1, 0, 1, 2, 3]	5	13.394655227661133	14.508320808410645
BGC0002367	NRP	NRP	False	False	"[""BGC0002367_-1"", ""BGC0002367_0"", ""BGC0002367_1"", ""BGC0002367_2"", ""BGC0002367_3""]"	[10816, 10815, 10817, 10818, 10819]	[-1, 0, 1, 2, 3]	5	11.886198043823242	-0.46306654810905457
BGC0002369	Polyketide	Polyketide	False	False	"[""BGC0002369_-1"", ""BGC0002369_0"", ""BGC0002369_1"", ""BGC0002369_2"", ""BGC0002369_3""]"	[10821, 10820, 10822, 10823, 10824]	[-1, 0, 1, 2, 3]	5	12.55836296081543	14.143321990966797
BGC0002370	NRP	NRP	False	False	"[""BGC0002370_-1"", ""BGC0002370_0"", ""BGC0002370_1"", ""BGC0002370_2"", ""BGC0002370_3""]"	[10826, 10825, 10827, 10828, 10829]	[-1, 0, 1, 2, 3]	5	13.59126091003418	-1.6396553516387939
BGC0002372	Polyketide Terpene Alkaloid	Hybrid	False	False	"[""BGC0002372_-1"", ""BGC0002372_0"", ""BGC0002372_1"", ""BGC0002372_2"", ""BGC0002372_3""]"	[10831, 10830, 10832, 10833, 10834]	[-1, 0, 1, 2, 3]	5	15.195237159729004	15.255914688110352
BGC0002373	NRP	NRP	False	False	"[""BGC0002373_-1"", ""BGC0002373_0"", ""BGC0002373_1"", ""BGC0002373_2"", ""BGC0002373_3""]"	[10836, 10835, 10837, 10838, 10839]	[-1, 0, 1, 2, 3]	5	13.525964736938477	-0.47999829053878784
BGC0002374	Polyketide	Polyketide	False	False	"[""BGC0002374_-1"", ""BGC0002374_0"", ""BGC0002374_1"", ""BGC0002374_2"", ""BGC0002374_3""]"	[10841, 10840, 10842, 10843, 10844]	[-1, 0, 1, 2, 3]	5	14.827423095703125	11.601481437683105
BGC0002376	Polyketide	Polyketide	False	False	"[""BGC0002376_-1"", ""BGC0002376_0"", ""BGC0002376_1"", ""BGC0002376_2"", ""BGC0002376_3""]"	[10846, 10845, 10847, 10848, 10849]	[-1, 0, 1, 2, 3]	5	13.20405101776123	12.542840003967285
BGC0002377	NRP	NRP	False	False	"[""BGC0002377_-1"", ""BGC0002377_0"", ""BGC0002377_1"", ""BGC0002377_2"", ""BGC0002377_3""]"	[10851, 10850, 10852, 10853, 10854]	[-1, 0, 1, 2, 3]	5	13.379868507385254	-1.0872350931167603
BGC0002378	NRP	NRP	False	False	"[""BGC0002378_-1"", ""BGC0002378_0"", ""BGC0002378_1"", ""BGC0002378_2"", ""BGC0002378_3""]"	[10856, 10855, 10857, 10858, 10859]	[-1, 0, 1, 2, 3]	5	13.478629112243652	-1.1107141971588135
BGC0002379	NRP	NRP	False	False	"[""BGC0002379_-1"", ""BGC0002379_0"", ""BGC0002379_1"", ""BGC0002379_2"", ""BGC0002379_3""]"	[10861, 10860, 10862, 10863, 10864]	[-1, 0, 1, 2, 3]	5	14.364493370056152	-0.73372167348861694
BGC0002380	RiPP	RiPP	False	False	"[""BGC0002380_-1"", ""BGC0002380_0"", ""BGC0002380_1"", ""BGC0002380_2"", ""BGC0002380_3""]"	[10866, 10865, 10867, 10868, 10869]	[-1, 0, 1, 2, 3]	5	-4.6093816757202148	9.9020481109619141
BGC0002381	Alkaloid Polyketide	Hybrid	False	False	"[""BGC0002381_-1"", ""BGC0002381_0"", ""BGC0002381_1"", ""BGC0002381_2"", ""BGC0002381_3""]"	[10871, 10870, 10872, 10873, 10874]	[-1, 0, 1, 2, 3]	5	13.214988708496094	11.835265159606934
BGC0002382	RiPP	RiPP	False	False	"[""BGC0002382_-1"", ""BGC0002382_0"", ""BGC0002382_1"", ""BGC0002382_2"", ""BGC0002382_3""]"	[10876, 10875, 10877, 10878, 10879]	[-1, 0, 1, 2, 3]	5	-4.0662331581115723	10.921026229858398
BGC0002383	Polyketide	Polyketide	False	False	"[""BGC0002383_-1"", ""BGC0002383_0"", ""BGC0002383_1"", ""BGC0002383_2"", ""BGC0002383_3""]"	[10881, 10880, 10882, 10883, 10884]	[-1, 0, 1, 2, 3]	5	11.864655494689941	13.734211921691895
BGC0002384	NRP	NRP	False	False	"[""BGC0002384_-1"", ""BGC0002384_0"", ""BGC0002384_1"", ""BGC0002384_2"", ""BGC0002384_3""]"	[10886, 10885, 10887, 10888, 10889]	[-1, 0, 1, 2, 3]	5	13.801691055297852	-0.84972852468490601
BGC0002385	Polyketide	Polyketide	False	False	"[""BGC0002385_-1"", ""BGC0002385_0"", ""BGC0002385_1"", ""BGC0002385_2"", ""BGC0002385_3""]"	[10891, 10890, 10892, 10893, 10894]	[-1, 0, 1, 2, 3]	5	14.149989128112793	12.691295623779297
BGC0002386	NRP Polyketide	Hybrid	False	False	"[""BGC0002386_-1"", ""BGC0002386_0"", ""BGC0002386_1"", ""BGC0002386_2"", ""BGC0002386_3""]"	[10896, 10895, 10897, 10898, 10899]	[-1, 0, 1, 2, 3]	5	14.484007835388184	-0.56416517496109009
BGC0002387	Polyketide	Polyketide	False	False	"[""BGC0002387_-1"", ""BGC0002387_0"", ""BGC0002387_1"", ""BGC0002387_2"", ""BGC0002387_3""]"	[10901, 10900, 10902, 10903, 10904]	[-1, 0, 1, 2, 3]	5	13.429824829101562	12.796676635742188
BGC0002389	Terpene	Terpene	False	False	"[""BGC0002389_-1"", ""BGC0002389_0"", ""BGC0002389_1"", ""BGC0002389_2"", ""BGC0002389_3""]"	[10906, 10905, 10907, 10908, 10909]	[-1, 0, 1, 2, 3]	5	3.2307417392730713	7.4450745582580566
BGC0002390	Terpene	Terpene	False	False	"[""BGC0002390_-1"", ""BGC0002390_0"", ""BGC0002390_1"", ""BGC0002390_2"", ""BGC0002390_3""]"	[10911, 10910, 10912, 10913, 10914]	[-1, 0, 1, 2, 3]	5	3.7558541297912598	7.588508129119873
BGC0002391	Terpene	Terpene	False	False	"[""BGC0002391_-1"", ""BGC0002391_0"", ""BGC0002391_1"", ""BGC0002391_2"", ""BGC0002391_3""]"	[10916, 10915, 10917, 10918, 10919]	[-1, 0, 1, 2, 3]	5	3.8244140148162842	7.5360302925109863
BGC0002392	Terpene	Terpene	False	False	"[""BGC0002392_-1"", ""BGC0002392_0"", ""BGC0002392_1"", ""BGC0002392_2"", ""BGC0002392_3""]"	[10921, 10920, 10922, 10923, 10924]	[-1, 0, 1, 2, 3]	5	3.4612982273101807	8.0454635620117188
BGC0002393	Terpene	Terpene	False	False	"[""BGC0002393_-1"", ""BGC0002393_0"", ""BGC0002393_1"", ""BGC0002393_2"", ""BGC0002393_3""]"	[10926, 10925, 10927, 10928, 10929]	[-1, 0, 1, 2, 3]	5	3.583427906036377	8.3213462829589844
BGC0002394	Terpene	Terpene	False	False	"[""BGC0002394_-1"", ""BGC0002394_0"", ""BGC0002394_1"", ""BGC0002394_2"", ""BGC0002394_3""]"	[10931, 10930, 10932, 10933, 10934]	[-1, 0, 1, 2, 3]	5	3.3523643016815186	8.3726053237915039
BGC0002395	Terpene	Terpene	False	False	"[""BGC0002395_-1"", ""BGC0002395_0"", ""BGC0002395_1"", ""BGC0002395_2"", ""BGC0002395_3""]"	[10936, 10935, 10937, 10938, 10939]	[-1, 0, 1, 2, 3]	5	2.8012776374816895	8.0603752136230469
BGC0002396	Terpene	Terpene	False	False	"[""BGC0002396_-1"", ""BGC0002396_0"", ""BGC0002396_1"", ""BGC0002396_2"", ""BGC0002396_3""]"	[10941, 10940, 10942, 10943, 10944]	[-1, 0, 1, 2, 3]	5	3.9582626819610596	7.9515995979309082
BGC0002397	Terpene	Terpene	False	False	"[""BGC0002397_-1"", ""BGC0002397_0"", ""BGC0002397_1"", ""BGC0002397_2"", ""BGC0002397_3""]"	[10946, 10945, 10947, 10948, 10949]	[-1, 0, 1, 2, 3]	5	3.1811075210571289	7.851320743560791
BGC0002398	Terpene	Terpene	False	False	"[""BGC0002398_-1"", ""BGC0002398_0"", ""BGC0002398_1"", ""BGC0002398_2"", ""BGC0002398_3""]"	[10951, 10950, 10952, 10953, 10954]	[-1, 0, 1, 2, 3]	5	3.0514755249023438	7.6531853675842285
BGC0002399	Terpene	Terpene	False	False	"[""BGC0002399_-1"", ""BGC0002399_0"", ""BGC0002399_1"", ""BGC0002399_2"", ""BGC0002399_3""]"	[10956, 10955, 10957, 10958, 10959]	[-1, 0, 1, 2, 3]	5	3.0101158618927002	7.6525630950927734
BGC0002400	Terpene	Terpene	False	False	"[""BGC0002400_-1"", ""BGC0002400_0"", ""BGC0002400_1"", ""BGC0002400_2"", ""BGC0002400_3""]"	[10961, 10960, 10962, 10963, 10964]	[-1, 0, 1, 2, 3]	5	3.0509591102600098	7.6492257118225098
BGC0002401	Terpene	Terpene	False	False	"[""BGC0002401_-1"", ""BGC0002401_0"", ""BGC0002401_1"", ""BGC0002401_2"", ""BGC0002401_3""]"	[10966, 10965, 10967, 10968, 10969]	[-1, 0, 1, 2, 3]	5	3.1212456226348877	7.6013946533203125
BGC0002402	Terpene	Terpene	False	False	"[""BGC0002402_-1"", ""BGC0002402_0"", ""BGC0002402_1"", ""BGC0002402_2"", ""BGC0002402_3""]"	[10971, 10970, 10972, 10973, 10974]	[-1, 0, 1, 2, 3]	5	2.7857885360717773	8.002375602722168
BGC0002403	Polyketide	Polyketide	False	False	"[""BGC0002403_-1"", ""BGC0002403_0"", ""BGC0002403_1"", ""BGC0002403_2"", ""BGC0002403_3""]"	[10976, 10975, 10977, 10978, 10979]	[-1, 0, 1, 2, 3]	5	14.997349739074707	14.884918212890625
BGC0002404	Other	Other	False	False	"[""BGC0002404_-1"", ""BGC0002404_0"", ""BGC0002404_1"", ""BGC0002404_2"", ""BGC0002404_3""]"	[10981, 10980, 10982, 10983, 10984]	[-1, 0, 1, 2, 3]	5	2.6017110347747803	1.6124809980392456
BGC0002405	Saccharide	Saccharide	True	True	"[""BGC0002405_-1"", ""BGC0002405_0"", ""BGC0002405_1"", ""BGC0002405_2"", ""BGC0002405_3""]"	[10986, 10985, 10987, 10988, 10989]	[-1, 0, 1, 2, 3]	5	2.023585319519043	1.4222522974014282
BGC0002406	Other	Other	False	False	"[""BGC0002406_-1"", ""BGC0002406_0"", ""BGC0002406_1"", ""BGC0002406_2"", ""BGC0002406_3""]"	[10991, 10990, 10992, 10993, 10994]	[-1, 0, 1, 2, 3]	5	3.5000765323638916	2.2709333896636963
BGC0002407	Saccharide Other	Hybrid	True	False	"[""BGC0002407_-1"", ""BGC0002407_0"", ""BGC0002407_1"", ""BGC0002407_2"", ""BGC0002407_3""]"	[10996, 10995, 10997, 10998, 10999]	[-1, 0, 1, 2, 3]	5	2.2823898792266846	1.1545394659042358
BGC0002408	NRP	NRP	False	False	"[""BGC0002408_-1"", ""BGC0002408_0"", ""BGC0002408_1"", ""BGC0002408_2"", ""BGC0002408_3""]"	[11001, 11000, 11002, 11003, 11004]	[-1, 0, 1, 2, 3]	5	13.422499656677246	-0.62304192781448364
BGC0002409	NRP	NRP	False	False	"[""BGC0002409_-1"", ""BGC0002409_0"", ""BGC0002409_1"", ""BGC0002409_2"", ""BGC0002409_3""]"	[11006, 11005, 11007, 11008, 11009]	[-1, 0, 1, 2, 3]	5	14.278532981872559	-1.0464470386505127
BGC0002410	NRP	NRP	False	False	"[""BGC0002410_-1"", ""BGC0002410_0"", ""BGC0002410_1"", ""BGC0002410_2"", ""BGC0002410_3""]"	[11011, 11010, 11012, 11013, 11014]	[-1, 0, 1, 2, 3]	5	14.385764122009277	-0.51176726818084717
BGC0002411	NRP Polyketide	Hybrid	False	False	"[""BGC0002411_-1"", ""BGC0002411_0"", ""BGC0002411_1"", ""BGC0002411_2"", ""BGC0002411_3""]"	[11016, 11015, 11017, 11018, 11019]	[-1, 0, 1, 2, 3]	5	16.639337539672852	6.5832037925720215
BGC0002412	NRP	NRP	False	False	"[""BGC0002412_-1"", ""BGC0002412_0"", ""BGC0002412_1"", ""BGC0002412_2"", ""BGC0002412_3""]"	[11021, 11020, 11022, 11023, 11024]	[-1, 0, 1, 2, 3]	5	12.876139640808105	-0.61888808012008667
BGC0002413	NRP	NRP	False	False	"[""BGC0002413_-1"", ""BGC0002413_0"", ""BGC0002413_1"", ""BGC0002413_2"", ""BGC0002413_3""]"	[11026, 11025, 11027, 11028, 11029]	[-1, 0, 1, 2, 3]	5	12.008430480957031	-0.38927704095840454
BGC0002414	NRP	NRP	False	False	"[""BGC0002414_-1"", ""BGC0002414_0"", ""BGC0002414_1"", ""BGC0002414_2"", ""BGC0002414_3""]"	[11031, 11030, 11032, 11033, 11034]	[-1, 0, 1, 2, 3]	5	12.87174129486084	-0.94005382061004639
BGC0002415	NRP	NRP	False	False	"[""BGC0002415_-1"", ""BGC0002415_0"", ""BGC0002415_1"", ""BGC0002415_2"", ""BGC0002415_3""]"	[11036, 11035, 11037, 11038, 11039]	[-1, 0, 1, 2, 3]	5	12.24334716796875	-1.1609936952590942
BGC0002416	NRP Polyketide	Hybrid	False	False	"[""BGC0002416_-1"", ""BGC0002416_0"", ""BGC0002416_1"", ""BGC0002416_2"", ""BGC0002416_3""]"	[11041, 11040, 11042, 11043, 11044]	[-1, 0, 1, 2, 3]	5	17.751642227172852	7.1202163696289062
BGC0002417	NRP Polyketide	Hybrid	False	False	"[""BGC0002417_-1"", ""BGC0002417_0"", ""BGC0002417_1"", ""BGC0002417_2"", ""BGC0002417_3""]"	[11046, 11045, 11047, 11048, 11049]	[-1, 0, 1, 2, 3]	5	17.812921524047852	6.8531050682067871
BGC0002418	NRP Polyketide	Hybrid	False	False	"[""BGC0002418_-1"", ""BGC0002418_0"", ""BGC0002418_1"", ""BGC0002418_2"", ""BGC0002418_3""]"	[11051, 11050, 11052, 11053, 11054]	[-1, 0, 1, 2, 3]	5	17.100912094116211	7.7364082336425781
BGC0002419	NRP Polyketide	Hybrid	False	False	"[""BGC0002419_-1"", ""BGC0002419_0"", ""BGC0002419_1"", ""BGC0002419_2"", ""BGC0002419_3""]"	[11056, 11055, 11057, 11058, 11059]	[-1, 0, 1, 2, 3]	5	17.875467300415039	7.0324525833129883
BGC0002420	NRP Polyketide	Hybrid	False	False	"[""BGC0002420_-1"", ""BGC0002420_0"", ""BGC0002420_1"", ""BGC0002420_2"", ""BGC0002420_3""]"	[11061, 11060, 11062, 11063, 11064]	[-1, 0, 1, 2, 3]	5	17.799961090087891	6.8057074546813965
BGC0002421	NRP	NRP	False	False	"[""BGC0002421_-1"", ""BGC0002421_0"", ""BGC0002421_1"", ""BGC0002421_2"", ""BGC0002421_3""]"	[11066, 11065, 11067, 11068, 11069]	[-1, 0, 1, 2, 3]	5	13.795914649963379	-0.24274002015590668
BGC0002422	NRP	NRP	False	False	"[""BGC0002422_-1"", ""BGC0002422_0"", ""BGC0002422_1"", ""BGC0002422_2"", ""BGC0002422_3""]"	[11071, 11070, 11072, 11073, 11074]	[-1, 0, 1, 2, 3]	5	13.692824363708496	-0.57274985313415527
BGC0002423	Other	Other	False	False	"[""BGC0002423_-1"", ""BGC0002423_0"", ""BGC0002423_1"", ""BGC0002423_2"", ""BGC0002423_3""]"	[11076, 11075, 11077, 11078, 11079]	[-1, 0, 1, 2, 3]	5	2.4183938503265381	1.9161036014556885
BGC0002424	NRP	NRP	False	False	"[""BGC0002424_-1"", ""BGC0002424_0"", ""BGC0002424_1"", ""BGC0002424_2"", ""BGC0002424_3""]"	[11081, 11080, 11082, 11083, 11084]	[-1, 0, 1, 2, 3]	5	14.002521514892578	-1.3750331401824951
BGC0002425	RiPP	RiPP	False	False	"[""BGC0002425_-1"", ""BGC0002425_0"", ""BGC0002425_1"", ""BGC0002425_2"", ""BGC0002425_3""]"	[11086, 11085, 11087, 11088, 11089]	[-1, 0, 1, 2, 3]	5	-4.3281731605529785	11.482034683227539
BGC0002426	NRP	NRP	False	False	"[""BGC0002426_-1"", ""BGC0002426_0"", ""BGC0002426_1"", ""BGC0002426_2"", ""BGC0002426_3""]"	[11091, 11090, 11092, 11093, 11094]	[-1, 0, 1, 2, 3]	5	10.422849655151367	0.40478643774986267
BGC0002427	Terpene Polyketide	Hybrid	False	False	"[""BGC0002427_-1"", ""BGC0002427_0"", ""BGC0002427_1"", ""BGC0002427_2"", ""BGC0002427_3""]"	[11096, 11095, 11097, 11098, 11099]	[-1, 0, 1, 2, 3]	5	15.14695930480957	15.241734504699707
BGC0002428	Terpene Polyketide	Hybrid	False	False	"[""BGC0002428_-1"", ""BGC0002428_0"", ""BGC0002428_1"", ""BGC0002428_2"", ""BGC0002428_3""]"	[11101, 11100, 11102, 11103, 11104]	[-1, 0, 1, 2, 3]	5	3.7109589576721191	7.3184127807617188
BGC0002429	Terpene Polyketide	Hybrid	False	False	"[""BGC0002429_-1"", ""BGC0002429_0"", ""BGC0002429_1"", ""BGC0002429_2"", ""BGC0002429_3""]"	[11106, 11105, 11107, 11108, 11109]	[-1, 0, 1, 2, 3]	5	15.059792518615723	15.145088195800781
BGC0002430	NRP Saccharide	Hybrid	True	False	"[""BGC0002430_-1"", ""BGC0002430_0"", ""BGC0002430_1"", ""BGC0002430_2"", ""BGC0002430_3""]"	[11111, 11110, 11112, 11113, 11114]	[-1, 0, 1, 2, 3]	5	12.729135513305664	-2.172539234161377
BGC0002431	Polyketide Saccharide	Hybrid	True	False	"[""BGC0002431_-1"", ""BGC0002431_0"", ""BGC0002431_1"", ""BGC0002431_2"", ""BGC0002431_3""]"	[11116, 11115, 11117, 11118, 11119]	[-1, 0, 1, 2, 3]	5	12.886519432067871	13.146309852600098
BGC0002432	NRP	NRP	False	False	"[""BGC0002432_-1"", ""BGC0002432_0"", ""BGC0002432_1"", ""BGC0002432_2"", ""BGC0002432_3""]"	[11121, 11120, 11122, 11123, 11124]	[-1, 0, 1, 2, 3]	5	12.823635101318359	-0.80912047624588013
BGC0002433	NRP	NRP	False	False	"[""BGC0002433_-1"", ""BGC0002433_0"", ""BGC0002433_1"", ""BGC0002433_2"", ""BGC0002433_3""]"	[11126, 11125, 11127, 11128, 11129]	[-1, 0, 1, 2, 3]	5	13.549328804016113	-0.54205459356307983
BGC0002434	Polyketide NRP	Hybrid	False	False	"[""BGC0002434_-1"", ""BGC0002434_0"", ""BGC0002434_1"", ""BGC0002434_2"", ""BGC0002434_3""]"	[11131, 11130, 11132, 11133, 11134]	[-1, 0, 1, 2, 3]	5	15.662063598632812	9.6023626327514648
BGC0002435	Other	Other	False	False	"[""BGC0002435_-1"", ""BGC0002435_0"", ""BGC0002435_1"", ""BGC0002435_2"", ""BGC0002435_3""]"	[11136, 11135, 11137, 11138, 11139]	[-1, 0, 1, 2, 3]	5	2.1311931610107422	1.2992358207702637
BGC0002436	Other	Other	False	False	"[""BGC0002436_-1"", ""BGC0002436_0"", ""BGC0002436_1"", ""BGC0002436_2"", ""BGC0002436_3""]"	[11141, 11140, 11142, 11143, 11144]	[-1, 0, 1, 2, 3]	5	2.5139353275299072	2.2594661712646484
BGC0002437	NRP	NRP	False	False	"[""BGC0002437_-1"", ""BGC0002437_0"", ""BGC0002437_1"", ""BGC0002437_2"", ""BGC0002437_3""]"	[11146, 11145, 11147, 11148, 11149]	[-1, 0, 1, 2, 3]	5	13.126106262207031	-0.94172763824462891
BGC0002438	Alkaloid	Alkaloid	False	False	"[""BGC0002438_-1"", ""BGC0002438_0"", ""BGC0002438_1"", ""BGC0002438_2"", ""BGC0002438_3""]"	[11151, 11150, 11152, 11153, 11154]	[-1, 0, 1, 2, 3]	5	10.865496635437012	0.097367577254772186
BGC0002439	Other	Other	False	False	"[""BGC0002439_-1"", ""BGC0002439_0"", ""BGC0002439_1"", ""BGC0002439_2"", ""BGC0002439_3""]"	[11156, 11155, 11157, 11158, 11159]	[-1, 0, 1, 2, 3]	5	3.1663813591003418	2.1366713047027588
BGC0002440	NRP	NRP	False	False	"[""BGC0002440_-1"", ""BGC0002440_0"", ""BGC0002440_1"", ""BGC0002440_2"", ""BGC0002440_3""]"	[11161, 11160, 11162, 11163, 11164]	[-1, 0, 1, 2, 3]	5	13.377669334411621	-1.0819834470748901
BGC0002441	Polyketide NRP	Hybrid	False	False	"[""BGC0002441_-1"", ""BGC0002441_0"", ""BGC0002441_1"", ""BGC0002441_2"", ""BGC0002441_3""]"	[11166, 11165, 11167, 11168, 11169]	[-1, 0, 1, 2, 3]	5	16.559520721435547	6.6967291831970215
BGC0002442	RiPP	RiPP	False	False	"[""BGC0002442_-1"", ""BGC0002442_0"", ""BGC0002442_1"", ""BGC0002442_2"", ""BGC0002442_3""]"	[11171, 11170, 11172, 11173, 11174]	[-1, 0, 1, 2, 3]	5	-5.0418305397033691	8.7574291229248047
BGC0002443	Polyketide	Polyketide	False	False	"[""BGC0002443_-1"", ""BGC0002443_0"", ""BGC0002443_1"", ""BGC0002443_2"", ""BGC0002443_3""]"	[11176, 11175, 11177, 11178, 11179]	[-1, 0, 1, 2, 3]	5	2.197800874710083	1.1127744913101196
BGC0002444	Terpene	Terpene	False	False	"[""BGC0002444_-1"", ""BGC0002444_0"", ""BGC0002444_1"", ""BGC0002444_2"", ""BGC0002444_3""]"	[11181, 11180, 11182, 11183, 11184]	[-1, 0, 1, 2, 3]	5	3.1952388286590576	7.4441361427307129
BGC0002445	Terpene	Terpene	False	False	"[""BGC0002445_-1"", ""BGC0002445_0"", ""BGC0002445_1"", ""BGC0002445_2"", ""BGC0002445_3""]"	[11186, 11185, 11187, 11188, 11189]	[-1, 0, 1, 2, 3]	5	3.8565318584442139	7.6196584701538086
BGC0002446	Polyketide	Polyketide	False	False	"[""BGC0002446_-1"", ""BGC0002446_0"", ""BGC0002446_1"", ""BGC0002446_2"", ""BGC0002446_3""]"	[11191, 11190, 11192, 11193, 11194]	[-1, 0, 1, 2, 3]	5	13.858772277832031	11.930909156799316
BGC0002447	RiPP	RiPP	False	False	"[""BGC0002447_-1"", ""BGC0002447_0"", ""BGC0002447_1"", ""BGC0002447_2"", ""BGC0002447_3""]"	[11196, 11195, 11197, 11198, 11199]	[-1, 0, 1, 2, 3]	5	-4.9780001640319824	8.6876821517944336
BGC0002448	NRP	NRP	False	False	"[""BGC0002448_-1"", ""BGC0002448_0"", ""BGC0002448_1"", ""BGC0002448_2"", ""BGC0002448_3""]"	[11201, 11200, 11202, 11203, 11204]	[-1, 0, 1, 2, 3]	5	13.855792999267578	-1.536870002746582
BGC0002449	Other	Other	False	False	"[""BGC0002449_-1"", ""BGC0002449_0"", ""BGC0002449_1"", ""BGC0002449_2"", ""BGC0002449_3""]"	[11206, 11205, 11207, 11208, 11209]	[-1, 0, 1, 2, 3]	5	3.4112896919250488	2.7285149097442627
BGC0002450	Other	Other	False	False	"[""BGC0002450_-1"", ""BGC0002450_0"", ""BGC0002450_1"", ""BGC0002450_2"", ""BGC0002450_3""]"	[11211, 11210, 11212, 11213, 11214]	[-1, 0, 1, 2, 3]	5	0.8331221342086792	-0.56735086441040039
BGC0002451	Polyketide	Polyketide	False	False	"[""BGC0002451_-1"", ""BGC0002451_0"", ""BGC0002451_1"", ""BGC0002451_2"", ""BGC0002451_3""]"	[11216, 11215, 11217, 11218, 11219]	[-1, 0, 1, 2, 3]	5	17.527711868286133	7.9711523056030273
BGC0002452	Polyketide	Polyketide	False	False	"[""BGC0002452_-1"", ""BGC0002452_0"", ""BGC0002452_1"", ""BGC0002452_2"", ""BGC0002452_3""]"	[11221, 11220, 11222, 11223, 11224]	[-1, 0, 1, 2, 3]	5	13.487895965576172	12.834757804870605
BGC0002453	Polyketide	Polyketide	False	False	"[""BGC0002453_-1"", ""BGC0002453_0"", ""BGC0002453_1"", ""BGC0002453_2"", ""BGC0002453_3""]"	[11226, 11225, 11227, 11228, 11229]	[-1, 0, 1, 2, 3]	5	14.603147506713867	11.484869956970215
BGC0002454	Polyketide	Polyketide	False	False	"[""BGC0002454_-1"", ""BGC0002454_0"", ""BGC0002454_1"", ""BGC0002454_2"", ""BGC0002454_3""]"	[11231, 11230, 11232, 11233, 11234]	[-1, 0, 1, 2, 3]	5	14.079451560974121	11.230562210083008
BGC0002455	Polyketide	Polyketide	False	False	"[""BGC0002455_-1"", ""BGC0002455_0"", ""BGC0002455_1"", ""BGC0002455_2"", ""BGC0002455_3""]"	[11236, 11235, 11237, 11238, 11239]	[-1, 0, 1, 2, 3]	5	15.347769737243652	10.647022247314453
BGC0002456	Polyketide NRP	Hybrid	False	False	"[""BGC0002456_-1"", ""BGC0002456_0"", ""BGC0002456_1"", ""BGC0002456_2"", ""BGC0002456_3""]"	[11241, 11240, 11242, 11243, 11244]	[-1, 0, 1, 2, 3]	5	18.000581741333008	8.0980043411254883
BGC0002457	NRP	NRP	False	False	"[""BGC0002457_-1"", ""BGC0002457_0"", ""BGC0002457_1"", ""BGC0002457_2"", ""BGC0002457_3""]"	[11246, 11245, 11247, 11248, 11249]	[-1, 0, 1, 2, 3]	5	10.645503997802734	-0.91936206817626953
BGC0002458	NRP	NRP	False	False	"[""BGC0002458_-1"", ""BGC0002458_0"", ""BGC0002458_1"", ""BGC0002458_2"", ""BGC0002458_3""]"	[11251, 11250, 11252, 11253, 11254]	[-1, 0, 1, 2, 3]	5	10.638882637023926	-0.67042690515518188
BGC0002460	Alkaloid	Alkaloid	False	False	"[""BGC0002460_-1"", ""BGC0002460_0"", ""BGC0002460_1"", ""BGC0002460_2"", ""BGC0002460_3""]"	[11256, 11255, 11257, 11258, 11259]	[-1, 0, 1, 2, 3]	5	5.1379265785217285	2.7580153942108154
BGC0002461	Polyketide	Polyketide	False	False	"[""BGC0002461_-1"", ""BGC0002461_0"", ""BGC0002461_1"", ""BGC0002461_2"", ""BGC0002461_3""]"	[11261, 11260, 11262, 11263, 11264]	[-1, 0, 1, 2, 3]	5	11.778399467468262	13.755955696105957
BGC0002462	Saccharide	Saccharide	True	True	"[""BGC0002462_-1"", ""BGC0002462_0"", ""BGC0002462_1"", ""BGC0002462_2"", ""BGC0002462_3""]"	[11266, 11265, 11267, 11268, 11269]	[-1, 0, 1, 2, 3]	5	0.65338146686553955	-0.14332379400730133
BGC0002464	Other	Other	False	False	"[""BGC0002464_-1"", ""BGC0002464_0"", ""BGC0002464_1"", ""BGC0002464_2"", ""BGC0002464_3""]"	[11271, 11270, 11272, 11273, 11274]	[-1, 0, 1, 2, 3]	5	3.6100566387176514	2.1229221820831299
BGC0002465	NRP	NRP	False	False	"[""BGC0002465_-1"", ""BGC0002465_0"", ""BGC0002465_1"", ""BGC0002465_2"", ""BGC0002465_3""]"	[11276, 11275, 11277, 11278, 11279]	[-1, 0, 1, 2, 3]	5	12.733517646789551	-1.0312881469726562
BGC0002466	NRP	NRP	False	False	"[""BGC0002466_-1"", ""BGC0002466_0"", ""BGC0002466_1"", ""BGC0002466_2"", ""BGC0002466_3""]"	[11281, 11280, 11282, 11283, 11284]	[-1, 0, 1, 2, 3]	5	12.50623607635498	-1.4930498600006104
BGC0002467	NRP	NRP	False	False	"[""BGC0002467_-1"", ""BGC0002467_0"", ""BGC0002467_1"", ""BGC0002467_2"", ""BGC0002467_3""]"	[11286, 11285, 11287, 11288, 11289]	[-1, 0, 1, 2, 3]	5	13.093639373779297	-1.7048039436340332
BGC0002468	NRP	NRP	False	False	"[""BGC0002468_-1"", ""BGC0002468_0"", ""BGC0002468_1"", ""BGC0002468_2"", ""BGC0002468_3""]"	[11291, 11290, 11292, 11293, 11294]	[-1, 0, 1, 2, 3]	5	12.336315155029297	-0.82007509469985962
BGC0002469	Other	Other	False	False	"[""BGC0002469_-1"", ""BGC0002469_0"", ""BGC0002469_1"", ""BGC0002469_2"", ""BGC0002469_3""]"	[11296, 11295, 11297, 11298, 11299]	[-1, 0, 1, 2, 3]	5	3.4055202007293701	1.4514772891998291
BGC0002470	Other	Other	False	False	"[""BGC0002470_-1"", ""BGC0002470_0"", ""BGC0002470_1"", ""BGC0002470_2"", ""BGC0002470_3""]"	[11301, 11300, 11302, 11303, 11304]	[-1, 0, 1, 2, 3]	5	2.6344680786132812	1.6853253841400146
BGC0002471	Other	Other	False	False	"[""BGC0002471_-1"", ""BGC0002471_0"", ""BGC0002471_1"", ""BGC0002471_2"", ""BGC0002471_3""]"	[11306, 11305, 11307, 11308, 11309]	[-1, 0, 1, 2, 3]	5	2.9249720573425293	1.5771716833114624
BGC0002472	NRP	NRP	False	False	"[""BGC0002472_-1"", ""BGC0002472_0"", ""BGC0002472_1"", ""BGC0002472_2"", ""BGC0002472_3""]"	[11311, 11310, 11312, 11313, 11314]	[-1, 0, 1, 2, 3]	5	13.815258026123047	-0.77389419078826904
BGC0002473	NRP	NRP	False	False	"[""BGC0002473_-1"", ""BGC0002473_0"", ""BGC0002473_1"", ""BGC0002473_2"", ""BGC0002473_3""]"	[11316, 11315, 11317, 11318, 11319]	[-1, 0, 1, 2, 3]	5	12.157608985900879	-0.99594354629516602
BGC0002474	NRP	NRP	False	False	"[""BGC0002474_-1"", ""BGC0002474_0"", ""BGC0002474_1"", ""BGC0002474_2"", ""BGC0002474_3""]"	[11321, 11320, 11322, 11323, 11324]	[-1, 0, 1, 2, 3]	5	12.715032577514648	-0.77858000993728638
BGC0002475	NRP	NRP	False	False	"[""BGC0002475_-1"", ""BGC0002475_0"", ""BGC0002475_1"", ""BGC0002475_2"", ""BGC0002475_3""]"	[11326, 11325, 11327, 11328, 11329]	[-1, 0, 1, 2, 3]	5	13.65118408203125	-1.2482918500900269
BGC0002476	NRP	NRP	False	False	"[""BGC0002476_-1"", ""BGC0002476_0"", ""BGC0002476_1"", ""BGC0002476_2"", ""BGC0002476_3""]"	[11331, 11330, 11332, 11333, 11334]	[-1, 0, 1, 2, 3]	5	10.495246887207031	-0.90495580434799194
BGC0002477	Polyketide	Polyketide	False	False	"[""BGC0002477_-1"", ""BGC0002477_0"", ""BGC0002477_1"", ""BGC0002477_2"", ""BGC0002477_3""]"	[11336, 11335, 11337, 11338, 11339]	[-1, 0, 1, 2, 3]	5	12.865799903869629	14.508403778076172
BGC0002478	Polyketide	Polyketide	False	False	"[""BGC0002478_-1"", ""BGC0002478_0"", ""BGC0002478_1"", ""BGC0002478_2"", ""BGC0002478_3""]"	[11341, 11340, 11342, 11343, 11344]	[-1, 0, 1, 2, 3]	5	12.496157646179199	14.491225242614746
BGC0002479	Polyketide NRP Saccharide	Hybrid	True	False	"[""BGC0002479_-1"", ""BGC0002479_0"", ""BGC0002479_1"", ""BGC0002479_2"", ""BGC0002479_3""]"	[11346, 11345, 11347, 11348, 11349]	[-1, 0, 1, 2, 3]	5	15.340863227844238	9.8621664047241211
BGC0002480	Polyketide NRP	Hybrid	False	False	"[""BGC0002480_-1"", ""BGC0002480_0"", ""BGC0002480_1"", ""BGC0002480_2"", ""BGC0002480_3""]"	[11351, 11350, 11352, 11353, 11354]	[-1, 0, 1, 2, 3]	5	16.470449447631836	7.6545047760009766
BGC0002482	Other	Other	False	False	"[""BGC0002482_-1"", ""BGC0002482_0"", ""BGC0002482_1"", ""BGC0002482_2"", ""BGC0002482_3""]"	[11356, 11355, 11357, 11358, 11359]	[-1, 0, 1, 2, 3]	5	4.5440878868103027	2.738335132598877
BGC0002483	Polyketide	Polyketide	False	False	"[""BGC0002483_-1"", ""BGC0002483_0"", ""BGC0002483_1"", ""BGC0002483_2"", ""BGC0002483_3""]"	[11361, 11360, 11362, 11363, 11364]	[-1, 0, 1, 2, 3]	5	14.691739082336426	14.627748489379883
BGC0002484	NRP Polyketide	Hybrid	False	False	"[""BGC0002484_-1"", ""BGC0002484_0"", ""BGC0002484_1"", ""BGC0002484_2"", ""BGC0002484_3""]"	[11366, 11365, 11367, 11368, 11369]	[-1, 0, 1, 2, 3]	5	16.921379089355469	6.371246337890625
BGC0002485	RiPP Alkaloid	Hybrid	False	False	"[""BGC0002485_-1"", ""BGC0002485_0"", ""BGC0002485_1"", ""BGC0002485_2"", ""BGC0002485_3""]"	[11371, 11370, 11372, 11373, 11374]	[-1, 0, 1, 2, 3]	5	-4.6184601783752441	9.2443017959594727
BGC0002486	RiPP	RiPP	False	False	"[""BGC0002486_-1"", ""BGC0002486_0"", ""BGC0002486_1"", ""BGC0002486_2"", ""BGC0002486_3""]"	[11376, 11375, 11377, 11378, 11379]	[-1, 0, 1, 2, 3]	5	-3.7349274158477783	11.353859901428223
BGC0002487	Other	Other	False	False	"[""BGC0002487_-1"", ""BGC0002487_0"", ""BGC0002487_1"", ""BGC0002487_2"", ""BGC0002487_3""]"	[11381, 11380, 11382, 11383, 11384]	[-1, 0, 1, 2, 3]	5	1.7605965137481689	1.7257809638977051
BGC0002488	Other	Other	False	False	"[""BGC0002488_-1"", ""BGC0002488_0"", ""BGC0002488_1"", ""BGC0002488_2"", ""BGC0002488_3""]"	[11386, 11385, 11387, 11388, 11389]	[-1, 0, 1, 2, 3]	5	1.6895292997360229	1.450916051864624
BGC0002489	Other	Other	False	False	"[""BGC0002489_-1"", ""BGC0002489_0"", ""BGC0002489_1"", ""BGC0002489_2"", ""BGC0002489_3""]"	[11391, 11390, 11392, 11393, 11394]	[-1, 0, 1, 2, 3]	5	2.5514917373657227	1.8993163108825684
BGC0002490	Other	Other	False	False	"[""BGC0002490_-1"", ""BGC0002490_0"", ""BGC0002490_1"", ""BGC0002490_2"", ""BGC0002490_3""]"	[11396, 11395, 11397, 11398, 11399]	[-1, 0, 1, 2, 3]	5	2.1689620018005371	2.3512070178985596
BGC0002491	NRP	NRP	False	False	"[""BGC0002491_-1"", ""BGC0002491_0"", ""BGC0002491_1"", ""BGC0002491_2"", ""BGC0002491_3""]"	[11401, 11400, 11402, 11403, 11404]	[-1, 0, 1, 2, 3]	5	12.357476234436035	-1.3231643438339233
BGC0002492	NRP	NRP	False	False	"[""BGC0002492_-1"", ""BGC0002492_0"", ""BGC0002492_1"", ""BGC0002492_2"", ""BGC0002492_3""]"	[11406, 11405, 11407, 11408, 11409]	[-1, 0, 1, 2, 3]	5	13.049391746520996	-1.1092100143432617
BGC0002493	NRP	NRP	False	False	"[""BGC0002493_-1"", ""BGC0002493_0"", ""BGC0002493_1"", ""BGC0002493_2"", ""BGC0002493_3""]"	[11411, 11410, 11412, 11413, 11414]	[-1, 0, 1, 2, 3]	5	12.445780754089355	-0.868152916431427
BGC0002494	NRP	NRP	False	False	"[""BGC0002494_-1"", ""BGC0002494_0"", ""BGC0002494_1"", ""BGC0002494_2"", ""BGC0002494_3""]"	[11416, 11415, 11417, 11418, 11419]	[-1, 0, 1, 2, 3]	5	12.249512672424316	-0.83437943458557129
BGC0002495	NRP	NRP	False	False	"[""BGC0002495_-1"", ""BGC0002495_0"", ""BGC0002495_1"", ""BGC0002495_2"", ""BGC0002495_3""]"	[11421, 11420, 11422, 11423, 11424]	[-1, 0, 1, 2, 3]	5	12.756034851074219	-0.2930673360824585
BGC0002496	NRP	NRP	False	False	"[""BGC0002496_-1"", ""BGC0002496_0"", ""BGC0002496_1"", ""BGC0002496_2"", ""BGC0002496_3""]"	[11426, 11425, 11427, 11428, 11429]	[-1, 0, 1, 2, 3]	5	2.3172128200531006	2.4081041812896729
BGC0002497	Other	Other	False	False	"[""BGC0002497_-1"", ""BGC0002497_0"", ""BGC0002497_1"", ""BGC0002497_2"", ""BGC0002497_3""]"	[11431, 11430, 11432, 11433, 11434]	[-1, 0, 1, 2, 3]	5	13.816580772399902	11.979634284973145
BGC0002498	Other	Other	False	False	"[""BGC0002498_-1"", ""BGC0002498_0"", ""BGC0002498_1"", ""BGC0002498_2"", ""BGC0002498_3""]"	[11436, 11435, 11437, 11438, 11439]	[-1, 0, 1, 2, 3]	5	13.236956596374512	11.727265357971191
BGC0002499	Polyketide NRP	Hybrid	False	False	"[""BGC0002499_-1"", ""BGC0002499_0"", ""BGC0002499_1"", ""BGC0002499_2"", ""BGC0002499_3""]"	[11441, 11440, 11442, 11443, 11444]	[-1, 0, 1, 2, 3]	5	3.4833517074584961	1.1273173093795776
BGC0002500	Polyketide	Polyketide	False	False	"[""BGC0002500_-1"", ""BGC0002500_0"", ""BGC0002500_1"", ""BGC0002500_2"", ""BGC0002500_3""]"	[11446, 11445, 11447, 11448, 11449]	[-1, 0, 1, 2, 3]	5	14.077908515930176	13.487688064575195
BGC0002501	Alkaloid	Alkaloid	False	False	"[""BGC0002501_-1"", ""BGC0002501_0"", ""BGC0002501_1"", ""BGC0002501_2"", ""BGC0002501_3""]"	[11451, 11450, 11452, 11453, 11454]	[-1, 0, 1, 2, 3]	5	10.659287452697754	0.29675403237342834
BGC0002502	Polyketide	Polyketide	False	False	"[""BGC0002502_-1"", ""BGC0002502_0"", ""BGC0002502_1"", ""BGC0002502_2"", ""BGC0002502_3""]"	[11456, 11455, 11457, 11458, 11459]	[-1, 0, 1, 2, 3]	5	15.334495544433594	11.269926071166992
BGC0002503	NRP Polyketide	Hybrid	False	False	"[""BGC0002503_-1"", ""BGC0002503_0"", ""BGC0002503_1"", ""BGC0002503_2"", ""BGC0002503_3""]"	[11461, 11460, 11462, 11463, 11464]	[-1, 0, 1, 2, 3]	5	14.465752601623535	-0.81897819042205811
BGC0002504	Polyketide	Polyketide	False	False	"[""BGC0002504_-1"", ""BGC0002504_0"", ""BGC0002504_1"", ""BGC0002504_2"", ""BGC0002504_3""]"	[11466, 11465, 11467, 11468, 11469]	[-1, 0, 1, 2, 3]	5	13.065670967102051	14.962485313415527
BGC0002505	Polyketide NRP	Hybrid	False	False	"[""BGC0002505_-1"", ""BGC0002505_0"", ""BGC0002505_1"", ""BGC0002505_2"", ""BGC0002505_3""]"	[11471, 11470, 11472, 11473, 11474]	[-1, 0, 1, 2, 3]	5	15.87526798248291	9.8679313659667969
BGC0002506	Polyketide	Polyketide	False	False	"[""BGC0002506_-1"", ""BGC0002506_0"", ""BGC0002506_1"", ""BGC0002506_2"", ""BGC0002506_3""]"	[11476, 11475, 11477, 11478, 11479]	[-1, 0, 1, 2, 3]	5	12.810757637023926	14.133965492248535
BGC0002507	Polyketide	Polyketide	False	False	"[""BGC0002507_-1"", ""BGC0002507_0"", ""BGC0002507_1"", ""BGC0002507_2"", ""BGC0002507_3""]"	[11481, 11480, 11482, 11483, 11484]	[-1, 0, 1, 2, 3]	5	14.493407249450684	12.68540096282959
BGC0002508	Alkaloid	Alkaloid	False	False	"[""BGC0002508_-1"", ""BGC0002508_0"", ""BGC0002508_1"", ""BGC0002508_2"", ""BGC0002508_3""]"	[11486, 11485, 11487, 11488, 11489]	[-1, 0, 1, 2, 3]	5	2.1178901195526123	0.94306385517120361
BGC0002509	NRP	NRP	False	False	"[""BGC0002509_-1"", ""BGC0002509_0"", ""BGC0002509_1"", ""BGC0002509_2"", ""BGC0002509_3""]"	[11491, 11490, 11492, 11493, 11494]	[-1, 0, 1, 2, 3]	5	15.71778392791748	9.6298007965087891
BGC0002510	Polyketide	Polyketide	False	False	"[""BGC0002510_-1"", ""BGC0002510_0"", ""BGC0002510_1"", ""BGC0002510_2"", ""BGC0002510_3""]"	[11496, 11495, 11497, 11498, 11499]	[-1, 0, 1, 2, 3]	5	14.34954833984375	12.197197914123535
BGC0002512	NRP	NRP	False	False	"[""BGC0002512_-1"", ""BGC0002512_0"", ""BGC0002512_1"", ""BGC0002512_2"", ""BGC0002512_3""]"	[11501, 11500, 11502, 11503, 11504]	[-1, 0, 1, 2, 3]	5	13.208061218261719	-0.34585380554199219
BGC0002514	Polyketide	Polyketide	False	False	"[""BGC0002514_-1"", ""BGC0002514_0"", ""BGC0002514_1"", ""BGC0002514_2"", ""BGC0002514_3""]"	[11506, 11505, 11507, 11508, 11509]	[-1, 0, 1, 2, 3]	5	12.705268859863281	14.698822021484375
BGC0002515	Polyketide	Polyketide	False	False	"[""BGC0002515_-1"", ""BGC0002515_0"", ""BGC0002515_1"", ""BGC0002515_2"", ""BGC0002515_3""]"	[11511, 11510, 11512, 11513, 11514]	[-1, 0, 1, 2, 3]	5	14.108523368835449	11.23124885559082
BGC0002517	Polyketide	Polyketide	False	False	"[""BGC0002517_-1"", ""BGC0002517_0"", ""BGC0002517_1"", ""BGC0002517_2"", ""BGC0002517_3""]"	[11516, 11515, 11517, 11518, 11519]	[-1, 0, 1, 2, 3]	5	14.035857200622559	11.345191955566406
BGC0002518	NRP	NRP	False	False	"[""BGC0002518_-1"", ""BGC0002518_0"", ""BGC0002518_1"", ""BGC0002518_2"", ""BGC0002518_3""]"	[11521, 11520, 11522, 11523, 11524]	[-1, 0, 1, 2, 3]	5	13.150408744812012	-0.526328444480896
BGC0002520	Polyketide	Polyketide	False	False	"[""BGC0002520_-1"", ""BGC0002520_0"", ""BGC0002520_1"", ""BGC0002520_2"", ""BGC0002520_3""]"	[11526, 11525, 11527, 11528, 11529]	[-1, 0, 1, 2, 3]	5	12.459214210510254	12.392474174499512
BGC0002521	NRP	NRP	False	False	"[""BGC0002521_-1"", ""BGC0002521_0"", ""BGC0002521_1"", ""BGC0002521_2"", ""BGC0002521_3""]"	[11531, 11530, 11532, 11533, 11534]	[-1, 0, 1, 2, 3]	5	14.099216461181641	-0.5403103232383728
BGC0002522	NRP	NRP	False	False	"[""BGC0002522_-1"", ""BGC0002522_0"", ""BGC0002522_1"", ""BGC0002522_2"", ""BGC0002522_3""]"	[11536, 11535, 11537, 11538, 11539]	[-1, 0, 1, 2, 3]	5	14.263874053955078	-0.39433896541595459
BGC0002523	NRP	NRP	False	False	"[""BGC0002523_-1"", ""BGC0002523_0"", ""BGC0002523_1"", ""BGC0002523_2"", ""BGC0002523_3""]"	[11541, 11540, 11542, 11543, 11544]	[-1, 0, 1, 2, 3]	5	14.77479362487793	10.41675853729248
BGC0002524	NRP	NRP	False	False	"[""BGC0002524_-1"", ""BGC0002524_0"", ""BGC0002524_1"", ""BGC0002524_2"", ""BGC0002524_3""]"	[11546, 11545, 11547, 11548, 11549]	[-1, 0, 1, 2, 3]	5	-4.6829214096069336	8.3042678833007812
BGC0002525	Polyketide	Polyketide	False	False	"[""BGC0002525_-1"", ""BGC0002525_0"", ""BGC0002525_1"", ""BGC0002525_2"", ""BGC0002525_3""]"	[11551, 11550, 11552, 11553, 11554]	[-1, 0, 1, 2, 3]	5	16.350427627563477	11.595659255981445
BGC0002526	Polyketide	Polyketide	False	False	"[""BGC0002526_-1"", ""BGC0002526_0"", ""BGC0002526_1"", ""BGC0002526_2"", ""BGC0002526_3""]"	[11556, 11555, 11557, 11558, 11559]	[-1, 0, 1, 2, 3]	5	13.199095726013184	12.129133224487305
BGC0002527	Other	Other	False	False	"[""BGC0002527_-1"", ""BGC0002527_0"", ""BGC0002527_1"", ""BGC0002527_2"", ""BGC0002527_3""]"	[11561, 11560, 11562, 11563, 11564]	[-1, 0, 1, 2, 3]	5	2.7203025817871094	2.2853281497955322
BGC0002528	NRP	NRP	False	False	"[""BGC0002528_-1"", ""BGC0002528_0"", ""BGC0002528_1"", ""BGC0002528_2"", ""BGC0002528_3""]"	[11566, 11565, 11567, 11568, 11569]	[-1, 0, 1, 2, 3]	5	12.811886787414551	-1.330325722694397
BGC0002529	NRP	NRP	False	False	"[""BGC0002529_-1"", ""BGC0002529_0"", ""BGC0002529_1"", ""BGC0002529_2"", ""BGC0002529_3""]"	[11571, 11570, 11572, 11573, 11574]	[-1, 0, 1, 2, 3]	5	12.584939002990723	-0.53874093294143677
BGC0002530	NRP	NRP	False	False	"[""BGC0002530_-1"", ""BGC0002530_0"", ""BGC0002530_1"", ""BGC0002530_2"", ""BGC0002530_3""]"	[11576, 11575, 11577, 11578, 11579]	[-1, 0, 1, 2, 3]	5	2.8962082862854004	1.6260614395141602
BGC0002531	NRP	NRP	False	False	"[""BGC0002531_-1"", ""BGC0002531_0"", ""BGC0002531_1"", ""BGC0002531_2"", ""BGC0002531_3""]"	[11581, 11580, 11582, 11583, 11584]	[-1, 0, 1, 2, 3]	5	10.673829078674316	-0.66811412572860718
BGC0002532	NRP Polyketide	Hybrid	False	False	"[""BGC0002532_-1"", ""BGC0002532_0"", ""BGC0002532_1"", ""BGC0002532_2"", ""BGC0002532_3""]"	[11586, 11585, 11587, 11588, 11589]	[-1, 0, 1, 2, 3]	5	17.203723907470703	7.1743307113647461
BGC0002533	NRP Polyketide	Hybrid	False	False	"[""BGC0002533_-1"", ""BGC0002533_0"", ""BGC0002533_1"", ""BGC0002533_2"", ""BGC0002533_3""]"	[11591, 11590, 11592, 11593, 11594]	[-1, 0, 1, 2, 3]	5	16.8125	7.0283160209655762
BGC0002535	NRP	NRP	False	False	"[""BGC0002535_-1"", ""BGC0002535_0"", ""BGC0002535_1"", ""BGC0002535_2"", ""BGC0002535_3""]"	[11596, 11595, 11597, 11598, 11599]	[-1, 0, 1, 2, 3]	5	13.823370933532715	-1.6083501577377319
BGC0002536	NRP	NRP	False	False	"[""BGC0002536_-1"", ""BGC0002536_0"", ""BGC0002536_1"", ""BGC0002536_2"", ""BGC0002536_3""]"	[11601, 11600, 11602, 11603, 11604]	[-1, 0, 1, 2, 3]	5	10.532369613647461	-0.82529252767562866
BGC0002537	Polyketide Terpene	Hybrid	False	False	"[""BGC0002537_-1"", ""BGC0002537_0"", ""BGC0002537_1"", ""BGC0002537_2"", ""BGC0002537_3""]"	[11606, 11605, 11607, 11608, 11609]	[-1, 0, 1, 2, 3]	5	15.133050918579102	15.154392242431641
BGC0002538	Polyketide	Polyketide	False	False	"[""BGC0002538_-1"", ""BGC0002538_0"", ""BGC0002538_1"", ""BGC0002538_2"", ""BGC0002538_3""]"	[11611, 11610, 11612, 11613, 11614]	[-1, 0, 1, 2, 3]	5	14.612308502197266	11.370017051696777
BGC0002539	Alkaloid	Alkaloid	False	False	"[""BGC0002539_-1"", ""BGC0002539_0"", ""BGC0002539_1"", ""BGC0002539_2"", ""BGC0002539_3""]"	[11616, 11615, 11617, 11618, 11619]	[-1, 0, 1, 2, 3]	5	16.085699081420898	10.542193412780762
BGC0002540	Polyketide	Polyketide	False	False	"[""BGC0002540_-1"", ""BGC0002540_0"", ""BGC0002540_1"", ""BGC0002540_2"", ""BGC0002540_3""]"	[11621, 11620, 11622, 11623, 11624]	[-1, 0, 1, 2, 3]	5	13.553704261779785	12.473621368408203
BGC0002541	Other	Other	False	False	"[""BGC0002541_-1"", ""BGC0002541_0"", ""BGC0002541_1"", ""BGC0002541_2"", ""BGC0002541_3""]"	[11626, 11625, 11627, 11628, 11629]	[-1, 0, 1, 2, 3]	5	2.9368400573730469	0.69012355804443359
BGC0002542	Polyketide NRP	Hybrid	False	False	"[""BGC0002542_-1"", ""BGC0002542_0"", ""BGC0002542_1"", ""BGC0002542_2"", ""BGC0002542_3""]"	[11631, 11630, 11632, 11633, 11634]	[-1, 0, 1, 2, 3]	5	16.995906829833984	7.1202406883239746
BGC0002543	NRP	NRP	False	False	"[""BGC0002543_-1"", ""BGC0002543_0"", ""BGC0002543_1"", ""BGC0002543_2"", ""BGC0002543_3""]"	[11636, 11635, 11637, 11638, 11639]	[-1, 0, 1, 2, 3]	5	11.49305248260498	-0.14473305642604828
BGC0002544	NRP	NRP	False	False	"[""BGC0002544_-1"", ""BGC0002544_0"", ""BGC0002544_1"", ""BGC0002544_2"", ""BGC0002544_3""]"	[11641, 11640, 11642, 11643, 11644]	[-1, 0, 1, 2, 3]	5	12.79680347442627	-2.1055049896240234
BGC0002545	Polyketide	Polyketide	False	False	"[""BGC0002545_-1"", ""BGC0002545_0"", ""BGC0002545_1"", ""BGC0002545_2"", ""BGC0002545_3""]"	[11646, 11645, 11647, 11648, 11649]	[-1, 0, 1, 2, 3]	5	14.861100196838379	12.651333808898926
BGC0002546	NRP Polyketide	Hybrid	False	False	"[""BGC0002546_-1"", ""BGC0002546_0"", ""BGC0002546_1"", ""BGC0002546_2"", ""BGC0002546_3""]"	[11651, 11650, 11652, 11653, 11654]	[-1, 0, 1, 2, 3]	5	16.095260620117188	10.4027099609375
BGC0002547	Polyketide	Polyketide	False	False	"[""BGC0002547_-1"", ""BGC0002547_0"", ""BGC0002547_1"", ""BGC0002547_2"", ""BGC0002547_3""]"	[11656, 11655, 11657, 11658, 11659]	[-1, 0, 1, 2, 3]	5	13.830196380615234	13.78668212890625
BGC0002548	NRP	NRP	False	False	"[""BGC0002548_-1"", ""BGC0002548_0"", ""BGC0002548_1"", ""BGC0002548_2"", ""BGC0002548_3""]"	[11661, 11660, 11662, 11663, 11664]	[-1, 0, 1, 2, 3]	5	14.04737377166748	-0.66880261898040771
BGC0002550	Polyketide	Polyketide	False	False	"[""BGC0002550_-1"", ""BGC0002550_0"", ""BGC0002550_1"", ""BGC0002550_2"", ""BGC0002550_3""]"	[11666, 11665, 11667, 11668, 11669]	[-1, 0, 1, 2, 3]	5	13.058353424072266	13.14019775390625
BGC0002551	Alkaloid RiPP Terpene	Hybrid	False	False	"[""BGC0002551_-1"", ""BGC0002551_0"", ""BGC0002551_1"", ""BGC0002551_2"", ""BGC0002551_3""]"	[11671, 11670, 11672, 11673, 11674]	[-1, 0, 1, 2, 3]	5	-4.5793075561523438	9.3208036422729492
BGC0002552	Polyketide	Polyketide	False	False	"[""BGC0002552_-1"", ""BGC0002552_0"", ""BGC0002552_1"", ""BGC0002552_2"", ""BGC0002552_3""]"	[11676, 11675, 11677, 11678, 11679]	[-1, 0, 1, 2, 3]	5	13.465588569641113	14.317668914794922
BGC0002553	Other	Other	False	False	"[""BGC0002553_-1"", ""BGC0002553_0"", ""BGC0002553_1"", ""BGC0002553_2"", ""BGC0002553_3""]"	[11681, 11680, 11682, 11683, 11684]	[-1, 0, 1, 2, 3]	5	2.1080195903778076	1.0190722942352295
BGC0002554	Alkaloid	Alkaloid	False	False	"[""BGC0002554_-1"", ""BGC0002554_0"", ""BGC0002554_1"", ""BGC0002554_2"", ""BGC0002554_3""]"	[11686, 11685, 11687, 11688, 11689]	[-1, 0, 1, 2, 3]	5	4.6263027191162109	2.7368688583374023
BGC0002555	NRP Polyketide	Hybrid	False	False	"[""BGC0002555_-1"", ""BGC0002555_0"", ""BGC0002555_1"", ""BGC0002555_2"", ""BGC0002555_3""]"	[11691, 11690, 11692, 11693, 11694]	[-1, 0, 1, 2, 3]	5	12.660432815551758	-1.0192992687225342
BGC0002556	Alkaloid	Alkaloid	False	False	"[""BGC0002556_-1"", ""BGC0002556_0"", ""BGC0002556_1"", ""BGC0002556_2"", ""BGC0002556_3""]"	[11696, 11695, 11697, 11698, 11699]	[-1, 0, 1, 2, 3]	5	5.0807614326477051	2.7411749362945557
BGC0002557	Terpene	Terpene	False	False	"[""BGC0002557_-1"", ""BGC0002557_0"", ""BGC0002557_1"", ""BGC0002557_2"", ""BGC0002557_3""]"	[11701, 11700, 11702, 11703, 11704]	[-1, 0, 1, 2, 3]	5	3.905010461807251	8.0348405838012695
BGC0002558	Polyketide	Polyketide	False	False	"[""BGC0002558_-1"", ""BGC0002558_0"", ""BGC0002558_1"", ""BGC0002558_2"", ""BGC0002558_3""]"	[11706, 11705, 11707, 11708, 11709]	[-1, 0, 1, 2, 3]	5	13.87967586517334	12.671782493591309
BGC0002559	Polyketide	Polyketide	False	False	"[""BGC0002559_-1"", ""BGC0002559_0"", ""BGC0002559_1"", ""BGC0002559_2"", ""BGC0002559_3""]"	[11711, 11710, 11712, 11713, 11714]	[-1, 0, 1, 2, 3]	5	12.882607460021973	12.743356704711914
BGC0002560	RiPP	RiPP	False	False	"[""BGC0002560_-1"", ""BGC0002560_0"", ""BGC0002560_1"", ""BGC0002560_2"", ""BGC0002560_3""]"	[11716, 11715, 11717, 11718, 11719]	[-1, 0, 1, 2, 3]	5	-4.4811511039733887	10.061882019042969
BGC0002561	Alkaloid	Alkaloid	False	False	"[""BGC0002561_-1"", ""BGC0002561_0"", ""BGC0002561_1"", ""BGC0002561_2"", ""BGC0002561_3""]"	[11721, 11720, 11722, 11723, 11724]	[-1, 0, 1, 2, 3]	5	4.5316472053527832	2.6330726146697998
BGC0002563	NRP	NRP	False	False	"[""BGC0002563_-1"", ""BGC0002563_0"", ""BGC0002563_1"", ""BGC0002563_2"", ""BGC0002563_3""]"	[11726, 11725, 11727, 11728, 11729]	[-1, 0, 1, 2, 3]	5	14.122901916503906	-0.7580445408821106
BGC0002564	NRP	NRP	False	False	"[""BGC0002564_-1"", ""BGC0002564_0"", ""BGC0002564_1"", ""BGC0002564_2"", ""BGC0002564_3""]"	[11731, 11730, 11732, 11733, 11734]	[-1, 0, 1, 2, 3]	5	13.229543685913086	-0.90482676029205322
BGC0002565	NRP	NRP	False	False	"[""BGC0002565_-1"", ""BGC0002565_0"", ""BGC0002565_1"", ""BGC0002565_2"", ""BGC0002565_3""]"	[11736, 11735, 11737, 11738, 11739]	[-1, 0, 1, 2, 3]	5	14.346640586853027	-0.93236261606216431
BGC0002566	Other	Other	False	False	"[""BGC0002566_-1"", ""BGC0002566_0"", ""BGC0002566_1"", ""BGC0002566_2"", ""BGC0002566_3""]"	[11741, 11740, 11742, 11743, 11744]	[-1, 0, 1, 2, 3]	5	2.5353760719299316	1.8297692537307739
BGC0002567	Other	Other	False	False	"[""BGC0002567_-1"", ""BGC0002567_0"", ""BGC0002567_1"", ""BGC0002567_2"", ""BGC0002567_3""]"	[11746, 11745, 11747, 11748, 11749]	[-1, 0, 1, 2, 3]	5	3.5710570812225342	1.3991081714630127
BGC0002568	Other	Other	False	False	"[""BGC0002568_-1"", ""BGC0002568_0"", ""BGC0002568_1"", ""BGC0002568_2"", ""BGC0002568_3""]"	[11751, 11750, 11752, 11753, 11754]	[-1, 0, 1, 2, 3]	5	3.9142317771911621	2.4673256874084473
BGC0002569	NRP	NRP	False	False	"[""BGC0002569_-1"", ""BGC0002569_0"", ""BGC0002569_1"", ""BGC0002569_2"", ""BGC0002569_3""]"	[11756, 11755, 11757, 11758, 11759]	[-1, 0, 1, 2, 3]	5	13.040701866149902	-1.2275804281234741
BGC0002570	NRP Polyketide	Hybrid	False	False	"[""BGC0002570_-1"", ""BGC0002570_0"", ""BGC0002570_1"", ""BGC0002570_2"", ""BGC0002570_3""]"	[11761, 11760, 11762, 11763, 11764]	[-1, 0, 1, 2, 3]	5	17.38121223449707	6.9811162948608398
BGC0002571	NRP	NRP	False	False	"[""BGC0002571_-1"", ""BGC0002571_0"", ""BGC0002571_1"", ""BGC0002571_2"", ""BGC0002571_3""]"	[11766, 11765, 11767, 11768, 11769]	[-1, 0, 1, 2, 3]	5	10.711618423461914	-0.69605731964111328
BGC0002572	NRP Polyketide	Hybrid	False	False	"[""BGC0002572_-1"", ""BGC0002572_0"", ""BGC0002572_1"", ""BGC0002572_2"", ""BGC0002572_3""]"	[11771, 11770, 11772, 11773, 11774]	[-1, 0, 1, 2, 3]	5	17.041318893432617	6.3594121932983398
BGC0002573	Other	Other	False	False	"[""BGC0002573_-1"", ""BGC0002573_0"", ""BGC0002573_1"", ""BGC0002573_2"", ""BGC0002573_3""]"	[11776, 11775, 11777, 11778, 11779]	[-1, 0, 1, 2, 3]	5	2.1900620460510254	1.2639875411987305
BGC0002575	RiPP	RiPP	False	False	"[""BGC0002575_-1"", ""BGC0002575_0"", ""BGC0002575_1"", ""BGC0002575_2"", ""BGC0002575_3""]"	[11781, 11780, 11782, 11783, 11784]	[-1, 0, 1, 2, 3]	5	-4.678807258605957	8.8009471893310547
BGC0002576	RiPP	RiPP	False	False	"[""BGC0002576_-1"", ""BGC0002576_0"", ""BGC0002576_1"", ""BGC0002576_2"", ""BGC0002576_3""]"	[11786, 11785, 11787, 11788, 11789]	[-1, 0, 1, 2, 3]	5	-4.9559879302978516	8.5540008544921875
BGC0002577	RiPP	RiPP	False	False	"[""BGC0002577_-1"", ""BGC0002577_0"", ""BGC0002577_1"", ""BGC0002577_2"", ""BGC0002577_3""]"	[11791, 11790, 11792, 11793, 11794]	[-1, 0, 1, 2, 3]	5	-4.808922290802002	8.568781852722168
BGC0002578	Other	Other	False	False	"[""BGC0002578_-1"", ""BGC0002578_0"", ""BGC0002578_1"", ""BGC0002578_2"", ""BGC0002578_3""]"	[11796, 11795, 11797, 11798, 11799]	[-1, 0, 1, 2, 3]	5	3.4211499691009521	1.8344361782073975
BGC0002579	RiPP	RiPP	False	False	"[""BGC0002579_-1"", ""BGC0002579_0"", ""BGC0002579_1"", ""BGC0002579_2"", ""BGC0002579_3""]"	[11801, 11800, 11802, 11803, 11804]	[-1, 0, 1, 2, 3]	5	-4.2880949974060059	10.675338745117188
BGC0002580	RiPP	RiPP	False	False	"[""BGC0002580_-1"", ""BGC0002580_0"", ""BGC0002580_1"", ""BGC0002580_2"", ""BGC0002580_3""]"	[11806, 11805, 11807, 11808, 11809]	[-1, 0, 1, 2, 3]	5	-4.4054694175720215	7.6002063751220703
BGC0002581	NRP	NRP	False	False	"[""BGC0002581_-1"", ""BGC0002581_0"", ""BGC0002581_1"", ""BGC0002581_2"", ""BGC0002581_3""]"	[11811, 11810, 11812, 11813, 11814]	[-1, 0, 1, 2, 3]	5	13.027737617492676	-1.9185692071914673
BGC0002582	NRP	NRP	False	False	"[""BGC0002582_-1"", ""BGC0002582_0"", ""BGC0002582_1"", ""BGC0002582_2"", ""BGC0002582_3""]"	[11816, 11815, 11817, 11818, 11819]	[-1, 0, 1, 2, 3]	5	12.149824142456055	-0.49462845921516418
BGC0002583	RiPP	RiPP	False	False	"[""BGC0002583_-1"", ""BGC0002583_0"", ""BGC0002583_1"", ""BGC0002583_2"", ""BGC0002583_3""]"	[11821, 11820, 11822, 11823, 11824]	[-1, 0, 1, 2, 3]	5	-4.6721844673156738	8.0887155532836914
BGC0002584	RiPP	RiPP	False	False	"[""BGC0002584_-1"", ""BGC0002584_0"", ""BGC0002584_1"", ""BGC0002584_2"", ""BGC0002584_3""]"	[11826, 11825, 11827, 11828, 11829]	[-1, 0, 1, 2, 3]	5	-4.5936331748962402	9.2899875640869141
BGC0002585	Other	Other	False	False	"[""BGC0002585_-1"", ""BGC0002585_0"", ""BGC0002585_1"", ""BGC0002585_2"", ""BGC0002585_3""]"	[11831, 11830, 11832, 11833, 11834]	[-1, 0, 1, 2, 3]	5	1.8374762535095215	2.5618455410003662
BGC0002586	RiPP	RiPP	False	False	"[""BGC0002586_-1"", ""BGC0002586_0"", ""BGC0002586_1"", ""BGC0002586_2"", ""BGC0002586_3""]"	[11836, 11835, 11837, 11838, 11839]	[-1, 0, 1, 2, 3]	5	-4.8076720237731934	10.82745361328125
BGC0002587	Polyketide	Polyketide	False	False	"[""BGC0002587_-1"", ""BGC0002587_0"", ""BGC0002587_1"", ""BGC0002587_2"", ""BGC0002587_3""]"	[11841, 11840, 11842, 11843, 11844]	[-1, 0, 1, 2, 3]	5	12.632839202880859	12.980005264282227
BGC0002588	Other	Other	False	False	"[""BGC0002588_-1"", ""BGC0002588_0"", ""BGC0002588_1"", ""BGC0002588_2"", ""BGC0002588_3""]"	[11846, 11845, 11847, 11848, 11849]	[-1, 0, 1, 2, 3]	5	3.2668931484222412	1.2829586267471313
BGC0002591	Polyketide Terpene	Hybrid	False	False	"[""BGC0002591_-1"", ""BGC0002591_0"", ""BGC0002591_1"", ""BGC0002591_2"", ""BGC0002591_3""]"	[11851, 11850, 11852, 11853, 11854]	[-1, 0, 1, 2, 3]	5	15.158106803894043	15.250428199768066
BGC0002592	Polyketide	Polyketide	False	False	"[""BGC0002592_-1"", ""BGC0002592_0"", ""BGC0002592_1"", ""BGC0002592_2"", ""BGC0002592_3""]"	[11856, 11855, 11857, 11858, 11859]	[-1, 0, 1, 2, 3]	5	14.879334449768066	12.904717445373535
BGC0002594	Polyketide	Polyketide	False	False	"[""BGC0002594_-1"", ""BGC0002594_0"", ""BGC0002594_1"", ""BGC0002594_2"", ""BGC0002594_3""]"	[11861, 11860, 11862, 11863, 11864]	[-1, 0, 1, 2, 3]	5	14.899271011352539	14.883731842041016
BGC0002596	Polyketide	Polyketide	False	False	"[""BGC0002596_-1"", ""BGC0002596_0"", ""BGC0002596_1"", ""BGC0002596_2"", ""BGC0002596_3""]"	[11866, 11865, 11867, 11868, 11869]	[-1, 0, 1, 2, 3]	5	14.1488037109375	14.118490219116211
BGC0002597	NRP Polyketide	Hybrid	False	False	"[""BGC0002597_-1"", ""BGC0002597_0"", ""BGC0002597_1"", ""BGC0002597_2"", ""BGC0002597_3""]"	[11871, 11870, 11872, 11873, 11874]	[-1, 0, 1, 2, 3]	5	15.122413635253906	10.02003002166748
BGC0002598	Polyketide	Polyketide	False	False	"[""BGC0002598_-1"", ""BGC0002598_0"", ""BGC0002598_1"", ""BGC0002598_2"", ""BGC0002598_3""]"	[11876, 11875, 11877, 11878, 11879]	[-1, 0, 1, 2, 3]	5	16.228128433227539	9.328125
BGC0002602	Alkaloid	Alkaloid	False	False	"[""BGC0002602_-1"", ""BGC0002602_0"", ""BGC0002602_1"", ""BGC0002602_2"", ""BGC0002602_3""]"	[11881, 11880, 11882, 11883, 11884]	[-1, 0, 1, 2, 3]	5	10.670548439025879	-0.80420869588851929
BGC0002603	Polyketide	Polyketide	False	False	"[""BGC0002603_-1"", ""BGC0002603_0"", ""BGC0002603_1"", ""BGC0002603_2"", ""BGC0002603_3""]"	[11886, 11885, 11887, 11888, 11889]	[-1, 0, 1, 2, 3]	5	15.071224212646484	15.055930137634277
BGC0002604	Polyketide	Polyketide	False	False	"[""BGC0002604_-1"", ""BGC0002604_0"", ""BGC0002604_1"", ""BGC0002604_2"", ""BGC0002604_3""]"	[11891, 11890, 11892, 11893, 11894]	[-1, 0, 1, 2, 3]	5	14.837611198425293	14.486773490905762
BGC0002605	NRP Polyketide	Hybrid	False	False	"[""BGC0002605_-1"", ""BGC0002605_0"", ""BGC0002605_1"", ""BGC0002605_2"", ""BGC0002605_3""]"	[11896, 11895, 11897, 11898, 11899]	[-1, 0, 1, 2, 3]	5	16.291654586791992	8.9448928833007812
BGC0002606	NRP Polyketide	Hybrid	False	False	"[""BGC0002606_-1"", ""BGC0002606_0"", ""BGC0002606_1"", ""BGC0002606_2"", ""BGC0002606_3""]"	[11901, 11900, 11902, 11903, 11904]	[-1, 0, 1, 2, 3]	5	16.359556198120117	8.8950929641723633
BGC0002607	NRP Polyketide	Hybrid	False	False	"[""BGC0002607_-1"", ""BGC0002607_0"", ""BGC0002607_1"", ""BGC0002607_2"", ""BGC0002607_3""]"	[11906, 11905, 11907, 11908, 11909]	[-1, 0, 1, 2, 3]	5	16.393613815307617	8.942626953125
BGC0002608	NRP Polyketide	Hybrid	False	False	"[""BGC0002608_-1"", ""BGC0002608_0"", ""BGC0002608_1"", ""BGC0002608_2"", ""BGC0002608_3""]"	[11911, 11910, 11912, 11913, 11914]	[-1, 0, 1, 2, 3]	5	2.1357278823852539	1.7474830150604248
BGC0002609	NRP Polyketide	Hybrid	False	False	"[""BGC0002609_-1"", ""BGC0002609_0"", ""BGC0002609_1"", ""BGC0002609_2"", ""BGC0002609_3""]"	[11916, 11915, 11917, 11918, 11919]	[-1, 0, 1, 2, 3]	5	16.380142211914062	7.5191564559936523
BGC0002610	Terpene	Terpene	False	False	"[""BGC0002610_-1"", ""BGC0002610_0"", ""BGC0002610_1"", ""BGC0002610_2"", ""BGC0002610_3""]"	[11921, 11920, 11922, 11923, 11924]	[-1, 0, 1, 2, 3]	5	3.734424352645874	8.2111406326293945
BGC0002611	NRP	NRP	False	False	"[""BGC0002611_-1"", ""BGC0002611_0"", ""BGC0002611_1"", ""BGC0002611_2"", ""BGC0002611_3""]"	[11926, 11925, 11927, 11928, 11929]	[-1, 0, 1, 2, 3]	5	11.091888427734375	-0.1319601833820343
BGC0002612	Terpene	Terpene	False	False	"[""BGC0002612_-1"", ""BGC0002612_0"", ""BGC0002612_1"", ""BGC0002612_2"", ""BGC0002612_3""]"	[11931, 11930, 11932, 11933, 11934]	[-1, 0, 1, 2, 3]	5	15.20322322845459	15.305034637451172
BGC0002613	NRP Polyketide	Hybrid	False	False	"[""BGC0002613_-1"", ""BGC0002613_0"", ""BGC0002613_1"", ""BGC0002613_2"", ""BGC0002613_3""]"	[11936, 11935, 11937, 11938, 11939]	[-1, 0, 1, 2, 3]	5	16.837978363037109	7.0402412414550781
BGC0002614	NRP Polyketide	Hybrid	False	False	"[""BGC0002614_-1"", ""BGC0002614_0"", ""BGC0002614_1"", ""BGC0002614_2"", ""BGC0002614_3""]"	[11941, 11940, 11942, 11943, 11944]	[-1, 0, 1, 2, 3]	5	15.054910659790039	14.519976615905762
BGC0002615	Terpene	Terpene	False	False	"[""BGC0002615_-1"", ""BGC0002615_0"", ""BGC0002615_1"", ""BGC0002615_2"", ""BGC0002615_3""]"	[11946, 11945, 11947, 11948, 11949]	[-1, 0, 1, 2, 3]	5	14.880908012390137	14.7281494140625
BGC0002616	Polyketide	Polyketide	False	False	"[""BGC0002616_-1"", ""BGC0002616_0"", ""BGC0002616_1"", ""BGC0002616_2"", ""BGC0002616_3""]"	[11951, 11950, 11952, 11953, 11954]	[-1, 0, 1, 2, 3]	5	14.693295478820801	14.491264343261719
BGC0002617	NRP	NRP	False	False	"[""BGC0002617_-1"", ""BGC0002617_0"", ""BGC0002617_1"", ""BGC0002617_2"", ""BGC0002617_3""]"	[11956, 11955, 11957, 11958, 11959]	[-1, 0, 1, 2, 3]	5	11.163971900939941	-0.057385794818401337
BGC0002618	Terpene	Terpene	False	False	"[""BGC0002618_-1"", ""BGC0002618_0"", ""BGC0002618_1"", ""BGC0002618_2"", ""BGC0002618_3""]"	[11961, 11960, 11962, 11963, 11964]	[-1, 0, 1, 2, 3]	5	3.7894253730773926	8.204035758972168
BGC0002619	Polyketide	Polyketide	False	False	"[""BGC0002619_-1"", ""BGC0002619_0"", ""BGC0002619_1"", ""BGC0002619_2"", ""BGC0002619_3""]"	[11966, 11965, 11967, 11968, 11969]	[-1, 0, 1, 2, 3]	5	15.101345062255859	15.176895141601562
BGC0002620	Other	Other	False	False	"[""BGC0002620_-1"", ""BGC0002620_0"", ""BGC0002620_1"", ""BGC0002620_2"", ""BGC0002620_3""]"	[11971, 11970, 11972, 11973, 11974]	[-1, 0, 1, 2, 3]	5	2.4264519214630127	1.4194251298904419
BGC0002621	Alkaloid	Alkaloid	False	False	"[""BGC0002621_-1"", ""BGC0002621_0"", ""BGC0002621_1"", ""BGC0002621_2"", ""BGC0002621_3""]"	[11976, 11975, 11977, 11978, 11979]	[-1, 0, 1, 2, 3]	5	4.598597526550293	2.6692843437194824
BGC0002622	Other	Other	False	False	"[""BGC0002622_-1"", ""BGC0002622_0"", ""BGC0002622_1"", ""BGC0002622_2"", ""BGC0002622_3""]"	[11981, 11980, 11982, 11983, 11984]	[-1, 0, 1, 2, 3]	5	3.6819660663604736	1.668376088142395
BGC0002623	NRP Polyketide	Hybrid	False	False	"[""BGC0002623_-1"", ""BGC0002623_0"", ""BGC0002623_1"", ""BGC0002623_2"", ""BGC0002623_3""]"	[11986, 11985, 11987, 11988, 11989]	[-1, 0, 1, 2, 3]	5	16.89256477355957	7.089292049407959
BGC0002624	NRP Polyketide	Hybrid	False	False	"[""BGC0002624_-1"", ""BGC0002624_0"", ""BGC0002624_1"", ""BGC0002624_2"", ""BGC0002624_3""]"	[11991, 11990, 11992, 11993, 11994]	[-1, 0, 1, 2, 3]	5	16.544097900390625	8.6921787261962891
BGC0002625	NRP Polyketide	Hybrid	False	False	"[""BGC0002625_-1"", ""BGC0002625_0"", ""BGC0002625_1"", ""BGC0002625_2"", ""BGC0002625_3""]"	[11996, 11995, 11997, 11998, 11999]	[-1, 0, 1, 2, 3]	5	16.550138473510742	6.7125382423400879
BGC0002626	RiPP	RiPP	False	False	"[""BGC0002626_-1"", ""BGC0002626_0"", ""BGC0002626_1"", ""BGC0002626_2"", ""BGC0002626_3""]"	[12001, 12000, 12002, 12003, 12004]	[-1, 0, 1, 2, 3]	5	-4.8943190574645996	8.7214632034301758
BGC0002627	RiPP	RiPP	False	False	"[""BGC0002627_-1"", ""BGC0002627_0"", ""BGC0002627_1"", ""BGC0002627_2"", ""BGC0002627_3""]"	[12006, 12005, 12007, 12008, 12009]	[-1, 0, 1, 2, 3]	5	-4.6252479553222656	9.5112190246582031
BGC0002629	RiPP	RiPP	False	False	"[""BGC0002629_-1"", ""BGC0002629_0"", ""BGC0002629_1"", ""BGC0002629_2"", ""BGC0002629_3""]"	[12011, 12010, 12012, 12013, 12014]	[-1, 0, 1, 2, 3]	5	-4.613588809967041	8.8838415145874023
BGC0002630	RiPP	RiPP	False	False	"[""BGC0002630_-1"", ""BGC0002630_0"", ""BGC0002630_1"", ""BGC0002630_2"", ""BGC0002630_3""]"	[12016, 12015, 12017, 12018, 12019]	[-1, 0, 1, 2, 3]	5	-4.8699908256530762	8.9383621215820312
BGC0002631	RiPP	RiPP	False	False	"[""BGC0002631_-1"", ""BGC0002631_0"", ""BGC0002631_1"", ""BGC0002631_2"", ""BGC0002631_3""]"	[12021, 12020, 12022, 12023, 12024]	[-1, 0, 1, 2, 3]	5	2.1463806629180908	1.8638719320297241
BGC0002632	NRP	NRP	False	False	"[""BGC0002632_-1"", ""BGC0002632_0"", ""BGC0002632_1"", ""BGC0002632_2"", ""BGC0002632_3""]"	[12026, 12025, 12027, 12028, 12029]	[-1, 0, 1, 2, 3]	5	12.796482086181641	-0.88675707578659058
BGC0002633	Other	Other	False	False	"[""BGC0002633_-1"", ""BGC0002633_0"", ""BGC0002633_1"", ""BGC0002633_2"", ""BGC0002633_3""]"	[12031, 12030, 12032, 12033, 12034]	[-1, 0, 1, 2, 3]	5	2.4831440448760986	2.5076994895935059
BGC0002634	Polyketide NRP Other	Hybrid	False	False	"[""BGC0002634_-1"", ""BGC0002634_0"", ""BGC0002634_1"", ""BGC0002634_2"", ""BGC0002634_3""]"	[12036, 12035, 12037, 12038, 12039]	[-1, 0, 1, 2, 3]	5	12.530982971191406	12.37896728515625
BGC0002635	RiPP	RiPP	False	False	"[""BGC0002635_-1"", ""BGC0002635_0"", ""BGC0002635_1"", ""BGC0002635_2"", ""BGC0002635_3""]"	[12041, 12040, 12042, 12043, 12044]	[-1, 0, 1, 2, 3]	5	-3.3801469802856445	11.060142517089844
BGC0002636	Polyketide	Polyketide	False	False	"[""BGC0002636_-1"", ""BGC0002636_0"", ""BGC0002636_1"", ""BGC0002636_2"", ""BGC0002636_3""]"	[12046, 12045, 12047, 12048, 12049]	[-1, 0, 1, 2, 3]	5	14.240646362304688	11.760904312133789
BGC0002637	NRP	NRP	False	False	"[""BGC0002637_-1"", ""BGC0002637_0"", ""BGC0002637_1"", ""BGC0002637_2"", ""BGC0002637_3""]"	[12051, 12050, 12052, 12053, 12054]	[-1, 0, 1, 2, 3]	5	12.98906421661377	-1.5559800863265991
BGC0002638	NRP	NRP	False	False	"[""BGC0002638_-1"", ""BGC0002638_0"", ""BGC0002638_1"", ""BGC0002638_2"", ""BGC0002638_3""]"	[12056, 12055, 12057, 12058, 12059]	[-1, 0, 1, 2, 3]	5	14.373788833618164	-0.94240540266036987
BGC0002639	NRP	NRP	False	False	"[""BGC0002639_-1"", ""BGC0002639_0"", ""BGC0002639_1"", ""BGC0002639_2"", ""BGC0002639_3""]"	[12061, 12060, 12062, 12063, 12064]	[-1, 0, 1, 2, 3]	5	12.123795509338379	-1.3046033382415771
BGC0002640	RiPP	RiPP	False	False	"[""BGC0002640_-1"", ""BGC0002640_0"", ""BGC0002640_1"", ""BGC0002640_2"", ""BGC0002640_3""]"	[12066, 12065, 12067, 12068, 12069]	[-1, 0, 1, 2, 3]	5	-4.9837379455566406	8.9444713592529297
BGC0002641	NRP	NRP	False	False	"[""BGC0002641_-1"", ""BGC0002641_0"", ""BGC0002641_1"", ""BGC0002641_2"", ""BGC0002641_3""]"	[12071, 12070, 12072, 12073, 12074]	[-1, 0, 1, 2, 3]	5	16.690422058105469	6.410865306854248
BGC0002642	Alkaloid	Alkaloid	False	False	"[""BGC0002642_-1"", ""BGC0002642_0"", ""BGC0002642_1"", ""BGC0002642_2"", ""BGC0002642_3""]"	[12076, 12075, 12077, 12078, 12079]	[-1, 0, 1, 2, 3]	5	14.689916610717773	10.470318794250488
BGC0002643	Alkaloid	Alkaloid	False	False	"[""BGC0002643_-1"", ""BGC0002643_0"", ""BGC0002643_1"", ""BGC0002643_2"", ""BGC0002643_3""]"	[12081, 12080, 12082, 12083, 12084]	[-1, 0, 1, 2, 3]	5	4.7943744659423828	2.8274412155151367
BGC0002644	Other Terpene	Hybrid	False	False	"[""BGC0002644_-1"", ""BGC0002644_0"", ""BGC0002644_1"", ""BGC0002644_2"", ""BGC0002644_3""]"	[12086, 12085, 12087, 12088, 12089]	[-1, 0, 1, 2, 3]	5	4.7033824920654297	2.8308272361755371
BGC0002645	Other	Other	False	False	"[""BGC0002645_-1"", ""BGC0002645_0"", ""BGC0002645_1"", ""BGC0002645_2"", ""BGC0002645_3""]"	[12091, 12090, 12092, 12093, 12094]	[-1, 0, 1, 2, 3]	5	2.9923231601715088	2.1361393928527832
BGC0002646	Polyketide	Polyketide	False	False	"[""BGC0002646_-1"", ""BGC0002646_0"", ""BGC0002646_1"", ""BGC0002646_2"", ""BGC0002646_3""]"	[12096, 12095, 12097, 12098, 12099]	[-1, 0, 1, 2, 3]	5	15.159975051879883	11.842123031616211
BGC0002647	Alkaloid	Alkaloid	False	False	"[""BGC0002647_-1"", ""BGC0002647_0"", ""BGC0002647_1"", ""BGC0002647_2"", ""BGC0002647_3""]"	[12101, 12100, 12102, 12103, 12104]	[-1, 0, 1, 2, 3]	5	2.540379524230957	2.5893523693084717
BGC0002648	Polyketide	Polyketide	False	False	"[""BGC0002648_-1"", ""BGC0002648_0"", ""BGC0002648_1"", ""BGC0002648_2"", ""BGC0002648_3""]"	[12106, 12105, 12107, 12108, 12109]	[-1, 0, 1, 2, 3]	5	3.1940207481384277	0.75608319044113159
BGC0002649	NRP Polyketide	Hybrid	False	False	"[""BGC0002649_-1"", ""BGC0002649_0"", ""BGC0002649_1"", ""BGC0002649_2"", ""BGC0002649_3""]"	[12111, 12110, 12112, 12113, 12114]	[-1, 0, 1, 2, 3]	5	17.988471984863281	8.188481330871582
BGC0002651	Terpene	Terpene	False	False	"[""BGC0002651_-1"", ""BGC0002651_0"", ""BGC0002651_1"", ""BGC0002651_2"", ""BGC0002651_3""]"	[12116, 12115, 12117, 12118, 12119]	[-1, 0, 1, 2, 3]	5	2.9861679077148438	8.3104209899902344
BGC0002652	Other Saccharide	Hybrid	True	False	"[""BGC0002652_-1"", ""BGC0002652_0"", ""BGC0002652_1"", ""BGC0002652_2"", ""BGC0002652_3""]"	[12121, 12120, 12122, 12123, 12124]	[-1, 0, 1, 2, 3]	5	0.79101336002349854	-0.46770584583282471
BGC0002653	NRP	NRP	False	False	"[""BGC0002653_-1"", ""BGC0002653_0"", ""BGC0002653_1"", ""BGC0002653_2"", ""BGC0002653_3""]"	[12126, 12125, 12127, 12128, 12129]	[-1, 0, 1, 2, 3]	5	13.54930305480957	-1.0879373550415039
BGC0002654	NRP	NRP	False	False	"[""BGC0002654_-1"", ""BGC0002654_0"", ""BGC0002654_1"", ""BGC0002654_2"", ""BGC0002654_3""]"	[12131, 12130, 12132, 12133, 12134]	[-1, 0, 1, 2, 3]	5	13.221760749816895	-1.8089852333068848
BGC0002656	Polyketide	Polyketide	False	False	"[""BGC0002656_-1"", ""BGC0002656_0"", ""BGC0002656_1"", ""BGC0002656_2"", ""BGC0002656_3""]"	[12136, 12135, 12137, 12138, 12139]	[-1, 0, 1, 2, 3]	5	2.2213592529296875	1.1417651176452637
BGC0002657	Polyketide NRP	Hybrid	False	False	"[""BGC0002657_-1"", ""BGC0002657_0"", ""BGC0002657_1"", ""BGC0002657_2"", ""BGC0002657_3""]"	[12141, 12140, 12142, 12143, 12144]	[-1, 0, 1, 2, 3]	5	10.486034393310547	-0.8072129487991333
BGC0002659	RiPP	RiPP	False	False	"[""BGC0002659_-1"", ""BGC0002659_0"", ""BGC0002659_1"", ""BGC0002659_2"", ""BGC0002659_3""]"	[12146, 12145, 12147, 12148, 12149]	[-1, 0, 1, 2, 3]	5	-4.266106128692627	11.360700607299805
BGC0002660	NRP	NRP	False	False	"[""BGC0002660_-1"", ""BGC0002660_0"", ""BGC0002660_1"", ""BGC0002660_2"", ""BGC0002660_3""]"	[12151, 12150, 12152, 12153, 12154]	[-1, 0, 1, 2, 3]	5	12.76450252532959	-0.50409382581710815
BGC0002661	NRP	NRP	False	False	"[""BGC0002661_-1"", ""BGC0002661_0"", ""BGC0002661_1"", ""BGC0002661_2"", ""BGC0002661_3""]"	[12156, 12155, 12157, 12158, 12159]	[-1, 0, 1, 2, 3]	5	12.931941032409668	-1.7311289310455322
BGC0002662	NRP	NRP	False	False	"[""BGC0002662_-1"", ""BGC0002662_0"", ""BGC0002662_1"", ""BGC0002662_2"", ""BGC0002662_3""]"	[12161, 12160, 12162, 12163, 12164]	[-1, 0, 1, 2, 3]	5	10.395149230957031	-0.84550356864929199
BGC0002663	RiPP	RiPP	False	False	"[""BGC0002663_-1"", ""BGC0002663_0"", ""BGC0002663_1"", ""BGC0002663_2"", ""BGC0002663_3""]"	[12166, 12165, 12167, 12168, 12169]	[-1, 0, 1, 2, 3]	5	-4.5222764015197754	11.094331741333008
BGC0002665	RiPP	RiPP	False	False	"[""BGC0002665_-1"", ""BGC0002665_0"", ""BGC0002665_1"", ""BGC0002665_2"", ""BGC0002665_3""]"	[12171, 12170, 12172, 12173, 12174]	[-1, 0, 1, 2, 3]	5	-4.5141992568969727	7.7651653289794922
BGC0002666	NRP Alkaloid	Hybrid	False	False	"[""BGC0002666_-1"", ""BGC0002666_0"", ""BGC0002666_1"", ""BGC0002666_2"", ""BGC0002666_3""]"	[12176, 12175, 12177, 12178, 12179]	[-1, 0, 1, 2, 3]	5	11.839176177978516	-1.1956150531768799
BGC0002667	RiPP	RiPP	False	False	"[""BGC0002667_-1"", ""BGC0002667_0"", ""BGC0002667_1"", ""BGC0002667_2"", ""BGC0002667_3""]"	[12181, 12180, 12182, 12183, 12184]	[-1, 0, 1, 2, 3]	5	-4.7669663429260254	8.7664728164672852
BGC0002668	RiPP	RiPP	False	False	"[""BGC0002668_-1"", ""BGC0002668_0"", ""BGC0002668_1"", ""BGC0002668_2"", ""BGC0002668_3""]"	[12186, 12185, 12187, 12188, 12189]	[-1, 0, 1, 2, 3]	5	-3.9165246486663818	11.411242485046387
BGC0002669	RiPP	RiPP	False	False	"[""BGC0002669_-1"", ""BGC0002669_0"", ""BGC0002669_1"", ""BGC0002669_2"", ""BGC0002669_3""]"	[12191, 12190, 12192, 12193, 12194]	[-1, 0, 1, 2, 3]	5	-4.0675044059753418	10.581466674804688
BGC0002670	Other	Other	False	False	"[""BGC0002670_-1"", ""BGC0002670_0"", ""BGC0002670_1"", ""BGC0002670_2"", ""BGC0002670_3""]"	[12196, 12195, 12197, 12198, 12199]	[-1, 0, 1, 2, 3]	5	3.2289538383483887	2.4978928565979004
BGC0002671	Polyketide	Polyketide	False	False	"[""BGC0002671_-1"", ""BGC0002671_0"", ""BGC0002671_1"", ""BGC0002671_2"", ""BGC0002671_3""]"	[12201, 12200, 12202, 12203, 12204]	[-1, 0, 1, 2, 3]	5	13.424042701721191	12.755422592163086
BGC0002672	Polyketide	Polyketide	False	False	"[""BGC0002672_-1"", ""BGC0002672_0"", ""BGC0002672_1"", ""BGC0002672_2"", ""BGC0002672_3""]"	[12206, 12205, 12207, 12208, 12209]	[-1, 0, 1, 2, 3]	5	12.741628646850586	13.361159324645996
BGC0002673	Polyketide Alkaloid	Hybrid	False	False	"[""BGC0002673_-1"", ""BGC0002673_0"", ""BGC0002673_1"", ""BGC0002673_2"", ""BGC0002673_3""]"	[12211, 12210, 12212, 12213, 12214]	[-1, 0, 1, 2, 3]	5	14.015264511108398	13.077605247497559
BGC0002674	RiPP	RiPP	False	False	"[""BGC0002674_-1"", ""BGC0002674_0"", ""BGC0002674_1"", ""BGC0002674_2"", ""BGC0002674_3""]"	[12216, 12215, 12217, 12218, 12219]	[-1, 0, 1, 2, 3]	5	-4.3869776725769043	10.856780052185059
BGC0002675	Polyketide	Polyketide	False	False	"[""BGC0002675_-1"", ""BGC0002675_0"", ""BGC0002675_1"", ""BGC0002675_2"", ""BGC0002675_3""]"	[12221, 12220, 12222, 12223, 12224]	[-1, 0, 1, 2, 3]	5	13.170145988464355	12.072922706604004
BGC0002676	NRP	NRP	False	False	"[""BGC0002676_-1"", ""BGC0002676_0"", ""BGC0002676_1"", ""BGC0002676_2"", ""BGC0002676_3""]"	[12226, 12225, 12227, 12228, 12229]	[-1, 0, 1, 2, 3]	5	14.592402458190918	-0.54790538549423218
BGC0002677	Other	Other	False	False	"[""BGC0002677_-1"", ""BGC0002677_0"", ""BGC0002677_1"", ""BGC0002677_2"", ""BGC0002677_3""]"	[12231, 12230, 12232, 12233, 12234]	[-1, 0, 1, 2, 3]	5	13.274629592895508	11.658061027526855
BGC0002678	NRP	NRP	False	False	"[""BGC0002678_-1"", ""BGC0002678_0"", ""BGC0002678_1"", ""BGC0002678_2"", ""BGC0002678_3""]"	[12236, 12235, 12237, 12238, 12239]	[-1, 0, 1, 2, 3]	5	14.420682907104492	-0.41486471891403198
BGC0002679	NRP	NRP	False	False	"[""BGC0002679_-1"", ""BGC0002679_0"", ""BGC0002679_1"", ""BGC0002679_2"", ""BGC0002679_3""]"	[12241, 12240, 12242, 12243, 12244]	[-1, 0, 1, 2, 3]	5	12.771172523498535	-0.85217094421386719
BGC0002680	NRP	NRP	False	False	"[""BGC0002680_-1"", ""BGC0002680_0"", ""BGC0002680_1"", ""BGC0002680_2"", ""BGC0002680_3""]"	[12246, 12245, 12247, 12248, 12249]	[-1, 0, 1, 2, 3]	5	12.891892433166504	-1.1058199405670166
BGC0002681	Other	Other	False	False	"[""BGC0002681_-1"", ""BGC0002681_0"", ""BGC0002681_1"", ""BGC0002681_2"", ""BGC0002681_3""]"	[12251, 12250, 12252, 12253, 12254]	[-1, 0, 1, 2, 3]	5	2.3871591091156006	2.0720889568328857
BGC0002682	Other	Other	False	False	"[""BGC0002682_-1"", ""BGC0002682_0"", ""BGC0002682_1"", ""BGC0002682_2"", ""BGC0002682_3""]"	[12256, 12255, 12257, 12258, 12259]	[-1, 0, 1, 2, 3]	5	3.5071680545806885	1.454592227935791
BGC0002683	Other	Other	False	False	"[""BGC0002683_-1"", ""BGC0002683_0"", ""BGC0002683_1"", ""BGC0002683_2"", ""BGC0002683_3""]"	[12261, 12260, 12262, 12263, 12264]	[-1, 0, 1, 2, 3]	5	2.3571219444274902	1.8485258817672729
BGC0002685	NRP	NRP	False	False	"[""BGC0002685_-1"", ""BGC0002685_0"", ""BGC0002685_1"", ""BGC0002685_2"", ""BGC0002685_3""]"	[12266, 12265, 12267, 12268, 12269]	[-1, 0, 1, 2, 3]	5	14.025659561157227	-0.75280278921127319
BGC0002686	NRP	NRP	False	False	"[""BGC0002686_-1"", ""BGC0002686_0"", ""BGC0002686_1"", ""BGC0002686_2"", ""BGC0002686_3""]"	[12271, 12270, 12272, 12273, 12274]	[-1, 0, 1, 2, 3]	5	13.757632255554199	-1.5945160388946533
BGC0002687	Polyketide NRP	Hybrid	False	False	"[""BGC0002687_-1"", ""BGC0002687_0"", ""BGC0002687_1"", ""BGC0002687_2"", ""BGC0002687_3""]"	[12276, 12275, 12277, 12278, 12279]	[-1, 0, 1, 2, 3]	5	10.532927513122559	-0.85297191143035889
BGC0002688	NRP	NRP	False	False	"[""BGC0002688_-1"", ""BGC0002688_0"", ""BGC0002688_1"", ""BGC0002688_2"", ""BGC0002688_3""]"	[12281, 12280, 12282, 12283, 12284]	[-1, 0, 1, 2, 3]	5	13.930859565734863	-0.94800585508346558
BGC0002689	NRP	NRP	False	False	"[""BGC0002689_-1"", ""BGC0002689_0"", ""BGC0002689_1"", ""BGC0002689_2"", ""BGC0002689_3""]"	[12286, 12285, 12287, 12288, 12289]	[-1, 0, 1, 2, 3]	5	12.939481735229492	-1.670251727104187
BGC0002690	Other	Other	False	False	"[""BGC0002690_-1"", ""BGC0002690_0"", ""BGC0002690_1"", ""BGC0002690_2"", ""BGC0002690_3""]"	[12291, 12290, 12292, 12293, 12294]	[-1, 0, 1, 2, 3]	5	3.4000895023345947	1.3362951278686523
BGC0002691	NRP	NRP	False	False	"[""BGC0002691_-1"", ""BGC0002691_0"", ""BGC0002691_1"", ""BGC0002691_2"", ""BGC0002691_3""]"	[12296, 12295, 12297, 12298, 12299]	[-1, 0, 1, 2, 3]	5	12.736494064331055	-0.28811454772949219
BGC0002692	Other	Other	False	False	"[""BGC0002692_-1"", ""BGC0002692_0"", ""BGC0002692_1"", ""BGC0002692_2"", ""BGC0002692_3""]"	[12301, 12300, 12302, 12303, 12304]	[-1, 0, 1, 2, 3]	5	3.5788321495056152	1.866982102394104
BGC0002693	NRP	NRP	False	False	"[""BGC0002693_-1"", ""BGC0002693_0"", ""BGC0002693_1"", ""BGC0002693_2"", ""BGC0002693_3""]"	[12306, 12305, 12307, 12308, 12309]	[-1, 0, 1, 2, 3]	5	13.609636306762695	-0.7230377197265625
BGC0002694	Other	Other	False	False	"[""BGC0002694_-1"", ""BGC0002694_0"", ""BGC0002694_1"", ""BGC0002694_2"", ""BGC0002694_3""]"	[12311, 12310, 12312, 12313, 12314]	[-1, 0, 1, 2, 3]	5	3.5367138385772705	1.3770999908447266
BGC0002695	NRP	NRP	False	False	"[""BGC0002695_-1"", ""BGC0002695_0"", ""BGC0002695_1"", ""BGC0002695_2"", ""BGC0002695_3""]"	[12316, 12315, 12317, 12318, 12319]	[-1, 0, 1, 2, 3]	5	13.824007987976074	-0.40290391445159912
BGC0002696	NRP	NRP	False	False	"[""BGC0002696_-1"", ""BGC0002696_0"", ""BGC0002696_1"", ""BGC0002696_2"", ""BGC0002696_3""]"	[12321, 12320, 12322, 12323, 12324]	[-1, 0, 1, 2, 3]	5	12.900100708007812	-1.3257448673248291
BGC0002697	NRP Polyketide	Hybrid	False	False	"[""BGC0002697_-1"", ""BGC0002697_0"", ""BGC0002697_1"", ""BGC0002697_2"", ""BGC0002697_3""]"	[12326, 12325, 12327, 12328, 12329]	[-1, 0, 1, 2, 3]	5	17.779993057250977	8.441502571105957
BGC0002698	RiPP	RiPP	False	False	"[""BGC0002698_-1"", ""BGC0002698_0"", ""BGC0002698_1"", ""BGC0002698_2"", ""BGC0002698_3""]"	[12331, 12330, 12332, 12333, 12334]	[-1, 0, 1, 2, 3]	5	-4.4546394348144531	7.6733155250549316
BGC0002699	RiPP	RiPP	False	False	"[""BGC0002699_-1"", ""BGC0002699_0"", ""BGC0002699_1"", ""BGC0002699_2"", ""BGC0002699_3""]"	[12336, 12335, 12337, 12338, 12339]	[-1, 0, 1, 2, 3]	5	-4.7417678833007812	9.0287561416625977
BGC0002700	RiPP	RiPP	False	False	"[""BGC0002700_-1"", ""BGC0002700_0"", ""BGC0002700_1"", ""BGC0002700_2"", ""BGC0002700_3""]"	[12341, 12340, 12342, 12343, 12344]	[-1, 0, 1, 2, 3]	5	-4.5462255477905273	7.8379406929016113
BGC0002701	RiPP	RiPP	False	False	"[""BGC0002701_-1"", ""BGC0002701_0"", ""BGC0002701_1"", ""BGC0002701_2"", ""BGC0002701_3""]"	[12346, 12345, 12347, 12348, 12349]	[-1, 0, 1, 2, 3]	5	-5.067875862121582	8.9313011169433594
BGC0002702	NRP	NRP	False	False	"[""BGC0002702_-1"", ""BGC0002702_0"", ""BGC0002702_1"", ""BGC0002702_2"", ""BGC0002702_3""]"	[12351, 12350, 12352, 12353, 12354]	[-1, 0, 1, 2, 3]	5	13.777962684631348	-1.6200058460235596
BGC0002703	RiPP	RiPP	False	False	"[""BGC0002703_-1"", ""BGC0002703_0"", ""BGC0002703_1"", ""BGC0002703_2"", ""BGC0002703_3""]"	[12356, 12355, 12357, 12358, 12359]	[-1, 0, 1, 2, 3]	5	-3.499114990234375	11.080767631530762
BGC0002704	RiPP	RiPP	False	False	"[""BGC0002704_-1"", ""BGC0002704_0"", ""BGC0002704_1"", ""BGC0002704_2"", ""BGC0002704_3""]"	[12361, 12360, 12362, 12363, 12364]	[-1, 0, 1, 2, 3]	5	-4.1515927314758301	10.467158317565918
BGC0002706	NRP	NRP	False	False	"[""BGC0002706_-1"", ""BGC0002706_0"", ""BGC0002706_1"", ""BGC0002706_2"", ""BGC0002706_3""]"	[12366, 12365, 12367, 12368, 12369]	[-1, 0, 1, 2, 3]	5	14.452043533325195	-1.0422688722610474
BGC0002707	Terpene	Terpene	False	False	"[""BGC0002707_-1"", ""BGC0002707_0"", ""BGC0002707_1"", ""BGC0002707_2"", ""BGC0002707_3""]"	[12371, 12370, 12372, 12373, 12374]	[-1, 0, 1, 2, 3]	5	3.3432092666625977	7.4200339317321777
BGC0002708	Terpene	Terpene	False	False	"[""BGC0002708_-1"", ""BGC0002708_0"", ""BGC0002708_1"", ""BGC0002708_2"", ""BGC0002708_3""]"	[12376, 12375, 12377, 12378, 12379]	[-1, 0, 1, 2, 3]	5	3.7401981353759766	7.4622197151184082
BGC0002709	Polyketide	Polyketide	False	False	"[""BGC0002709_-1"", ""BGC0002709_0"", ""BGC0002709_1"", ""BGC0002709_2"", ""BGC0002709_3""]"	[12381, 12380, 12382, 12383, 12384]	[-1, 0, 1, 2, 3]	5	14.396492958068848	14.414949417114258
BGC0002710	NRP	NRP	False	False	"[""BGC0002710_-1"", ""BGC0002710_0"", ""BGC0002710_1"", ""BGC0002710_2"", ""BGC0002710_3""]"	[12386, 12385, 12387, 12388, 12389]	[-1, 0, 1, 2, 3]	5	11.754446029663086	-0.71187758445739746
BGC0002711	Polyketide	Polyketide	False	False	"[""BGC0002711_-1"", ""BGC0002711_0"", ""BGC0002711_1"", ""BGC0002711_2"", ""BGC0002711_3""]"	[12391, 12390, 12392, 12393, 12394]	[-1, 0, 1, 2, 3]	5	13.515498161315918	13.759491920471191
BGC0002712	Polyketide	Polyketide	False	False	"[""BGC0002712_-1"", ""BGC0002712_0"", ""BGC0002712_1"", ""BGC0002712_2"", ""BGC0002712_3""]"	[12396, 12395, 12397, 12398, 12399]	[-1, 0, 1, 2, 3]	5	12.447738647460938	14.364331245422363
BGC0002713	NRP	NRP	False	False	"[""BGC0002713_-1"", ""BGC0002713_0"", ""BGC0002713_1"", ""BGC0002713_2"", ""BGC0002713_3""]"	[12401, 12400, 12402, 12403, 12404]	[-1, 0, 1, 2, 3]	5	13.41703987121582	-0.55255675315856934
BGC0002715	NRP Polyketide	Hybrid	False	False	"[""BGC0002715_-1"", ""BGC0002715_0"", ""BGC0002715_1"", ""BGC0002715_2"", ""BGC0002715_3""]"	[12406, 12405, 12407, 12408, 12409]	[-1, 0, 1, 2, 3]	5	17.352344512939453	7.013054370880127
BGC0002716	NRP	NRP	False	False	"[""BGC0002716_-1"", ""BGC0002716_0"", ""BGC0002716_1"", ""BGC0002716_2"", ""BGC0002716_3""]"	[12411, 12410, 12412, 12413, 12414]	[-1, 0, 1, 2, 3]	5	14.130980491638184	-0.38594383001327515
BGC0002718	NRP	NRP	False	False	"[""BGC0002718_-1"", ""BGC0002718_0"", ""BGC0002718_1"", ""BGC0002718_2"", ""BGC0002718_3""]"	[12416, 12415, 12417, 12418, 12419]	[-1, 0, 1, 2, 3]	5	13.891623497009277	-1.4292919635772705
BGC0002719	NRP	NRP	False	False	"[""BGC0002719_-1"", ""BGC0002719_0"", ""BGC0002719_1"", ""BGC0002719_2"", ""BGC0002719_3""]"	[12421, 12420, 12422, 12423, 12424]	[-1, 0, 1, 2, 3]	5	14.173457145690918	-0.65378415584564209
BGC0002721	Saccharide	Saccharide	True	True	"[""BGC0002721_-1"", ""BGC0002721_0"", ""BGC0002721_1"", ""BGC0002721_2"", ""BGC0002721_3""]"	[12426, 12425, 12427, 12428, 12429]	[-1, 0, 1, 2, 3]	5	3.2005765438079834	2.7952682971954346
BGC0002722	Alkaloid Terpene Saccharide	Hybrid	True	False	"[""BGC0002722_-1"", ""BGC0002722_0"", ""BGC0002722_1"", ""BGC0002722_2"", ""BGC0002722_3""]"	[12431, 12430, 12432, 12433, 12434]	[-1, 0, 1, 2, 3]	5	2.8940331935882568	8.1021585464477539
BGC0002723	Terpene	Terpene	False	False	"[""BGC0002723_-1"", ""BGC0002723_0"", ""BGC0002723_1"", ""BGC0002723_2"", ""BGC0002723_3""]"	[12436, 12435, 12437, 12438, 12439]	[-1, 0, 1, 2, 3]	5	3.5330960750579834	7.3812727928161621
BGC0002724	Terpene	Terpene	False	False	"[""BGC0002724_-1"", ""BGC0002724_0"", ""BGC0002724_1"", ""BGC0002724_2"", ""BGC0002724_3""]"	[12441, 12440, 12442, 12443, 12444]	[-1, 0, 1, 2, 3]	5	3.1462926864624023	8.1332550048828125
BGC0002725	RiPP	RiPP	False	False	"[""BGC0002725_-1"", ""BGC0002725_0"", ""BGC0002725_1"", ""BGC0002725_2"", ""BGC0002725_3""]"	[12446, 12445, 12447, 12448, 12449]	[-1, 0, 1, 2, 3]	5	-4.5851101875305176	7.9048643112182617
BGC0002726	Polyketide	Polyketide	False	False	"[""BGC0002726_-1"", ""BGC0002726_0"", ""BGC0002726_1"", ""BGC0002726_2"", ""BGC0002726_3""]"	[12451, 12450, 12452, 12453, 12454]	[-1, 0, 1, 2, 3]	5	14.961377143859863	14.409707069396973
BGC0002729	Polyketide	Polyketide	False	False	"[""BGC0002729_-1"", ""BGC0002729_0"", ""BGC0002729_1"", ""BGC0002729_2"", ""BGC0002729_3""]"	[12456, 12455, 12457, 12458, 12459]	[-1, 0, 1, 2, 3]	5	15.156255722045898	12.45401668548584
BGC0002731	Polyketide	Polyketide	False	False	"[""BGC0002731_-1"", ""BGC0002731_0"", ""BGC0002731_1"", ""BGC0002731_2"", ""BGC0002731_3""]"	[12461, 12460, 12462, 12463, 12464]	[-1, 0, 1, 2, 3]	5	16.368011474609375	11.872262001037598
BGC0002732	Polyketide	Polyketide	False	False	"[""BGC0002732_-1"", ""BGC0002732_0"", ""BGC0002732_1"", ""BGC0002732_2"", ""BGC0002732_3""]"	[12466, 12465, 12467, 12468, 12469]	[-1, 0, 1, 2, 3]	5	13.073643684387207	14.778746604919434
BGC0002733	Other	Other	False	False	"[""BGC0002733_-1"", ""BGC0002733_0"", ""BGC0002733_1"", ""BGC0002733_2"", ""BGC0002733_3""]"	[12471, 12470, 12472, 12473, 12474]	[-1, 0, 1, 2, 3]	5	1.9198750257492065	1.6428329944610596
BGC0002734	Polyketide	Polyketide	False	False	"[""BGC0002734_-1"", ""BGC0002734_0"", ""BGC0002734_1"", ""BGC0002734_2"", ""BGC0002734_3""]"	[12476, 12475, 12477, 12478, 12479]	[-1, 0, 1, 2, 3]	5	14.698476791381836	13.567225456237793
BGC0002735	Polyketide NRP	Hybrid	False	False	"[""BGC0002735_-1"", ""BGC0002735_0"", ""BGC0002735_1"", ""BGC0002735_2"", ""BGC0002735_3""]"	[12481, 12480, 12482, 12483, 12484]	[-1, 0, 1, 2, 3]	5	17.752155303955078	7.7390952110290527
BGC0002736	Terpene	Terpene	False	False	"[""BGC0002736_-1"", ""BGC0002736_0"", ""BGC0002736_1"", ""BGC0002736_2"", ""BGC0002736_3""]"	[12486, 12485, 12487, 12488, 12489]	[-1, 0, 1, 2, 3]	5	3.1918315887451172	8.3399629592895508
BGC0002745	Polyketide	Polyketide	False	False	"[""BGC0002745_-1"", ""BGC0002745_0"", ""BGC0002745_1"", ""BGC0002745_2"", ""BGC0002745_3""]"	[12491, 12490, 12492, 12493, 12494]	[-1, 0, 1, 2, 3]	5	15.967929840087891	10.565192222595215
BGC0002746	RiPP	RiPP	False	False	"[""BGC0002746_-1"", ""BGC0002746_0"", ""BGC0002746_1"", ""BGC0002746_2"", ""BGC0002746_3""]"	[12496, 12495, 12497, 12498, 12499]	[-1, 0, 1, 2, 3]	5	-4.6836104393005371	8.8933448791503906
BGC0002747	RiPP	RiPP	False	False	"[""BGC0002747_-1"", ""BGC0002747_0"", ""BGC0002747_1"", ""BGC0002747_2"", ""BGC0002747_3""]"	[12501, 12500, 12502, 12503, 12504]	[-1, 0, 1, 2, 3]	5	-4.8987417221069336	8.5771923065185547
BGC0002749	NRP Polyketide	Hybrid	False	False	"[""BGC0002749_-1"", ""BGC0002749_0"", ""BGC0002749_1"", ""BGC0002749_2"", ""BGC0002749_3""]"	[12506, 12505, 12507, 12508, 12509]	[-1, 0, 1, 2, 3]	5	16.526634216308594	8.6955251693725586
