edge_id	source	target	interaction	edge_type	evidence	is_direct_alignment	cluster_representative	cluster_size	cluster_visibility_in_original_network	raw_m8_query	raw_m8_target	fident	alnlen	mismatch	gapopen	qstart	qend	tstart	tend	evalue	bits
A0A0B5J7K0__cluster_membership__A0A7S5UTB7	A0A0B5J7K0	A0A7S5UTB7	cluster_membership	cluster_membership	same_foldseek_cluster_no_direct_rep_alignment_in_m8	0	A0A0B5J7K0	2	absent												
A0A0B5JEK5__cluster_membership__A0A481Z6W6	A0A0B5JEK5	A0A481Z6W6	cluster_membership	cluster_membership	same_foldseek_cluster_no_direct_rep_alignment_in_m8	0	A0A0B5JEK5	3	absent												
A0A0B5JEK5__cluster_membership__A0A514DD61	A0A0B5JEK5	A0A514DD61	cluster_membership	cluster_membership	same_foldseek_cluster_no_direct_rep_alignment_in_m8	0	A0A0B5JEK5	3	absent												
A0A1B0XUM4__cluster_membership__A0A516LLH5	A0A1B0XUM4	A0A516LLH5	cluster_membership	cluster_membership	same_foldseek_cluster_no_direct_rep_alignment_in_m8	0	A0A1B0XUM4	2	absent												
A0A1C8ZZ47__cluster_membership__A0A068QKI9	A0A1C8ZZ47	A0A068QKI9	cluster_membership	cluster_membership	same_foldseek_cluster_no_direct_rep_alignment_in_m8	0	A0A1C8ZZ47	2	absent												
A0A1C9C546__cluster_membership__A0A2P1JUN7	A0A1C9C546	A0A2P1JUN7	cluster_membership	cluster_membership	same_foldseek_cluster_no_direct_rep_alignment_in_m8	0	A0A1C9C546	3	absent												
A0A1C9C546__cluster_membership__A0A6N1NJX6	A0A1C9C546	A0A6N1NJX6	cluster_membership	cluster_membership	same_foldseek_cluster_no_direct_rep_alignment_in_m8	0	A0A1C9C546	3	absent												
A0A1L3KMJ9__cluster_membership__A0A9E8MBD8	A0A1L3KMJ9	A0A9E8MBD8	cluster_membership	cluster_membership	same_foldseek_cluster_no_direct_rep_alignment_in_m8	0	A0A1L3KMJ9	2	absent												
A0A1S5VFY0__cluster_membership__A0A1V0SIF9	A0A1S5VFY0	A0A1V0SIF9	cluster_membership	cluster_membership	same_foldseek_cluster_no_direct_rep_alignment_in_m8	0	A0A1S5VFY0	2	absent												
A0A1V0M8G7__cluster_membership__A0A8K1XFD1	A0A1V0M8G7	A0A8K1XFD1	cluster_membership	cluster_membership	same_foldseek_cluster_no_direct_rep_alignment_in_m8	0	A0A1V0M8G7	2	absent												
A0A1V0SF98__direct_alignment__A0A1V0SA33	A0A1V0SF98	A0A1V0SA33	direct_alignment	direct_alignment	alignment_present_in_m8	1	A0A1V0SF98	2	visible	A0A1V0SF98	A0A1V0SA33	0.250	68	11	7	84	134	5	49	9.260E-01	26
A0A1V0SJ19__cluster_membership__A0A8S5SX48	A0A1V0SJ19	A0A8S5SX48	cluster_membership	cluster_membership	same_foldseek_cluster_no_direct_rep_alignment_in_m8	0	A0A1V0SJ19	6	visible												
A0A1V0SJ19__direct_alignment__A0A1V0SHX5	A0A1V0SJ19	A0A1V0SHX5	direct_alignment	direct_alignment	alignment_present_in_m8	1	A0A1V0SJ19	6	visible	A0A1V0SJ19	A0A1V0SHX5	0.625	8	3	0	81	88	23	30	1.976E+00	25
A0A1V0SJ19__cluster_membership__A0A873WGA9	A0A1V0SJ19	A0A873WGA9	cluster_membership	cluster_membership	same_foldseek_cluster_no_direct_rep_alignment_in_m8	0	A0A1V0SJ19	6	visible												
A0A1V0SJ19__cluster_membership__A0A516LL69	A0A1V0SJ19	A0A516LL69	cluster_membership	cluster_membership	same_foldseek_cluster_no_direct_rep_alignment_in_m8	0	A0A1V0SJ19	6	visible												
A0A1V0SJ19__cluster_membership__A0A6J5SF38	A0A1V0SJ19	A0A6J5SF38	cluster_membership	cluster_membership	same_foldseek_cluster_no_direct_rep_alignment_in_m8	0	A0A1V0SJ19	6	visible												
A0A1V0SL47__direct_alignment__A0A2P1GMZ2	A0A1V0SL47	A0A2P1GMZ2	direct_alignment	direct_alignment	alignment_present_in_m8	1	A0A1V0SL47	2	visible	A0A1V0SL47	A0A2P1GMZ2	0.238	42	12	4	90	131	150	171	3.123E+00	24
A0A1X9VNW5__direct_alignment__A0A5Q2W870	A0A1X9VNW5	A0A5Q2W870	direct_alignment	direct_alignment	alignment_present_in_m8	1	A0A1X9VNW5	2	visible	A0A1X9VNW5	A0A5Q2W870	0.378	66	17	4	5	67	30	74	7.554E-09	50
A0A1Z1NED9__cluster_membership__U3PZA2	A0A1Z1NED9	U3PZA2	cluster_membership	cluster_membership	same_foldseek_cluster_no_direct_rep_alignment_in_m8	0	A0A1Z1NED9	2	absent												
A0A290U429__cluster_membership__A0A142K981	A0A290U429	A0A142K981	cluster_membership	cluster_membership	same_foldseek_cluster_no_direct_rep_alignment_in_m8	0	A0A290U429	6	visible												
A0A290U429__direct_alignment__A0A345MUS1	A0A290U429	A0A345MUS1	direct_alignment	direct_alignment	alignment_present_in_m8	1	A0A290U429	6	visible	A0A290U429	A0A345MUS1	0.357	28	9	2	99	126	32	50	5.800E+00	23
A0A290U429__direct_alignment__A0A290U5F9	A0A290U429	A0A290U5F9	direct_alignment	direct_alignment	alignment_present_in_m8	1	A0A290U429	6	visible	A0A290U429	A0A290U5F9	0.912	148	13	0	1	148	30	177	3.228E-104	337
A0A290U429__cluster_membership__A0A889IPU6	A0A290U429	A0A889IPU6	cluster_membership	cluster_membership	same_foldseek_cluster_no_direct_rep_alignment_in_m8	0	A0A290U429	6	visible												
A0A290U429__direct_alignment__S4VR21	A0A290U429	S4VR21	direct_alignment	direct_alignment	alignment_present_in_m8	1	A0A290U429	6	visible	A0A290U429	S4VR21	0.346	26	13	3	96	118	23	47	6.415E-02	30
A0A2D0ZP19__direct_alignment__Q99CX4	A0A2D0ZP19	Q99CX4	direct_alignment	direct_alignment	alignment_present_in_m8	1	A0A2D0ZP19	2	visible	A0A2D0ZP19	Q99CX4	0.544	79	19	7	30	100	50	119	1.399E-21	91
A0A2H5BQC2__cluster_membership__A0A1S5YGY0	A0A2H5BQC2	A0A1S5YGY0	cluster_membership	cluster_membership	same_foldseek_cluster_no_direct_rep_alignment_in_m8	0	A0A2H5BQC2	3	visible												
A0A2H5BQC2__direct_alignment__A0A811BNL2	A0A2H5BQC2	A0A811BNL2	direct_alignment	direct_alignment	alignment_present_in_m8	1	A0A2H5BQC2	3	visible	A0A2H5BQC2	A0A811BNL2	0.666	9	3	0	10	18	159	167	9.976E+00	23
A0A2I7QK01__cluster_membership__A0A076VCT3	A0A2I7QK01	A0A076VCT3	cluster_membership	cluster_membership	same_foldseek_cluster_no_direct_rep_alignment_in_m8	0	A0A2I7QK01	43	visible												
A0A2I7QK01__cluster_membership__A0A0B5JBH2	A0A2I7QK01	A0A0B5JBH2	cluster_membership	cluster_membership	same_foldseek_cluster_no_direct_rep_alignment_in_m8	0	A0A2I7QK01	43	visible												
A0A2I7QK01__cluster_membership__A0A0F7L858	A0A2I7QK01	A0A0F7L858	cluster_membership	cluster_membership	same_foldseek_cluster_no_direct_rep_alignment_in_m8	0	A0A2I7QK01	43	visible												
A0A2I7QK01__cluster_membership__A0A0K1TPB3	A0A2I7QK01	A0A0K1TPB3	cluster_membership	cluster_membership	same_foldseek_cluster_no_direct_rep_alignment_in_m8	0	A0A2I7QK01	43	visible												
A0A2I7QK01__cluster_membership__A0A0K1Y7M9	A0A2I7QK01	A0A0K1Y7M9	cluster_membership	cluster_membership	same_foldseek_cluster_no_direct_rep_alignment_in_m8	0	A0A2I7QK01	43	visible												
A0A2I7QK01__cluster_membership__A0A1B0Z7V2	A0A2I7QK01	A0A1B0Z7V2	cluster_membership	cluster_membership	same_foldseek_cluster_no_direct_rep_alignment_in_m8	0	A0A2I7QK01	43	visible												
A0A2I7QK01__direct_alignment__A0A1L5JGR3	A0A2I7QK01	A0A1L5JGR3	direct_alignment	direct_alignment	alignment_present_in_m8	1	A0A2I7QK01	43	visible	A0A2I7QK01	A0A1L5JGR3	0.272	55	24	5	188	237	246	289	1.740E+00	26
A0A2I7QK01__cluster_membership__A0A1S5VF16	A0A2I7QK01	A0A1S5VF16	cluster_membership	cluster_membership	same_foldseek_cluster_no_direct_rep_alignment_in_m8	0	A0A2I7QK01	43	visible												
A0A2I7QK01__direct_alignment__A0A1V0SAR4	A0A2I7QK01	A0A1V0SAR4	direct_alignment	direct_alignment	alignment_present_in_m8	1	A0A2I7QK01	43	visible	A0A2I7QK01	A0A1V0SAR4	0.232	43	16	4	3	41	73	102	6.210E+00	25
A0A2I7QK01__cluster_membership__A0A2I2L4Z0	A0A2I7QK01	A0A2I2L4Z0	cluster_membership	cluster_membership	same_foldseek_cluster_no_direct_rep_alignment_in_m8	0	A0A2I7QK01	43	visible												
A0A2I7QK01__cluster_membership__A0A2I7RRQ0	A0A2I7QK01	A0A2I7RRQ0	cluster_membership	cluster_membership	same_foldseek_cluster_no_direct_rep_alignment_in_m8	0	A0A2I7QK01	43	visible												
A0A2I7QK01__cluster_membership__A0A2L1GIG5	A0A2I7QK01	A0A2L1GIG5	cluster_membership	cluster_membership	same_foldseek_cluster_no_direct_rep_alignment_in_m8	0	A0A2I7QK01	43	visible												
A0A2I7QK01__cluster_membership__A0A2U8T517	A0A2I7QK01	A0A2U8T517	cluster_membership	cluster_membership	same_foldseek_cluster_no_direct_rep_alignment_in_m8	0	A0A2I7QK01	43	visible												
A0A2I7QK01__cluster_membership__A0A2Z5U7F7	A0A2I7QK01	A0A2Z5U7F7	cluster_membership	cluster_membership	same_foldseek_cluster_no_direct_rep_alignment_in_m8	0	A0A2I7QK01	43	visible												
A0A2I7QK01__cluster_membership__A0A345MWJ6	A0A2I7QK01	A0A345MWJ6	cluster_membership	cluster_membership	same_foldseek_cluster_no_direct_rep_alignment_in_m8	0	A0A2I7QK01	43	visible												
A0A2I7QK01__cluster_membership__A0A345MZB9	A0A2I7QK01	A0A345MZB9	cluster_membership	cluster_membership	same_foldseek_cluster_no_direct_rep_alignment_in_m8	0	A0A2I7QK01	43	visible												
A0A2I7QK01__cluster_membership__A0A385E3E0	A0A2I7QK01	A0A385E3E0	cluster_membership	cluster_membership	same_foldseek_cluster_no_direct_rep_alignment_in_m8	0	A0A2I7QK01	43	visible												
A0A2I7QK01__cluster_membership__A0A3G5A3Z7	A0A2I7QK01	A0A3G5A3Z7	cluster_membership	cluster_membership	same_foldseek_cluster_no_direct_rep_alignment_in_m8	0	A0A2I7QK01	43	visible												
A0A2I7QK01__cluster_membership__A0A3G5A4B0	A0A2I7QK01	A0A3G5A4B0	cluster_membership	cluster_membership	same_foldseek_cluster_no_direct_rep_alignment_in_m8	0	A0A2I7QK01	43	visible												
A0A2I7QK01__cluster_membership__A0A3G5AHX4	A0A2I7QK01	A0A3G5AHX4	cluster_membership	cluster_membership	same_foldseek_cluster_no_direct_rep_alignment_in_m8	0	A0A2I7QK01	43	visible												
A0A2I7QK01__direct_alignment__A0A5B9N6V1	A0A2I7QK01	A0A5B9N6V1	direct_alignment	direct_alignment	alignment_present_in_m8	1	A0A2I7QK01	43	visible	A0A2I7QK01	A0A5B9N6V1	0.363	33	15	3	227	254	36	67	1.740E+00	26
A0A2I7QK01__cluster_membership__A0A5J6VJS6	A0A2I7QK01	A0A5J6VJS6	cluster_membership	cluster_membership	same_foldseek_cluster_no_direct_rep_alignment_in_m8	0	A0A2I7QK01	43	visible												
A0A2I7QK01__cluster_membership__A0A5K0U6V2	A0A2I7QK01	A0A5K0U6V2	cluster_membership	cluster_membership	same_foldseek_cluster_no_direct_rep_alignment_in_m8	0	A0A2I7QK01	43	visible												
A0A2I7QK01__direct_alignment__A0A6J7WTY5	A0A2I7QK01	A0A6J7WTY5	direct_alignment	direct_alignment	alignment_present_in_m8	1	A0A2I7QK01	43	visible	A0A2I7QK01	A0A6J7WTY5	0.211	52	34	3	10	61	43	87	8.536E+00	24
A0A2I7QK01__cluster_membership__A0A6N1NLJ7	A0A2I7QK01	A0A6N1NLJ7	cluster_membership	cluster_membership	same_foldseek_cluster_no_direct_rep_alignment_in_m8	0	A0A2I7QK01	43	visible												
A0A2I7QK01__cluster_membership__A0A858NI11	A0A2I7QK01	A0A858NI11	cluster_membership	cluster_membership	same_foldseek_cluster_no_direct_rep_alignment_in_m8	0	A0A2I7QK01	43	visible												
A0A2I7QK01__cluster_membership__A0A873WEF3	A0A2I7QK01	A0A873WEF3	cluster_membership	cluster_membership	same_foldseek_cluster_no_direct_rep_alignment_in_m8	0	A0A2I7QK01	43	visible												
A0A2I7QK01__direct_alignment__A0A8S5MF86	A0A2I7QK01	A0A8S5MF86	direct_alignment	direct_alignment	alignment_present_in_m8	1	A0A2I7QK01	43	visible	A0A2I7QK01	A0A8S5MF86	0.177	45	33	3	62	106	82	122	2.392E+00	26
A0A2I7QK01__cluster_membership__A0A8S5RSR1	A0A2I7QK01	A0A8S5RSR1	cluster_membership	cluster_membership	same_foldseek_cluster_no_direct_rep_alignment_in_m8	0	A0A2I7QK01	43	visible												
A0A2I7QK01__cluster_membership__A0A8S5TPC3	A0A2I7QK01	A0A8S5TPC3	cluster_membership	cluster_membership	same_foldseek_cluster_no_direct_rep_alignment_in_m8	0	A0A2I7QK01	43	visible												
A0A2I7QK01__cluster_membership__A7J7N2	A0A2I7QK01	A7J7N2	cluster_membership	cluster_membership	same_foldseek_cluster_no_direct_rep_alignment_in_m8	0	A0A2I7QK01	43	visible												
A0A2I7QK01__cluster_membership__B8XB50	A0A2I7QK01	B8XB50	cluster_membership	cluster_membership	same_foldseek_cluster_no_direct_rep_alignment_in_m8	0	A0A2I7QK01	43	visible												
A0A2I7QK01__cluster_membership__I6TKB7	A0A2I7QK01	I6TKB7	cluster_membership	cluster_membership	same_foldseek_cluster_no_direct_rep_alignment_in_m8	0	A0A2I7QK01	43	visible												
A0A2I7QK01__cluster_membership__J2YW80	A0A2I7QK01	J2YW80	cluster_membership	cluster_membership	same_foldseek_cluster_no_direct_rep_alignment_in_m8	0	A0A2I7QK01	43	visible												
A0A2I7QK01__cluster_membership__M1HHN7	A0A2I7QK01	M1HHN7	cluster_membership	cluster_membership	same_foldseek_cluster_no_direct_rep_alignment_in_m8	0	A0A2I7QK01	43	visible												
A0A2I7QK01__cluster_membership__M1HWL9	A0A2I7QK01	M1HWL9	cluster_membership	cluster_membership	same_foldseek_cluster_no_direct_rep_alignment_in_m8	0	A0A2I7QK01	43	visible												
A0A2I7QK01__direct_alignment__M1HX01	A0A2I7QK01	M1HX01	direct_alignment	direct_alignment	alignment_present_in_m8	1	A0A2I7QK01	43	visible	A0A2I7QK01	M1HX01	0.428	21	5	3	196	211	142	160	3.288E+00	25
A0A2I7QK01__cluster_membership__O70647	A0A2I7QK01	O70647	cluster_membership	cluster_membership	same_foldseek_cluster_no_direct_rep_alignment_in_m8	0	A0A2I7QK01	43	visible												
A0A2I7QK01__cluster_membership__Q0GGW6	A0A2I7QK01	Q0GGW6	cluster_membership	cluster_membership	same_foldseek_cluster_no_direct_rep_alignment_in_m8	0	A0A2I7QK01	43	visible												
A0A2I7QK01__cluster_membership__Q65548	A0A2I7QK01	Q65548	cluster_membership	cluster_membership	same_foldseek_cluster_no_direct_rep_alignment_in_m8	0	A0A2I7QK01	43	visible												
A0A2I7QK01__cluster_membership__UPI001E7F0AC8	A0A2I7QK01	UPI001E7F0AC8	cluster_membership	cluster_membership	same_foldseek_cluster_no_direct_rep_alignment_in_m8	0	A0A2I7QK01	43	visible												
A0A2I7QK01__direct_alignment__V5LNT2	A0A2I7QK01	V5LNT2	direct_alignment	direct_alignment	alignment_present_in_m8	1	A0A2I7QK01	43	visible	A0A2I7QK01	V5LNT2	0.250	60	25	6	3	55	770	816	1.266E+00	27
A0A2I7RBG1__cluster_membership__A0A218MKF4	A0A2I7RBG1	A0A218MKF4	cluster_membership	cluster_membership	same_foldseek_cluster_no_direct_rep_alignment_in_m8	0	A0A2I7RBG1	3	absent												
A0A2I7RBG1__cluster_membership__G3MBB4	A0A2I7RBG1	G3MBB4	cluster_membership	cluster_membership	same_foldseek_cluster_no_direct_rep_alignment_in_m8	0	A0A2I7RBG1	3	absent												
A0A2P0VNQ4__direct_alignment__A0A2I7SAM5	A0A2P0VNQ4	A0A2I7SAM5	direct_alignment	direct_alignment	alignment_present_in_m8	1	A0A2P0VNQ4	7	visible	A0A2P0VNQ4	A0A2I7SAM5	0.409	22	3	1	42	53	13	34	8.892E+00	23
A0A2P0VNQ4__cluster_membership__A0A345MND3	A0A2P0VNQ4	A0A345MND3	cluster_membership	cluster_membership	same_foldseek_cluster_no_direct_rep_alignment_in_m8	0	A0A2P0VNQ4	7	visible												
A0A2P0VNQ4__cluster_membership__A0A481YXU7	A0A2P0VNQ4	A0A481YXU7	cluster_membership	cluster_membership	same_foldseek_cluster_no_direct_rep_alignment_in_m8	0	A0A2P0VNQ4	7	visible												
A0A2P0VNQ4__cluster_membership__F2Y1H0	A0A2P0VNQ4	F2Y1H0	cluster_membership	cluster_membership	same_foldseek_cluster_no_direct_rep_alignment_in_m8	0	A0A2P0VNQ4	7	visible												
A0A2P0VNQ4__cluster_membership__A0A8S5PZ39	A0A2P0VNQ4	A0A8S5PZ39	cluster_membership	cluster_membership	same_foldseek_cluster_no_direct_rep_alignment_in_m8	0	A0A2P0VNQ4	7	visible												
A0A2P0VNQ4__direct_alignment__A0A8S5VQY2	A0A2P0VNQ4	A0A8S5VQY2	direct_alignment	direct_alignment	alignment_present_in_m8	1	A0A2P0VNQ4	7	visible	A0A2P0VNQ4	A0A8S5VQY2	0.285	70	17	7	103	149	16	75	1.296E+00	25
A0A2P1GNG2__direct_alignment__A0A2P1GNA7	A0A2P1GNG2	A0A2P1GNA7	direct_alignment	direct_alignment	alignment_present_in_m8	1	A0A2P1GNG2	7	visible	A0A2P1GNG2	A0A2P1GNA7	0.221	194	77	17	224	386	199	349	1.736E-03	37
A0A2P1GNG2__direct_alignment__A0A514TRU7	A0A2P1GNG2	A0A514TRU7	direct_alignment	direct_alignment	alignment_present_in_m8	1	A0A2P1GNG2	7	visible	A0A2P1GNG2	A0A514TRU7	0.215	227	73	21	110	289	53	221	4.808E+00	26
A0A2P1GNG2__cluster_membership__A0A345MRS9	A0A2P1GNG2	A0A345MRS9	cluster_membership	cluster_membership	same_foldseek_cluster_no_direct_rep_alignment_in_m8	0	A0A2P1GNG2	7	visible												
A0A2P1GNG2__cluster_membership__A0A8K1U255	A0A2P1GNG2	A0A8K1U255	cluster_membership	cluster_membership	same_foldseek_cluster_no_direct_rep_alignment_in_m8	0	A0A2P1GNG2	7	visible												
A0A2P1GNG2__direct_alignment__A0A3G4ZZF8	A0A2P1GNG2	A0A3G4ZZF8	direct_alignment	direct_alignment	alignment_present_in_m8	1	A0A2P1GNG2	7	visible	A0A2P1GNG2	A0A3G4ZZF8	0.318	44	14	5	437	470	53	90	7.797E-02	32
A0A2P1GNG2__cluster_membership__A0A8S5LRY3	A0A2P1GNG2	A0A8S5LRY3	cluster_membership	cluster_membership	same_foldseek_cluster_no_direct_rep_alignment_in_m8	0	A0A2P1GNG2	7	visible												
A0A2P1GNX3__direct_alignment__A0A0A1E7E7	A0A2P1GNX3	A0A0A1E7E7	direct_alignment	direct_alignment	alignment_present_in_m8	1	A0A2P1GNX3	2	visible	A0A2P1GNX3	A0A0A1E7E7	0.350	20	11	1	266	283	8	27	1.745E+00	27
A0A2S0SZ38__cluster_membership__A0A482MW97	A0A2S0SZ38	A0A482MW97	cluster_membership	cluster_membership	same_foldseek_cluster_no_direct_rep_alignment_in_m8	0	A0A2S0SZ38	2	absent												
A0A2S1FYN1__cluster_membership__A0A1U9IRR6	A0A2S1FYN1	A0A1U9IRR6	cluster_membership	cluster_membership	same_foldseek_cluster_no_direct_rep_alignment_in_m8	0	A0A2S1FYN1	3	absent												
A0A2S1FYN1__cluster_membership__UPI001E7744B2	A0A2S1FYN1	UPI001E7744B2	cluster_membership	cluster_membership	same_foldseek_cluster_no_direct_rep_alignment_in_m8	0	A0A2S1FYN1	3	absent												
A0A345MUK2__cluster_membership__A0A2H4T2R0	A0A345MUK2	A0A2H4T2R0	cluster_membership	cluster_membership	same_foldseek_cluster_no_direct_rep_alignment_in_m8	0	A0A345MUK2	2	absent												
A0A384WWT1__cluster_membership__A0A3G5AB61	A0A384WWT1	A0A3G5AB61	cluster_membership	cluster_membership	same_foldseek_cluster_no_direct_rep_alignment_in_m8	0	A0A384WWT1	2	absent												
A0A3G4ZSK2__cluster_membership__A0A6G5Y167	A0A3G4ZSK2	A0A6G5Y167	cluster_membership	cluster_membership	same_foldseek_cluster_no_direct_rep_alignment_in_m8	0	A0A3G4ZSK2	2	absent												
A0A3G4ZUT7__cluster_membership__A0A5S9BZ72	A0A3G4ZUT7	A0A5S9BZ72	cluster_membership	cluster_membership	same_foldseek_cluster_no_direct_rep_alignment_in_m8	0	A0A3G4ZUT7	6	visible												
A0A3G4ZUT7__direct_alignment__Q7Y585	A0A3G4ZUT7	Q7Y585	direct_alignment	direct_alignment	alignment_present_in_m8	1	A0A3G4ZUT7	6	visible	A0A3G4ZUT7	Q7Y585	0.264	68	25	8	18	79	75	123	2.217E-01	28
A0A3G4ZUT7__cluster_membership__A0A7G8LFL7	A0A3G4ZUT7	A0A7G8LFL7	cluster_membership	cluster_membership	same_foldseek_cluster_no_direct_rep_alignment_in_m8	0	A0A3G4ZUT7	6	visible												
A0A3G4ZUT7__direct_alignment__A0A516LWY9	A0A3G4ZUT7	A0A516LWY9	direct_alignment	direct_alignment	alignment_present_in_m8	1	A0A3G4ZUT7	6	visible	A0A3G4ZUT7	A0A516LWY9	0.227	88	31	10	23	103	157	214	7.520E+00	23
A0A3G4ZUT7__direct_alignment__G8DGM1	A0A3G4ZUT7	G8DGM1	direct_alignment	direct_alignment	alignment_present_in_m8	1	A0A3G4ZUT7	6	visible	A0A3G4ZUT7	G8DGM1	0.360	25	9	2	48	67	101	123	5.798E-01	27
A0A3G4ZXW4__cluster_membership__D6PGB3	A0A3G4ZXW4	D6PGB3	cluster_membership	cluster_membership	same_foldseek_cluster_no_direct_rep_alignment_in_m8	0	A0A3G4ZXW4	2	absent												
A0A3Q8Q3U2__direct_alignment__A0A7D3QUS5	A0A3Q8Q3U2	A0A7D3QUS5	direct_alignment	direct_alignment	alignment_present_in_m8	1	A0A3Q8Q3U2	594	visible	A0A3Q8Q3U2	A0A7D3QUS5	0.269	89	26	9	28	89	286	362	1.097E-04	40
A0A3Q8Q3U2__direct_alignment__A0A386K979	A0A3Q8Q3U2	A0A386K979	direct_alignment	direct_alignment	alignment_present_in_m8	1	A0A3Q8Q3U2	594	visible	A0A3Q8Q3U2	A0A386K979	0.202	79	37	7	172	232	23	93	2.995E+00	25
A0A3Q8Q3U2__direct_alignment__A0A6J5M302	A0A3Q8Q3U2	A0A6J5M302	direct_alignment	direct_alignment	alignment_present_in_m8	1	A0A3Q8Q3U2	594	visible	A0A3Q8Q3U2	A0A6J5M302	0.250	36	17	3	42	73	102	131	1.150E+00	26
A0A3Q8Q3U2__direct_alignment__A0A8S5SMU3	A0A3Q8Q3U2	A0A8S5SMU3	direct_alignment	direct_alignment	alignment_present_in_m8	1	A0A3Q8Q3U2	594	visible	A0A3Q8Q3U2	A0A8S5SMU3	0.242	103	33	12	146	225	68	148	4.415E-01	28
A0A3Q8Q3U2__direct_alignment__E3T517	A0A3Q8Q3U2	E3T517	direct_alignment	direct_alignment	alignment_present_in_m8	1	A0A3Q8Q3U2	594	visible	A0A3Q8Q3U2	E3T517	0.235	106	29	9	146	233	54	125	4.120E+00	25
A0A3Q8Q3U2__direct_alignment__A0A6J5SCN4	A0A3Q8Q3U2	A0A6J5SCN4	direct_alignment	direct_alignment	alignment_present_in_m8	1	A0A3Q8Q3U2	594	visible	A0A3Q8Q3U2	A0A6J5SCN4	0.198	116	43	11	147	225	142	244	6.075E-01	27
A0A3Q8Q3U2__direct_alignment__A0A3G5A6A6	A0A3Q8Q3U2	A0A3G5A6A6	direct_alignment	direct_alignment	alignment_present_in_m8	1	A0A3Q8Q3U2	594	visible	A0A3Q8Q3U2	A0A3G5A6A6	0.246	73	24	5	14	67	324	384	1.150E+00	26
A0A3Q8Q3U2__direct_alignment__A0A3G5A480	A0A3Q8Q3U2	A0A3G5A480	direct_alignment	direct_alignment	alignment_present_in_m8	1	A0A3Q8Q3U2	594	visible	A0A3Q8Q3U2	A0A3G5A480	0.214	70	29	8	16	75	485	538	8.953E-02	30
A0A3Q8Q3U2__direct_alignment__A0A5Q2F0I6	A0A3Q8Q3U2	A0A5Q2F0I6	direct_alignment	direct_alignment	alignment_present_in_m8	1	A0A3Q8Q3U2	594	visible	A0A3Q8Q3U2	A0A5Q2F0I6	0.294	68	20	8	15	59	37	99	2.498E-02	32
A0A3Q8Q3U2__cluster_membership__A0A0E3HFM5	A0A3Q8Q3U2	A0A0E3HFM5	cluster_membership	cluster_membership	same_foldseek_cluster_no_direct_rep_alignment_in_m8	0	A0A3Q8Q3U2	594	visible												
A0A3Q8Q3U2__direct_alignment__A0A1V0SAC3	A0A3Q8Q3U2	A0A1V0SAC3	direct_alignment	direct_alignment	alignment_present_in_m8	1	A0A3Q8Q3U2	594	visible	A0A3Q8Q3U2	A0A1V0SAC3	0.221	113	33	11	13	74	272	380	2.222E-05	42
A0A3Q8Q3U2__direct_alignment__A0A218M8R0	A0A3Q8Q3U2	A0A218M8R0	direct_alignment	direct_alignment	alignment_present_in_m8	1	A0A3Q8Q3U2	594	visible	A0A3Q8Q3U2	A0A218M8R0	0.323	34	12	3	18	51	353	375	2.177E+00	25
A0A3Q8Q3U2__direct_alignment__A0A2H4UTM2	A0A3Q8Q3U2	A0A2H4UTM2	direct_alignment	direct_alignment	alignment_present_in_m8	1	A0A3Q8Q3U2	594	visible	A0A3Q8Q3U2	A0A2H4UTM2	0.289	38	18	3	36	71	167	197	7.799E+00	24
A0A3Q8Q3U2__cluster_membership__A0A2I2L5X1	A0A3Q8Q3U2	A0A2I2L5X1	cluster_membership	cluster_membership	same_foldseek_cluster_no_direct_rep_alignment_in_m8	0	A0A3Q8Q3U2	594	visible												
A0A3Q8Q3U2__direct_alignment__A0A6J5LLV3	A0A3Q8Q3U2	A0A6J5LLV3	direct_alignment	direct_alignment	alignment_present_in_m8	1	A0A3Q8Q3U2	594	visible	A0A3Q8Q3U2	A0A6J5LLV3	0.226	141	45	17	129	245	48	148	2.332E-01	29
A0A3Q8Q3U2__direct_alignment__A0A6J5LTW8	A0A3Q8Q3U2	A0A6J5LTW8	direct_alignment	direct_alignment	alignment_present_in_m8	1	A0A3Q8Q3U2	594	visible	A0A3Q8Q3U2	A0A6J5LTW8	0.253	67	35	9	10	71	214	270	6.967E-03	34
A0A3Q8Q3U2__direct_alignment__A0A6J5N295	A0A3Q8Q3U2	A0A6J5N295	direct_alignment	direct_alignment	alignment_present_in_m8	1	A0A3Q8Q3U2	594	visible	A0A3Q8Q3U2	A0A6J5N295	0.382	34	11	3	25	56	76	101	3.437E-02	31
A0A3Q8Q3U2__cluster_membership__A0A6J5SK91	A0A3Q8Q3U2	A0A6J5SK91	cluster_membership	cluster_membership	same_foldseek_cluster_no_direct_rep_alignment_in_m8	0	A0A3Q8Q3U2	594	visible												
A0A3Q8Q3U2__direct_alignment__A0A7D3UT80	A0A3Q8Q3U2	A0A7D3UT80	direct_alignment	direct_alignment	alignment_present_in_m8	1	A0A3Q8Q3U2	594	visible	A0A3Q8Q3U2	A0A7D3UT80	0.203	325	104	34	15	238	103	373	3.209E-01	28
A0A3Q8Q3U2__direct_alignment__A0A8S5PPT3	A0A3Q8Q3U2	A0A8S5PPT3	direct_alignment	direct_alignment	alignment_present_in_m8	1	A0A3Q8Q3U2	594	visible	A0A3Q8Q3U2	A0A8S5PPT3	0.173	98	41	11	32	98	162	250	8.358E-01	27
A0A3Q8Q3U2__direct_alignment__A0A6G6XN89	A0A3Q8Q3U2	A0A6G6XN89	direct_alignment	direct_alignment	alignment_present_in_m8	1	A0A3Q8Q3U2	594	visible	A0A3Q8Q3U2	A0A6G6XN89	0.326	49	10	6	46	81	53	91	3.209E-01	28
A0A3Q8Q3U2__cluster_membership__M4QST4	A0A3Q8Q3U2	M4QST4	cluster_membership	cluster_membership	same_foldseek_cluster_no_direct_rep_alignment_in_m8	0	A0A3Q8Q3U2	594	visible												
A0A3Q8Q3U2__direct_alignment__A0A8S5RW13	A0A3Q8Q3U2	A0A8S5RW13	direct_alignment	direct_alignment	alignment_present_in_m8	1	A0A3Q8Q3U2	594	visible	A0A3Q8Q3U2	A0A8S5RW13	0.281	110	24	14	17	88	39	131	3.679E-03	35
A0A3Q8Q3U2__direct_alignment__A0A5J6VM96	A0A3Q8Q3U2	A0A5J6VM96	direct_alignment	direct_alignment	alignment_present_in_m8	1	A0A3Q8Q3U2	594	visible	A0A3Q8Q3U2	A0A5J6VM96	0.291	72	31	9	13	73	759	821	1.695E-01	29
A0A3Q8Q3U2__direct_alignment__A0A2H4UUJ1	A0A3Q8Q3U2	A0A2H4UUJ1	direct_alignment	direct_alignment	alignment_present_in_m8	1	A0A3Q8Q3U2	594	visible	A0A3Q8Q3U2	A0A2H4UUJ1	0.287	101	29	11	12	70	540	639	3.209E-01	28
A0A3Q8Q3U2__direct_alignment__A0A1V0SE67	A0A3Q8Q3U2	A0A1V0SE67	direct_alignment	direct_alignment	alignment_present_in_m8	1	A0A3Q8Q3U2	594	visible	A0A3Q8Q3U2	A0A1V0SE67	0.257	128	40	14	145	232	511	623	1.412E-03	36
A0A3Q8Q3U2__cluster_membership__B2ZYD8	A0A3Q8Q3U2	B2ZYD8	cluster_membership	cluster_membership	same_foldseek_cluster_no_direct_rep_alignment_in_m8	0	A0A3Q8Q3U2	594	visible												
A0A3Q8Q3U2__direct_alignment__A0A3G5A344	A0A3Q8Q3U2	A0A3G5A344	direct_alignment	direct_alignment	alignment_present_in_m8	1	A0A3Q8Q3U2	594	visible	A0A3Q8Q3U2	A0A3G5A344	0.244	49	21	5	10	48	196	238	8.358E-01	27
A0A3Q8Q3U2__direct_alignment__A0A1V0SAJ1	A0A3Q8Q3U2	A0A1V0SAJ1	direct_alignment	direct_alignment	alignment_present_in_m8	1	A0A3Q8Q3U2	594	visible	A0A3Q8Q3U2	A0A1V0SAJ1	0.202	69	20	5	15	69	139	186	1.150E+00	26
A0A3Q8Q3U2__direct_alignment__E3T516	A0A3Q8Q3U2	E3T516	direct_alignment	direct_alignment	alignment_present_in_m8	1	A0A3Q8Q3U2	594	visible	A0A3Q8Q3U2	E3T516	0.324	37	7	6	14	50	66	84	2.995E+00	25
A0A3Q8Q3U2__direct_alignment__A0A481Z534	A0A3Q8Q3U2	A0A481Z534	direct_alignment	direct_alignment	alignment_present_in_m8	1	A0A3Q8Q3U2	594	visible	A0A3Q8Q3U2	A0A481Z534	0.266	75	26	10	14	73	293	353	1.815E-02	32
A0A3Q8Q3U2__direct_alignment__A0A5K0U8N8	A0A3Q8Q3U2	A0A5K0U8N8	direct_alignment	direct_alignment	alignment_present_in_m8	1	A0A3Q8Q3U2	594	visible	A0A3Q8Q3U2	A0A5K0U8N8	0.247	101	25	13	11	100	310	370	3.209E-01	28
A0A3Q8Q3U2__direct_alignment__A0A6G6AAM5	A0A3Q8Q3U2	A0A6G6AAM5	direct_alignment	direct_alignment	alignment_present_in_m8	1	A0A3Q8Q3U2	594	visible	A0A3Q8Q3U2	A0A6G6AAM5	0.235	89	24	11	20	77	30	105	1.695E-01	29
A0A3Q8Q3U2__direct_alignment__A0A516KWN1	A0A3Q8Q3U2	A0A516KWN1	direct_alignment	direct_alignment	alignment_present_in_m8	1	A0A3Q8Q3U2	594	visible	A0A3Q8Q3U2	A0A516KWN1	0.231	121	44	10	148	245	456	550	9.587E-03	33
A0A3Q8Q3U2__direct_alignment__K7YEL3	A0A3Q8Q3U2	K7YEL3	direct_alignment	direct_alignment	alignment_present_in_m8	1	A0A3Q8Q3U2	594	visible	A0A3Q8Q3U2	K7YEL3	0.267	56	28	5	20	75	196	238	1.943E-03	35
A0A3Q8Q3U2__direct_alignment__M1HTG7	A0A3Q8Q3U2	M1HTG7	direct_alignment	direct_alignment	alignment_present_in_m8	1	A0A3Q8Q3U2	594	visible	A0A3Q8Q3U2	M1HTG7	0.304	82	29	8	11	72	83	156	7.455E-04	37
A0A3Q8Q3U2__direct_alignment__A0A6J5MI71	A0A3Q8Q3U2	A0A6J5MI71	direct_alignment	direct_alignment	alignment_present_in_m8	1	A0A3Q8Q3U2	594	visible	A0A3Q8Q3U2	A0A6J5MI71	0.287	94	25	15	9	83	46	116	2.332E-01	29
A0A3Q8Q3U2__cluster_membership__G8DGU9	A0A3Q8Q3U2	G8DGU9	cluster_membership	cluster_membership	same_foldseek_cluster_no_direct_rep_alignment_in_m8	0	A0A3Q8Q3U2	594	visible												
A0A3Q8Q3U2__direct_alignment__Q8QNI9	A0A3Q8Q3U2	Q8QNI9	direct_alignment	direct_alignment	alignment_present_in_m8	1	A0A3Q8Q3U2	594	visible	A0A3Q8Q3U2	Q8QNI9	0.217	124	28	12	13	86	83	187	1.943E-03	35
A0A3Q8Q3U2__direct_alignment__UPI001FBC14AE	A0A3Q8Q3U2	UPI001FBC14AE	direct_alignment	direct_alignment	alignment_present_in_m8	1	A0A3Q8Q3U2	594	visible	A0A3Q8Q3U2	UPI001FBC14AE	0.232	125	40	11	140	220	199	311	4.729E-02	31
A0A3Q8Q3U2__cluster_membership__A0A142EZR1	A0A3Q8Q3U2	A0A142EZR1	cluster_membership	cluster_membership	same_foldseek_cluster_no_direct_rep_alignment_in_m8	0	A0A3Q8Q3U2	594	visible												
A0A3Q8Q3U2__cluster_membership__A0A516LPJ5	A0A3Q8Q3U2	A0A516LPJ5	cluster_membership	cluster_membership	same_foldseek_cluster_no_direct_rep_alignment_in_m8	0	A0A3Q8Q3U2	594	visible												
A0A3Q8Q3U2__direct_alignment__A0A159B7X0	A0A3Q8Q3U2	A0A159B7X0	direct_alignment	direct_alignment	alignment_present_in_m8	1	A0A3Q8Q3U2	594	visible	A0A3Q8Q3U2	A0A159B7X0	0.228	83	31	8	164	228	161	228	6.967E-03	34
A0A3Q8Q3U2__direct_alignment__A0A8F2DCD3	A0A3Q8Q3U2	A0A8F2DCD3	direct_alignment	direct_alignment	alignment_present_in_m8	1	A0A3Q8Q3U2	594	visible	A0A3Q8Q3U2	A0A8F2DCD3	0.411	17	4	1	203	213	258	274	2.995E+00	25
A0A3Q8Q3U2__direct_alignment__A0A5P8D8M7	A0A3Q8Q3U2	A0A5P8D8M7	direct_alignment	direct_alignment	alignment_present_in_m8	1	A0A3Q8Q3U2	594	visible	A0A3Q8Q3U2	A0A5P8D8M7	0.261	42	10	2	19	49	244	275	6.075E-01	27
A0A3Q8Q3U2__direct_alignment__A0A6J7XBW3	A0A3Q8Q3U2	A0A6J7XBW3	direct_alignment	direct_alignment	alignment_present_in_m8	1	A0A3Q8Q3U2	594	visible	A0A3Q8Q3U2	A0A6J7XBW3	0.280	89	37	11	20	89	37	117	2.861E-04	38
A0A3Q8Q3U2__direct_alignment__A0A8S5LEX1	A0A3Q8Q3U2	A0A8S5LEX1	direct_alignment	direct_alignment	alignment_present_in_m8	1	A0A3Q8Q3U2	594	visible	A0A3Q8Q3U2	A0A8S5LEX1	0.351	37	13	3	38	69	25	55	4.729E-02	31
A0A3Q8Q3U2__direct_alignment__A0A8S5VQZ1	A0A3Q8Q3U2	A0A8S5VQZ1	direct_alignment	direct_alignment	alignment_present_in_m8	1	A0A3Q8Q3U2	594	visible	A0A3Q8Q3U2	A0A8S5VQZ1	0.238	67	21	8	185	225	152	214	4.415E-01	28
A0A3Q8Q3U2__direct_alignment__B2ZYD6	A0A3Q8Q3U2	B2ZYD6	direct_alignment	direct_alignment	alignment_present_in_m8	1	A0A3Q8Q3U2	594	visible	A0A3Q8Q3U2	B2ZYD6	0.212	33	15	3	20	51	230	252	5.669E+00	24
A0A3Q8Q3U2__direct_alignment__Q6XM73	A0A3Q8Q3U2	Q6XM73	direct_alignment	direct_alignment	alignment_present_in_m8	1	A0A3Q8Q3U2	594	visible	A0A3Q8Q3U2	Q6XM73	0.307	52	16	7	12	46	178	226	6.075E-01	27
A0A3Q8Q3U2__cluster_membership__A0A1V0SE25	A0A3Q8Q3U2	A0A1V0SE25	cluster_membership	cluster_membership	same_foldseek_cluster_no_direct_rep_alignment_in_m8	0	A0A3Q8Q3U2	594	visible												
A0A3Q8Q3U2__cluster_membership__A0A1V0SJD8	A0A3Q8Q3U2	A0A1V0SJD8	cluster_membership	cluster_membership	same_foldseek_cluster_no_direct_rep_alignment_in_m8	0	A0A3Q8Q3U2	594	visible												
A0A3Q8Q3U2__direct_alignment__A0A6J5RRZ1	A0A3Q8Q3U2	A0A6J5RRZ1	direct_alignment	direct_alignment	alignment_present_in_m8	1	A0A3Q8Q3U2	594	visible	A0A3Q8Q3U2	A0A6J5RRZ1	0.241	87	34	8	17	76	48	129	1.319E-02	33
A0A3Q8Q3U2__direct_alignment__A0A6J5QD79	A0A3Q8Q3U2	A0A6J5QD79	direct_alignment	direct_alignment	alignment_present_in_m8	1	A0A3Q8Q3U2	594	visible	A0A3Q8Q3U2	A0A6J5QD79	0.264	34	17	2	146	179	52	77	8.953E-02	30
A0A3Q8Q3U2__direct_alignment__A0A6J7X0W5	A0A3Q8Q3U2	A0A6J7X0W5	direct_alignment	direct_alignment	alignment_present_in_m8	1	A0A3Q8Q3U2	594	visible	A0A3Q8Q3U2	A0A6J7X0W5	0.173	75	30	5	15	89	99	141	1.232E-01	30
A0A3Q8Q3U2__direct_alignment__Q6J7Z7	A0A3Q8Q3U2	Q6J7Z7	direct_alignment	direct_alignment	alignment_present_in_m8	1	A0A3Q8Q3U2	594	visible	A0A3Q8Q3U2	Q6J7Z7	0.212	80	32	9	154	221	320	380	1.232E-01	30
A0A3Q8Q3U2__direct_alignment__M4QP98	A0A3Q8Q3U2	M4QP98	direct_alignment	direct_alignment	alignment_present_in_m8	1	A0A3Q8Q3U2	594	visible	A0A3Q8Q3U2	M4QP98	0.234	47	16	5	12	40	101	145	4.415E-01	28
A0A3Q8Q3U2__direct_alignment__A0A7D3USW8	A0A3Q8Q3U2	A0A7D3USW8	direct_alignment	direct_alignment	alignment_present_in_m8	1	A0A3Q8Q3U2	594	visible	A0A3Q8Q3U2	A0A7D3USW8	0.252	111	43	12	135	223	223	315	1.695E-01	29
A0A3Q8Q3U2__direct_alignment__A0A2H4UUT1	A0A3Q8Q3U2	A0A2H4UUT1	direct_alignment	direct_alignment	alignment_present_in_m8	1	A0A3Q8Q3U2	594	visible	A0A3Q8Q3U2	A0A2H4UUT1	0.260	92	27	11	6	69	407	485	1.943E-03	35
A0A3Q8Q3U2__cluster_membership__A0A0P0YM44	A0A3Q8Q3U2	A0A0P0YM44	cluster_membership	cluster_membership	same_foldseek_cluster_no_direct_rep_alignment_in_m8	0	A0A3Q8Q3U2	594	visible												
A0A3Q8Q3U2__cluster_membership__A0A0P0YNC5	A0A3Q8Q3U2	A0A0P0YNC5	cluster_membership	cluster_membership	same_foldseek_cluster_no_direct_rep_alignment_in_m8	0	A0A3Q8Q3U2	594	visible												
A0A3Q8Q3U2__direct_alignment__A0A2N9QVY2	A0A3Q8Q3U2	A0A2N9QVY2	direct_alignment	direct_alignment	alignment_present_in_m8	1	A0A3Q8Q3U2	594	visible	A0A3Q8Q3U2	A0A2N9QVY2	0.292	41	21	5	39	75	131	167	3.209E-01	28
A0A3Q8Q3U2__direct_alignment__A0A3G5AIA8	A0A3Q8Q3U2	A0A3G5AIA8	direct_alignment	direct_alignment	alignment_present_in_m8	1	A0A3Q8Q3U2	594	visible	A0A3Q8Q3U2	A0A3G5AIA8	0.333	42	14	5	163	200	842	873	1.232E-01	30
A0A3Q8Q3U2__cluster_membership__A0A4D6E2K3	A0A3Q8Q3U2	A0A4D6E2K3	cluster_membership	cluster_membership	same_foldseek_cluster_no_direct_rep_alignment_in_m8	0	A0A3Q8Q3U2	594	visible												
A0A3Q8Q3U2__direct_alignment__A0A516LSB6	A0A3Q8Q3U2	A0A516LSB6	direct_alignment	direct_alignment	alignment_present_in_m8	1	A0A3Q8Q3U2	594	visible	A0A3Q8Q3U2	A0A516LSB6	0.236	55	26	8	20	68	104	148	4.120E+00	25
A0A3Q8Q3U2__direct_alignment__A0A5K0U8L4	A0A3Q8Q3U2	A0A5K0U8L4	direct_alignment	direct_alignment	alignment_present_in_m8	1	A0A3Q8Q3U2	594	visible	A0A3Q8Q3U2	A0A5K0U8L4	0.235	187	56	18	42	205	120	242	1.695E-01	29
A0A3Q8Q3U2__cluster_membership__A0A6J5NR15	A0A3Q8Q3U2	A0A6J5NR15	cluster_membership	cluster_membership	same_foldseek_cluster_no_direct_rep_alignment_in_m8	0	A0A3Q8Q3U2	594	visible												
A0A3Q8Q3U2__direct_alignment__A0A6J5Q2P1	A0A3Q8Q3U2	A0A6J5Q2P1	direct_alignment	direct_alignment	alignment_present_in_m8	1	A0A3Q8Q3U2	594	visible	A0A3Q8Q3U2	A0A6J5Q2P1	0.297	37	10	4	40	71	62	87	7.799E+00	24
A0A3Q8Q3U2__direct_alignment__A0A6N1NGR4	A0A3Q8Q3U2	A0A6N1NGR4	direct_alignment	direct_alignment	alignment_present_in_m8	1	A0A3Q8Q3U2	594	visible	A0A3Q8Q3U2	A0A6N1NGR4	0.275	69	25	9	12	76	171	218	6.507E-02	30
A0A3Q8Q3U2__direct_alignment__A0A7D3QUP9	A0A3Q8Q3U2	A0A7D3QUP9	direct_alignment	direct_alignment	alignment_present_in_m8	1	A0A3Q8Q3U2	594	visible	A0A3Q8Q3U2	A0A7D3QUP9	0.380	42	13	6	38	75	337	369	2.498E-02	32
A0A3Q8Q3U2__direct_alignment__A0A7G8LFL5	A0A3Q8Q3U2	A0A7G8LFL5	direct_alignment	direct_alignment	alignment_present_in_m8	1	A0A3Q8Q3U2	594	visible	A0A3Q8Q3U2	A0A7G8LFL5	0.200	60	22	5	19	69	3	45	2.332E-01	29
A0A3Q8Q3U2__direct_alignment__A0A7M3UNJ6	A0A3Q8Q3U2	A0A7M3UNJ6	direct_alignment	direct_alignment	alignment_present_in_m8	1	A0A3Q8Q3U2	594	visible	A0A3Q8Q3U2	A0A7M3UNJ6	0.217	69	27	6	127	171	205	270	8.953E-02	30
A0A3Q8Q3U2__cluster_membership__D4N7N2	A0A3Q8Q3U2	D4N7N2	cluster_membership	cluster_membership	same_foldseek_cluster_no_direct_rep_alignment_in_m8	0	A0A3Q8Q3U2	594	visible												
A0A3Q8Q3U2__direct_alignment__E3T4Q8	A0A3Q8Q3U2	E3T4Q8	direct_alignment	direct_alignment	alignment_present_in_m8	1	A0A3Q8Q3U2	594	visible	A0A3Q8Q3U2	E3T4Q8	0.265	83	41	10	10	83	113	184	1.815E-02	32
A0A3Q8Q3U2__direct_alignment__A0A5J6VMM9	A0A3Q8Q3U2	A0A5J6VMM9	direct_alignment	direct_alignment	alignment_present_in_m8	1	A0A3Q8Q3U2	594	visible	A0A3Q8Q3U2	A0A5J6VMM9	0.283	53	18	6	33	78	72	111	4.415E-01	28
A0A3Q8Q3U2__direct_alignment__A0A1V0SBR2	A0A3Q8Q3U2	A0A1V0SBR2	direct_alignment	direct_alignment	alignment_present_in_m8	1	A0A3Q8Q3U2	594	visible	A0A3Q8Q3U2	A0A1V0SBR2	0.223	76	20	8	149	204	16	72	5.669E+00	24
A0A3Q8Q3U2__direct_alignment__A0A5B8HVT1	A0A3Q8Q3U2	A0A5B8HVT1	direct_alignment	direct_alignment	alignment_present_in_m8	1	A0A3Q8Q3U2	594	visible	A0A3Q8Q3U2	A0A5B8HVT1	0.194	113	40	10	169	241	1	102	6.075E-01	27
A0A3Q8Q3U2__direct_alignment__A0A6G6XP42	A0A3Q8Q3U2	A0A6G6XP42	direct_alignment	direct_alignment	alignment_present_in_m8	1	A0A3Q8Q3U2	594	visible	A0A3Q8Q3U2	A0A6G6XP42	0.220	86	26	10	23	73	125	204	2.177E+00	25
A0A3Q8Q3U2__direct_alignment__R4THE7	A0A3Q8Q3U2	R4THE7	direct_alignment	direct_alignment	alignment_present_in_m8	1	A0A3Q8Q3U2	594	visible	A0A3Q8Q3U2	R4THE7	0.269	78	19	9	179	248	78	125	3.209E-01	28
A0A3Q8Q3U2__direct_alignment__A0A6J5M0F1	A0A3Q8Q3U2	A0A6J5M0F1	direct_alignment	direct_alignment	alignment_present_in_m8	1	A0A3Q8Q3U2	594	visible	A0A3Q8Q3U2	A0A6J5M0F1	0.217	69	25	5	188	250	26	71	2.995E+00	25
A0A3Q8Q3U2__direct_alignment__A0A3G4ZPF4	A0A3Q8Q3U2	A0A3G4ZPF4	direct_alignment	direct_alignment	alignment_present_in_m8	1	A0A3Q8Q3U2	594	visible	A0A3Q8Q3U2	A0A3G4ZPF4	0.232	142	50	13	148	251	58	178	6.507E-02	30
A0A3Q8Q3U2__direct_alignment__A0A8D9C9X8	A0A3Q8Q3U2	A0A8D9C9X8	direct_alignment	direct_alignment	alignment_present_in_m8	1	A0A3Q8Q3U2	594	visible	A0A3Q8Q3U2	A0A8D9C9X8	0.343	32	10	3	43	74	25	45	1.232E-01	30
A0A3Q8Q3U2__direct_alignment__A0A6J5ME36	A0A3Q8Q3U2	A0A6J5ME36	direct_alignment	direct_alignment	alignment_present_in_m8	1	A0A3Q8Q3U2	594	visible	A0A3Q8Q3U2	A0A6J5ME36	0.304	46	18	7	15	54	340	377	1.582E+00	26
A0A3Q8Q3U2__direct_alignment__A0A6J5N1A0	A0A3Q8Q3U2	A0A6J5N1A0	direct_alignment	direct_alignment	alignment_present_in_m8	1	A0A3Q8Q3U2	594	visible	A0A3Q8Q3U2	A0A6J5N1A0	0.254	106	28	16	13	89	97	180	2.177E+00	25
A0A3Q8Q3U2__direct_alignment__A0A6J7X2P3	A0A3Q8Q3U2	A0A6J7X2P3	direct_alignment	direct_alignment	alignment_present_in_m8	1	A0A3Q8Q3U2	594	visible	A0A3Q8Q3U2	A0A6J7X2P3	0.289	38	22	3	32	66	195	230	8.953E-02	30
A0A3Q8Q3U2__direct_alignment__A0A879R2A6	A0A3Q8Q3U2	A0A879R2A6	direct_alignment	direct_alignment	alignment_present_in_m8	1	A0A3Q8Q3U2	594	visible	A0A3Q8Q3U2	A0A879R2A6	0.229	74	32	10	16	75	296	358	1.150E+00	26
A0A3Q8Q3U2__direct_alignment__A0A6J5PP54	A0A3Q8Q3U2	A0A6J5PP54	direct_alignment	direct_alignment	alignment_present_in_m8	1	A0A3Q8Q3U2	594	visible	A0A3Q8Q3U2	A0A6J5PP54	0.250	56	28	6	182	232	1	47	1.150E+00	26
A0A3Q8Q3U2__direct_alignment__A0A0F7L6X9	A0A3Q8Q3U2	A0A0F7L6X9	direct_alignment	direct_alignment	alignment_present_in_m8	1	A0A3Q8Q3U2	594	visible	A0A3Q8Q3U2	A0A0F7L6X9	0.321	84	28	12	168	241	9	73	4.120E+00	25
A0A3Q8Q3U2__direct_alignment__A0A345BQA1	A0A3Q8Q3U2	A0A345BQA1	direct_alignment	direct_alignment	alignment_present_in_m8	1	A0A3Q8Q3U2	594	visible	A0A3Q8Q3U2	A0A345BQA1	0.259	104	39	13	7	75	90	190	8.358E-01	27
A0A3Q8Q3U2__direct_alignment__A0A6J5QSU2	A0A3Q8Q3U2	A0A6J5QSU2	direct_alignment	direct_alignment	alignment_present_in_m8	1	A0A3Q8Q3U2	594	visible	A0A3Q8Q3U2	A0A6J5QSU2	0.139	93	37	8	14	74	91	172	8.358E-01	27
A0A3Q8Q3U2__direct_alignment__J3IZ65	A0A3Q8Q3U2	J3IZ65	direct_alignment	direct_alignment	alignment_present_in_m8	1	A0A3Q8Q3U2	594	visible	A0A3Q8Q3U2	J3IZ65	0.236	72	19	7	180	250	86	122	8.953E-02	30
A0A3Q8Q3U2__direct_alignment__A0A6J7WK42	A0A3Q8Q3U2	A0A6J7WK42	direct_alignment	direct_alignment	alignment_present_in_m8	1	A0A3Q8Q3U2	594	visible	A0A3Q8Q3U2	A0A6J7WK42	0.223	76	24	9	156	208	337	400	3.209E-01	28
A0A3Q8Q3U2__cluster_membership__A0A6J5T9P3	A0A3Q8Q3U2	A0A6J5T9P3	cluster_membership	cluster_membership	same_foldseek_cluster_no_direct_rep_alignment_in_m8	0	A0A3Q8Q3U2	594	visible												
A0A3Q8Q3U2__direct_alignment__A0A6J7WNN0	A0A3Q8Q3U2	A0A6J7WNN0	direct_alignment	direct_alignment	alignment_present_in_m8	1	A0A3Q8Q3U2	594	visible	A0A3Q8Q3U2	A0A6J7WNN0	0.228	35	14	2	12	38	161	190	2.995E+00	25
A0A3Q8Q3U2__direct_alignment__A0A0N9QZS9	A0A3Q8Q3U2	A0A0N9QZS9	direct_alignment	direct_alignment	alignment_present_in_m8	1	A0A3Q8Q3U2	594	visible	A0A3Q8Q3U2	A0A0N9QZS9	0.260	46	12	5	174	204	116	154	1.582E+00	26
A0A3Q8Q3U2__direct_alignment__V9TGM9	A0A3Q8Q3U2	V9TGM9	direct_alignment	direct_alignment	alignment_present_in_m8	1	A0A3Q8Q3U2	594	visible	A0A3Q8Q3U2	V9TGM9	0.305	59	15	6	148	196	335	377	1.695E-01	29
A0A3Q8Q3U2__direct_alignment__A0A097P924	A0A3Q8Q3U2	A0A097P924	direct_alignment	direct_alignment	alignment_present_in_m8	1	A0A3Q8Q3U2	594	visible	A0A3Q8Q3U2	A0A097P924	0.235	34	18	2	20	53	267	292	6.075E-01	27
A0A3Q8Q3U2__direct_alignment__A0A1V0S8C9	A0A3Q8Q3U2	A0A1V0S8C9	direct_alignment	direct_alignment	alignment_present_in_m8	1	A0A3Q8Q3U2	594	visible	A0A3Q8Q3U2	A0A1V0S8C9	0.287	66	25	7	183	247	97	141	3.437E-02	31
A0A3Q8Q3U2__direct_alignment__A0A2Z5UZR0	A0A3Q8Q3U2	A0A2Z5UZR0	direct_alignment	direct_alignment	alignment_present_in_m8	1	A0A3Q8Q3U2	594	visible	A0A3Q8Q3U2	A0A2Z5UZR0	0.354	31	11	3	32	61	241	263	1.582E+00	26
A0A3Q8Q3U2__direct_alignment__A0A481TX30	A0A3Q8Q3U2	A0A481TX30	direct_alignment	direct_alignment	alignment_present_in_m8	1	A0A3Q8Q3U2	594	visible	A0A3Q8Q3U2	A0A481TX30	0.428	28	11	4	222	248	39	62	8.358E-01	27
A0A3Q8Q3U2__cluster_membership__A0A481Z2T2	A0A3Q8Q3U2	A0A481Z2T2	cluster_membership	cluster_membership	same_foldseek_cluster_no_direct_rep_alignment_in_m8	0	A0A3Q8Q3U2	594	visible												
A0A3Q8Q3U2__direct_alignment__G3GPK7	A0A3Q8Q3U2	G3GPK7	direct_alignment	direct_alignment	alignment_present_in_m8	1	A0A3Q8Q3U2	594	visible	A0A3Q8Q3U2	G3GPK7	0.326	46	16	8	39	76	67	105	2.498E-02	32
A0A3Q8Q3U2__direct_alignment__O39500	A0A3Q8Q3U2	O39500	direct_alignment	direct_alignment	alignment_present_in_m8	1	A0A3Q8Q3U2	594	visible	A0A3Q8Q3U2	O39500	0.461	13	7	0	14	26	43	55	4.120E+00	25
A0A3Q8Q3U2__cluster_membership__Q8B9E8	A0A3Q8Q3U2	Q8B9E8	cluster_membership	cluster_membership	same_foldseek_cluster_no_direct_rep_alignment_in_m8	0	A0A3Q8Q3U2	594	visible												
A0A3Q8Q3U2__direct_alignment__Q9PYP9	A0A3Q8Q3U2	Q9PYP9	direct_alignment	direct_alignment	alignment_present_in_m8	1	A0A3Q8Q3U2	594	visible	A0A3Q8Q3U2	Q9PYP9	0.347	46	15	7	13	52	65	101	8.953E-02	30
A0A3Q8Q3U2__direct_alignment__A0A481YZG5	A0A3Q8Q3U2	A0A481YZG5	direct_alignment	direct_alignment	alignment_present_in_m8	1	A0A3Q8Q3U2	594	visible	A0A3Q8Q3U2	A0A481YZG5	0.236	114	39	13	159	250	204	291	4.120E+00	25
A0A3Q8Q3U2__cluster_membership__A0A5J6VLB6	A0A3Q8Q3U2	A0A5J6VLB6	cluster_membership	cluster_membership	same_foldseek_cluster_no_direct_rep_alignment_in_m8	0	A0A3Q8Q3U2	594	visible												
A0A3Q8Q3U2__direct_alignment__A0A076FM45	A0A3Q8Q3U2	A0A076FM45	direct_alignment	direct_alignment	alignment_present_in_m8	1	A0A3Q8Q3U2	594	visible	A0A3Q8Q3U2	A0A076FM45	0.306	49	19	6	19	64	768	804	7.455E-04	37
A0A3Q8Q3U2__cluster_membership__A0A6N1NQZ0	A0A3Q8Q3U2	A0A6N1NQZ0	cluster_membership	cluster_membership	same_foldseek_cluster_no_direct_rep_alignment_in_m8	0	A0A3Q8Q3U2	594	visible												
A0A3Q8Q3U2__direct_alignment__F2Y2P4	A0A3Q8Q3U2	F2Y2P4	direct_alignment	direct_alignment	alignment_present_in_m8	1	A0A3Q8Q3U2	594	visible	A0A3Q8Q3U2	F2Y2P4	0.277	101	31	13	13	75	100	196	1.815E-02	32
A0A3Q8Q3U2__direct_alignment__A0A6G8MYH0	A0A3Q8Q3U2	A0A6G8MYH0	direct_alignment	direct_alignment	alignment_present_in_m8	1	A0A3Q8Q3U2	594	visible	A0A3Q8Q3U2	A0A6G8MYH0	0.243	82	33	8	134	197	40	110	6.507E-02	30
A0A3Q8Q3U2__cluster_membership__A0A2R8FDW0	A0A3Q8Q3U2	A0A2R8FDW0	cluster_membership	cluster_membership	same_foldseek_cluster_no_direct_rep_alignment_in_m8	0	A0A3Q8Q3U2	594	visible												
A0A3Q8Q3U2__direct_alignment__A0A5B8IIG2	A0A3Q8Q3U2	A0A5B8IIG2	direct_alignment	direct_alignment	alignment_present_in_m8	1	A0A3Q8Q3U2	594	visible	A0A3Q8Q3U2	A0A5B8IIG2	0.269	52	13	5	144	181	177	217	1.582E+00	26
A0A3Q8Q3U2__direct_alignment__A0A5B8IHC8	A0A3Q8Q3U2	A0A5B8IHC8	direct_alignment	direct_alignment	alignment_present_in_m8	1	A0A3Q8Q3U2	594	visible	A0A3Q8Q3U2	A0A5B8IHC8	0.243	74	17	6	18	63	19	81	9.587E-03	33
A0A3Q8Q3U2__direct_alignment__A0A7M3UPB5	A0A3Q8Q3U2	A0A7M3UPB5	direct_alignment	direct_alignment	alignment_present_in_m8	1	A0A3Q8Q3U2	594	visible	A0A3Q8Q3U2	A0A7M3UPB5	0.179	89	36	8	151	225	53	118	1.582E+00	26
A0A3Q8Q3U2__direct_alignment__A0A6J5L5D8	A0A3Q8Q3U2	A0A6J5L5D8	direct_alignment	direct_alignment	alignment_present_in_m8	1	A0A3Q8Q3U2	594	visible	A0A3Q8Q3U2	A0A6J5L5D8	0.264	125	40	17	130	234	5	97	2.498E-02	32
A0A3Q8Q3U2__direct_alignment__A0A1C9C4Z3	A0A3Q8Q3U2	A0A1C9C4Z3	direct_alignment	direct_alignment	alignment_present_in_m8	1	A0A3Q8Q3U2	594	visible	A0A3Q8Q3U2	A0A1C9C4Z3	0.223	67	32	8	14	72	576	630	6.967E-03	34
A0A3Q8Q3U2__direct_alignment__A0A6J5LAK2	A0A3Q8Q3U2	A0A6J5LAK2	direct_alignment	direct_alignment	alignment_present_in_m8	1	A0A3Q8Q3U2	594	visible	A0A3Q8Q3U2	A0A6J5LAK2	0.250	40	11	3	40	66	91	124	1.582E+00	26
A0A3Q8Q3U2__cluster_membership__A0A6J5NV74	A0A3Q8Q3U2	A0A6J5NV74	cluster_membership	cluster_membership	same_foldseek_cluster_no_direct_rep_alignment_in_m8	0	A0A3Q8Q3U2	594	visible												
A0A3Q8Q3U2__direct_alignment__A0A6J5P4D7	A0A3Q8Q3U2	A0A6J5P4D7	direct_alignment	direct_alignment	alignment_present_in_m8	1	A0A3Q8Q3U2	594	visible	A0A3Q8Q3U2	A0A6J5P4D7	0.228	92	31	7	5	62	49	134	2.177E+00	25
A0A3Q8Q3U2__direct_alignment__A0A6J5L916	A0A3Q8Q3U2	A0A6J5L916	direct_alignment	direct_alignment	alignment_present_in_m8	1	A0A3Q8Q3U2	594	visible	A0A3Q8Q3U2	A0A6J5L916	0.200	130	53	16	146	232	130	251	1.695E-01	29
A0A3Q8Q3U2__direct_alignment__A0A6J5LVR8	A0A3Q8Q3U2	A0A6J5LVR8	direct_alignment	direct_alignment	alignment_present_in_m8	1	A0A3Q8Q3U2	594	visible	A0A3Q8Q3U2	A0A6J5LVR8	0.245	57	26	7	17	61	10	61	2.332E-01	29
A0A3Q8Q3U2__direct_alignment__A0A0P0YN76	A0A3Q8Q3U2	A0A0P0YN76	direct_alignment	direct_alignment	alignment_present_in_m8	1	A0A3Q8Q3U2	594	visible	A0A3Q8Q3U2	A0A0P0YN76	0.250	56	28	6	144	194	128	174	5.669E+00	24
A0A3Q8Q3U2__direct_alignment__A0A6G6XIK1	A0A3Q8Q3U2	A0A6G6XIK1	direct_alignment	direct_alignment	alignment_present_in_m8	1	A0A3Q8Q3U2	594	visible	A0A3Q8Q3U2	A0A6G6XIK1	0.294	51	13	7	17	63	198	229	2.332E-01	29
A0A3Q8Q3U2__direct_alignment__A0A6J5KR77	A0A3Q8Q3U2	A0A6J5KR77	direct_alignment	direct_alignment	alignment_present_in_m8	1	A0A3Q8Q3U2	594	visible	A0A3Q8Q3U2	A0A6J5KR77	0.264	87	28	11	132	203	9	74	3.209E-01	28
A0A3Q8Q3U2__direct_alignment__A0A6J5R9B1	A0A3Q8Q3U2	A0A6J5R9B1	direct_alignment	direct_alignment	alignment_present_in_m8	1	A0A3Q8Q3U2	594	visible	A0A3Q8Q3U2	A0A6J5R9B1	0.190	142	62	16	126	241	103	217	1.695E-01	29
A0A3Q8Q3U2__direct_alignment__A0A6J5LJF5	A0A3Q8Q3U2	A0A6J5LJF5	direct_alignment	direct_alignment	alignment_present_in_m8	1	A0A3Q8Q3U2	594	visible	A0A3Q8Q3U2	A0A6J5LJF5	0.260	69	15	8	20	78	36	78	2.995E+00	25
A0A3Q8Q3U2__direct_alignment__A0A6J5NPS3	A0A3Q8Q3U2	A0A6J5NPS3	direct_alignment	direct_alignment	alignment_present_in_m8	1	A0A3Q8Q3U2	594	visible	A0A3Q8Q3U2	A0A6J5NPS3	0.280	50	18	8	149	184	149	194	2.995E+00	25
A0A3Q8Q3U2__direct_alignment__A0A2H4UTF5	A0A3Q8Q3U2	A0A2H4UTF5	direct_alignment	direct_alignment	alignment_present_in_m8	1	A0A3Q8Q3U2	594	visible	A0A3Q8Q3U2	A0A2H4UTF5	0.312	80	24	8	196	252	97	168	1.815E-02	32
A0A3Q8Q3U2__direct_alignment__A0A5J6VKF9	A0A3Q8Q3U2	A0A5J6VKF9	direct_alignment	direct_alignment	alignment_present_in_m8	1	A0A3Q8Q3U2	594	visible	A0A3Q8Q3U2	A0A5J6VKF9	0.250	44	22	5	30	72	208	241	3.209E-01	28
A0A3Q8Q3U2__direct_alignment__A0A6J5RZZ3	A0A3Q8Q3U2	A0A6J5RZZ3	direct_alignment	direct_alignment	alignment_present_in_m8	1	A0A3Q8Q3U2	594	visible	A0A3Q8Q3U2	A0A6J5RZZ3	0.312	16	8	1	12	27	141	153	5.669E+00	24
A0A3Q8Q3U2__direct_alignment__A0A5J6VI89	A0A3Q8Q3U2	A0A5J6VI89	direct_alignment	direct_alignment	alignment_present_in_m8	1	A0A3Q8Q3U2	594	visible	A0A3Q8Q3U2	A0A5J6VI89	0.245	57	24	7	15	69	550	589	1.815E-02	32
A0A3Q8Q3U2__direct_alignment__A0A6J5SW30	A0A3Q8Q3U2	A0A6J5SW30	direct_alignment	direct_alignment	alignment_present_in_m8	1	A0A3Q8Q3U2	594	visible	A0A3Q8Q3U2	A0A6J5SW30	0.268	93	24	11	16	70	224	310	1.582E+00	26
A0A3Q8Q3U2__direct_alignment__A0A2P0VMU2	A0A3Q8Q3U2	A0A2P0VMU2	direct_alignment	direct_alignment	alignment_present_in_m8	1	A0A3Q8Q3U2	594	visible	A0A3Q8Q3U2	A0A2P0VMU2	0.247	85	19	8	13	93	124	167	8.953E-02	30
A0A3Q8Q3U2__direct_alignment__A0A481YRQ5	A0A3Q8Q3U2	A0A481YRQ5	direct_alignment	direct_alignment	alignment_present_in_m8	1	A0A3Q8Q3U2	594	visible	A0A3Q8Q3U2	A0A481YRQ5	0.232	232	69	27	14	204	91	254	1.319E-02	33
A0A3Q8Q3U2__direct_alignment__A0A1P8DJL0	A0A3Q8Q3U2	A0A1P8DJL0	direct_alignment	direct_alignment	alignment_present_in_m8	1	A0A3Q8Q3U2	594	visible	A0A3Q8Q3U2	A0A1P8DJL0	0.184	76	34	7	14	69	70	137	4.415E-01	28
A0A3Q8Q3U2__direct_alignment__A0A5K0U857	A0A3Q8Q3U2	A0A5K0U857	direct_alignment	direct_alignment	alignment_present_in_m8	1	A0A3Q8Q3U2	594	visible	A0A3Q8Q3U2	A0A5K0U857	0.250	56	22	6	200	237	106	159	1.232E-01	30
A0A3Q8Q3U2__cluster_membership__A0A879R473	A0A3Q8Q3U2	A0A879R473	cluster_membership	cluster_membership	same_foldseek_cluster_no_direct_rep_alignment_in_m8	0	A0A3Q8Q3U2	594	visible												
A0A3Q8Q3U2__cluster_membership__A0A5J6VMD2	A0A3Q8Q3U2	A0A5J6VMD2	cluster_membership	cluster_membership	same_foldseek_cluster_no_direct_rep_alignment_in_m8	0	A0A3Q8Q3U2	594	visible												
A0A3Q8Q3U2__cluster_membership__A0A6J5L7R5	A0A3Q8Q3U2	A0A6J5L7R5	cluster_membership	cluster_membership	same_foldseek_cluster_no_direct_rep_alignment_in_m8	0	A0A3Q8Q3U2	594	visible												
A0A3Q8Q3U2__direct_alignment__A0A6J5LJT2	A0A3Q8Q3U2	A0A6J5LJT2	direct_alignment	direct_alignment	alignment_present_in_m8	1	A0A3Q8Q3U2	594	visible	A0A3Q8Q3U2	A0A6J5LJT2	0.205	39	13	2	57	77	8	46	2.995E+00	25
A0A3Q8Q3U2__direct_alignment__A0A6J7WMU2	A0A3Q8Q3U2	A0A6J7WMU2	direct_alignment	direct_alignment	alignment_present_in_m8	1	A0A3Q8Q3U2	594	visible	A0A3Q8Q3U2	A0A6J7WMU2	0.190	42	22	4	165	197	73	111	2.177E+00	25
A0A3Q8Q3U2__direct_alignment__A0A6J5LCB6	A0A3Q8Q3U2	A0A6J5LCB6	direct_alignment	direct_alignment	alignment_present_in_m8	1	A0A3Q8Q3U2	594	visible	A0A3Q8Q3U2	A0A6J5LCB6	0.218	55	27	5	185	233	176	220	2.995E+00	25
A0A3Q8Q3U2__direct_alignment__A0A6J5TC28	A0A3Q8Q3U2	A0A6J5TC28	direct_alignment	direct_alignment	alignment_present_in_m8	1	A0A3Q8Q3U2	594	visible	A0A3Q8Q3U2	A0A6J5TC28	0.304	46	13	4	12	57	201	227	6.507E-02	30
A0A3Q8Q3U2__cluster_membership__S5WBW8	A0A3Q8Q3U2	S5WBW8	cluster_membership	cluster_membership	same_foldseek_cluster_no_direct_rep_alignment_in_m8	0	A0A3Q8Q3U2	594	visible												
A0A3Q8Q3U2__direct_alignment__A0A0F7L1S0	A0A3Q8Q3U2	A0A0F7L1S0	direct_alignment	direct_alignment	alignment_present_in_m8	1	A0A3Q8Q3U2	594	visible	A0A3Q8Q3U2	A0A0F7L1S0	0.214	98	40	12	135	221	141	212	1.815E-02	32
A0A3Q8Q3U2__direct_alignment__A0A6J7WTC2	A0A3Q8Q3U2	A0A6J7WTC2	direct_alignment	direct_alignment	alignment_present_in_m8	1	A0A3Q8Q3U2	594	visible	A0A3Q8Q3U2	A0A6J7WTC2	0.186	107	40	13	11	75	24	125	6.507E-02	30
A0A3Q8Q3U2__direct_alignment__A0A0K0N728	A0A3Q8Q3U2	A0A0K0N728	direct_alignment	direct_alignment	alignment_present_in_m8	1	A0A3Q8Q3U2	594	visible	A0A3Q8Q3U2	A0A0K0N728	0.274	51	23	5	30	76	211	251	1.815E-02	32
A0A3Q8Q3U2__direct_alignment__A0A1B1ISK0	A0A3Q8Q3U2	A0A1B1ISK0	direct_alignment	direct_alignment	alignment_present_in_m8	1	A0A3Q8Q3U2	594	visible	A0A3Q8Q3U2	A0A1B1ISK0	0.253	79	26	9	17	89	177	228	8.953E-02	30
A0A3Q8Q3U2__direct_alignment__A0A482ICV6	A0A3Q8Q3U2	A0A482ICV6	direct_alignment	direct_alignment	alignment_present_in_m8	1	A0A3Q8Q3U2	594	visible	A0A3Q8Q3U2	A0A482ICV6	0.307	39	13	4	33	69	124	150	3.437E-02	31
A0A3Q8Q3U2__cluster_membership__A0A6J5MF54	A0A3Q8Q3U2	A0A6J5MF54	cluster_membership	cluster_membership	same_foldseek_cluster_no_direct_rep_alignment_in_m8	0	A0A3Q8Q3U2	594	visible												
A0A3Q8Q3U2__direct_alignment__A0A6J5NJ84	A0A3Q8Q3U2	A0A6J5NJ84	direct_alignment	direct_alignment	alignment_present_in_m8	1	A0A3Q8Q3U2	594	visible	A0A3Q8Q3U2	A0A6J5NJ84	0.240	79	21	9	21	75	183	246	2.332E-01	29
A0A3Q8Q3U2__direct_alignment__A0A3G5AHS7	A0A3Q8Q3U2	A0A3G5AHS7	direct_alignment	direct_alignment	alignment_present_in_m8	1	A0A3Q8Q3U2	594	visible	A0A3Q8Q3U2	A0A3G5AHS7	0.370	27	9	2	54	72	141	167	3.209E-01	28
A0A3Q8Q3U2__cluster_membership__A0A2D1GNC9	A0A3Q8Q3U2	A0A2D1GNC9	cluster_membership	cluster_membership	same_foldseek_cluster_no_direct_rep_alignment_in_m8	0	A0A3Q8Q3U2	594	visible												
A0A3Q8Q3U2__direct_alignment__A0A2H4UV05	A0A3Q8Q3U2	A0A2H4UV05	direct_alignment	direct_alignment	alignment_present_in_m8	1	A0A3Q8Q3U2	594	visible	A0A3Q8Q3U2	A0A2H4UV05	0.301	53	27	5	111	162	155	198	1.232E-01	30
A0A3Q8Q3U2__direct_alignment__A0A2I7SAT8	A0A3Q8Q3U2	A0A2I7SAT8	direct_alignment	direct_alignment	alignment_present_in_m8	1	A0A3Q8Q3U2	594	visible	A0A3Q8Q3U2	A0A2I7SAT8	0.213	117	42	11	157	245	686	780	1.943E-03	35
A0A3Q8Q3U2__direct_alignment__A0A3G4ZUR9	A0A3Q8Q3U2	A0A3G4ZUR9	direct_alignment	direct_alignment	alignment_present_in_m8	1	A0A3Q8Q3U2	594	visible	A0A3Q8Q3U2	A0A3G4ZUR9	0.307	39	17	4	202	239	224	253	6.075E-01	27
A0A3Q8Q3U2__cluster_membership__A0A3G5ALK2	A0A3Q8Q3U2	A0A3G5ALK2	cluster_membership	cluster_membership	same_foldseek_cluster_no_direct_rep_alignment_in_m8	0	A0A3Q8Q3U2	594	visible												
A0A3Q8Q3U2__direct_alignment__A0A516MNB1	A0A3Q8Q3U2	A0A516MNB1	direct_alignment	direct_alignment	alignment_present_in_m8	1	A0A3Q8Q3U2	594	visible	A0A3Q8Q3U2	A0A516MNB1	0.413	29	6	4	54	73	2	28	5.669E+00	24
A0A3Q8Q3U2__cluster_membership__A0A565DAW7	A0A3Q8Q3U2	A0A565DAW7	cluster_membership	cluster_membership	same_foldseek_cluster_no_direct_rep_alignment_in_m8	0	A0A3Q8Q3U2	594	visible												
A0A3Q8Q3U2__direct_alignment__A0A8S5U965	A0A3Q8Q3U2	A0A8S5U965	direct_alignment	direct_alignment	alignment_present_in_m8	1	A0A3Q8Q3U2	594	visible	A0A3Q8Q3U2	A0A8S5U965	0.260	50	27	3	15	55	27	75	2.332E-01	29
A0A3Q8Q3U2__direct_alignment__Q9FZR1	A0A3Q8Q3U2	Q9FZR1	direct_alignment	direct_alignment	alignment_present_in_m8	1	A0A3Q8Q3U2	594	visible	A0A3Q8Q3U2	Q9FZR1	0.260	73	19	10	9	68	348	398	1.582E+00	26
A0A3Q8Q3U2__direct_alignment__A0A6J7WTF1	A0A3Q8Q3U2	A0A6J7WTF1	direct_alignment	direct_alignment	alignment_present_in_m8	1	A0A3Q8Q3U2	594	visible	A0A3Q8Q3U2	A0A6J7WTF1	0.208	67	24	5	179	233	53	102	4.120E+00	25
A0A3Q8Q3U2__direct_alignment__A0A6J7WYQ0	A0A3Q8Q3U2	A0A6J7WYQ0	direct_alignment	direct_alignment	alignment_present_in_m8	1	A0A3Q8Q3U2	594	visible	A0A3Q8Q3U2	A0A6J7WYQ0	0.283	53	25	6	32	78	127	172	9.587E-03	33
A0A3Q8Q3U2__cluster_membership__A0A6B9J8D5	A0A3Q8Q3U2	A0A6B9J8D5	cluster_membership	cluster_membership	same_foldseek_cluster_no_direct_rep_alignment_in_m8	0	A0A3Q8Q3U2	594	visible												
A0A3Q8Q3U2__direct_alignment__A0A3G5ABP7	A0A3Q8Q3U2	A0A3G5ABP7	direct_alignment	direct_alignment	alignment_present_in_m8	1	A0A3Q8Q3U2	594	visible	A0A3Q8Q3U2	A0A3G5ABP7	0.245	57	29	5	14	67	116	161	6.507E-02	30
A0A3Q8Q3U2__direct_alignment__A0A7S6SVX9	A0A3Q8Q3U2	A0A7S6SVX9	direct_alignment	direct_alignment	alignment_present_in_m8	1	A0A3Q8Q3U2	594	visible	A0A3Q8Q3U2	A0A7S6SVX9	0.311	45	14	5	40	76	504	539	6.507E-02	30
A0A3Q8Q3U2__direct_alignment__A0A0Y0LT40	A0A3Q8Q3U2	A0A0Y0LT40	direct_alignment	direct_alignment	alignment_present_in_m8	1	A0A3Q8Q3U2	594	visible	A0A3Q8Q3U2	A0A0Y0LT40	0.296	64	24	6	18	75	39	87	6.075E-01	27
A0A3Q8Q3U2__cluster_membership__A0A510E871	A0A3Q8Q3U2	A0A510E871	cluster_membership	cluster_membership	same_foldseek_cluster_no_direct_rep_alignment_in_m8	0	A0A3Q8Q3U2	594	visible												
A0A3Q8Q3U2__direct_alignment__A0A6J7WZU6	A0A3Q8Q3U2	A0A6J7WZU6	direct_alignment	direct_alignment	alignment_present_in_m8	1	A0A3Q8Q3U2	594	visible	A0A3Q8Q3U2	A0A6J7WZU6	0.238	84	40	7	12	90	173	237	4.415E-01	28
A0A3Q8Q3U2__cluster_membership__A0A0E3F4H3	A0A3Q8Q3U2	A0A0E3F4H3	cluster_membership	cluster_membership	same_foldseek_cluster_no_direct_rep_alignment_in_m8	0	A0A3Q8Q3U2	594	visible												
A0A3Q8Q3U2__direct_alignment__A0A6J5MDG2	A0A3Q8Q3U2	A0A6J5MDG2	direct_alignment	direct_alignment	alignment_present_in_m8	1	A0A3Q8Q3U2	594	visible	A0A3Q8Q3U2	A0A6J5MDG2	0.224	49	27	5	162	207	35	75	5.669E+00	24
A0A3Q8Q3U2__direct_alignment__A0A6J7WLA8	A0A3Q8Q3U2	A0A6J7WLA8	direct_alignment	direct_alignment	alignment_present_in_m8	1	A0A3Q8Q3U2	594	visible	A0A3Q8Q3U2	A0A6J7WLA8	0.255	47	22	6	34	75	143	181	5.669E+00	24
A0A3Q8Q3U2__direct_alignment__A0A7L9AXF5	A0A3Q8Q3U2	A0A7L9AXF5	direct_alignment	direct_alignment	alignment_present_in_m8	1	A0A3Q8Q3U2	594	visible	A0A3Q8Q3U2	A0A7L9AXF5	0.281	71	24	8	183	244	422	474	4.729E-02	31
A0A3Q8Q3U2__direct_alignment__A0A481ZDC9	A0A3Q8Q3U2	A0A481ZDC9	direct_alignment	direct_alignment	alignment_present_in_m8	1	A0A3Q8Q3U2	594	visible	A0A3Q8Q3U2	A0A481ZDC9	0.265	113	36	13	149	238	447	535	1.319E-02	33
A0A3Q8Q3U2__direct_alignment__A0A8D9CCP6	A0A3Q8Q3U2	A0A8D9CCP6	direct_alignment	direct_alignment	alignment_present_in_m8	1	A0A3Q8Q3U2	594	visible	A0A3Q8Q3U2	A0A8D9CCP6	0.229	61	18	5	169	202	1	59	6.507E-02	30
A0A3Q8Q3U2__direct_alignment__A0A6J5QMH6	A0A3Q8Q3U2	A0A6J5QMH6	direct_alignment	direct_alignment	alignment_present_in_m8	1	A0A3Q8Q3U2	594	visible	A0A3Q8Q3U2	A0A6J5QMH6	0.216	37	20	2	16	52	122	149	1.150E+00	26
A0A3Q8Q3U2__direct_alignment__A0A481YSY8	A0A3Q8Q3U2	A0A481YSY8	direct_alignment	direct_alignment	alignment_present_in_m8	1	A0A3Q8Q3U2	594	visible	A0A3Q8Q3U2	A0A481YSY8	0.247	117	38	11	29	116	1	96	9.587E-03	33
A0A3Q8Q3U2__cluster_membership__A0A6J5L7D4	A0A3Q8Q3U2	A0A6J5L7D4	cluster_membership	cluster_membership	same_foldseek_cluster_no_direct_rep_alignment_in_m8	0	A0A3Q8Q3U2	594	visible												
A0A3Q8Q3U2__direct_alignment__A0A6J5M782	A0A3Q8Q3U2	A0A6J5M782	direct_alignment	direct_alignment	alignment_present_in_m8	1	A0A3Q8Q3U2	594	visible	A0A3Q8Q3U2	A0A6J5M782	0.263	57	23	6	20	68	140	185	8.953E-02	30
A0A3Q8Q3U2__direct_alignment__E5EQW0	A0A3Q8Q3U2	E5EQW0	direct_alignment	direct_alignment	alignment_present_in_m8	1	A0A3Q8Q3U2	594	visible	A0A3Q8Q3U2	E5EQW0	0.239	117	35	12	146	243	145	226	1.695E-01	29
A0A3Q8Q3U2__direct_alignment__E3T524	A0A3Q8Q3U2	E3T524	direct_alignment	direct_alignment	alignment_present_in_m8	1	A0A3Q8Q3U2	594	visible	A0A3Q8Q3U2	E3T524	0.298	67	22	8	18	74	136	187	5.669E+00	24
A0A3Q8Q3U2__direct_alignment__A0A2H4UTB4	A0A3Q8Q3U2	A0A2H4UTB4	direct_alignment	direct_alignment	alignment_present_in_m8	1	A0A3Q8Q3U2	594	visible	A0A3Q8Q3U2	A0A2H4UTB4	0.253	71	26	9	180	237	284	340	3.437E-02	31
A0A3Q8Q3U2__direct_alignment__M4QPK3	A0A3Q8Q3U2	M4QPK3	direct_alignment	direct_alignment	alignment_present_in_m8	1	A0A3Q8Q3U2	594	visible	A0A3Q8Q3U2	M4QPK3	0.245	122	44	15	152	245	1	102	1.232E-01	30
A0A3Q8Q3U2__direct_alignment__A0A3G4ZPD3	A0A3Q8Q3U2	A0A3G4ZPD3	direct_alignment	direct_alignment	alignment_present_in_m8	1	A0A3Q8Q3U2	594	visible	A0A3Q8Q3U2	A0A3G4ZPD3	0.220	100	43	11	4	76	163	254	6.507E-02	30
A0A3Q8Q3U2__direct_alignment__A0A811BLS5	A0A3Q8Q3U2	A0A811BLS5	direct_alignment	direct_alignment	alignment_present_in_m8	1	A0A3Q8Q3U2	594	visible	A0A3Q8Q3U2	A0A811BLS5	0.240	50	15	5	32	75	80	112	1.582E+00	26
A0A3Q8Q3U2__direct_alignment__A0A8A5J2B5	A0A3Q8Q3U2	A0A8A5J2B5	direct_alignment	direct_alignment	alignment_present_in_m8	1	A0A3Q8Q3U2	594	visible	A0A3Q8Q3U2	A0A8A5J2B5	0.283	113	45	12	135	214	146	255	3.059E-05	41
A0A3Q8Q3U2__direct_alignment__A0A8S5PY24	A0A3Q8Q3U2	A0A8S5PY24	direct_alignment	direct_alignment	alignment_present_in_m8	1	A0A3Q8Q3U2	594	visible	A0A3Q8Q3U2	A0A8S5PY24	0.272	121	34	16	12	89	176	285	6.967E-03	34
A0A3Q8Q3U2__direct_alignment__G8ECJ6	A0A3Q8Q3U2	G8ECJ6	direct_alignment	direct_alignment	alignment_present_in_m8	1	A0A3Q8Q3U2	594	visible	A0A3Q8Q3U2	G8ECJ6	0.263	38	15	3	154	191	38	62	2.177E+00	25
A0A3Q8Q3U2__direct_alignment__Q5UPK9	A0A3Q8Q3U2	Q5UPK9	direct_alignment	direct_alignment	alignment_present_in_m8	1	A0A3Q8Q3U2	594	visible	A0A3Q8Q3U2	Q5UPK9	0.217	78	27	8	154	218	38	94	1.232E-01	30
A0A3Q8Q3U2__direct_alignment__E3T529	A0A3Q8Q3U2	E3T529	direct_alignment	direct_alignment	alignment_present_in_m8	1	A0A3Q8Q3U2	594	visible	A0A3Q8Q3U2	E3T529	0.287	94	32	12	180	247	218	302	3.937E-04	38
A0A3Q8Q3U2__direct_alignment__E3T552	A0A3Q8Q3U2	E3T552	direct_alignment	direct_alignment	alignment_present_in_m8	1	A0A3Q8Q3U2	594	visible	A0A3Q8Q3U2	E3T552	0.222	148	37	16	146	246	72	188	1.582E+00	26
A0A3Q8Q3U2__direct_alignment__A0A6J5LYF8	A0A3Q8Q3U2	A0A6J5LYF8	direct_alignment	direct_alignment	alignment_present_in_m8	1	A0A3Q8Q3U2	594	visible	A0A3Q8Q3U2	A0A6J5LYF8	0.253	71	29	7	131	197	14	64	4.729E-02	31
A0A3Q8Q3U2__direct_alignment__A0A6J5PJ73	A0A3Q8Q3U2	A0A6J5PJ73	direct_alignment	direct_alignment	alignment_present_in_m8	1	A0A3Q8Q3U2	594	visible	A0A3Q8Q3U2	A0A6J5PJ73	0.272	55	22	6	157	200	97	144	4.415E-01	28
A0A3Q8Q3U2__direct_alignment__A0A879R3H0	A0A3Q8Q3U2	A0A879R3H0	direct_alignment	direct_alignment	alignment_present_in_m8	1	A0A3Q8Q3U2	594	visible	A0A3Q8Q3U2	A0A879R3H0	0.285	42	17	4	39	75	9	42	1.150E+00	26
A0A3Q8Q3U2__direct_alignment__A0A218MKE4	A0A3Q8Q3U2	A0A218MKE4	direct_alignment	direct_alignment	alignment_present_in_m8	1	A0A3Q8Q3U2	594	visible	A0A3Q8Q3U2	A0A218MKE4	0.312	64	18	11	19	69	7	57	2.332E-01	29
A0A3Q8Q3U2__direct_alignment__A0A2H4UUQ2	A0A3Q8Q3U2	A0A2H4UUQ2	direct_alignment	direct_alignment	alignment_present_in_m8	1	A0A3Q8Q3U2	594	visible	A0A3Q8Q3U2	A0A2H4UUQ2	0.225	62	18	8	36	84	64	108	2.995E+00	25
A0A3Q8Q3U2__direct_alignment__A0A2K9V8R9	A0A3Q8Q3U2	A0A2K9V8R9	direct_alignment	direct_alignment	alignment_present_in_m8	1	A0A3Q8Q3U2	594	visible	A0A3Q8Q3U2	A0A2K9V8R9	0.322	62	18	8	202	245	1	56	8.953E-02	30
A0A3Q8Q3U2__direct_alignment__A0A1V0S9B9	A0A3Q8Q3U2	A0A1V0S9B9	direct_alignment	direct_alignment	alignment_present_in_m8	1	A0A3Q8Q3U2	594	visible	A0A3Q8Q3U2	A0A1V0S9B9	0.250	60	21	9	28	75	543	590	4.415E-01	28
A0A3Q8Q3U2__cluster_membership__A0A5P8DCX7	A0A3Q8Q3U2	A0A5P8DCX7	cluster_membership	cluster_membership	same_foldseek_cluster_no_direct_rep_alignment_in_m8	0	A0A3Q8Q3U2	594	visible												
A0A3Q8Q3U2__direct_alignment__A0A6J5NND2	A0A3Q8Q3U2	A0A6J5NND2	direct_alignment	direct_alignment	alignment_present_in_m8	1	A0A3Q8Q3U2	594	visible	A0A3Q8Q3U2	A0A6J5NND2	0.236	76	21	8	14	67	347	407	2.177E+00	25
A0A3Q8Q3U2__direct_alignment__A0A1C9C5L0	A0A3Q8Q3U2	A0A1C9C5L0	direct_alignment	direct_alignment	alignment_present_in_m8	1	A0A3Q8Q3U2	594	visible	A0A3Q8Q3U2	A0A1C9C5L0	0.256	117	35	13	4	73	140	251	6.967E-03	34
A0A3Q8Q3U2__direct_alignment__A0A8S5S387	A0A3Q8Q3U2	A0A8S5S387	direct_alignment	direct_alignment	alignment_present_in_m8	1	A0A3Q8Q3U2	594	visible	A0A3Q8Q3U2	A0A8S5S387	0.210	57	20	4	33	69	146	197	3.209E-01	28
A0A3Q8Q3U2__direct_alignment__A0A2H4UTC9	A0A3Q8Q3U2	A0A2H4UTC9	direct_alignment	direct_alignment	alignment_present_in_m8	1	A0A3Q8Q3U2	594	visible	A0A3Q8Q3U2	A0A2H4UTC9	0.255	86	25	10	13	70	208	282	9.587E-03	33
A0A3Q8Q3U2__direct_alignment__A0A5K0UBH0	A0A3Q8Q3U2	A0A5K0UBH0	direct_alignment	direct_alignment	alignment_present_in_m8	1	A0A3Q8Q3U2	594	visible	A0A3Q8Q3U2	A0A5K0UBH0	0.518	27	9	3	192	217	608	631	4.415E-01	28
A0A3Q8Q3U2__direct_alignment__A0A481Z5Y0	A0A3Q8Q3U2	A0A481Z5Y0	direct_alignment	direct_alignment	alignment_present_in_m8	1	A0A3Q8Q3U2	594	visible	A0A3Q8Q3U2	A0A481Z5Y0	0.223	76	27	9	16	76	52	110	8.358E-01	27
A0A3Q8Q3U2__direct_alignment__A0A481ZAP2	A0A3Q8Q3U2	A0A481ZAP2	direct_alignment	direct_alignment	alignment_present_in_m8	1	A0A3Q8Q3U2	594	visible	A0A3Q8Q3U2	A0A481ZAP2	0.234	47	18	4	32	73	593	626	1.232E-01	30
A0A3Q8Q3U2__direct_alignment__A0A5K0U9M7	A0A3Q8Q3U2	A0A5K0U9M7	direct_alignment	direct_alignment	alignment_present_in_m8	1	A0A3Q8Q3U2	594	visible	A0A3Q8Q3U2	A0A5K0U9M7	0.254	122	39	16	9	109	396	486	3.679E-03	35
A0A3Q8Q3U2__direct_alignment__A0A5K0UA16	A0A3Q8Q3U2	A0A5K0UA16	direct_alignment	direct_alignment	alignment_present_in_m8	1	A0A3Q8Q3U2	594	visible	A0A3Q8Q3U2	A0A5K0UA16	0.282	99	24	13	181	244	33	119	3.209E-01	28
A0A3Q8Q3U2__direct_alignment__A0A7D3QTS0	A0A3Q8Q3U2	A0A7D3QTS0	direct_alignment	direct_alignment	alignment_present_in_m8	1	A0A3Q8Q3U2	594	visible	A0A3Q8Q3U2	A0A7D3QTS0	0.209	81	21	7	18	76	400	459	8.953E-02	30
A0A3Q8Q3U2__direct_alignment__A0A516MF80	A0A3Q8Q3U2	A0A516MF80	direct_alignment	direct_alignment	alignment_present_in_m8	1	A0A3Q8Q3U2	594	visible	A0A3Q8Q3U2	A0A516MF80	0.187	64	29	8	14	69	33	81	2.177E+00	25
A0A3Q8Q3U2__cluster_membership__A0A6J5SG81	A0A3Q8Q3U2	A0A6J5SG81	cluster_membership	cluster_membership	same_foldseek_cluster_no_direct_rep_alignment_in_m8	0	A0A3Q8Q3U2	594	visible												
A0A3Q8Q3U2__direct_alignment__A0A8S5RVP3	A0A3Q8Q3U2	A0A8S5RVP3	direct_alignment	direct_alignment	alignment_present_in_m8	1	A0A3Q8Q3U2	594	visible	A0A3Q8Q3U2	A0A8S5RVP3	0.340	44	14	6	143	180	38	72	2.995E+00	25
A0A3Q8Q3U2__direct_alignment__E3T4Y7	A0A3Q8Q3U2	E3T4Y7	direct_alignment	direct_alignment	alignment_present_in_m8	1	A0A3Q8Q3U2	594	visible	A0A3Q8Q3U2	E3T4Y7	0.271	103	36	13	152	240	242	319	1.319E-02	33
A0A3Q8Q3U2__direct_alignment__A0A3G5AH34	A0A3Q8Q3U2	A0A3G5AH34	direct_alignment	direct_alignment	alignment_present_in_m8	1	A0A3Q8Q3U2	594	visible	A0A3Q8Q3U2	A0A3G5AH34	0.226	115	56	13	101	204	104	196	8.358E-01	27
A0A3Q8Q3U2__direct_alignment__A0A6M5C9Z9	A0A3Q8Q3U2	A0A6M5C9Z9	direct_alignment	direct_alignment	alignment_present_in_m8	1	A0A3Q8Q3U2	594	visible	A0A3Q8Q3U2	A0A6M5C9Z9	0.400	15	8	1	157	170	120	134	2.995E+00	25
A0A3Q8Q3U2__direct_alignment__A0A8S5PXA2	A0A3Q8Q3U2	A0A8S5PXA2	direct_alignment	direct_alignment	alignment_present_in_m8	1	A0A3Q8Q3U2	594	visible	A0A3Q8Q3U2	A0A8S5PXA2	0.257	70	26	9	11	76	132	179	4.415E-01	28
A0A3Q8Q3U2__direct_alignment__M4QDL4	A0A3Q8Q3U2	M4QDL4	direct_alignment	direct_alignment	alignment_present_in_m8	1	A0A3Q8Q3U2	594	visible	A0A3Q8Q3U2	M4QDL4	0.257	66	21	9	16	62	107	163	2.177E+00	25
A0A3Q8Q3U2__direct_alignment__A0A8S0I0F3	A0A3Q8Q3U2	A0A8S0I0F3	direct_alignment	direct_alignment	alignment_present_in_m8	1	A0A3Q8Q3U2	594	visible	A0A3Q8Q3U2	A0A8S0I0F3	0.267	86	35	9	14	88	14	82	7.799E+00	24
A0A3Q8Q3U2__direct_alignment__A0A8S0I1X4	A0A3Q8Q3U2	A0A8S0I1X4	direct_alignment	direct_alignment	alignment_present_in_m8	1	A0A3Q8Q3U2	594	visible	A0A3Q8Q3U2	A0A8S0I1X4	0.206	87	29	8	16	78	109	179	2.332E-01	29
A0A3Q8Q3U2__direct_alignment__A0A7D7EYZ2	A0A3Q8Q3U2	A0A7D7EYZ2	direct_alignment	direct_alignment	alignment_present_in_m8	1	A0A3Q8Q3U2	594	visible	A0A3Q8Q3U2	A0A7D7EYZ2	0.252	91	31	10	127	202	36	104	3.437E-02	31
A0A3Q8Q3U2__direct_alignment__A0A6J5MED7	A0A3Q8Q3U2	A0A6J5MED7	direct_alignment	direct_alignment	alignment_present_in_m8	1	A0A3Q8Q3U2	594	visible	A0A3Q8Q3U2	A0A6J5MED7	0.250	52	20	4	31	69	34	79	3.209E-01	28
A0A3Q8Q3U2__direct_alignment__A0A0K1L759	A0A3Q8Q3U2	A0A0K1L759	direct_alignment	direct_alignment	alignment_present_in_m8	1	A0A3Q8Q3U2	594	visible	A0A3Q8Q3U2	A0A0K1L759	0.203	59	20	6	35	75	6	55	1.582E+00	26
A0A3Q8Q3U2__direct_alignment__A0A5B8HYC8	A0A3Q8Q3U2	A0A5B8HYC8	direct_alignment	direct_alignment	alignment_present_in_m8	1	A0A3Q8Q3U2	594	visible	A0A3Q8Q3U2	A0A5B8HYC8	0.277	54	19	7	34	70	113	163	5.417E-04	37
A0A3Q8Q3U2__direct_alignment__A0A6J5PVH5	A0A3Q8Q3U2	A0A6J5PVH5	direct_alignment	direct_alignment	alignment_present_in_m8	1	A0A3Q8Q3U2	594	visible	A0A3Q8Q3U2	A0A6J5PVH5	0.230	65	27	5	158	200	46	109	4.729E-02	31
A0A3Q8Q3U2__direct_alignment__A0A6J7XC21	A0A3Q8Q3U2	A0A6J7XC21	direct_alignment	direct_alignment	alignment_present_in_m8	1	A0A3Q8Q3U2	594	visible	A0A3Q8Q3U2	A0A6J7XC21	0.198	237	89	25	16	231	360	516	5.063E-03	34
A0A3Q8Q3U2__direct_alignment__G8DFE2	A0A3Q8Q3U2	G8DFE2	direct_alignment	direct_alignment	alignment_present_in_m8	1	A0A3Q8Q3U2	594	visible	A0A3Q8Q3U2	G8DFE2	0.222	81	37	7	157	234	42	99	7.455E-04	37
A0A3Q8Q3U2__direct_alignment__A0A3G4ZUE2	A0A3Q8Q3U2	A0A3G4ZUE2	direct_alignment	direct_alignment	alignment_present_in_m8	1	A0A3Q8Q3U2	594	visible	A0A3Q8Q3U2	A0A3G4ZUE2	0.207	111	30	9	12	75	85	184	2.498E-02	32
A0A3Q8Q3U2__direct_alignment__Q4A256	A0A3Q8Q3U2	Q4A256	direct_alignment	direct_alignment	alignment_present_in_m8	1	A0A3Q8Q3U2	594	visible	A0A3Q8Q3U2	Q4A256	0.207	101	42	12	129	210	513	594	2.498E-02	32
A0A3Q8Q3U2__direct_alignment__A0A385IRP8	A0A3Q8Q3U2	A0A385IRP8	direct_alignment	direct_alignment	alignment_present_in_m8	1	A0A3Q8Q3U2	594	visible	A0A3Q8Q3U2	A0A385IRP8	0.266	75	25	10	20	76	183	245	1.695E-01	29
A0A3Q8Q3U2__direct_alignment__A0A1V0SE79	A0A3Q8Q3U2	A0A1V0SE79	direct_alignment	direct_alignment	alignment_present_in_m8	1	A0A3Q8Q3U2	594	visible	A0A3Q8Q3U2	A0A1V0SE79	0.267	56	14	6	193	244	211	243	1.582E+00	26
A0A3Q8Q3U2__direct_alignment__A0A1V0SLA1	A0A3Q8Q3U2	A0A1V0SLA1	direct_alignment	direct_alignment	alignment_present_in_m8	1	A0A3Q8Q3U2	594	visible	A0A3Q8Q3U2	A0A1V0SLA1	0.229	109	40	13	146	234	23	107	2.498E-02	32
A0A3Q8Q3U2__direct_alignment__A0A2H4UV79	A0A3Q8Q3U2	A0A2H4UV79	direct_alignment	direct_alignment	alignment_present_in_m8	1	A0A3Q8Q3U2	594	visible	A0A3Q8Q3U2	A0A2H4UV79	0.264	117	50	15	141	240	215	312	1.943E-03	35
A0A3Q8Q3U2__direct_alignment__A0A481YY38	A0A3Q8Q3U2	A0A481YY38	direct_alignment	direct_alignment	alignment_present_in_m8	1	A0A3Q8Q3U2	594	visible	A0A3Q8Q3U2	A0A481YY38	0.265	128	37	17	134	252	40	119	6.075E-01	27
A0A3Q8Q3U2__cluster_membership__A0A1V0SGP3	A0A3Q8Q3U2	A0A1V0SGP3	cluster_membership	cluster_membership	same_foldseek_cluster_no_direct_rep_alignment_in_m8	0	A0A3Q8Q3U2	594	visible												
A0A3Q8Q3U2__cluster_membership__A0A345MKN1	A0A3Q8Q3U2	A0A345MKN1	cluster_membership	cluster_membership	same_foldseek_cluster_no_direct_rep_alignment_in_m8	0	A0A3Q8Q3U2	594	visible												
A0A3Q8Q3U2__cluster_membership__A0A385PJA1	A0A3Q8Q3U2	A0A385PJA1	cluster_membership	cluster_membership	same_foldseek_cluster_no_direct_rep_alignment_in_m8	0	A0A3Q8Q3U2	594	visible												
A0A3Q8Q3U2__direct_alignment__A0A5K0U9K6	A0A3Q8Q3U2	A0A5K0U9K6	direct_alignment	direct_alignment	alignment_present_in_m8	1	A0A3Q8Q3U2	594	visible	A0A3Q8Q3U2	A0A5K0U9K6	0.600	10	4	0	148	157	6	15	5.669E+00	24
A0A3Q8Q3U2__cluster_membership__A4L236	A0A3Q8Q3U2	A4L236	cluster_membership	cluster_membership	same_foldseek_cluster_no_direct_rep_alignment_in_m8	0	A0A3Q8Q3U2	594	visible												
A0A3Q8Q3U2__cluster_membership__A7KA36	A0A3Q8Q3U2	A7KA36	cluster_membership	cluster_membership	same_foldseek_cluster_no_direct_rep_alignment_in_m8	0	A0A3Q8Q3U2	594	visible												
A0A3Q8Q3U2__direct_alignment__Q9DUB7	A0A3Q8Q3U2	Q9DUB7	direct_alignment	direct_alignment	alignment_present_in_m8	1	A0A3Q8Q3U2	594	visible	A0A3Q8Q3U2	Q9DUB7	0.291	48	18	6	166	205	215	254	4.415E-01	28
A0A3Q8Q3U2__direct_alignment__A0A6J5PJY0	A0A3Q8Q3U2	A0A6J5PJY0	direct_alignment	direct_alignment	alignment_present_in_m8	1	A0A3Q8Q3U2	594	visible	A0A3Q8Q3U2	A0A6J5PJY0	0.282	39	16	4	36	68	433	465	2.995E+00	25
A0A3Q8Q3U2__direct_alignment__A0A6J5R481	A0A3Q8Q3U2	A0A6J5R481	direct_alignment	direct_alignment	alignment_present_in_m8	1	A0A3Q8Q3U2	594	visible	A0A3Q8Q3U2	A0A6J5R481	0.298	57	28	5	14	62	303	355	2.498E-02	32
A0A3Q8Q3U2__direct_alignment__A0A516LS96	A0A3Q8Q3U2	A0A516LS96	direct_alignment	direct_alignment	alignment_present_in_m8	1	A0A3Q8Q3U2	594	visible	A0A3Q8Q3U2	A0A516LS96	0.186	134	43	13	143	252	52	143	2.995E+00	25
A0A3Q8Q3U2__cluster_membership__A0A6J5PB34	A0A3Q8Q3U2	A0A6J5PB34	cluster_membership	cluster_membership	same_foldseek_cluster_no_direct_rep_alignment_in_m8	0	A0A3Q8Q3U2	594	visible												
A0A3Q8Q3U2__direct_alignment__M4R1G6	A0A3Q8Q3U2	M4R1G6	direct_alignment	direct_alignment	alignment_present_in_m8	1	A0A3Q8Q3U2	594	visible	A0A3Q8Q3U2	M4R1G6	0.241	62	28	6	30	75	27	85	8.953E-02	30
A0A3Q8Q3U2__direct_alignment__A0A1V0SAH7	A0A3Q8Q3U2	A0A1V0SAH7	direct_alignment	direct_alignment	alignment_present_in_m8	1	A0A3Q8Q3U2	594	visible	A0A3Q8Q3U2	A0A1V0SAH7	0.500	12	4	1	235	244	133	144	7.799E+00	24
A0A3Q8Q3U2__direct_alignment__A0A346FKF4	A0A3Q8Q3U2	A0A346FKF4	direct_alignment	direct_alignment	alignment_present_in_m8	1	A0A3Q8Q3U2	594	visible	A0A3Q8Q3U2	A0A346FKF4	0.296	27	10	4	18	37	88	112	5.669E+00	24
A0A3Q8Q3U2__direct_alignment__A0A6J5KTT4	A0A3Q8Q3U2	A0A6J5KTT4	direct_alignment	direct_alignment	alignment_present_in_m8	1	A0A3Q8Q3U2	594	visible	A0A3Q8Q3U2	A0A6J5KTT4	0.250	24	16	2	54	76	64	86	6.075E-01	27
A0A3Q8Q3U2__direct_alignment__A0A6J7WK33	A0A3Q8Q3U2	A0A6J7WK33	direct_alignment	direct_alignment	alignment_present_in_m8	1	A0A3Q8Q3U2	594	visible	A0A3Q8Q3U2	A0A6J7WK33	0.235	34	15	3	8	34	12	41	7.799E+00	24
A0A3Q8Q3U2__cluster_membership__A0A6J7X974	A0A3Q8Q3U2	A0A6J7X974	cluster_membership	cluster_membership	same_foldseek_cluster_no_direct_rep_alignment_in_m8	0	A0A3Q8Q3U2	594	visible												
A0A3Q8Q3U2__direct_alignment__A0A6N1NK79	A0A3Q8Q3U2	A0A6N1NK79	direct_alignment	direct_alignment	alignment_present_in_m8	1	A0A3Q8Q3U2	594	visible	A0A3Q8Q3U2	A0A6N1NK79	0.202	74	34	7	151	202	165	235	2.674E-03	35
A0A3Q8Q3U2__direct_alignment__A0A7D3UQN3	A0A3Q8Q3U2	A0A7D3UQN3	direct_alignment	direct_alignment	alignment_present_in_m8	1	A0A3Q8Q3U2	594	visible	A0A3Q8Q3U2	A0A7D3UQN3	0.303	122	34	15	16	106	119	220	1.319E-02	33
A0A3Q8Q3U2__direct_alignment__A0A7D3UV11	A0A3Q8Q3U2	A0A7D3UV11	direct_alignment	direct_alignment	alignment_present_in_m8	1	A0A3Q8Q3U2	594	visible	A0A3Q8Q3U2	A0A7D3UV11	0.444	18	3	1	129	146	50	60	2.177E+00	25
A0A3Q8Q3U2__direct_alignment__M4QT82	A0A3Q8Q3U2	M4QT82	direct_alignment	direct_alignment	alignment_present_in_m8	1	A0A3Q8Q3U2	594	visible	A0A3Q8Q3U2	M4QT82	0.344	29	12	3	21	45	10	35	1.319E-02	33
A0A3Q8Q3U2__direct_alignment__A0A2P0VP94	A0A3Q8Q3U2	A0A2P0VP94	direct_alignment	direct_alignment	alignment_present_in_m8	1	A0A3Q8Q3U2	594	visible	A0A3Q8Q3U2	A0A2P0VP94	0.291	72	20	10	18	75	5	59	6.507E-02	30
A0A3Q8Q3U2__direct_alignment__A0A1V0SJT4	A0A3Q8Q3U2	A0A1V0SJT4	direct_alignment	direct_alignment	alignment_present_in_m8	1	A0A3Q8Q3U2	594	visible	A0A3Q8Q3U2	A0A1V0SJT4	0.240	75	24	5	187	250	168	220	4.415E-01	28
A0A3Q8Q3U2__direct_alignment__A0A8F2IW62	A0A3Q8Q3U2	A0A8F2IW62	direct_alignment	direct_alignment	alignment_present_in_m8	1	A0A3Q8Q3U2	594	visible	A0A3Q8Q3U2	A0A8F2IW62	0.289	76	25	7	147	201	98	165	8.358E-01	27
A0A3Q8Q3U2__direct_alignment__A0A0N7KVR5	A0A3Q8Q3U2	A0A0N7KVR5	direct_alignment	direct_alignment	alignment_present_in_m8	1	A0A3Q8Q3U2	594	visible	A0A3Q8Q3U2	A0A0N7KVR5	0.333	42	13	5	26	53	227	267	4.415E-01	28
A0A3Q8Q3U2__cluster_membership__A0A6J5P3W7	A0A3Q8Q3U2	A0A6J5P3W7	cluster_membership	cluster_membership	same_foldseek_cluster_no_direct_rep_alignment_in_m8	0	A0A3Q8Q3U2	594	visible												
A0A3Q8Q3U2__direct_alignment__A0A6J7WV00	A0A3Q8Q3U2	A0A6J7WV00	direct_alignment	direct_alignment	alignment_present_in_m8	1	A0A3Q8Q3U2	594	visible	A0A3Q8Q3U2	A0A6J7WV00	0.337	80	25	10	180	245	59	124	1.412E-03	36
A0A3Q8Q3U2__cluster_membership__A0A8D9CDT0	A0A3Q8Q3U2	A0A8D9CDT0	cluster_membership	cluster_membership	same_foldseek_cluster_no_direct_rep_alignment_in_m8	0	A0A3Q8Q3U2	594	visible												
A0A3Q8Q3U2__cluster_membership__A0A6J7WXJ1	A0A3Q8Q3U2	A0A6J7WXJ1	cluster_membership	cluster_membership	same_foldseek_cluster_no_direct_rep_alignment_in_m8	0	A0A3Q8Q3U2	594	visible												
A0A3Q8Q3U2__direct_alignment__A0A5J6VJM5	A0A3Q8Q3U2	A0A5J6VJM5	direct_alignment	direct_alignment	alignment_present_in_m8	1	A0A3Q8Q3U2	594	visible	A0A3Q8Q3U2	A0A5J6VJM5	0.211	246	78	24	33	233	146	320	3.437E-02	31
A0A3Q8Q3U2__direct_alignment__A0A6J5M9I3	A0A3Q8Q3U2	A0A6J5M9I3	direct_alignment	direct_alignment	alignment_present_in_m8	1	A0A3Q8Q3U2	594	visible	A0A3Q8Q3U2	A0A6J5M9I3	0.323	65	20	10	22	69	8	65	1.582E+00	26
A0A3Q8Q3U2__direct_alignment__A0A6J7WYC1	A0A3Q8Q3U2	A0A6J7WYC1	direct_alignment	direct_alignment	alignment_present_in_m8	1	A0A3Q8Q3U2	594	visible	A0A3Q8Q3U2	A0A6J7WYC1	0.333	54	12	5	216	247	122	173	1.695E-01	29
A0A3Q8Q3U2__direct_alignment__W6JIU6	A0A3Q8Q3U2	W6JIU6	direct_alignment	direct_alignment	alignment_present_in_m8	1	A0A3Q8Q3U2	594	visible	A0A3Q8Q3U2	W6JIU6	0.333	54	18	7	11	54	86	131	1.943E-03	35
A0A3Q8Q3U2__direct_alignment__A0A8D9CDA7	A0A3Q8Q3U2	A0A8D9CDA7	direct_alignment	direct_alignment	alignment_present_in_m8	1	A0A3Q8Q3U2	594	visible	A0A3Q8Q3U2	A0A8D9CDA7	0.333	63	20	10	28	83	72	119	1.943E-03	35
A0A3Q8Q3U2__direct_alignment__A0A0F7L2F7	A0A3Q8Q3U2	A0A0F7L2F7	direct_alignment	direct_alignment	alignment_present_in_m8	1	A0A3Q8Q3U2	594	visible	A0A3Q8Q3U2	A0A0F7L2F7	0.297	74	26	7	14	69	9	74	7.974E-05	40
A0A3Q8Q3U2__direct_alignment__A0A5Q2W8M2	A0A3Q8Q3U2	A0A5Q2W8M2	direct_alignment	direct_alignment	alignment_present_in_m8	1	A0A3Q8Q3U2	594	visible	A0A3Q8Q3U2	A0A5Q2W8M2	0.288	90	24	12	15	76	10	87	5.417E-04	37
A0A3Q8Q3U2__cluster_membership__A0A6J5NRS4	A0A3Q8Q3U2	A0A6J5NRS4	cluster_membership	cluster_membership	same_foldseek_cluster_no_direct_rep_alignment_in_m8	0	A0A3Q8Q3U2	594	visible												
A0A3Q8Q3U2__direct_alignment__G8DH22	A0A3Q8Q3U2	G8DH22	direct_alignment	direct_alignment	alignment_present_in_m8	1	A0A3Q8Q3U2	594	visible	A0A3Q8Q3U2	G8DH22	0.205	78	32	6	16	75	51	116	5.669E+00	24
A0A3Q8Q3U2__direct_alignment__H9NC47	A0A3Q8Q3U2	H9NC47	direct_alignment	direct_alignment	alignment_present_in_m8	1	A0A3Q8Q3U2	594	visible	A0A3Q8Q3U2	H9NC47	0.333	42	9	6	34	59	258	296	1.815E-02	32
A0A3Q8Q3U2__direct_alignment__S0A439	A0A3Q8Q3U2	S0A439	direct_alignment	direct_alignment	alignment_present_in_m8	1	A0A3Q8Q3U2	594	visible	A0A3Q8Q3U2	S0A439	0.260	73	31	13	17	74	128	192	2.177E+00	25
A0A3Q8Q3U2__cluster_membership__A0A6J5MRQ0	A0A3Q8Q3U2	A0A6J5MRQ0	cluster_membership	cluster_membership	same_foldseek_cluster_no_direct_rep_alignment_in_m8	0	A0A3Q8Q3U2	594	visible												
A0A3Q8Q3U2__cluster_membership__A0A8S5V9B8	A0A3Q8Q3U2	A0A8S5V9B8	cluster_membership	cluster_membership	same_foldseek_cluster_no_direct_rep_alignment_in_m8	0	A0A3Q8Q3U2	594	visible												
A0A3Q8Q3U2__cluster_membership__A0A8D9FRY6	A0A3Q8Q3U2	A0A8D9FRY6	cluster_membership	cluster_membership	same_foldseek_cluster_no_direct_rep_alignment_in_m8	0	A0A3Q8Q3U2	594	visible												
A0A3Q8Q3U2__cluster_membership__A0A516KXV4	A0A3Q8Q3U2	A0A516KXV4	cluster_membership	cluster_membership	same_foldseek_cluster_no_direct_rep_alignment_in_m8	0	A0A3Q8Q3U2	594	visible												
A0A3Q8Q3U2__direct_alignment__A0A1V0SAE6	A0A3Q8Q3U2	A0A1V0SAE6	direct_alignment	direct_alignment	alignment_present_in_m8	1	A0A3Q8Q3U2	594	visible	A0A3Q8Q3U2	A0A1V0SAE6	0.242	107	30	10	162	250	433	506	1.026E-03	36
A0A3Q8Q3U2__direct_alignment__A0A1X9VNT6	A0A3Q8Q3U2	A0A1X9VNT6	direct_alignment	direct_alignment	alignment_present_in_m8	1	A0A3Q8Q3U2	594	visible	A0A3Q8Q3U2	A0A1X9VNT6	0.265	173	42	22	19	157	1	122	1.232E-01	30
A0A3Q8Q3U2__direct_alignment__A0A5J6VP67	A0A3Q8Q3U2	A0A5J6VP67	direct_alignment	direct_alignment	alignment_present_in_m8	1	A0A3Q8Q3U2	594	visible	A0A3Q8Q3U2	A0A5J6VP67	0.208	268	73	25	16	207	326	530	7.974E-05	40
A0A3Q8Q3U2__direct_alignment__A0A6J5KM12	A0A3Q8Q3U2	A0A6J5KM12	direct_alignment	direct_alignment	alignment_present_in_m8	1	A0A3Q8Q3U2	594	visible	A0A3Q8Q3U2	A0A6J5KM12	0.285	63	17	8	39	85	43	93	1.695E-01	29
A0A3Q8Q3U2__direct_alignment__A0A5Q2W8L0	A0A3Q8Q3U2	A0A5Q2W8L0	direct_alignment	direct_alignment	alignment_present_in_m8	1	A0A3Q8Q3U2	594	visible	A0A3Q8Q3U2	A0A5Q2W8L0	0.222	90	32	10	118	191	12	79	6.075E-01	27
A0A3Q8Q3U2__direct_alignment__A0A5J6VNH2	A0A3Q8Q3U2	A0A5J6VNH2	direct_alignment	direct_alignment	alignment_present_in_m8	1	A0A3Q8Q3U2	594	visible	A0A3Q8Q3U2	A0A5J6VNH2	0.229	96	27	11	171	227	17	104	8.358E-01	27
A0A3Q8Q3U2__cluster_membership__A0A5Q2W553	A0A3Q8Q3U2	A0A5Q2W553	cluster_membership	cluster_membership	same_foldseek_cluster_no_direct_rep_alignment_in_m8	0	A0A3Q8Q3U2	594	visible												
A0A3Q8Q3U2__direct_alignment__A0A6J5L7D2	A0A3Q8Q3U2	A0A6J5L7D2	direct_alignment	direct_alignment	alignment_present_in_m8	1	A0A3Q8Q3U2	594	visible	A0A3Q8Q3U2	A0A6J5L7D2	0.306	49	20	6	11	59	427	461	6.507E-02	30
A0A3Q8Q3U2__cluster_membership__A0A6J5P5Q4	A0A3Q8Q3U2	A0A6J5P5Q4	cluster_membership	cluster_membership	same_foldseek_cluster_no_direct_rep_alignment_in_m8	0	A0A3Q8Q3U2	594	visible												
A0A3Q8Q3U2__direct_alignment__A0A6J5PR19	A0A3Q8Q3U2	A0A6J5PR19	direct_alignment	direct_alignment	alignment_present_in_m8	1	A0A3Q8Q3U2	594	visible	A0A3Q8Q3U2	A0A6J5PR19	0.384	26	8	2	171	194	116	135	1.150E+00	26
A0A3Q8Q3U2__cluster_membership__A0A7M1RVD0	A0A3Q8Q3U2	A0A7M1RVD0	cluster_membership	cluster_membership	same_foldseek_cluster_no_direct_rep_alignment_in_m8	0	A0A3Q8Q3U2	594	visible												
A0A3Q8Q3U2__direct_alignment__A0A8S5VW02	A0A3Q8Q3U2	A0A8S5VW02	direct_alignment	direct_alignment	alignment_present_in_m8	1	A0A3Q8Q3U2	594	visible	A0A3Q8Q3U2	A0A8S5VW02	0.267	56	22	5	154	201	43	87	4.120E+00	25
A0A3Q8Q3U2__direct_alignment__W5S5X7	A0A3Q8Q3U2	W5S5X7	direct_alignment	direct_alignment	alignment_present_in_m8	1	A0A3Q8Q3U2	594	visible	A0A3Q8Q3U2	W5S5X7	0.375	24	11	3	49	70	26	47	4.120E+00	25
A0A3Q8Q3U2__direct_alignment__A0A0P0YN31	A0A3Q8Q3U2	A0A0P0YN31	direct_alignment	direct_alignment	alignment_present_in_m8	1	A0A3Q8Q3U2	594	visible	A0A3Q8Q3U2	A0A0P0YN31	0.253	79	17	8	15	71	144	202	3.437E-02	31
A0A3Q8Q3U2__direct_alignment__A0A0N9QZR6	A0A3Q8Q3U2	A0A0N9QZR6	direct_alignment	direct_alignment	alignment_present_in_m8	1	A0A3Q8Q3U2	594	visible	A0A3Q8Q3U2	A0A0N9QZR6	0.265	64	32	9	18	79	6	56	3.209E-01	28
A0A3Q8Q3U2__cluster_membership__A0A3G5AGB1	A0A3Q8Q3U2	A0A3G5AGB1	cluster_membership	cluster_membership	same_foldseek_cluster_no_direct_rep_alignment_in_m8	0	A0A3Q8Q3U2	594	visible												
A0A3Q8Q3U2__cluster_membership__A0A7S5RHF0	A0A3Q8Q3U2	A0A7S5RHF0	cluster_membership	cluster_membership	same_foldseek_cluster_no_direct_rep_alignment_in_m8	0	A0A3Q8Q3U2	594	visible												
A0A3Q8Q3U2__direct_alignment__A0A481ZB57	A0A3Q8Q3U2	A0A481ZB57	direct_alignment	direct_alignment	alignment_present_in_m8	1	A0A3Q8Q3U2	594	visible	A0A3Q8Q3U2	A0A481ZB57	0.297	47	11	5	33	72	136	167	1.150E+00	26
A0A3Q8Q3U2__direct_alignment__A0A481YV15	A0A3Q8Q3U2	A0A481YV15	direct_alignment	direct_alignment	alignment_present_in_m8	1	A0A3Q8Q3U2	594	visible	A0A3Q8Q3U2	A0A481YV15	0.214	84	27	11	12	69	55	125	7.799E+00	24
A0A3Q8Q3U2__direct_alignment__A0A481ZCK8	A0A3Q8Q3U2	A0A481ZCK8	direct_alignment	direct_alignment	alignment_present_in_m8	1	A0A3Q8Q3U2	594	visible	A0A3Q8Q3U2	A0A481ZCK8	0.244	45	21	5	146	179	260	302	3.209E-01	28
A0A3Q8Q3U2__direct_alignment__A0A5J6VIH2	A0A3Q8Q3U2	A0A5J6VIH2	direct_alignment	direct_alignment	alignment_present_in_m8	1	A0A3Q8Q3U2	594	visible	A0A3Q8Q3U2	A0A5J6VIH2	0.258	62	16	6	18	62	122	170	6.507E-02	30
A0A3Q8Q3U2__direct_alignment__A0A3G4ZTD4	A0A3Q8Q3U2	A0A3G4ZTD4	direct_alignment	direct_alignment	alignment_present_in_m8	1	A0A3Q8Q3U2	594	visible	A0A3Q8Q3U2	A0A3G4ZTD4	0.207	111	38	13	174	250	192	286	3.437E-02	31
A0A3Q8Q3U2__direct_alignment__A0A481YR41	A0A3Q8Q3U2	A0A481YR41	direct_alignment	direct_alignment	alignment_present_in_m8	1	A0A3Q8Q3U2	594	visible	A0A3Q8Q3U2	A0A481YR41	0.314	54	21	4	20	66	165	209	6.507E-02	30
A0A3Q8Q3U2__direct_alignment__A0A5J6VK65	A0A3Q8Q3U2	A0A5J6VK65	direct_alignment	direct_alignment	alignment_present_in_m8	1	A0A3Q8Q3U2	594	visible	A0A3Q8Q3U2	A0A5J6VK65	0.297	74	28	11	10	72	242	302	7.455E-04	37
A0A3Q8Q3U2__direct_alignment__A0A481Z5S5	A0A3Q8Q3U2	A0A481Z5S5	direct_alignment	direct_alignment	alignment_present_in_m8	1	A0A3Q8Q3U2	594	visible	A0A3Q8Q3U2	A0A481Z5S5	0.257	132	59	13	146	251	560	678	5.063E-03	34
A0A3Q8Q3U2__direct_alignment__A0A4P6VP80	A0A3Q8Q3U2	A0A4P6VP80	direct_alignment	direct_alignment	alignment_present_in_m8	1	A0A3Q8Q3U2	594	visible	A0A3Q8Q3U2	A0A4P6VP80	0.285	49	14	5	146	181	241	281	1.232E-01	30
A0A3Q8Q3U2__direct_alignment__A0A1V0SK48	A0A3Q8Q3U2	A0A1V0SK48	direct_alignment	direct_alignment	alignment_present_in_m8	1	A0A3Q8Q3U2	594	visible	A0A3Q8Q3U2	A0A1V0SK48	0.354	31	11	3	47	74	488	512	8.953E-02	30
A0A3Q8Q3U2__direct_alignment__A0A5J6VJV6	A0A3Q8Q3U2	A0A5J6VJV6	direct_alignment	direct_alignment	alignment_present_in_m8	1	A0A3Q8Q3U2	594	visible	A0A3Q8Q3U2	A0A5J6VJV6	0.321	28	14	2	40	66	70	93	1.150E+00	26
A0A3Q8Q3U2__cluster_membership__A0A6J5LU50	A0A3Q8Q3U2	A0A6J5LU50	cluster_membership	cluster_membership	same_foldseek_cluster_no_direct_rep_alignment_in_m8	0	A0A3Q8Q3U2	594	visible												
A0A3Q8Q3U2__cluster_membership__A0A7D0GP32	A0A3Q8Q3U2	A0A7D0GP32	cluster_membership	cluster_membership	same_foldseek_cluster_no_direct_rep_alignment_in_m8	0	A0A3Q8Q3U2	594	visible												
A0A3Q8Q3U2__direct_alignment__A0A6J5PPR0	A0A3Q8Q3U2	A0A6J5PPR0	direct_alignment	direct_alignment	alignment_present_in_m8	1	A0A3Q8Q3U2	594	visible	A0A3Q8Q3U2	A0A6J5PPR0	0.300	40	12	4	40	72	68	98	2.995E+00	25
A0A3Q8Q3U2__direct_alignment__A0A6J5T3W3	A0A3Q8Q3U2	A0A6J5T3W3	direct_alignment	direct_alignment	alignment_present_in_m8	1	A0A3Q8Q3U2	594	visible	A0A3Q8Q3U2	A0A6J5T3W3	0.250	60	23	6	187	240	995	1038	3.679E-03	35
A0A3Q8Q3U2__direct_alignment__A0A6J7WYT5	A0A3Q8Q3U2	A0A6J7WYT5	direct_alignment	direct_alignment	alignment_present_in_m8	1	A0A3Q8Q3U2	594	visible	A0A3Q8Q3U2	A0A6J7WYT5	0.188	90	32	10	13	67	167	250	7.799E+00	24
A0A3Q8Q3U2__direct_alignment__A0A5J6VKB5	A0A3Q8Q3U2	A0A5J6VKB5	direct_alignment	direct_alignment	alignment_present_in_m8	1	A0A3Q8Q3U2	594	visible	A0A3Q8Q3U2	A0A5J6VKB5	0.261	134	41	21	152	250	342	452	7.455E-04	37
A0A3Q8Q3U2__direct_alignment__E3T541	A0A3Q8Q3U2	E3T541	direct_alignment	direct_alignment	alignment_present_in_m8	1	A0A3Q8Q3U2	594	visible	A0A3Q8Q3U2	E3T541	0.253	75	21	7	12	74	655	706	1.319E-02	33
A0A3Q8Q3U2__direct_alignment__UPI001E761E12	A0A3Q8Q3U2	UPI001E761E12	direct_alignment	direct_alignment	alignment_present_in_m8	1	A0A3Q8Q3U2	594	visible	A0A3Q8Q3U2	UPI001E761E12	0.241	62	32	8	16	74	4	53	4.729E-02	31
A0A3Q8Q3U2__cluster_membership__A0A6J5LRF4	A0A3Q8Q3U2	A0A6J5LRF4	cluster_membership	cluster_membership	same_foldseek_cluster_no_direct_rep_alignment_in_m8	0	A0A3Q8Q3U2	594	visible												
A0A3Q8Q3U2__cluster_membership__A0A6J5LZ99	A0A3Q8Q3U2	A0A6J5LZ99	cluster_membership	cluster_membership	same_foldseek_cluster_no_direct_rep_alignment_in_m8	0	A0A3Q8Q3U2	594	visible												
A0A3Q8Q3U2__direct_alignment__A0A3G5AJT7	A0A3Q8Q3U2	A0A3G5AJT7	direct_alignment	direct_alignment	alignment_present_in_m8	1	A0A3Q8Q3U2	594	visible	A0A3Q8Q3U2	A0A3G5AJT7	0.250	56	19	5	158	198	64	111	1.695E-01	29
A0A3Q8Q3U2__direct_alignment__A0A2H4UUS7	A0A3Q8Q3U2	A0A2H4UUS7	direct_alignment	direct_alignment	alignment_present_in_m8	1	A0A3Q8Q3U2	594	visible	A0A3Q8Q3U2	A0A2H4UUS7	0.280	89	23	13	9	77	78	145	1.232E-01	30
A0A3Q8Q3U2__direct_alignment__A0A5B8HVM2	A0A3Q8Q3U2	A0A5B8HVM2	direct_alignment	direct_alignment	alignment_present_in_m8	1	A0A3Q8Q3U2	594	visible	A0A3Q8Q3U2	A0A5B8HVM2	0.263	72	29	10	20	78	149	209	5.417E-04	37
A0A3Q8Q3U2__direct_alignment__A0A345MLL0	A0A3Q8Q3U2	A0A345MLL0	direct_alignment	direct_alignment	alignment_present_in_m8	1	A0A3Q8Q3U2	594	visible	A0A3Q8Q3U2	A0A345MLL0	0.220	50	20	4	34	73	113	153	1.695E-01	29
A0A3Q8Q3U2__direct_alignment__A0A3G4ZSK1	A0A3Q8Q3U2	A0A3G4ZSK1	direct_alignment	direct_alignment	alignment_present_in_m8	1	A0A3Q8Q3U2	594	visible	A0A3Q8Q3U2	A0A3G4ZSK1	0.251	127	29	15	145	242	3	92	4.415E-01	28
A0A3Q8Q3U2__cluster_membership__A7RBM8	A0A3Q8Q3U2	A7RBM8	cluster_membership	cluster_membership	same_foldseek_cluster_no_direct_rep_alignment_in_m8	0	A0A3Q8Q3U2	594	visible												
A0A3Q8Q3U2__direct_alignment__A0A6J7X5Q0	A0A3Q8Q3U2	A0A6J7X5Q0	direct_alignment	direct_alignment	alignment_present_in_m8	1	A0A3Q8Q3U2	594	visible	A0A3Q8Q3U2	A0A6J7X5Q0	0.168	77	38	9	12	72	634	700	3.209E-01	28
A0A3Q8Q3U2__cluster_membership__A0A7D7JJX1	A0A3Q8Q3U2	A0A7D7JJX1	cluster_membership	cluster_membership	same_foldseek_cluster_no_direct_rep_alignment_in_m8	0	A0A3Q8Q3U2	594	visible												
A0A3Q8Q3U2__direct_alignment__G3GQD3	A0A3Q8Q3U2	G3GQD3	direct_alignment	direct_alignment	alignment_present_in_m8	1	A0A3Q8Q3U2	594	visible	A0A3Q8Q3U2	G3GQD3	0.269	52	22	6	29	75	36	76	2.498E-02	32
A0A3Q8Q3U2__direct_alignment__A0A6J5PQ76	A0A3Q8Q3U2	A0A6J5PQ76	direct_alignment	direct_alignment	alignment_present_in_m8	1	A0A3Q8Q3U2	594	visible	A0A3Q8Q3U2	A0A6J5PQ76	0.218	87	28	9	13	74	62	133	3.437E-02	31
A0A3Q8Q3U2__direct_alignment__A0A481ZC42	A0A3Q8Q3U2	A0A481ZC42	direct_alignment	direct_alignment	alignment_present_in_m8	1	A0A3Q8Q3U2	594	visible	A0A3Q8Q3U2	A0A481ZC42	0.219	73	36	7	16	70	39	108	8.953E-02	30
A0A3Q8Q3U2__direct_alignment__A0A5B8IQ41	A0A3Q8Q3U2	A0A5B8IQ41	direct_alignment	direct_alignment	alignment_present_in_m8	1	A0A3Q8Q3U2	594	visible	A0A3Q8Q3U2	A0A5B8IQ41	0.267	56	24	7	156	207	91	133	4.415E-01	28
A0A3Q8Q3U2__direct_alignment__A0A6J7VNR9	A0A3Q8Q3U2	A0A6J7VNR9	direct_alignment	direct_alignment	alignment_present_in_m8	1	A0A3Q8Q3U2	594	visible	A0A3Q8Q3U2	A0A6J7VNR9	0.312	16	11	0	159	174	127	142	1.150E+00	26
A0A3Q8Q3U2__direct_alignment__A0A8D9CAL9	A0A3Q8Q3U2	A0A8D9CAL9	direct_alignment	direct_alignment	alignment_present_in_m8	1	A0A3Q8Q3U2	594	visible	A0A3Q8Q3U2	A0A8D9CAL9	0.283	53	22	7	15	61	224	266	8.358E-01	27
A0A3Q8Q3U2__direct_alignment__A0A1V0SL64	A0A3Q8Q3U2	A0A1V0SL64	direct_alignment	direct_alignment	alignment_present_in_m8	1	A0A3Q8Q3U2	594	visible	A0A3Q8Q3U2	A0A1V0SL64	0.272	99	35	12	159	248	431	501	2.079E-04	39
A0A3Q8Q3U2__direct_alignment__A0A0E3Z612	A0A3Q8Q3U2	A0A0E3Z612	direct_alignment	direct_alignment	alignment_present_in_m8	1	A0A3Q8Q3U2	594	visible	A0A3Q8Q3U2	A0A0E3Z612	0.260	46	15	4	16	46	278	319	5.669E+00	24
A0A3Q8Q3U2__direct_alignment__A0A0N9QQH7	A0A3Q8Q3U2	A0A0N9QQH7	direct_alignment	direct_alignment	alignment_present_in_m8	1	A0A3Q8Q3U2	594	visible	A0A3Q8Q3U2	A0A0N9QQH7	0.257	70	18	9	15	68	195	246	1.695E-01	29
A0A3Q8Q3U2__direct_alignment__A0A0P0YP80	A0A3Q8Q3U2	A0A0P0YP80	direct_alignment	direct_alignment	alignment_present_in_m8	1	A0A3Q8Q3U2	594	visible	A0A3Q8Q3U2	A0A0P0YP80	0.209	81	23	6	23	73	108	177	8.358E-01	27
A0A3Q8Q3U2__direct_alignment__A0A0S1TQK4	A0A3Q8Q3U2	A0A0S1TQK4	direct_alignment	direct_alignment	alignment_present_in_m8	1	A0A3Q8Q3U2	594	visible	A0A3Q8Q3U2	A0A0S1TQK4	0.222	144	50	12	139	247	189	305	6.075E-01	27
A0A3Q8Q3U2__direct_alignment__A0A142EZM3	A0A3Q8Q3U2	A0A142EZM3	direct_alignment	direct_alignment	alignment_present_in_m8	1	A0A3Q8Q3U2	594	visible	A0A3Q8Q3U2	A0A142EZM3	0.200	50	15	4	20	67	68	94	4.120E+00	25
A0A3Q8Q3U2__direct_alignment__A0A1V0SAS7	A0A3Q8Q3U2	A0A1V0SAS7	direct_alignment	direct_alignment	alignment_present_in_m8	1	A0A3Q8Q3U2	594	visible	A0A3Q8Q3U2	A0A1V0SAS7	0.273	73	16	8	174	217	82	146	2.995E+00	25
A0A3Q8Q3U2__direct_alignment__A0A1V0SGD8	A0A3Q8Q3U2	A0A1V0SGD8	direct_alignment	direct_alignment	alignment_present_in_m8	1	A0A3Q8Q3U2	594	visible	A0A3Q8Q3U2	A0A1V0SGD8	0.236	55	16	4	182	229	59	94	1.232E-01	30
A0A3Q8Q3U2__direct_alignment__A0A1B1ISM5	A0A3Q8Q3U2	A0A1B1ISM5	direct_alignment	direct_alignment	alignment_present_in_m8	1	A0A3Q8Q3U2	594	visible	A0A3Q8Q3U2	A0A1B1ISM5	0.236	72	28	11	18	75	33	91	4.120E+00	25
A0A3Q8Q3U2__direct_alignment__A0A3G5A1C1	A0A3Q8Q3U2	A0A3G5A1C1	direct_alignment	direct_alignment	alignment_present_in_m8	1	A0A3Q8Q3U2	594	visible	A0A3Q8Q3U2	A0A3G5A1C1	0.250	16	12	0	15	30	191	206	2.177E+00	25
A0A3Q8Q3U2__direct_alignment__A0A6J5ND39	A0A3Q8Q3U2	A0A6J5ND39	direct_alignment	direct_alignment	alignment_present_in_m8	1	A0A3Q8Q3U2	594	visible	A0A3Q8Q3U2	A0A6J5ND39	0.206	58	36	5	170	226	194	242	6.075E-01	27
A0A3Q8Q3U2__direct_alignment__Q80BJ1	A0A3Q8Q3U2	Q80BJ1	direct_alignment	direct_alignment	alignment_present_in_m8	1	A0A3Q8Q3U2	594	visible	A0A3Q8Q3U2	Q80BJ1	0.196	168	56	16	59	184	24	154	1.232E-01	30
A0A3Q8Q3U2__direct_alignment__A0A2I2L4I5	A0A3Q8Q3U2	A0A2I2L4I5	direct_alignment	direct_alignment	alignment_present_in_m8	1	A0A3Q8Q3U2	594	visible	A0A3Q8Q3U2	A0A2I2L4I5	0.411	34	14	3	195	223	3	35	3.679E-03	35
A0A3Q8Q3U2__direct_alignment__A0A2I7QNN4	A0A3Q8Q3U2	A0A2I7QNN4	direct_alignment	direct_alignment	alignment_present_in_m8	1	A0A3Q8Q3U2	594	visible	A0A3Q8Q3U2	A0A2I7QNN4	0.265	64	24	6	13	66	203	253	3.209E-01	28
A0A3Q8Q3U2__direct_alignment__A0A8S5SNB9	A0A3Q8Q3U2	A0A8S5SNB9	direct_alignment	direct_alignment	alignment_present_in_m8	1	A0A3Q8Q3U2	594	visible	A0A3Q8Q3U2	A0A8S5SNB9	0.307	65	28	9	164	226	126	175	1.319E-02	33
A0A3Q8Q3U2__cluster_membership__A0A3G4ZNB7	A0A3Q8Q3U2	A0A3G4ZNB7	cluster_membership	cluster_membership	same_foldseek_cluster_no_direct_rep_alignment_in_m8	0	A0A3Q8Q3U2	594	visible												
A0A3Q8Q3U2__direct_alignment__A0A5K0U861	A0A3Q8Q3U2	A0A5K0U861	direct_alignment	direct_alignment	alignment_present_in_m8	1	A0A3Q8Q3U2	594	visible	A0A3Q8Q3U2	A0A5K0U861	0.311	106	32	15	135	218	661	747	7.974E-05	40
A0A3Q8Q3U2__direct_alignment__A0A5K0U8P6	A0A3Q8Q3U2	A0A5K0U8P6	direct_alignment	direct_alignment	alignment_present_in_m8	1	A0A3Q8Q3U2	594	visible	A0A3Q8Q3U2	A0A5K0U8P6	0.272	121	32	14	146	231	196	295	3.209E-01	28
A0A3Q8Q3U2__direct_alignment__A0A3G5ADE5	A0A3Q8Q3U2	A0A3G5ADE5	direct_alignment	direct_alignment	alignment_present_in_m8	1	A0A3Q8Q3U2	594	visible	A0A3Q8Q3U2	A0A3G5ADE5	0.314	54	22	8	29	73	286	333	2.498E-02	32
A0A3Q8Q3U2__cluster_membership__A0A2P0VP84	A0A3Q8Q3U2	A0A2P0VP84	cluster_membership	cluster_membership	same_foldseek_cluster_no_direct_rep_alignment_in_m8	0	A0A3Q8Q3U2	594	visible												
A0A3Q8Q3U2__direct_alignment__A0A2R8FF35	A0A3Q8Q3U2	A0A2R8FF35	direct_alignment	direct_alignment	alignment_present_in_m8	1	A0A3Q8Q3U2	594	visible	A0A3Q8Q3U2	A0A2R8FF35	0.262	61	19	4	145	195	82	126	6.075E-01	27
A0A3Q8Q3U2__direct_alignment__A0A3G5AEI9	A0A3Q8Q3U2	A0A3G5AEI9	direct_alignment	direct_alignment	alignment_present_in_m8	1	A0A3Q8Q3U2	594	visible	A0A3Q8Q3U2	A0A3G5AEI9	0.269	78	25	9	10	74	97	155	8.953E-02	30
A0A3Q8Q3U2__direct_alignment__A0A3G5AFP7	A0A3Q8Q3U2	A0A3G5AFP7	direct_alignment	direct_alignment	alignment_present_in_m8	1	A0A3Q8Q3U2	594	visible	A0A3Q8Q3U2	A0A3G5AFP7	0.262	61	22	5	194	236	456	511	1.815E-02	32
A0A3Q8Q3U2__direct_alignment__A0A3G5AIH5	A0A3Q8Q3U2	A0A3G5AIH5	direct_alignment	direct_alignment	alignment_present_in_m8	1	A0A3Q8Q3U2	594	visible	A0A3Q8Q3U2	A0A3G5AIH5	0.333	39	16	4	191	227	3	33	4.415E-01	28
A0A3Q8Q3U2__direct_alignment__A0A481YUL8	A0A3Q8Q3U2	A0A481YUL8	direct_alignment	direct_alignment	alignment_present_in_m8	1	A0A3Q8Q3U2	594	visible	A0A3Q8Q3U2	A0A481YUL8	0.247	89	37	10	13	87	553	625	2.995E+00	25
A0A3Q8Q3U2__direct_alignment__M4QRB4	A0A3Q8Q3U2	M4QRB4	direct_alignment	direct_alignment	alignment_present_in_m8	1	A0A3Q8Q3U2	594	visible	A0A3Q8Q3U2	M4QRB4	0.215	51	21	5	32	76	11	48	5.669E+00	24
A0A3Q8Q3U2__direct_alignment__A0A481Z0V4	A0A3Q8Q3U2	A0A481Z0V4	direct_alignment	direct_alignment	alignment_present_in_m8	1	A0A3Q8Q3U2	594	visible	A0A3Q8Q3U2	A0A481Z0V4	0.264	87	20	7	13	89	223	275	6.967E-03	34
A0A3Q8Q3U2__direct_alignment__A0A481Z110	A0A3Q8Q3U2	A0A481Z110	direct_alignment	direct_alignment	alignment_present_in_m8	1	A0A3Q8Q3U2	594	visible	A0A3Q8Q3U2	A0A481Z110	0.303	56	21	5	143	187	326	374	3.437E-02	31
A0A3Q8Q3U2__direct_alignment__A0A076FI77	A0A3Q8Q3U2	A0A076FI77	direct_alignment	direct_alignment	alignment_present_in_m8	1	A0A3Q8Q3U2	594	visible	A0A3Q8Q3U2	A0A076FI77	0.214	70	14	7	39	74	56	118	8.358E-01	27
A0A3Q8Q3U2__direct_alignment__A0A6G6XQ87	A0A3Q8Q3U2	A0A6G6XQ87	direct_alignment	direct_alignment	alignment_present_in_m8	1	A0A3Q8Q3U2	594	visible	A0A3Q8Q3U2	A0A6G6XQ87	0.271	70	17	7	16	78	441	483	4.120E+00	25
A0A3Q8Q3U2__direct_alignment__A0A6J5KP94	A0A3Q8Q3U2	A0A6J5KP94	direct_alignment	direct_alignment	alignment_present_in_m8	1	A0A3Q8Q3U2	594	visible	A0A3Q8Q3U2	A0A6J5KP94	0.217	46	18	4	16	61	75	102	2.995E+00	25
A0A3Q8Q3U2__direct_alignment__A0A481Z541	A0A3Q8Q3U2	A0A481Z541	direct_alignment	direct_alignment	alignment_present_in_m8	1	A0A3Q8Q3U2	594	visible	A0A3Q8Q3U2	A0A481Z541	0.314	70	27	9	18	79	170	226	2.498E-02	32
A0A3Q8Q3U2__direct_alignment__A0A0P0YM69	A0A3Q8Q3U2	A0A0P0YM69	direct_alignment	direct_alignment	alignment_present_in_m8	1	A0A3Q8Q3U2	594	visible	A0A3Q8Q3U2	A0A0P0YM69	0.277	90	28	12	14	75	33	113	6.075E-01	27
A0A3Q8Q3U2__direct_alignment__A0A2I2L5S4	A0A3Q8Q3U2	A0A2I2L5S4	direct_alignment	direct_alignment	alignment_present_in_m8	1	A0A3Q8Q3U2	594	visible	A0A3Q8Q3U2	A0A2I2L5S4	0.276	76	25	10	14	68	69	135	1.232E-01	30
A0A3Q8Q3U2__direct_alignment__A0A3G5AG53	A0A3Q8Q3U2	A0A3G5AG53	direct_alignment	direct_alignment	alignment_present_in_m8	1	A0A3Q8Q3U2	594	visible	A0A3Q8Q3U2	A0A3G5AG53	0.315	73	25	9	148	203	5	69	1.695E-01	29
A0A3Q8Q3U2__direct_alignment__A0A481Z700	A0A3Q8Q3U2	A0A481Z700	direct_alignment	direct_alignment	alignment_present_in_m8	1	A0A3Q8Q3U2	594	visible	A0A3Q8Q3U2	A0A481Z700	0.266	45	14	6	64	104	159	188	7.799E+00	24
A0A3Q8Q3U2__direct_alignment__A0A481Z1M5	A0A3Q8Q3U2	A0A481Z1M5	direct_alignment	direct_alignment	alignment_present_in_m8	1	A0A3Q8Q3U2	594	visible	A0A3Q8Q3U2	A0A481Z1M5	0.370	27	5	2	53	69	391	415	3.209E-01	28
A0A3Q8Q3U2__direct_alignment__A0A481Z629	A0A3Q8Q3U2	A0A481Z629	direct_alignment	direct_alignment	alignment_present_in_m8	1	A0A3Q8Q3U2	594	visible	A0A3Q8Q3U2	A0A481Z629	0.428	28	9	2	201	226	296	318	1.026E-03	36
A0A3Q8Q3U2__direct_alignment__A0A481Z6R9	A0A3Q8Q3U2	A0A481Z6R9	direct_alignment	direct_alignment	alignment_present_in_m8	1	A0A3Q8Q3U2	594	visible	A0A3Q8Q3U2	A0A481Z6R9	0.277	36	20	2	40	75	35	64	8.358E-01	27
A0A3Q8Q3U2__direct_alignment__A0A481Z851	A0A3Q8Q3U2	A0A481Z851	direct_alignment	direct_alignment	alignment_present_in_m8	1	A0A3Q8Q3U2	594	visible	A0A3Q8Q3U2	A0A481Z851	0.260	46	15	3	154	193	242	274	2.177E+00	25
A0A3Q8Q3U2__direct_alignment__A0A6J5LV01	A0A3Q8Q3U2	A0A6J5LV01	direct_alignment	direct_alignment	alignment_present_in_m8	1	A0A3Q8Q3U2	594	visible	A0A3Q8Q3U2	A0A6J5LV01	0.222	27	17	1	217	243	166	188	1.150E+00	26
A0A3Q8Q3U2__cluster_membership__S4VYJ1	A0A3Q8Q3U2	S4VYJ1	cluster_membership	cluster_membership	same_foldseek_cluster_no_direct_rep_alignment_in_m8	0	A0A3Q8Q3U2	594	visible												
A0A3Q8Q3U2__direct_alignment__A0A5B8HV65	A0A3Q8Q3U2	A0A5B8HV65	direct_alignment	direct_alignment	alignment_present_in_m8	1	A0A3Q8Q3U2	594	visible	A0A3Q8Q3U2	A0A5B8HV65	0.238	88	16	7	10	59	195	269	3.059E-05	41
A0A3Q8Q3U2__direct_alignment__A0A6G6XPM6	A0A3Q8Q3U2	A0A6G6XPM6	direct_alignment	direct_alignment	alignment_present_in_m8	1	A0A3Q8Q3U2	594	visible	A0A3Q8Q3U2	A0A6G6XPM6	0.232	99	28	10	20	84	169	253	1.695E-01	29
A0A3Q8Q3U2__direct_alignment__A0A0K1Y9C0	A0A3Q8Q3U2	A0A0K1Y9C0	direct_alignment	direct_alignment	alignment_present_in_m8	1	A0A3Q8Q3U2	594	visible	A0A3Q8Q3U2	A0A0K1Y9C0	0.200	40	27	4	14	49	466	504	2.177E+00	25
A0A3Q8Q3U2__direct_alignment__A0A5K0U7Q5	A0A3Q8Q3U2	A0A5K0U7Q5	direct_alignment	direct_alignment	alignment_present_in_m8	1	A0A3Q8Q3U2	594	visible	A0A3Q8Q3U2	A0A5K0U7Q5	0.220	77	38	6	146	201	111	186	2.995E+00	25
A0A3Q8Q3U2__direct_alignment__A0A6J5KP31	A0A3Q8Q3U2	A0A6J5KP31	direct_alignment	direct_alignment	alignment_present_in_m8	1	A0A3Q8Q3U2	594	visible	A0A3Q8Q3U2	A0A6J5KP31	0.280	75	25	10	18	71	128	194	1.582E+00	26
A0A3Q8Q3U2__direct_alignment__A0A6J5KNP8	A0A3Q8Q3U2	A0A6J5KNP8	direct_alignment	direct_alignment	alignment_present_in_m8	1	A0A3Q8Q3U2	594	visible	A0A3Q8Q3U2	A0A6J5KNP8	0.216	106	44	11	154	241	512	596	6.075E-01	27
A0A3Q8Q3U2__cluster_membership__A0A6J5LSF8	A0A3Q8Q3U2	A0A6J5LSF8	cluster_membership	cluster_membership	same_foldseek_cluster_no_direct_rep_alignment_in_m8	0	A0A3Q8Q3U2	594	visible												
A0A3Q8Q3U2__cluster_membership__A0A6J5LWT6	A0A3Q8Q3U2	A0A6J5LWT6	cluster_membership	cluster_membership	same_foldseek_cluster_no_direct_rep_alignment_in_m8	0	A0A3Q8Q3U2	594	visible												
A0A3Q8Q3U2__cluster_membership__A0A6J5NH43	A0A3Q8Q3U2	A0A6J5NH43	cluster_membership	cluster_membership	same_foldseek_cluster_no_direct_rep_alignment_in_m8	0	A0A3Q8Q3U2	594	visible												
A0A3Q8Q3U2__direct_alignment__A0A2I7QNN6	A0A3Q8Q3U2	A0A2I7QNN6	direct_alignment	direct_alignment	alignment_present_in_m8	1	A0A3Q8Q3U2	594	visible	A0A3Q8Q3U2	A0A2I7QNN6	0.229	109	44	14	163	252	5	92	2.332E-01	29
A0A3Q8Q3U2__direct_alignment__A0A5J6VLB3	A0A3Q8Q3U2	A0A5J6VLB3	direct_alignment	direct_alignment	alignment_present_in_m8	1	A0A3Q8Q3U2	594	visible	A0A3Q8Q3U2	A0A5J6VLB3	0.238	88	28	7	146	207	413	487	2.674E-03	35
A0A3Q8Q3U2__direct_alignment__A0A6J5ME55	A0A3Q8Q3U2	A0A6J5ME55	direct_alignment	direct_alignment	alignment_present_in_m8	1	A0A3Q8Q3U2	594	visible	A0A3Q8Q3U2	A0A6J5ME55	0.192	52	20	5	14	64	510	540	8.358E-01	27
A0A3Q8Q3U2__direct_alignment__A0A6J5NLG3	A0A3Q8Q3U2	A0A6J5NLG3	direct_alignment	direct_alignment	alignment_present_in_m8	1	A0A3Q8Q3U2	594	visible	A0A3Q8Q3U2	A0A6J5NLG3	0.310	74	24	11	180	244	290	345	4.415E-01	28
A0A3Q8Q3U2__direct_alignment__A0A6M2ZHL2	A0A3Q8Q3U2	A0A6M2ZHL2	direct_alignment	direct_alignment	alignment_present_in_m8	1	A0A3Q8Q3U2	594	visible	A0A3Q8Q3U2	A0A6M2ZHL2	0.261	107	24	10	132	236	96	149	4.415E-01	28
A0A3Q8Q3U2__direct_alignment__A0A6N1NUS0	A0A3Q8Q3U2	A0A6N1NUS0	direct_alignment	direct_alignment	alignment_present_in_m8	1	A0A3Q8Q3U2	594	visible	A0A3Q8Q3U2	A0A6N1NUS0	0.260	50	14	5	198	244	241	270	3.209E-01	28
A0A3Q8Q3U2__direct_alignment__A0A7D3V5B6	A0A3Q8Q3U2	A0A7D3V5B6	direct_alignment	direct_alignment	alignment_present_in_m8	1	A0A3Q8Q3U2	594	visible	A0A3Q8Q3U2	A0A7D3V5B6	0.259	131	43	17	146	249	143	246	5.063E-03	34
A0A3Q8Q3U2__direct_alignment__A0A142CKC9	A0A3Q8Q3U2	A0A142CKC9	direct_alignment	direct_alignment	alignment_present_in_m8	1	A0A3Q8Q3U2	594	visible	A0A3Q8Q3U2	A0A142CKC9	0.200	60	34	8	20	70	97	151	1.232E-01	30
A0A3Q8Q3U2__direct_alignment__A0A3G5A8Z5	A0A3Q8Q3U2	A0A3G5A8Z5	direct_alignment	direct_alignment	alignment_present_in_m8	1	A0A3Q8Q3U2	594	visible	A0A3Q8Q3U2	A0A3G5A8Z5	0.254	59	22	7	159	213	132	172	8.358E-01	27
A0A3Q8Q3U2__direct_alignment__A7ITQ7	A0A3Q8Q3U2	A7ITQ7	direct_alignment	direct_alignment	alignment_present_in_m8	1	A0A3Q8Q3U2	594	visible	A0A3Q8Q3U2	A7ITQ7	0.233	77	27	8	14	80	99	153	4.415E-01	28
A0A3Q8Q3U2__cluster_membership__M1HRI9	A0A3Q8Q3U2	M1HRI9	cluster_membership	cluster_membership	same_foldseek_cluster_no_direct_rep_alignment_in_m8	0	A0A3Q8Q3U2	594	visible												
A0A3Q8Q3U2__direct_alignment__F2Y0P4	A0A3Q8Q3U2	F2Y0P4	direct_alignment	direct_alignment	alignment_present_in_m8	1	A0A3Q8Q3U2	594	visible	A0A3Q8Q3U2	F2Y0P4	0.300	70	20	8	193	253	215	264	7.455E-04	37
A0A3Q8Q3U2__direct_alignment__A0A6N1NM99	A0A3Q8Q3U2	A0A6N1NM99	direct_alignment	direct_alignment	alignment_present_in_m8	1	A0A3Q8Q3U2	594	visible	A0A3Q8Q3U2	A0A6N1NM99	0.283	81	28	12	10	75	57	122	1.695E-01	29
A0A3Q8Q3U2__direct_alignment__A0A3G4ZPA3	A0A3Q8Q3U2	A0A3G4ZPA3	direct_alignment	direct_alignment	alignment_present_in_m8	1	A0A3Q8Q3U2	594	visible	A0A3Q8Q3U2	A0A3G4ZPA3	0.255	180	61	23	120	242	935	1098	1.943E-03	35
A0A3Q8Q3U2__direct_alignment__D9CGB5	A0A3Q8Q3U2	D9CGB5	direct_alignment	direct_alignment	alignment_present_in_m8	1	A0A3Q8Q3U2	594	visible	A0A3Q8Q3U2	D9CGB5	0.215	93	27	10	139	205	35	107	3.209E-01	28
A0A3Q8Q3U2__cluster_membership__A0A6J5S3E7	A0A3Q8Q3U2	A0A6J5S3E7	cluster_membership	cluster_membership	same_foldseek_cluster_no_direct_rep_alignment_in_m8	0	A0A3Q8Q3U2	594	visible												
A0A3Q8Q3U2__cluster_membership__A0A6M3VX42	A0A3Q8Q3U2	A0A6M3VX42	cluster_membership	cluster_membership	same_foldseek_cluster_no_direct_rep_alignment_in_m8	0	A0A3Q8Q3U2	594	visible												
A0A3Q8Q3U2__cluster_membership__A0A5J6VJ25	A0A3Q8Q3U2	A0A5J6VJ25	cluster_membership	cluster_membership	same_foldseek_cluster_no_direct_rep_alignment_in_m8	0	A0A3Q8Q3U2	594	visible												
A0A3Q8Q3U2__direct_alignment__A0A7S9STX8	A0A3Q8Q3U2	A0A7S9STX8	direct_alignment	direct_alignment	alignment_present_in_m8	1	A0A3Q8Q3U2	594	visible	A0A3Q8Q3U2	A0A7S9STX8	0.282	39	19	3	15	50	154	186	6.075E-01	27
A0A3Q8Q3U2__direct_alignment__A0A1V0SAN7	A0A3Q8Q3U2	A0A1V0SAN7	direct_alignment	direct_alignment	alignment_present_in_m8	1	A0A3Q8Q3U2	594	visible	A0A3Q8Q3U2	A0A1V0SAN7	0.295	61	17	7	14	69	259	298	5.063E-03	34
A0A3Q8Q3U2__direct_alignment__A0A5B8HW22	A0A3Q8Q3U2	A0A5B8HW22	direct_alignment	direct_alignment	alignment_present_in_m8	1	A0A3Q8Q3U2	594	visible	A0A3Q8Q3U2	A0A5B8HW22	0.229	96	32	9	13	72	516	605	2.674E-03	35
A0A3Q8Q3U2__direct_alignment__A0A6J7X1M3	A0A3Q8Q3U2	A0A6J7X1M3	direct_alignment	direct_alignment	alignment_present_in_m8	1	A0A3Q8Q3U2	594	visible	A0A3Q8Q3U2	A0A6J7X1M3	0.225	62	33	5	151	205	160	213	6.075E-01	27
A0A3Q8Q3U2__direct_alignment__A0A218MN63	A0A3Q8Q3U2	A0A218MN63	direct_alignment	direct_alignment	alignment_present_in_m8	1	A0A3Q8Q3U2	594	visible	A0A3Q8Q3U2	A0A218MN63	0.246	65	26	9	36	80	2	63	9.587E-03	33
A0A3Q8Q3U2__direct_alignment__A0A481YWN0	A0A3Q8Q3U2	A0A481YWN0	direct_alignment	direct_alignment	alignment_present_in_m8	1	A0A3Q8Q3U2	594	visible	A0A3Q8Q3U2	A0A481YWN0	0.275	69	27	9	16	68	324	385	5.063E-03	34
A0A3Q8Q3U2__direct_alignment__A0A6J5MS10	A0A3Q8Q3U2	A0A6J5MS10	direct_alignment	direct_alignment	alignment_present_in_m8	1	A0A3Q8Q3U2	594	visible	A0A3Q8Q3U2	A0A6J5MS10	0.263	133	37	16	162	246	189	308	3.679E-03	35
A0A3Q8Q3U2__direct_alignment__A0A516MN23	A0A3Q8Q3U2	A0A516MN23	direct_alignment	direct_alignment	alignment_present_in_m8	1	A0A3Q8Q3U2	594	visible	A0A3Q8Q3U2	A0A516MN23	0.257	66	25	8	12	55	35	98	1.695E-01	29
A0A3Q8Q3U2__direct_alignment__A0A481Z321	A0A3Q8Q3U2	A0A481Z321	direct_alignment	direct_alignment	alignment_present_in_m8	1	A0A3Q8Q3U2	594	visible	A0A3Q8Q3U2	A0A481Z321	0.200	80	28	5	146	217	131	182	1.150E+00	26
A0A3Q8Q3U2__direct_alignment__A0A0N7G7I9	A0A3Q8Q3U2	A0A0N7G7I9	direct_alignment	direct_alignment	alignment_present_in_m8	1	A0A3Q8Q3U2	594	visible	A0A3Q8Q3U2	A0A0N7G7I9	0.254	55	21	6	13	59	173	215	2.674E-03	35
A0A3Q8Q3U2__direct_alignment__A0A1V0SB89	A0A3Q8Q3U2	A0A1V0SB89	direct_alignment	direct_alignment	alignment_present_in_m8	1	A0A3Q8Q3U2	594	visible	A0A3Q8Q3U2	A0A1V0SB89	0.274	62	19	7	38	82	261	313	1.815E-02	32
A0A3Q8Q3U2__direct_alignment__A0A1V0SFS6	A0A3Q8Q3U2	A0A1V0SFS6	direct_alignment	direct_alignment	alignment_present_in_m8	1	A0A3Q8Q3U2	594	visible	A0A3Q8Q3U2	A0A1V0SFS6	0.294	68	21	7	52	112	99	146	4.120E+00	25
A0A3Q8Q3U2__direct_alignment__A0A3G4ZQT4	A0A3Q8Q3U2	A0A3G4ZQT4	direct_alignment	direct_alignment	alignment_present_in_m8	1	A0A3Q8Q3U2	594	visible	A0A3Q8Q3U2	A0A3G4ZQT4	0.240	54	21	5	169	210	159	204	6.507E-02	30
A0A3Q8Q3U2__direct_alignment__A0A1V0SD50	A0A3Q8Q3U2	A0A1V0SD50	direct_alignment	direct_alignment	alignment_present_in_m8	1	A0A3Q8Q3U2	594	visible	A0A3Q8Q3U2	A0A1V0SD50	0.255	86	40	10	170	240	201	277	1.815E-02	32
A0A3Q8Q3U2__cluster_membership__A0A481YZI4	A0A3Q8Q3U2	A0A481YZI4	cluster_membership	cluster_membership	same_foldseek_cluster_no_direct_rep_alignment_in_m8	0	A0A3Q8Q3U2	594	visible												
A0A3Q8Q3U2__direct_alignment__A0A6J5LKV1	A0A3Q8Q3U2	A0A6J5LKV1	direct_alignment	direct_alignment	alignment_present_in_m8	1	A0A3Q8Q3U2	594	visible	A0A3Q8Q3U2	A0A6J5LKV1	0.292	65	19	9	11	69	153	196	6.075E-01	27
A0A3Q8Q3U2__cluster_membership__A0A6J5SWK6	A0A3Q8Q3U2	A0A6J5SWK6	cluster_membership	cluster_membership	same_foldseek_cluster_no_direct_rep_alignment_in_m8	0	A0A3Q8Q3U2	594	visible												
A0A3Q8Q3U2__direct_alignment__G4YCM1	A0A3Q8Q3U2	G4YCM1	direct_alignment	direct_alignment	alignment_present_in_m8	1	A0A3Q8Q3U2	594	visible	A0A3Q8Q3U2	G4YCM1	0.227	44	17	4	16	57	252	280	5.669E+00	24
A0A3Q8Q3U2__direct_alignment__A0A6J4EII8	A0A3Q8Q3U2	A0A6J4EII8	direct_alignment	direct_alignment	alignment_present_in_m8	1	A0A3Q8Q3U2	594	visible	A0A3Q8Q3U2	A0A6J4EII8	0.166	24	12	1	14	29	48	71	5.669E+00	24
A0A3Q8Q3U2__direct_alignment__V5LR58	A0A3Q8Q3U2	V5LR58	direct_alignment	direct_alignment	alignment_present_in_m8	1	A0A3Q8Q3U2	594	visible	A0A3Q8Q3U2	V5LR58	0.261	42	19	7	151	183	44	82	7.799E+00	24
A0A3Q8Q3U2__direct_alignment__A0A1V0SHI8	A0A3Q8Q3U2	A0A1V0SHI8	direct_alignment	direct_alignment	alignment_present_in_m8	1	A0A3Q8Q3U2	594	visible	A0A3Q8Q3U2	A0A1V0SHI8	0.198	116	38	13	146	240	66	147	4.415E-01	28
A0A3Q8Q3U2__direct_alignment__A0A6J7WZJ8	A0A3Q8Q3U2	A0A6J7WZJ8	direct_alignment	direct_alignment	alignment_present_in_m8	1	A0A3Q8Q3U2	594	visible	A0A3Q8Q3U2	A0A6J7WZJ8	0.220	50	26	3	13	52	74	120	5.669E+00	24
A0A3Q8Q3U2__direct_alignment__A0A3G5A0C8	A0A3Q8Q3U2	A0A3G5A0C8	direct_alignment	direct_alignment	alignment_present_in_m8	1	A0A3Q8Q3U2	594	visible	A0A3Q8Q3U2	A0A3G5A0C8	0.259	77	22	10	145	193	283	352	3.437E-02	31
A0A3Q8Q3U2__direct_alignment__A0A5J6VK53	A0A3Q8Q3U2	A0A5J6VK53	direct_alignment	direct_alignment	alignment_present_in_m8	1	A0A3Q8Q3U2	594	visible	A0A3Q8Q3U2	A0A5J6VK53	0.291	72	19	7	196	248	321	379	4.729E-02	31
A0A3Q8Q3U2__cluster_membership__A0A6G6XQV8	A0A3Q8Q3U2	A0A6G6XQV8	cluster_membership	cluster_membership	same_foldseek_cluster_no_direct_rep_alignment_in_m8	0	A0A3Q8Q3U2	594	visible												
A0A3Q8Q3U2__direct_alignment__M1HWA2	A0A3Q8Q3U2	M1HWA2	direct_alignment	direct_alignment	alignment_present_in_m8	1	A0A3Q8Q3U2	594	visible	A0A3Q8Q3U2	M1HWA2	0.219	41	20	3	19	59	1	29	2.332E-01	29
A0A3Q8Q3U2__direct_alignment__M1IF74	A0A3Q8Q3U2	M1IF74	direct_alignment	direct_alignment	alignment_present_in_m8	1	A0A3Q8Q3U2	594	visible	A0A3Q8Q3U2	M1IF74	0.222	54	24	5	12	59	181	222	1.232E-01	30
A0A3Q8Q3U2__direct_alignment__F2Y1U4	A0A3Q8Q3U2	F2Y1U4	direct_alignment	direct_alignment	alignment_present_in_m8	1	A0A3Q8Q3U2	594	visible	A0A3Q8Q3U2	F2Y1U4	0.242	128	40	19	151	237	91	202	3.437E-02	31
A0A3Q8Q3U2__direct_alignment__G8DG08	A0A3Q8Q3U2	G8DG08	direct_alignment	direct_alignment	alignment_present_in_m8	1	A0A3Q8Q3U2	594	visible	A0A3Q8Q3U2	G8DG08	0.365	41	13	4	38	75	57	87	6.075E-01	27
A0A3Q8Q3U2__direct_alignment__A0A6G6XNF4	A0A3Q8Q3U2	A0A6G6XNF4	direct_alignment	direct_alignment	alignment_present_in_m8	1	A0A3Q8Q3U2	594	visible	A0A3Q8Q3U2	A0A6G6XNF4	0.282	46	23	3	15	50	53	98	1.582E+00	26
A0A3Q8Q3U2__direct_alignment__A0A5K0U961	A0A3Q8Q3U2	A0A5K0U961	direct_alignment	direct_alignment	alignment_present_in_m8	1	A0A3Q8Q3U2	594	visible	A0A3Q8Q3U2	A0A5K0U961	0.244	86	30	7	18	68	7	92	5.794E-05	40
A0A3Q8Q3U2__direct_alignment__A0A481Z509	A0A3Q8Q3U2	A0A481Z509	direct_alignment	direct_alignment	alignment_present_in_m8	1	A0A3Q8Q3U2	594	visible	A0A3Q8Q3U2	A0A481Z509	0.247	105	37	10	121	200	177	264	1.943E-03	35
A0A3Q8Q3U2__cluster_membership__A0A6J5LK45	A0A3Q8Q3U2	A0A6J5LK45	cluster_membership	cluster_membership	same_foldseek_cluster_no_direct_rep_alignment_in_m8	0	A0A3Q8Q3U2	594	visible												
A0A3Q8Q3U2__direct_alignment__A0A6J5M9V0	A0A3Q8Q3U2	A0A6J5M9V0	direct_alignment	direct_alignment	alignment_present_in_m8	1	A0A3Q8Q3U2	594	visible	A0A3Q8Q3U2	A0A6J5M9V0	0.290	55	18	6	194	245	73	109	1.150E+00	26
A0A3Q8Q3U2__direct_alignment__A0A6J5M3X6	A0A3Q8Q3U2	A0A6J5M3X6	direct_alignment	direct_alignment	alignment_present_in_m8	1	A0A3Q8Q3U2	594	visible	A0A3Q8Q3U2	A0A6J5M3X6	0.290	62	21	8	32	86	102	147	1.232E-01	30
A0A3Q8Q3U2__direct_alignment__A0A3G5A4X3	A0A3Q8Q3U2	A0A3G5A4X3	direct_alignment	direct_alignment	alignment_present_in_m8	1	A0A3Q8Q3U2	594	visible	A0A3Q8Q3U2	A0A3G5A4X3	0.218	128	42	15	149	253	31	123	2.498E-02	32
A0A3Q8Q3U2__cluster_membership__A0A6J5N3U8	A0A3Q8Q3U2	A0A6J5N3U8	cluster_membership	cluster_membership	same_foldseek_cluster_no_direct_rep_alignment_in_m8	0	A0A3Q8Q3U2	594	visible												
A0A3Q8Q3U2__cluster_membership__A0A6J5RL31	A0A3Q8Q3U2	A0A6J5RL31	cluster_membership	cluster_membership	same_foldseek_cluster_no_direct_rep_alignment_in_m8	0	A0A3Q8Q3U2	594	visible												
A0A3Q8Q3U2__direct_alignment__M1IPF3	A0A3Q8Q3U2	M1IPF3	direct_alignment	direct_alignment	alignment_present_in_m8	1	A0A3Q8Q3U2	594	visible	A0A3Q8Q3U2	M1IPF3	0.333	33	12	3	172	204	165	187	6.507E-02	30
A0A3Q8Q3U2__direct_alignment__A0A6J5SYC8	A0A3Q8Q3U2	A0A6J5SYC8	direct_alignment	direct_alignment	alignment_present_in_m8	1	A0A3Q8Q3U2	594	visible	A0A3Q8Q3U2	A0A6J5SYC8	0.220	68	21	6	195	251	19	65	3.209E-01	28
A0A3Q8Q3U2__direct_alignment__A0A5J6TN04	A0A3Q8Q3U2	A0A5J6TN04	direct_alignment	direct_alignment	alignment_present_in_m8	1	A0A3Q8Q3U2	594	visible	A0A3Q8Q3U2	A0A5J6TN04	0.267	56	19	7	16	60	62	106	2.177E+00	25
A0A3Q8Q3U2__direct_alignment__A0A1B1ISU6	A0A3Q8Q3U2	A0A1B1ISU6	direct_alignment	direct_alignment	alignment_present_in_m8	1	A0A3Q8Q3U2	594	visible	A0A3Q8Q3U2	A0A1B1ISU6	0.232	86	31	10	174	248	43	104	4.729E-02	31
A0A3Q8Q3U2__direct_alignment__A0A5J6VJR2	A0A3Q8Q3U2	A0A5J6VJR2	direct_alignment	direct_alignment	alignment_present_in_m8	1	A0A3Q8Q3U2	594	visible	A0A3Q8Q3U2	A0A5J6VJR2	0.212	132	43	16	163	252	733	845	1.815E-02	32
A0A3Q8Q3U2__direct_alignment__A0A1V0SAX9	A0A3Q8Q3U2	A0A1V0SAX9	direct_alignment	direct_alignment	alignment_present_in_m8	1	A0A3Q8Q3U2	594	visible	A0A3Q8Q3U2	A0A1V0SAX9	0.219	282	72	32	38	245	235	442	5.063E-03	34
A0A3Q8Q3U2__direct_alignment__A0A6N1NUE9	A0A3Q8Q3U2	A0A6N1NUE9	direct_alignment	direct_alignment	alignment_present_in_m8	1	A0A3Q8Q3U2	594	visible	A0A3Q8Q3U2	A0A6N1NUE9	0.372	43	11	5	36	70	249	283	7.455E-04	37
A0A3Q8Q3U2__direct_alignment__A0A6J5Q6Z7	A0A3Q8Q3U2	A0A6J5Q6Z7	direct_alignment	direct_alignment	alignment_present_in_m8	1	A0A3Q8Q3U2	594	visible	A0A3Q8Q3U2	A0A6J5Q6Z7	0.301	73	17	9	12	70	171	223	8.358E-01	27
A0A3Q8Q3U2__direct_alignment__A0A6J7XGK1	A0A3Q8Q3U2	A0A6J7XGK1	direct_alignment	direct_alignment	alignment_present_in_m8	1	A0A3Q8Q3U2	594	visible	A0A3Q8Q3U2	A0A6J7XGK1	0.303	33	8	3	173	201	85	106	7.799E+00	24
A0A3Q8Q3U2__direct_alignment__A0A7D7JQS0	A0A3Q8Q3U2	A0A7D7JQS0	direct_alignment	direct_alignment	alignment_present_in_m8	1	A0A3Q8Q3U2	594	visible	A0A3Q8Q3U2	A0A7D7JQS0	0.209	81	35	9	20	86	122	187	4.120E+00	25
A0A3Q8Q3U2__direct_alignment__A0A3G5AI12	A0A3Q8Q3U2	A0A3G5AI12	direct_alignment	direct_alignment	alignment_present_in_m8	1	A0A3Q8Q3U2	594	visible	A0A3Q8Q3U2	A0A3G5AI12	0.258	58	19	6	18	55	11	64	2.674E-03	35
A0A3Q8Q3U2__cluster_membership__A0A346LU90	A0A3Q8Q3U2	A0A346LU90	cluster_membership	cluster_membership	same_foldseek_cluster_no_direct_rep_alignment_in_m8	0	A0A3Q8Q3U2	594	visible												
A0A3Q8Q3U2__direct_alignment__A0A516MAT7	A0A3Q8Q3U2	A0A516MAT7	direct_alignment	direct_alignment	alignment_present_in_m8	1	A0A3Q8Q3U2	594	visible	A0A3Q8Q3U2	A0A516MAT7	0.263	72	33	8	177	236	55	118	1.695E-01	29
A0A3Q8Q3U2__direct_alignment__A0A3G5AKC0	A0A3Q8Q3U2	A0A3G5AKC0	direct_alignment	direct_alignment	alignment_present_in_m8	1	A0A3Q8Q3U2	594	visible	A0A3Q8Q3U2	A0A3G5AKC0	0.226	84	27	10	148	206	100	170	8.358E-01	27
A0A3Q8Q3U2__direct_alignment__A0A3G4ZTB4	A0A3Q8Q3U2	A0A3G4ZTB4	direct_alignment	direct_alignment	alignment_present_in_m8	1	A0A3Q8Q3U2	594	visible	A0A3Q8Q3U2	A0A3G4ZTB4	0.307	52	19	6	183	230	41	79	8.953E-02	30
A0A3Q8Q3U2__direct_alignment__A0A3G5AE94	A0A3Q8Q3U2	A0A3G5AE94	direct_alignment	direct_alignment	alignment_present_in_m8	1	A0A3Q8Q3U2	594	visible	A0A3Q8Q3U2	A0A3G5AE94	0.246	65	29	7	150	201	187	244	4.729E-02	31
A0A3Q8Q3U2__cluster_membership__A0A5J6TUA4	A0A3Q8Q3U2	A0A5J6TUA4	cluster_membership	cluster_membership	same_foldseek_cluster_no_direct_rep_alignment_in_m8	0	A0A3Q8Q3U2	594	visible												
A0A3Q8Q3U2__cluster_membership__S5Y2M5	A0A3Q8Q3U2	S5Y2M5	cluster_membership	cluster_membership	same_foldseek_cluster_no_direct_rep_alignment_in_m8	0	A0A3Q8Q3U2	594	visible												
A0A3Q8Q3U2__direct_alignment__A0A6J5RYU2	A0A3Q8Q3U2	A0A6J5RYU2	direct_alignment	direct_alignment	alignment_present_in_m8	1	A0A3Q8Q3U2	594	visible	A0A3Q8Q3U2	A0A6J5RYU2	0.191	277	80	29	19	241	1	187	6.967E-03	34
A0A3Q8Q3U2__direct_alignment__A0A481YP21	A0A3Q8Q3U2	A0A481YP21	direct_alignment	direct_alignment	alignment_present_in_m8	1	A0A3Q8Q3U2	594	visible	A0A3Q8Q3U2	A0A481YP21	0.366	30	7	4	19	41	255	279	4.120E+00	25
A0A3Q8Q3U2__direct_alignment__A0A481YYT4	A0A3Q8Q3U2	A0A481YYT4	direct_alignment	direct_alignment	alignment_present_in_m8	1	A0A3Q8Q3U2	594	visible	A0A3Q8Q3U2	A0A481YYT4	0.278	79	24	9	145	207	143	204	2.498E-02	32
A0A3Q8Q3U2__direct_alignment__A0A6J5LYF1	A0A3Q8Q3U2	A0A6J5LYF1	direct_alignment	direct_alignment	alignment_present_in_m8	1	A0A3Q8Q3U2	594	visible	A0A3Q8Q3U2	A0A6J5LYF1	0.269	26	11	1	52	69	98	123	7.799E+00	24
A0A3Q8Q3U2__direct_alignment__A0A3G5AG20	A0A3Q8Q3U2	A0A3G5AG20	direct_alignment	direct_alignment	alignment_present_in_m8	1	A0A3Q8Q3U2	594	visible	A0A3Q8Q3U2	A0A3G5AG20	0.265	113	33	13	5	88	124	215	1.695E-01	29
A0A3Q8Q3U2__direct_alignment__G8DFM8	A0A3Q8Q3U2	G8DFM8	direct_alignment	direct_alignment	alignment_present_in_m8	1	A0A3Q8Q3U2	594	visible	A0A3Q8Q3U2	G8DFM8	0.230	104	52	11	142	241	170	249	6.075E-01	27
A0A3Q8Q3U2__direct_alignment__A0A6H1QUH7	A0A3Q8Q3U2	A0A6H1QUH7	direct_alignment	direct_alignment	alignment_present_in_m8	1	A0A3Q8Q3U2	594	visible	A0A3Q8Q3U2	A0A6H1QUH7	0.239	71	26	7	14	73	210	263	1.319E-02	33
A0A3Q8Q3U2__cluster_membership__A0A481YUG7	A0A3Q8Q3U2	A0A481YUG7	cluster_membership	cluster_membership	same_foldseek_cluster_no_direct_rep_alignment_in_m8	0	A0A3Q8Q3U2	594	visible												
A0A3Q8Q3U2__direct_alignment__M4QT85	A0A3Q8Q3U2	M4QT85	direct_alignment	direct_alignment	alignment_present_in_m8	1	A0A3Q8Q3U2	594	visible	A0A3Q8Q3U2	M4QT85	0.200	95	34	11	4	87	150	213	2.332E-01	29
A0A3Q8Q3U2__direct_alignment__A0A481Z3I7	A0A3Q8Q3U2	A0A481Z3I7	direct_alignment	direct_alignment	alignment_present_in_m8	1	A0A3Q8Q3U2	594	visible	A0A3Q8Q3U2	A0A481Z3I7	0.214	135	34	13	146	233	40	149	1.582E+00	26
A0A3Q8Q3U2__direct_alignment__A0A1V0SJN8	A0A3Q8Q3U2	A0A1V0SJN8	direct_alignment	direct_alignment	alignment_present_in_m8	1	A0A3Q8Q3U2	594	visible	A0A3Q8Q3U2	A0A1V0SJN8	0.216	74	27	8	11	75	9	60	3.209E-01	28
A0A3Q8Q3U2__cluster_membership__A0A481Z5F2	A0A3Q8Q3U2	A0A481Z5F2	cluster_membership	cluster_membership	same_foldseek_cluster_no_direct_rep_alignment_in_m8	0	A0A3Q8Q3U2	594	visible												
A0A3Q8Q3U2__direct_alignment__A0A6B9R339	A0A3Q8Q3U2	A0A6B9R339	direct_alignment	direct_alignment	alignment_present_in_m8	1	A0A3Q8Q3U2	594	visible	A0A3Q8Q3U2	A0A6B9R339	0.280	57	18	6	29	68	34	84	2.674E-03	35
A0A3Q8Q3U2__direct_alignment__A0A1V0G3L5	A0A3Q8Q3U2	A0A1V0G3L5	direct_alignment	direct_alignment	alignment_present_in_m8	1	A0A3Q8Q3U2	594	visible	A0A3Q8Q3U2	A0A1V0G3L5	0.287	73	24	9	19	78	57	114	1.582E+00	26
A0A3Q8Q3U2__direct_alignment__A0A1X9PQV0	A0A3Q8Q3U2	A0A1X9PQV0	direct_alignment	direct_alignment	alignment_present_in_m8	1	A0A3Q8Q3U2	594	visible	A0A3Q8Q3U2	A0A1X9PQV0	0.287	73	24	9	19	78	118	175	1.582E+00	26
A0A3Q8Q3U2__direct_alignment__A0A1Z3GCT9	A0A3Q8Q3U2	A0A1Z3GCT9	direct_alignment	direct_alignment	alignment_present_in_m8	1	A0A3Q8Q3U2	594	visible	A0A3Q8Q3U2	A0A1Z3GCT9	0.263	91	34	15	174	252	200	269	5.669E+00	24
A0A3Q8Q3U2__cluster_membership__A0A385JFV3	A0A3Q8Q3U2	A0A385JFV3	cluster_membership	cluster_membership	same_foldseek_cluster_no_direct_rep_alignment_in_m8	0	A0A3Q8Q3U2	594	visible												
A0A3Q8Q3U2__direct_alignment__M9Z3C6	A0A3Q8Q3U2	M9Z3C6	direct_alignment	direct_alignment	alignment_present_in_m8	1	A0A3Q8Q3U2	594	visible	A0A3Q8Q3U2	M9Z3C6	0.243	74	30	7	153	214	34	93	4.120E+00	25
A0A3Q8Q3U2__cluster_membership__Q070E8	A0A3Q8Q3U2	Q070E8	cluster_membership	cluster_membership	same_foldseek_cluster_no_direct_rep_alignment_in_m8	0	A0A3Q8Q3U2	594	visible												
A0A3Q8Q3U2__cluster_membership__A0A6J5P958	A0A3Q8Q3U2	A0A6J5P958	cluster_membership	cluster_membership	same_foldseek_cluster_no_direct_rep_alignment_in_m8	0	A0A3Q8Q3U2	594	visible												
A0A3Q8Q3U2__cluster_membership__A0A292GCA9	A0A3Q8Q3U2	A0A292GCA9	cluster_membership	cluster_membership	same_foldseek_cluster_no_direct_rep_alignment_in_m8	0	A0A3Q8Q3U2	594	visible												
A0A3Q8Q3U2__cluster_membership__A0A6J5LJS2	A0A3Q8Q3U2	A0A6J5LJS2	cluster_membership	cluster_membership	same_foldseek_cluster_no_direct_rep_alignment_in_m8	0	A0A3Q8Q3U2	594	visible												
A0A3Q8Q3U2__cluster_membership__A0A6J5SI42	A0A3Q8Q3U2	A0A6J5SI42	cluster_membership	cluster_membership	same_foldseek_cluster_no_direct_rep_alignment_in_m8	0	A0A3Q8Q3U2	594	visible												
A0A3Q8Q3U2__direct_alignment__A0A8S5SG95	A0A3Q8Q3U2	A0A8S5SG95	direct_alignment	direct_alignment	alignment_present_in_m8	1	A0A3Q8Q3U2	594	visible	A0A3Q8Q3U2	A0A8S5SG95	0.323	34	13	3	203	236	39	62	2.177E+00	25
A0A3Q8Q3U2__direct_alignment__A0A3G1L3B7	A0A3Q8Q3U2	A0A3G1L3B7	direct_alignment	direct_alignment	alignment_present_in_m8	1	A0A3Q8Q3U2	594	visible	A0A3Q8Q3U2	A0A3G1L3B7	0.236	93	33	8	16	72	91	181	4.120E+00	25
A0A3Q8Q3U2__direct_alignment__A0A6J5M498	A0A3Q8Q3U2	A0A6J5M498	direct_alignment	direct_alignment	alignment_present_in_m8	1	A0A3Q8Q3U2	594	visible	A0A3Q8Q3U2	A0A6J5M498	0.296	54	19	8	14	53	73	121	3.209E-01	28
A0A3Q8Q3U2__cluster_membership__A0A8S5SAG0	A0A3Q8Q3U2	A0A8S5SAG0	cluster_membership	cluster_membership	same_foldseek_cluster_no_direct_rep_alignment_in_m8	0	A0A3Q8Q3U2	594	visible												
A0A3Q8Q3U2__cluster_membership__A0A8S5Q9G5	A0A3Q8Q3U2	A0A8S5Q9G5	cluster_membership	cluster_membership	same_foldseek_cluster_no_direct_rep_alignment_in_m8	0	A0A3Q8Q3U2	594	visible												
A0A3Q8Q3U2__direct_alignment__A0A2U8UUF1	A0A3Q8Q3U2	A0A2U8UUF1	direct_alignment	direct_alignment	alignment_present_in_m8	1	A0A3Q8Q3U2	594	visible	A0A3Q8Q3U2	A0A2U8UUF1	0.242	70	21	8	14	58	16	78	1.695E-01	29
A0A3Q8Q3U2__direct_alignment__A0A3G5A0A2	A0A3Q8Q3U2	A0A3G5A0A2	direct_alignment	direct_alignment	alignment_present_in_m8	1	A0A3Q8Q3U2	594	visible	A0A3Q8Q3U2	A0A3G5A0A2	0.209	86	30	8	19	74	21	98	6.507E-02	30
A0A3Q8Q3U2__direct_alignment__A0A1V0SF51	A0A3Q8Q3U2	A0A1V0SF51	direct_alignment	direct_alignment	alignment_present_in_m8	1	A0A3Q8Q3U2	594	visible	A0A3Q8Q3U2	A0A1V0SF51	0.227	44	23	4	31	73	21	54	3.209E-01	28
A0A3Q8Q3U2__direct_alignment__A0A2C9DT49	A0A3Q8Q3U2	A0A2C9DT49	direct_alignment	direct_alignment	alignment_present_in_m8	1	A0A3Q8Q3U2	594	visible	A0A3Q8Q3U2	A0A2C9DT49	0.304	46	19	5	16	51	250	292	3.059E-05	41
A0A3Q8Q3U2__direct_alignment__A0A2K9R866	A0A3Q8Q3U2	A0A2K9R866	direct_alignment	direct_alignment	alignment_present_in_m8	1	A0A3Q8Q3U2	594	visible	A0A3Q8Q3U2	A0A2K9R866	0.280	57	23	7	20	73	204	245	1.150E+00	26
A0A3Q8Q3U2__direct_alignment__A0A3G5AAN9	A0A3Q8Q3U2	A0A3G5AAN9	direct_alignment	direct_alignment	alignment_present_in_m8	1	A0A3Q8Q3U2	594	visible	A0A3Q8Q3U2	A0A3G5AAN9	0.214	70	37	5	162	230	538	590	2.498E-02	32
A0A3Q8Q3U2__direct_alignment__A0A516LLQ2	A0A3Q8Q3U2	A0A516LLQ2	direct_alignment	direct_alignment	alignment_present_in_m8	1	A0A3Q8Q3U2	594	visible	A0A3Q8Q3U2	A0A516LLQ2	0.170	47	28	6	17	61	22	59	1.150E+00	26
A0A3Q8Q3U2__direct_alignment__A0A5B8IHP7	A0A3Q8Q3U2	A0A5B8IHP7	direct_alignment	direct_alignment	alignment_present_in_m8	1	A0A3Q8Q3U2	594	visible	A0A3Q8Q3U2	A0A5B8IHP7	0.273	84	29	13	20	75	61	140	3.679E-03	35
A0A3Q8Q3U2__direct_alignment__A0A7D3QA88	A0A3Q8Q3U2	A0A7D3QA88	direct_alignment	direct_alignment	alignment_present_in_m8	1	A0A3Q8Q3U2	594	visible	A0A3Q8Q3U2	A0A7D3QA88	0.242	95	33	9	10	89	140	210	2.332E-01	29
A0A3Q8Q3U2__direct_alignment__A0A7S9SV60	A0A3Q8Q3U2	A0A7S9SV60	direct_alignment	direct_alignment	alignment_present_in_m8	1	A0A3Q8Q3U2	594	visible	A0A3Q8Q3U2	A0A7S9SV60	0.217	244	55	24	18	207	180	341	6.075E-01	27
A0A3Q8Q3U2__direct_alignment__A0A6G5YIP4	A0A3Q8Q3U2	A0A6G5YIP4	direct_alignment	direct_alignment	alignment_present_in_m8	1	A0A3Q8Q3U2	594	visible	A0A3Q8Q3U2	A0A6G5YIP4	0.450	20	6	2	218	233	119	137	2.177E+00	25
A0A3Q8Q3U2__direct_alignment__A0A6J5ME73	A0A3Q8Q3U2	A0A6J5ME73	direct_alignment	direct_alignment	alignment_present_in_m8	1	A0A3Q8Q3U2	594	visible	A0A3Q8Q3U2	A0A6J5ME73	0.291	48	28	5	190	232	66	112	6.075E-01	27
A0A3Q8Q3U2__direct_alignment__A0A8S5QEQ3	A0A3Q8Q3U2	A0A8S5QEQ3	direct_alignment	direct_alignment	alignment_present_in_m8	1	A0A3Q8Q3U2	594	visible	A0A3Q8Q3U2	A0A8S5QEQ3	0.168	125	53	13	145	249	441	534	3.209E-01	28
A0A3Q8Q3U2__direct_alignment__A0A6J5PAZ7	A0A3Q8Q3U2	A0A6J5PAZ7	direct_alignment	direct_alignment	alignment_present_in_m8	1	A0A3Q8Q3U2	594	visible	A0A3Q8Q3U2	A0A6J5PAZ7	0.234	81	31	10	16	80	73	138	3.209E-01	28
A0A3Q8Q3U2__direct_alignment__A0A481YN17	A0A3Q8Q3U2	A0A481YN17	direct_alignment	direct_alignment	alignment_present_in_m8	1	A0A3Q8Q3U2	594	visible	A0A3Q8Q3U2	A0A481YN17	0.273	84	22	11	28	81	26	100	6.075E-01	27
A0A3Q8Q3U2__direct_alignment__A0A5B8IGR9	A0A3Q8Q3U2	A0A5B8IGR9	direct_alignment	direct_alignment	alignment_present_in_m8	1	A0A3Q8Q3U2	594	visible	A0A3Q8Q3U2	A0A5B8IGR9	0.224	98	30	10	157	249	188	244	4.729E-02	31
A0A3Q8Q3U2__direct_alignment__A0A1C9C545	A0A3Q8Q3U2	A0A1C9C545	direct_alignment	direct_alignment	alignment_present_in_m8	1	A0A3Q8Q3U2	594	visible	A0A3Q8Q3U2	A0A1C9C545	0.227	158	41	15	142	240	74	209	6.507E-02	30
A0A3Q8Q3U2__direct_alignment__A0A1V0SE46	A0A3Q8Q3U2	A0A1V0SE46	direct_alignment	direct_alignment	alignment_present_in_m8	1	A0A3Q8Q3U2	594	visible	A0A3Q8Q3U2	A0A1V0SE46	0.209	81	31	9	182	245	3	67	6.075E-01	27
A0A3Q8Q3U2__direct_alignment__A0A3G5AAE5	A0A3Q8Q3U2	A0A3G5AAE5	direct_alignment	direct_alignment	alignment_present_in_m8	1	A0A3Q8Q3U2	594	visible	A0A3Q8Q3U2	A0A3G5AAE5	0.210	76	32	11	14	69	64	131	4.415E-01	28
A0A3Q8Q3U2__direct_alignment__A0A5J6VJV7	A0A3Q8Q3U2	A0A5J6VJV7	direct_alignment	direct_alignment	alignment_present_in_m8	1	A0A3Q8Q3U2	594	visible	A0A3Q8Q3U2	A0A5J6VJV7	0.294	34	11	4	182	209	208	234	4.729E-02	31
A0A3Q8Q3U2__direct_alignment__A0A6J5KSN6	A0A3Q8Q3U2	A0A6J5KSN6	direct_alignment	direct_alignment	alignment_present_in_m8	1	A0A3Q8Q3U2	594	visible	A0A3Q8Q3U2	A0A6J5KSN6	0.226	84	36	10	14	70	48	129	2.177E+00	25
A0A3Q8Q3U2__direct_alignment__A0A2P0VNX7	A0A3Q8Q3U2	A0A2P0VNX7	direct_alignment	direct_alignment	alignment_present_in_m8	1	A0A3Q8Q3U2	594	visible	A0A3Q8Q3U2	A0A2P0VNX7	0.278	79	26	10	143	210	27	85	1.582E+00	26
A0A3Q8Q3U2__direct_alignment__A0A481Z8Y6	A0A3Q8Q3U2	A0A481Z8Y6	direct_alignment	direct_alignment	alignment_present_in_m8	1	A0A3Q8Q3U2	594	visible	A0A3Q8Q3U2	A0A481Z8Y6	0.233	30	13	3	16	43	4	25	7.799E+00	24
A0A3Q8Q3U2__direct_alignment__A0A6J5LUI8	A0A3Q8Q3U2	A0A6J5LUI8	direct_alignment	direct_alignment	alignment_present_in_m8	1	A0A3Q8Q3U2	594	visible	A0A3Q8Q3U2	A0A6J5LUI8	0.230	100	40	9	152	233	146	226	8.358E-01	27
A0A3Q8Q3U2__cluster_membership__A0A8S0HXQ2	A0A3Q8Q3U2	A0A8S0HXQ2	cluster_membership	cluster_membership	same_foldseek_cluster_no_direct_rep_alignment_in_m8	0	A0A3Q8Q3U2	594	visible												
A0A3Q8Q3U2__direct_alignment__A0A5K0UBK5	A0A3Q8Q3U2	A0A5K0UBK5	direct_alignment	direct_alignment	alignment_present_in_m8	1	A0A3Q8Q3U2	594	visible	A0A3Q8Q3U2	A0A5K0UBK5	0.285	35	15	3	186	218	19	45	6.507E-02	30
A0A3Q8Q3U2__direct_alignment__A0A1V0S9A4	A0A3Q8Q3U2	A0A1V0S9A4	direct_alignment	direct_alignment	alignment_present_in_m8	1	A0A3Q8Q3U2	594	visible	A0A3Q8Q3U2	A0A1V0S9A4	0.235	85	32	10	16	78	130	203	2.332E-01	29
A0A3Q8Q3U2__direct_alignment__A0A5Q2WGQ6	A0A3Q8Q3U2	A0A5Q2WGQ6	direct_alignment	direct_alignment	alignment_present_in_m8	1	A0A3Q8Q3U2	594	visible	A0A3Q8Q3U2	A0A5Q2WGQ6	0.283	67	21	8	20	67	4	62	5.669E+00	24
A0A3Q8Q3U2__direct_alignment__A0A6J5KT09	A0A3Q8Q3U2	A0A6J5KT09	direct_alignment	direct_alignment	alignment_present_in_m8	1	A0A3Q8Q3U2	594	visible	A0A3Q8Q3U2	A0A6J5KT09	0.306	62	22	7	20	76	37	82	1.815E-02	32
A0A3Q8Q3U2__cluster_membership__A0A6J5LFA8	A0A3Q8Q3U2	A0A6J5LFA8	cluster_membership	cluster_membership	same_foldseek_cluster_no_direct_rep_alignment_in_m8	0	A0A3Q8Q3U2	594	visible												
A0A3Q8Q3U2__direct_alignment__A0A6N1NPT3	A0A3Q8Q3U2	A0A6N1NPT3	direct_alignment	direct_alignment	alignment_present_in_m8	1	A0A3Q8Q3U2	594	visible	A0A3Q8Q3U2	A0A6N1NPT3	0.271	103	30	13	172	248	51	134	1.232E-01	30
A0A3Q8Q3U2__direct_alignment__A0A7D7JK70	A0A3Q8Q3U2	A0A7D7JK70	direct_alignment	direct_alignment	alignment_present_in_m8	1	A0A3Q8Q3U2	594	visible	A0A3Q8Q3U2	A0A7D7JK70	0.273	73	22	8	151	205	14	73	2.177E+00	25
A0A3Q8Q3U2__direct_alignment__A0A879R2R5	A0A3Q8Q3U2	A0A879R2R5	direct_alignment	direct_alignment	alignment_present_in_m8	1	A0A3Q8Q3U2	594	visible	A0A3Q8Q3U2	A0A879R2R5	0.292	41	18	4	190	227	191	223	3.437E-02	31
A0A3Q8Q3U2__cluster_membership__A0A6J5QX37	A0A3Q8Q3U2	A0A6J5QX37	cluster_membership	cluster_membership	same_foldseek_cluster_no_direct_rep_alignment_in_m8	0	A0A3Q8Q3U2	594	visible												
A0A3Q8Q3U2__direct_alignment__P19296	A0A3Q8Q3U2	P19296	direct_alignment	direct_alignment	alignment_present_in_m8	1	A0A3Q8Q3U2	594	visible	A0A3Q8Q3U2	P19296	0.220	168	51	17	134	245	76	219	2.498E-02	32
A0A3Q8Q3U2__direct_alignment__A0A3G4ZUI3	A0A3Q8Q3U2	A0A3G4ZUI3	direct_alignment	direct_alignment	alignment_present_in_m8	1	A0A3Q8Q3U2	594	visible	A0A3Q8Q3U2	A0A3G4ZUI3	0.266	60	21	7	169	222	295	337	6.507E-02	30
A0A3Q8Q3U2__direct_alignment__A0A1V0SAG8	A0A3Q8Q3U2	A0A1V0SAG8	direct_alignment	direct_alignment	alignment_present_in_m8	1	A0A3Q8Q3U2	594	visible	A0A3Q8Q3U2	A0A1V0SAG8	0.423	26	8	2	220	245	8	26	5.063E-03	34
A0A3Q8Q3U2__direct_alignment__A0A1V0S991	A0A3Q8Q3U2	A0A1V0S991	direct_alignment	direct_alignment	alignment_present_in_m8	1	A0A3Q8Q3U2	594	visible	A0A3Q8Q3U2	A0A1V0S991	0.252	91	34	9	172	231	329	416	6.967E-03	34
A0A3Q8Q3U2__direct_alignment__A0A2K9V8E1	A0A3Q8Q3U2	A0A2K9V8E1	direct_alignment	direct_alignment	alignment_present_in_m8	1	A0A3Q8Q3U2	594	visible	A0A3Q8Q3U2	A0A2K9V8E1	0.208	115	30	11	18	89	409	505	3.937E-04	38
A0A3Q8Q3U2__direct_alignment__A0A3G5AB74	A0A3Q8Q3U2	A0A3G5AB74	direct_alignment	direct_alignment	alignment_present_in_m8	1	A0A3Q8Q3U2	594	visible	A0A3Q8Q3U2	A0A3G5AB74	0.266	90	26	12	20	89	460	529	1.815E-02	32
A0A3Q8Q3U2__direct_alignment__A0A481ZAH2	A0A3Q8Q3U2	A0A481ZAH2	direct_alignment	direct_alignment	alignment_present_in_m8	1	A0A3Q8Q3U2	594	visible	A0A3Q8Q3U2	A0A481ZAH2	0.307	130	37	19	138	244	78	177	1.097E-04	40
A0A3Q8Q3U2__direct_alignment__A0A7D3URG3	A0A3Q8Q3U2	A0A7D3URG3	direct_alignment	direct_alignment	alignment_present_in_m8	1	A0A3Q8Q3U2	594	visible	A0A3Q8Q3U2	A0A7D3URG3	0.222	144	54	17	129	246	135	246	5.063E-03	34
A0A3Q8Q3U2__direct_alignment__A0A7D3UTL1	A0A3Q8Q3U2	A0A7D3UTL1	direct_alignment	direct_alignment	alignment_present_in_m8	1	A0A3Q8Q3U2	594	visible	A0A3Q8Q3U2	A0A7D3UTL1	0.210	38	18	4	186	215	157	190	1.582E+00	26
A0A3Q8Q3U2__direct_alignment__A0A2P0VNG1	A0A3Q8Q3U2	A0A2P0VNG1	direct_alignment	direct_alignment	alignment_present_in_m8	1	A0A3Q8Q3U2	594	visible	A0A3Q8Q3U2	A0A2P0VNG1	0.236	76	20	7	134	188	117	175	3.209E-01	28
A0A3Q8Q3U2__direct_alignment__A0A3G5A1F8	A0A3Q8Q3U2	A0A3G5A1F8	direct_alignment	direct_alignment	alignment_present_in_m8	1	A0A3Q8Q3U2	594	visible	A0A3Q8Q3U2	A0A3G5A1F8	0.283	127	31	13	146	237	40	141	4.729E-02	31
A0A3Q8Q3U2__direct_alignment__A0A481Z2T3	A0A3Q8Q3U2	A0A481Z2T3	direct_alignment	direct_alignment	alignment_present_in_m8	1	A0A3Q8Q3U2	594	visible	A0A3Q8Q3U2	A0A481Z2T3	0.236	152	51	18	144	240	210	351	3.679E-03	35
A0A3Q8Q3U2__direct_alignment__A0A481ZBT3	A0A3Q8Q3U2	A0A481ZBT3	direct_alignment	direct_alignment	alignment_present_in_m8	1	A0A3Q8Q3U2	594	visible	A0A3Q8Q3U2	A0A481ZBT3	0.264	68	26	8	20	71	220	279	1.582E+00	26
A0A3Q8Q3U2__direct_alignment__A0A3G5AHM6	A0A3Q8Q3U2	A0A3G5AHM6	direct_alignment	direct_alignment	alignment_present_in_m8	1	A0A3Q8Q3U2	594	visible	A0A3Q8Q3U2	A0A3G5AHM6	0.169	59	29	5	16	73	159	198	8.953E-02	30
A0A3Q8Q3U2__direct_alignment__A0A5K0UAP2	A0A3Q8Q3U2	A0A5K0UAP2	direct_alignment	direct_alignment	alignment_present_in_m8	1	A0A3Q8Q3U2	594	visible	A0A3Q8Q3U2	A0A5K0UAP2	0.261	65	21	9	20	70	133	184	2.332E-01	29
A0A3Q8Q3U2__direct_alignment__A0A8D9CCR8	A0A3Q8Q3U2	A0A8D9CCR8	direct_alignment	direct_alignment	alignment_present_in_m8	1	A0A3Q8Q3U2	594	visible	A0A3Q8Q3U2	A0A8D9CCR8	0.250	48	16	6	18	50	111	153	8.953E-02	30
A0A3Q8Q3U2__direct_alignment__A0A8S0IDT3	A0A3Q8Q3U2	A0A8S0IDT3	direct_alignment	direct_alignment	alignment_present_in_m8	1	A0A3Q8Q3U2	594	visible	A0A3Q8Q3U2	A0A8S0IDT3	0.268	67	26	10	13	69	137	190	3.437E-02	31
A0A3Q8Q3U2__direct_alignment__A0A6J5SAF2	A0A3Q8Q3U2	A0A6J5SAF2	direct_alignment	direct_alignment	alignment_present_in_m8	1	A0A3Q8Q3U2	594	visible	A0A3Q8Q3U2	A0A6J5SAF2	0.287	73	24	10	14	82	16	64	1.150E+00	26
A0A3Q8Q3U2__direct_alignment__A0A879R2M4	A0A3Q8Q3U2	A0A879R2M4	direct_alignment	direct_alignment	alignment_present_in_m8	1	A0A3Q8Q3U2	594	visible	A0A3Q8Q3U2	A0A879R2M4	0.300	60	15	7	178	223	158	204	1.695E-01	29
A0A3Q8Q3U2__direct_alignment__M1HIA0	A0A3Q8Q3U2	M1HIA0	direct_alignment	direct_alignment	alignment_present_in_m8	1	A0A3Q8Q3U2	594	visible	A0A3Q8Q3U2	M1HIA0	0.254	51	11	4	14	42	643	688	1.582E+00	26
A0A3Q8Q3U2__direct_alignment__Q4A259	A0A3Q8Q3U2	Q4A259	direct_alignment	direct_alignment	alignment_present_in_m8	1	A0A3Q8Q3U2	594	visible	A0A3Q8Q3U2	Q4A259	0.235	225	70	24	57	246	78	235	5.063E-03	34
A0A3Q8Q3U2__direct_alignment__R4THE2	A0A3Q8Q3U2	R4THE2	direct_alignment	direct_alignment	alignment_present_in_m8	1	A0A3Q8Q3U2	594	visible	A0A3Q8Q3U2	R4THE2	0.258	31	19	2	16	46	151	177	8.358E-01	27
A0A3Q8Q3U2__direct_alignment__A0A8S5QRU0	A0A3Q8Q3U2	A0A8S5QRU0	direct_alignment	direct_alignment	alignment_present_in_m8	1	A0A3Q8Q3U2	594	visible	A0A3Q8Q3U2	A0A8S5QRU0	0.317	41	11	4	20	48	7	42	8.358E-01	27
A0A3Q8Q3U2__cluster_membership__A0A075KJU1	A0A3Q8Q3U2	A0A075KJU1	cluster_membership	cluster_membership	same_foldseek_cluster_no_direct_rep_alignment_in_m8	0	A0A3Q8Q3U2	594	visible												
A0A3Q8Q3U2__direct_alignment__A0A8S5NQF4	A0A3Q8Q3U2	A0A8S5NQF4	direct_alignment	direct_alignment	alignment_present_in_m8	1	A0A3Q8Q3U2	594	visible	A0A3Q8Q3U2	A0A8S5NQF4	0.202	99	30	9	160	236	131	202	2.177E+00	25
A0A3Q8Q3U2__cluster_membership__U3PFV4	A0A3Q8Q3U2	U3PFV4	cluster_membership	cluster_membership	same_foldseek_cluster_no_direct_rep_alignment_in_m8	0	A0A3Q8Q3U2	594	visible												
A0A3Q8Q3U2__direct_alignment__A0A3G5A4J5	A0A3Q8Q3U2	A0A3G5A4J5	direct_alignment	direct_alignment	alignment_present_in_m8	1	A0A3Q8Q3U2	594	visible	A0A3Q8Q3U2	A0A3G5A4J5	0.292	41	15	5	35	70	126	157	4.415E-01	28
A0A3Q8Q3U2__direct_alignment__A0A1V0SKJ4	A0A3Q8Q3U2	A0A1V0SKJ4	direct_alignment	direct_alignment	alignment_present_in_m8	1	A0A3Q8Q3U2	594	visible	A0A3Q8Q3U2	A0A1V0SKJ4	0.261	65	22	8	16	69	195	244	9.587E-03	33
A0A3Q8Q3U2__direct_alignment__A0A1V0SL98	A0A3Q8Q3U2	A0A1V0SL98	direct_alignment	direct_alignment	alignment_present_in_m8	1	A0A3Q8Q3U2	594	visible	A0A3Q8Q3U2	A0A1V0SL98	0.262	80	30	10	142	197	352	426	1.943E-03	35
A0A3Q8Q3U2__direct_alignment__A0A3G5AE29	A0A3Q8Q3U2	A0A3G5AE29	direct_alignment	direct_alignment	alignment_present_in_m8	1	A0A3Q8Q3U2	594	visible	A0A3Q8Q3U2	A0A3G5AE29	0.246	81	27	9	25	90	299	360	4.120E+00	25
A0A3Q8Q3U2__direct_alignment__A0A3G5AJI2	A0A3Q8Q3U2	A0A3G5AJI2	direct_alignment	direct_alignment	alignment_present_in_m8	1	A0A3Q8Q3U2	594	visible	A0A3Q8Q3U2	A0A3G5AJI2	0.205	39	20	3	38	75	301	329	2.177E+00	25
A0A3Q8Q3U2__direct_alignment__A0A481Z1W7	A0A3Q8Q3U2	A0A481Z1W7	direct_alignment	direct_alignment	alignment_present_in_m8	1	A0A3Q8Q3U2	594	visible	A0A3Q8Q3U2	A0A481Z1W7	0.220	59	20	6	181	235	195	231	1.582E+00	26
A0A3Q8Q3U2__direct_alignment__A0A481Z8F6	A0A3Q8Q3U2	A0A481Z8F6	direct_alignment	direct_alignment	alignment_present_in_m8	1	A0A3Q8Q3U2	594	visible	A0A3Q8Q3U2	A0A481Z8F6	0.202	74	31	8	13	76	381	436	1.150E+00	26
A0A3Q8Q3U2__direct_alignment__A0A6J5NSL9	A0A3Q8Q3U2	A0A6J5NSL9	direct_alignment	direct_alignment	alignment_present_in_m8	1	A0A3Q8Q3U2	594	visible	A0A3Q8Q3U2	A0A6J5NSL9	0.348	43	22	5	39	80	3	40	2.674E-03	35
A0A3Q8Q3U2__direct_alignment__A0A6J5T0S5	A0A3Q8Q3U2	A0A6J5T0S5	direct_alignment	direct_alignment	alignment_present_in_m8	1	A0A3Q8Q3U2	594	visible	A0A3Q8Q3U2	A0A6J5T0S5	0.217	78	41	7	173	248	328	387	2.332E-01	29
A0A3Q8Q3U2__direct_alignment__F8V6J6	A0A3Q8Q3U2	F8V6J6	direct_alignment	direct_alignment	alignment_present_in_m8	1	A0A3Q8Q3U2	594	visible	A0A3Q8Q3U2	F8V6J6	0.526	19	6	3	56	72	16	33	1.695E-01	29
A0A3Q8Q3U2__direct_alignment__A0A1C3NFH8	A0A3Q8Q3U2	A0A1C3NFH8	direct_alignment	direct_alignment	alignment_present_in_m8	1	A0A3Q8Q3U2	594	visible	A0A3Q8Q3U2	A0A1C3NFH8	0.226	128	40	15	160	248	226	333	2.332E-01	29
A0A3Q8Q3U2__direct_alignment__A0A384ZX68	A0A3Q8Q3U2	A0A384ZX68	direct_alignment	direct_alignment	alignment_present_in_m8	1	A0A3Q8Q3U2	594	visible	A0A3Q8Q3U2	A0A384ZX68	0.250	84	36	8	15	80	45	119	6.507E-02	30
A0A3Q8Q3U2__direct_alignment__A0A2I2L6F6	A0A3Q8Q3U2	A0A2I2L6F6	direct_alignment	direct_alignment	alignment_present_in_m8	1	A0A3Q8Q3U2	594	visible	A0A3Q8Q3U2	A0A2I2L6F6	0.333	42	21	4	13	52	138	174	8.358E-01	27
A0A3Q8Q3U2__direct_alignment__A0A1V0SKM4	A0A3Q8Q3U2	A0A1V0SKM4	direct_alignment	direct_alignment	alignment_present_in_m8	1	A0A3Q8Q3U2	594	visible	A0A3Q8Q3U2	A0A1V0SKM4	0.229	96	32	11	10	73	83	168	1.582E+00	26
A0A3Q8Q3U2__direct_alignment__A0A3G5A0G4	A0A3Q8Q3U2	A0A3G5A0G4	direct_alignment	direct_alignment	alignment_present_in_m8	1	A0A3Q8Q3U2	594	visible	A0A3Q8Q3U2	A0A3G5A0G4	0.211	85	31	10	18	72	19	97	4.729E-02	31
A0A3Q8Q3U2__direct_alignment__A0A0G2Y178	A0A3Q8Q3U2	A0A0G2Y178	direct_alignment	direct_alignment	alignment_present_in_m8	1	A0A3Q8Q3U2	594	visible	A0A3Q8Q3U2	A0A0G2Y178	0.242	70	32	5	29	78	496	564	1.232E-01	30
A0A3Q8Q3U2__direct_alignment__A0A3G4ZK02	A0A3Q8Q3U2	A0A3G4ZK02	direct_alignment	direct_alignment	alignment_present_in_m8	1	A0A3Q8Q3U2	594	visible	A0A3Q8Q3U2	A0A3G4ZK02	0.230	78	27	9	14	72	163	226	8.953E-02	30
A0A3Q8Q3U2__direct_alignment__A0A481YQN6	A0A3Q8Q3U2	A0A481YQN6	direct_alignment	direct_alignment	alignment_present_in_m8	1	A0A3Q8Q3U2	594	visible	A0A3Q8Q3U2	A0A481YQN6	0.259	54	25	5	9	49	130	181	6.507E-02	30
A0A3Q8Q3U2__direct_alignment__A0A481Z5Y2	A0A3Q8Q3U2	A0A481Z5Y2	direct_alignment	direct_alignment	alignment_present_in_m8	1	A0A3Q8Q3U2	594	visible	A0A3Q8Q3U2	A0A481Z5Y2	0.234	64	26	8	152	209	58	104	9.587E-03	33
A0A3Q8Q3U2__direct_alignment__A0A5J6VIG4	A0A3Q8Q3U2	A0A5J6VIG4	direct_alignment	direct_alignment	alignment_present_in_m8	1	A0A3Q8Q3U2	594	visible	A0A3Q8Q3U2	A0A5J6VIG4	0.272	55	23	8	13	52	14	66	4.729E-02	31
A0A3Q8Q3U2__direct_alignment__A0A5K0U9X1	A0A3Q8Q3U2	A0A5K0U9X1	direct_alignment	direct_alignment	alignment_present_in_m8	1	A0A3Q8Q3U2	594	visible	A0A3Q8Q3U2	A0A5K0U9X1	0.273	106	26	10	127	195	214	305	7.455E-04	37
A0A3Q8Q3U2__cluster_membership__A0A3G5A882	A0A3Q8Q3U2	A0A3G5A882	cluster_membership	cluster_membership	same_foldseek_cluster_no_direct_rep_alignment_in_m8	0	A0A3Q8Q3U2	594	visible												
A0A3Q8Q3U2__direct_alignment__A0A3G5A6I1	A0A3Q8Q3U2	A0A3G5A6I1	direct_alignment	direct_alignment	alignment_present_in_m8	1	A0A3Q8Q3U2	594	visible	A0A3Q8Q3U2	A0A3G5A6I1	0.253	79	22	7	16	67	101	169	1.815E-02	32
A0A3Q8Q3U2__direct_alignment__A0A3G5A8B2	A0A3Q8Q3U2	A0A3G5A8B2	direct_alignment	direct_alignment	alignment_present_in_m8	1	A0A3Q8Q3U2	594	visible	A0A3Q8Q3U2	A0A3G5A8B2	0.253	63	28	6	169	216	150	208	2.861E-04	38
A0A3Q8Q3U2__direct_alignment__A0A3G5AJE1	A0A3Q8Q3U2	A0A3G5AJE1	direct_alignment	direct_alignment	alignment_present_in_m8	1	A0A3Q8Q3U2	594	visible	A0A3Q8Q3U2	A0A3G5AJE1	0.263	95	26	12	141	207	262	340	1.695E-01	29
A0A3Q8Q3U2__direct_alignment__A0A481YY33	A0A3Q8Q3U2	A0A481YY33	direct_alignment	direct_alignment	alignment_present_in_m8	1	A0A3Q8Q3U2	594	visible	A0A3Q8Q3U2	A0A481YY33	0.264	87	39	12	122	187	91	173	1.695E-01	29
A0A3Q8Q3U2__direct_alignment__A0A5J6VPG4	A0A3Q8Q3U2	A0A5J6VPG4	direct_alignment	direct_alignment	alignment_present_in_m8	1	A0A3Q8Q3U2	594	visible	A0A3Q8Q3U2	A0A5J6VPG4	0.339	53	20	4	161	211	222	261	5.417E-04	37
A0A3Q8Q3U2__direct_alignment__A0A7D3UV69	A0A3Q8Q3U2	A0A7D3UV69	direct_alignment	direct_alignment	alignment_present_in_m8	1	A0A3Q8Q3U2	594	visible	A0A3Q8Q3U2	A0A7D3UV69	0.258	62	27	6	152	205	177	227	4.415E-01	28
A0A3Q8Q3U2__direct_alignment__E3T526	A0A3Q8Q3U2	E3T526	direct_alignment	direct_alignment	alignment_present_in_m8	1	A0A3Q8Q3U2	594	visible	A0A3Q8Q3U2	E3T526	0.236	72	21	11	16	69	155	210	1.150E+00	26
A0A3Q8Q3U2__direct_alignment__A0A3G5A8V8	A0A3Q8Q3U2	A0A3G5A8V8	direct_alignment	direct_alignment	alignment_present_in_m8	1	A0A3Q8Q3U2	594	visible	A0A3Q8Q3U2	A0A3G5A8V8	0.195	245	90	25	13	201	193	386	1.815E-02	32
A0A3Q8Q3U2__direct_alignment__A0A481Z4C0	A0A3Q8Q3U2	A0A481Z4C0	direct_alignment	direct_alignment	alignment_present_in_m8	1	A0A3Q8Q3U2	594	visible	A0A3Q8Q3U2	A0A481Z4C0	0.286	115	30	13	5	81	372	472	7.974E-05	40
A0A3Q8Q3U2__direct_alignment__A0A3G5AK51	A0A3Q8Q3U2	A0A3G5AK51	direct_alignment	direct_alignment	alignment_present_in_m8	1	A0A3Q8Q3U2	594	visible	A0A3Q8Q3U2	A0A3G5AK51	0.268	93	24	13	23	75	50	138	6.075E-01	27
A0A3Q8Q3U2__direct_alignment__A0A8D9FR24	A0A3Q8Q3U2	A0A8D9FR24	direct_alignment	direct_alignment	alignment_present_in_m8	1	A0A3Q8Q3U2	594	visible	A0A3Q8Q3U2	A0A8D9FR24	0.217	78	21	7	174	230	112	170	4.415E-01	28
A0A3Q8Q3U2__direct_alignment__A0A6J5MCB8	A0A3Q8Q3U2	A0A6J5MCB8	direct_alignment	direct_alignment	alignment_present_in_m8	1	A0A3Q8Q3U2	594	visible	A0A3Q8Q3U2	A0A6J5MCB8	0.272	22	14	2	16	37	172	191	5.669E+00	24
A0A3Q8Q3U2__direct_alignment__A0A6J5M9G7	A0A3Q8Q3U2	A0A6J5M9G7	direct_alignment	direct_alignment	alignment_present_in_m8	1	A0A3Q8Q3U2	594	visible	A0A3Q8Q3U2	A0A6J5M9G7	0.309	55	14	8	32	69	59	106	2.332E-01	29
A0A3Q8Q3U2__direct_alignment__A0A6J5PWU5	A0A3Q8Q3U2	A0A6J5PWU5	direct_alignment	direct_alignment	alignment_present_in_m8	1	A0A3Q8Q3U2	594	visible	A0A3Q8Q3U2	A0A6J5PWU5	0.266	45	17	4	20	55	58	95	3.437E-02	31
A0A3Q8Q3U2__direct_alignment__A0A8S5PXW0	A0A3Q8Q3U2	A0A8S5PXW0	direct_alignment	direct_alignment	alignment_present_in_m8	1	A0A3Q8Q3U2	594	visible	A0A3Q8Q3U2	A0A8S5PXW0	0.393	33	15	3	172	204	297	324	2.332E-01	29
A0A3Q8Q3U2__cluster_membership__A0A6J7WPK1	A0A3Q8Q3U2	A0A6J7WPK1	cluster_membership	cluster_membership	same_foldseek_cluster_no_direct_rep_alignment_in_m8	0	A0A3Q8Q3U2	594	visible												
A0A3Q8Q3U2__direct_alignment__A0A7D7IXE4	A0A3Q8Q3U2	A0A7D7IXE4	direct_alignment	direct_alignment	alignment_present_in_m8	1	A0A3Q8Q3U2	594	visible	A0A3Q8Q3U2	A0A7D7IXE4	0.287	66	23	9	19	72	1	54	4.415E-01	28
A0A3Q8Q3U2__direct_alignment__A0A8S5PY38	A0A3Q8Q3U2	A0A8S5PY38	direct_alignment	direct_alignment	alignment_present_in_m8	1	A0A3Q8Q3U2	594	visible	A0A3Q8Q3U2	A0A8S5PY38	0.333	51	18	8	11	58	290	327	4.120E+00	25
A0A3Q8Q3U2__direct_alignment__A0A3G5A4R7	A0A3Q8Q3U2	A0A3G5A4R7	direct_alignment	direct_alignment	alignment_present_in_m8	1	A0A3Q8Q3U2	594	visible	A0A3Q8Q3U2	A0A3G5A4R7	0.202	69	29	7	13	69	77	131	4.729E-02	31
A0A3Q8Q3U2__direct_alignment__A0A481Z5M0	A0A3Q8Q3U2	A0A481Z5M0	direct_alignment	direct_alignment	alignment_present_in_m8	1	A0A3Q8Q3U2	594	visible	A0A3Q8Q3U2	A0A481Z5M0	0.355	59	16	8	30	80	96	140	8.953E-02	30
A0A3Q8Q3U2__direct_alignment__M1HWF1	A0A3Q8Q3U2	M1HWF1	direct_alignment	direct_alignment	alignment_present_in_m8	1	A0A3Q8Q3U2	594	visible	A0A3Q8Q3U2	M1HWF1	0.274	51	18	7	20	58	260	303	2.995E+00	25
A0A3Q8Q3U2__direct_alignment__A0A6J5N3M9	A0A3Q8Q3U2	A0A6J5N3M9	direct_alignment	direct_alignment	alignment_present_in_m8	1	A0A3Q8Q3U2	594	visible	A0A3Q8Q3U2	A0A6J5N3M9	0.114	61	37	7	18	67	24	78	2.177E+00	25
A0A3Q8Q3U2__cluster_membership__A0A8F3EBX0	A0A3Q8Q3U2	A0A8F3EBX0	cluster_membership	cluster_membership	same_foldseek_cluster_no_direct_rep_alignment_in_m8	0	A0A3Q8Q3U2	594	visible												
A0A3Q8Q3U2__direct_alignment__A0A3G4ZVK1	A0A3Q8Q3U2	A0A3G4ZVK1	direct_alignment	direct_alignment	alignment_present_in_m8	1	A0A3Q8Q3U2	594	visible	A0A3Q8Q3U2	A0A3G4ZVK1	0.294	68	21	10	20	75	400	452	3.209E-01	28
A0A3Q8Q3U2__direct_alignment__A0A6J5KWR7	A0A3Q8Q3U2	A0A6J5KWR7	direct_alignment	direct_alignment	alignment_present_in_m8	1	A0A3Q8Q3U2	594	visible	A0A3Q8Q3U2	A0A6J5KWR7	0.261	107	38	13	129	208	342	434	4.729E-02	31
A0A3Q8Q3U2__direct_alignment__A0A6J5M1Y6	A0A3Q8Q3U2	A0A6J5M1Y6	direct_alignment	direct_alignment	alignment_present_in_m8	1	A0A3Q8Q3U2	594	visible	A0A3Q8Q3U2	A0A6J5M1Y6	0.240	50	24	3	112	153	42	85	2.995E+00	25
A0A3Q8Q3U2__cluster_membership__D2TES4	A0A3Q8Q3U2	D2TES4	cluster_membership	cluster_membership	same_foldseek_cluster_no_direct_rep_alignment_in_m8	0	A0A3Q8Q3U2	594	visible												
A0A3Q8Q3U2__direct_alignment__G4W945	A0A3Q8Q3U2	G4W945	direct_alignment	direct_alignment	alignment_present_in_m8	1	A0A3Q8Q3U2	594	visible	A0A3Q8Q3U2	G4W945	0.421	19	7	1	62	80	127	141	5.669E+00	24
A0A3T1CXE0__cluster_membership__Q6XLV6	A0A3T1CXE0	Q6XLV6	cluster_membership	cluster_membership	same_foldseek_cluster_no_direct_rep_alignment_in_m8	0	A0A3T1CXE0	4	absent												
A0A3T1CXE0__cluster_membership__A0A1J0GWE0	A0A3T1CXE0	A0A1J0GWE0	cluster_membership	cluster_membership	same_foldseek_cluster_no_direct_rep_alignment_in_m8	0	A0A3T1CXE0	4	absent												
A0A3T1CXE0__cluster_membership__A0A6G6XIN2	A0A3T1CXE0	A0A6G6XIN2	cluster_membership	cluster_membership	same_foldseek_cluster_no_direct_rep_alignment_in_m8	0	A0A3T1CXE0	4	absent												
A0A401IPP5__direct_alignment__A0A6N1NTR1	A0A401IPP5	A0A6N1NTR1	direct_alignment	direct_alignment	alignment_present_in_m8	1	A0A401IPP5	3	visible	A0A401IPP5	A0A6N1NTR1	0.215	176	42	16	6	161	525	624	1.296E+00	25
A0A401IPP5__cluster_membership__A0A7G5M3Z5	A0A401IPP5	A0A7G5M3Z5	cluster_membership	cluster_membership	same_foldseek_cluster_no_direct_rep_alignment_in_m8	0	A0A401IPP5	3	visible												
A0A410TDX1__cluster_membership__A0A4P8W8N1	A0A410TDX1	A0A4P8W8N1	cluster_membership	cluster_membership	same_foldseek_cluster_no_direct_rep_alignment_in_m8	0	A0A410TDX1	3	absent												
A0A410TDX1__cluster_membership__B9A7B8	A0A410TDX1	B9A7B8	cluster_membership	cluster_membership	same_foldseek_cluster_no_direct_rep_alignment_in_m8	0	A0A410TDX1	3	absent												
A0A411D364__direct_alignment__A0A1W6EUV6	A0A411D364	A0A1W6EUV6	direct_alignment	direct_alignment	alignment_present_in_m8	1	A0A411D364	14	visible	A0A411D364	A0A1W6EUV6	0.242	66	20	6	41	94	30	77	9.389E-01	29
A0A411D364__cluster_membership__A0A0B5IWN1	A0A411D364	A0A0B5IWN1	cluster_membership	cluster_membership	same_foldseek_cluster_no_direct_rep_alignment_in_m8	0	A0A411D364	14	visible												
A0A411D364__direct_alignment__A0A0U2K3A8	A0A411D364	A0A0U2K3A8	direct_alignment	direct_alignment	alignment_present_in_m8	1	A0A411D364	14	visible	A0A411D364	A0A0U2K3A8	0.210	38	16	4	30	60	6	36	6.275E+00	26
A0A411D364__direct_alignment__A0A3G5A4D9	A0A411D364	A0A3G5A4D9	direct_alignment	direct_alignment	alignment_present_in_m8	1	A0A411D364	14	visible	A0A411D364	A0A3G5A4D9	0.285	42	14	4	426	458	569	603	1.289E+00	29
A0A411D364__direct_alignment__A0A2P0XJ43	A0A411D364	A0A2P0XJ43	direct_alignment	direct_alignment	alignment_present_in_m8	1	A0A411D364	14	visible	A0A411D364	A0A2P0XJ43	0.222	135	41	14	176	303	494	571	1.531E-02	35
A0A411D364__direct_alignment__A0A2K9R7W4	A0A411D364	A0A2K9R7W4	direct_alignment	direct_alignment	alignment_present_in_m8	1	A0A411D364	14	visible	A0A411D364	A0A2K9R7W4	0.244	86	38	6	285	353	8	83	3.959E-02	34
A0A411D364__cluster_membership__A0A8F3E8A3	A0A411D364	A0A8F3E8A3	cluster_membership	cluster_membership	same_foldseek_cluster_no_direct_rep_alignment_in_m8	0	A0A411D364	14	visible												
A0A411D364__direct_alignment__A0A1L3KEV0	A0A411D364	A0A1L3KEV0	direct_alignment	direct_alignment	alignment_present_in_m8	1	A0A411D364	14	visible	A0A411D364	A0A1L3KEV0	0.215	181	49	19	161	310	285	403	9.389E-01	29
A0A411D364__direct_alignment__A0A1L3KFF2	A0A411D364	A0A1L3KFF2	direct_alignment	direct_alignment	alignment_present_in_m8	1	A0A411D364	14	visible	A0A411D364	A0A1L3KFF2	0.275	40	16	3	23	60	593	621	1.405E-01	32
A0A411D364__direct_alignment__A0A1V0SCG3	A0A411D364	A0A1V0SCG3	direct_alignment	direct_alignment	alignment_present_in_m8	1	A0A411D364	14	visible	A0A411D364	A0A1V0SCG3	0.270	37	16	4	999	1026	69	103	8.612E+00	26
A0A411D364__direct_alignment__A0A3S5HA21	A0A411D364	A0A3S5HA21	direct_alignment	direct_alignment	alignment_present_in_m8	1	A0A411D364	14	visible	A0A411D364	A0A3S5HA21	0.301	83	28	15	458	525	6	73	4.572E+00	27
A0A411D364__direct_alignment__A0A5K0UB88	A0A411D364	A0A5K0UB88	direct_alignment	direct_alignment	alignment_present_in_m8	1	A0A411D364	14	visible	A0A411D364	A0A5K0UB88	0.240	50	29	4	986	1030	861	906	2.885E-02	34
A0A411D364__direct_alignment__A0A345MY58	A0A411D364	A0A345MY58	direct_alignment	direct_alignment	alignment_present_in_m8	1	A0A411D364	14	visible	A0A411D364	A0A345MY58	0.243	74	27	7	141	211	277	324	1.405E-01	32
A0A481YYA9__cluster_membership__A0A0B5J2G4	A0A481YYA9	A0A0B5J2G4	cluster_membership	cluster_membership	same_foldseek_cluster_no_direct_rep_alignment_in_m8	0	A0A481YYA9	3	absent												
A0A481YYA9__cluster_membership__Q9DVR6	A0A481YYA9	Q9DVR6	cluster_membership	cluster_membership	same_foldseek_cluster_no_direct_rep_alignment_in_m8	0	A0A481YYA9	3	absent												
A0A481Z5T9__direct_alignment__A0A0N9Q9J8	A0A481Z5T9	A0A0N9Q9J8	direct_alignment	direct_alignment	alignment_present_in_m8	1	A0A481Z5T9	5	visible	A0A481Z5T9	A0A0N9Q9J8	0.292	41	22	3	69	108	78	112	5.708E-02	30
A0A481Z5T9__direct_alignment__A0A1V0S999	A0A481Z5T9	A0A1V0S999	direct_alignment	direct_alignment	alignment_present_in_m8	1	A0A481Z5T9	5	visible	A0A481Z5T9	A0A1V0S999	0.307	52	16	5	170	214	105	143	3.012E-02	31
A0A481Z5T9__direct_alignment__A0A6J5PEJ0	A0A481Z5T9	A0A6J5PEJ0	direct_alignment	direct_alignment	alignment_present_in_m8	1	A0A481Z5T9	5	visible	A0A481Z5T9	A0A6J5PEJ0	0.214	56	21	6	34	85	123	159	6.883E+00	24
A0A481Z5T9__direct_alignment__U3GV85	A0A481Z5T9	U3GV85	direct_alignment	direct_alignment	alignment_present_in_m8	1	A0A481Z5T9	5	visible	A0A481Z5T9	U3GV85	0.260	92	29	10	162	227	73	151	5.030E-05	40
A0A482F4D1__direct_alignment__B7FEJ3	A0A482F4D1	B7FEJ3	direct_alignment	direct_alignment	alignment_present_in_m8	1	A0A482F4D1	2	visible	A0A482F4D1	B7FEJ3	0.412	80	28	7	1	68	1	73	2.758E-09	50
A0A4D5XFN5__cluster_membership__A0A1J0MVR7	A0A4D5XFN5	A0A1J0MVR7	cluster_membership	cluster_membership	same_foldseek_cluster_no_direct_rep_alignment_in_m8	0	A0A4D5XFN5	4	visible												
A0A4D5XFN5__direct_alignment__A0A5Q2WA70	A0A4D5XFN5	A0A5Q2WA70	direct_alignment	direct_alignment	alignment_present_in_m8	1	A0A4D5XFN5	4	visible	A0A4D5XFN5	A0A5Q2WA70	0.244	45	19	3	35	76	345	377	9.587E-01	25
A0A4D5XFN5__cluster_membership__A0A8S5S5I2	A0A4D5XFN5	A0A8S5S5I2	cluster_membership	cluster_membership	same_foldseek_cluster_no_direct_rep_alignment_in_m8	0	A0A4D5XFN5	4	visible												
A0A4Y5UXU2__cluster_membership__A0A345BQ32	A0A4Y5UXU2	A0A345BQ32	cluster_membership	cluster_membership	same_foldseek_cluster_no_direct_rep_alignment_in_m8	0	A0A4Y5UXU2	2	absent												
A0A513Q9S0__cluster_membership__A0A142BZT1	A0A513Q9S0	A0A142BZT1	cluster_membership	cluster_membership	same_foldseek_cluster_no_direct_rep_alignment_in_m8	0	A0A513Q9S0	9	absent												
A0A513Q9S0__cluster_membership__A0A7G9V4H8	A0A513Q9S0	A0A7G9V4H8	cluster_membership	cluster_membership	same_foldseek_cluster_no_direct_rep_alignment_in_m8	0	A0A513Q9S0	9	absent												
A0A513Q9S0__cluster_membership__A0A1J0MD33	A0A513Q9S0	A0A1J0MD33	cluster_membership	cluster_membership	same_foldseek_cluster_no_direct_rep_alignment_in_m8	0	A0A513Q9S0	9	absent												
A0A513Q9S0__cluster_membership__A0A514D7R9	A0A513Q9S0	A0A514D7R9	cluster_membership	cluster_membership	same_foldseek_cluster_no_direct_rep_alignment_in_m8	0	A0A513Q9S0	9	absent												
A0A513Q9S0__cluster_membership__A0A6J5NNJ9	A0A513Q9S0	A0A6J5NNJ9	cluster_membership	cluster_membership	same_foldseek_cluster_no_direct_rep_alignment_in_m8	0	A0A513Q9S0	9	absent												
A0A513Q9S0__cluster_membership__A0A811BRQ1	A0A513Q9S0	A0A811BRQ1	cluster_membership	cluster_membership	same_foldseek_cluster_no_direct_rep_alignment_in_m8	0	A0A513Q9S0	9	absent												
A0A513Q9S0__cluster_membership__Q9QP17	A0A513Q9S0	Q9QP17	cluster_membership	cluster_membership	same_foldseek_cluster_no_direct_rep_alignment_in_m8	0	A0A513Q9S0	9	absent												
A0A513Q9S0__cluster_membership__X5I3A3	A0A513Q9S0	X5I3A3	cluster_membership	cluster_membership	same_foldseek_cluster_no_direct_rep_alignment_in_m8	0	A0A513Q9S0	9	absent												
A0A513QA86__cluster_membership__A0A6G9W2L1	A0A513QA86	A0A6G9W2L1	cluster_membership	cluster_membership	same_foldseek_cluster_no_direct_rep_alignment_in_m8	0	A0A513QA86	3	absent												
A0A513QA86__cluster_membership__A0A6J5MGW7	A0A513QA86	A0A6J5MGW7	cluster_membership	cluster_membership	same_foldseek_cluster_no_direct_rep_alignment_in_m8	0	A0A513QA86	3	absent												
A0A514DGR2__cluster_membership__A0A1C8ET13	A0A514DGR2	A0A1C8ET13	cluster_membership	cluster_membership	same_foldseek_cluster_no_direct_rep_alignment_in_m8	0	A0A514DGR2	5	absent												
A0A514DGR2__cluster_membership__A0A6V7BDV1	A0A514DGR2	A0A6V7BDV1	cluster_membership	cluster_membership	same_foldseek_cluster_no_direct_rep_alignment_in_m8	0	A0A514DGR2	5	absent												
A0A514DGR2__cluster_membership__A0A060AN89	A0A514DGR2	A0A060AN89	cluster_membership	cluster_membership	same_foldseek_cluster_no_direct_rep_alignment_in_m8	0	A0A514DGR2	5	absent												
A0A514DGR2__cluster_membership__A0A8S5SB12	A0A514DGR2	A0A8S5SB12	cluster_membership	cluster_membership	same_foldseek_cluster_no_direct_rep_alignment_in_m8	0	A0A514DGR2	5	absent												
A0A516LHE3__direct_alignment__A0A218M392	A0A516LHE3	A0A218M392	direct_alignment	direct_alignment	alignment_present_in_m8	1	A0A516LHE3	3	visible	A0A516LHE3	A0A218M392	0.300	70	20	9	65	116	102	160	1.513E-01	28
A0A516LHE3__direct_alignment__H2BCZ3	A0A516LHE3	H2BCZ3	direct_alignment	direct_alignment	alignment_present_in_m8	1	A0A516LHE3	3	visible	A0A516LHE3	H2BCZ3	0.250	52	22	5	73	112	6	52	2.752E+00	24
A0A516LNX4__direct_alignment__A0A516LLC6	A0A516LNX4	A0A516LLC6	direct_alignment	direct_alignment	alignment_present_in_m8	1	A0A516LNX4	2	visible	A0A516LNX4	A0A516LLC6	0.234	94	35	9	57	143	60	123	6.776E+00	23
A0A5C0PVM1__cluster_membership__A0A7D5B9K6	A0A5C0PVM1	A0A7D5B9K6	cluster_membership	cluster_membership	same_foldseek_cluster_no_direct_rep_alignment_in_m8	0	A0A5C0PVM1	2	absent												
A0A5C1K3T9__cluster_membership__A0A6J7X4I9	A0A5C1K3T9	A0A6J7X4I9	cluster_membership	cluster_membership	same_foldseek_cluster_no_direct_rep_alignment_in_m8	0	A0A5C1K3T9	4	absent												
A0A5C1K3T9__cluster_membership__A0A1S5V0E1	A0A5C1K3T9	A0A1S5V0E1	cluster_membership	cluster_membership	same_foldseek_cluster_no_direct_rep_alignment_in_m8	0	A0A5C1K3T9	4	absent												
A0A5C1K3T9__cluster_membership__A0A7G7FCT9	A0A5C1K3T9	A0A7G7FCT9	cluster_membership	cluster_membership	same_foldseek_cluster_no_direct_rep_alignment_in_m8	0	A0A5C1K3T9	4	absent												
A0A5H2WYZ6__direct_alignment__A0A4P8W3Q2	A0A5H2WYZ6	A0A4P8W3Q2	direct_alignment	direct_alignment	alignment_present_in_m8	1	A0A5H2WYZ6	2	visible	A0A5H2WYZ6	A0A4P8W3Q2	0.409	22	9	3	39	56	69	90	2.120E+00	25
A0A5J6TVW1__direct_alignment__A0A222ZMH6	A0A5J6TVW1	A0A222ZMH6	direct_alignment	direct_alignment	alignment_present_in_m8	1	A0A5J6TVW1	2	visible	A0A5J6TVW1	A0A222ZMH6	0.534	43	20	0	46	88	49	91	1.654E-03	34
A0A5K0U7A3__direct_alignment__A0A6J5TDX4	A0A5K0U7A3	A0A6J5TDX4	direct_alignment	direct_alignment	alignment_present_in_m8	1	A0A5K0U7A3	3	visible	A0A5K0U7A3	A0A6J5TDX4	0.226	84	29	7	74	131	18	91	4.796E-01	27
A0A5K0U7A3__cluster_membership__A0A8S5UCP4	A0A5K0U7A3	A0A8S5UCP4	cluster_membership	cluster_membership	same_foldseek_cluster_no_direct_rep_alignment_in_m8	0	A0A5K0U7A3	3	visible												
A0A5K0UA04__direct_alignment__A0A2P1GN35	A0A5K0UA04	A0A2P1GN35	direct_alignment	direct_alignment	alignment_present_in_m8	1	A0A5K0UA04	2	visible	A0A5K0UA04	A0A2P1GN35	0.236	38	11	3	115	137	126	160	3.934E+00	24
A0A5Q2F871__cluster_membership__A0A2U7UCL1	A0A5Q2F871	A0A2U7UCL1	cluster_membership	cluster_membership	same_foldseek_cluster_no_direct_rep_alignment_in_m8	0	A0A5Q2F871	5	absent												
A0A5Q2F871__cluster_membership__A0A8S5S931	A0A5Q2F871	A0A8S5S931	cluster_membership	cluster_membership	same_foldseek_cluster_no_direct_rep_alignment_in_m8	0	A0A5Q2F871	5	absent												
A0A5Q2F871__cluster_membership__A0A8S5VHU4	A0A5Q2F871	A0A8S5VHU4	cluster_membership	cluster_membership	same_foldseek_cluster_no_direct_rep_alignment_in_m8	0	A0A5Q2F871	5	absent												
A0A5Q2F871__cluster_membership__Q87594	A0A5Q2F871	Q87594	cluster_membership	cluster_membership	same_foldseek_cluster_no_direct_rep_alignment_in_m8	0	A0A5Q2F871	5	absent												
A0A5Q2W5J0__cluster_membership__A0A0K1LM82	A0A5Q2W5J0	A0A0K1LM82	cluster_membership	cluster_membership	same_foldseek_cluster_no_direct_rep_alignment_in_m8	0	A0A5Q2W5J0	2	absent												
A0A5S9HXY7__direct_alignment__A0A6J5P7B5	A0A5S9HXY7	A0A6J5P7B5	direct_alignment	direct_alignment	alignment_present_in_m8	1	A0A5S9HXY7	2	visible	A0A5S9HXY7	A0A6J5P7B5	0.392	28	13	2	142	169	151	174	2.081E-01	29
A0A650EES4__cluster_membership__A0A171PVS4	A0A650EES4	A0A171PVS4	cluster_membership	cluster_membership	same_foldseek_cluster_no_direct_rep_alignment_in_m8	0	A0A650EES4	8	absent												
A0A650EES4__cluster_membership__A0A1L3KGF8	A0A650EES4	A0A1L3KGF8	cluster_membership	cluster_membership	same_foldseek_cluster_no_direct_rep_alignment_in_m8	0	A0A650EES4	8	absent												
A0A650EES4__cluster_membership__A0A1V0SCY5	A0A650EES4	A0A1V0SCY5	cluster_membership	cluster_membership	same_foldseek_cluster_no_direct_rep_alignment_in_m8	0	A0A650EES4	8	absent												
A0A650EES4__cluster_membership__A0A1W6DAW3	A0A650EES4	A0A1W6DAW3	cluster_membership	cluster_membership	same_foldseek_cluster_no_direct_rep_alignment_in_m8	0	A0A650EES4	8	absent												
A0A650EES4__cluster_membership__A0A345MP21	A0A650EES4	A0A345MP21	cluster_membership	cluster_membership	same_foldseek_cluster_no_direct_rep_alignment_in_m8	0	A0A650EES4	8	absent												
A0A650EES4__cluster_membership__A0A8S5UU12	A0A650EES4	A0A8S5UU12	cluster_membership	cluster_membership	same_foldseek_cluster_no_direct_rep_alignment_in_m8	0	A0A650EES4	8	absent												
A0A650EES4__cluster_membership__B6ZK31	A0A650EES4	B6ZK31	cluster_membership	cluster_membership	same_foldseek_cluster_no_direct_rep_alignment_in_m8	0	A0A650EES4	8	absent												
A0A679FDZ4__cluster_membership__A0A2P0VP46	A0A679FDZ4	A0A2P0VP46	cluster_membership	cluster_membership	same_foldseek_cluster_no_direct_rep_alignment_in_m8	0	A0A679FDZ4	10	visible												
A0A679FDZ4__direct_alignment__A0A384UH47	A0A679FDZ4	A0A384UH47	direct_alignment	direct_alignment	alignment_present_in_m8	1	A0A679FDZ4	10	visible	A0A679FDZ4	A0A384UH47	0.225	173	61	21	38	162	1	148	6.252E+00	25
A0A679FDZ4__cluster_membership__A0A516KV65	A0A679FDZ4	A0A516KV65	cluster_membership	cluster_membership	same_foldseek_cluster_no_direct_rep_alignment_in_m8	0	A0A679FDZ4	10	visible												
A0A679FDZ4__direct_alignment__A0A7D3UJT1	A0A679FDZ4	A0A7D3UJT1	direct_alignment	direct_alignment	alignment_present_in_m8	1	A0A679FDZ4	10	visible	A0A679FDZ4	A0A7D3UJT1	0.226	75	30	8	52	110	6	68	2.412E+00	26
A0A679FDZ4__direct_alignment__R9R1S6	A0A679FDZ4	R9R1S6	direct_alignment	direct_alignment	alignment_present_in_m8	1	A0A679FDZ4	10	visible	A0A679FDZ4	R9R1S6	0.253	130	33	18	24	115	130	233	5.787E-03	35
A0A679FDZ4__cluster_membership__A0A345ML12	A0A679FDZ4	A0A345ML12	cluster_membership	cluster_membership	same_foldseek_cluster_no_direct_rep_alignment_in_m8	0	A0A679FDZ4	10	visible												
A0A679FDZ4__cluster_membership__A0A7D5FMP1	A0A679FDZ4	A0A7D5FMP1	cluster_membership	cluster_membership	same_foldseek_cluster_no_direct_rep_alignment_in_m8	0	A0A679FDZ4	10	visible												
A0A679FDZ4__cluster_membership__A0A8S5SW33	A0A679FDZ4	A0A8S5SW33	cluster_membership	cluster_membership	same_foldseek_cluster_no_direct_rep_alignment_in_m8	0	A0A679FDZ4	10	visible												
A0A679FDZ4__direct_alignment__H9ED12	A0A679FDZ4	H9ED12	direct_alignment	direct_alignment	alignment_present_in_m8	1	A0A679FDZ4	10	visible	A0A679FDZ4	H9ED12	0.223	295	90	34	49	285	68	281	3.596E-05	42
A0A6B7ZF63__cluster_membership__A0A3G5A0X7	A0A6B7ZF63	A0A3G5A0X7	cluster_membership	cluster_membership	same_foldseek_cluster_no_direct_rep_alignment_in_m8	0	A0A6B7ZF63	2	absent												
A0A6G5XYV5__direct_alignment__A0A141HRT4	A0A6G5XYV5	A0A141HRT4	direct_alignment	direct_alignment	alignment_present_in_m8	1	A0A6G5XYV5	8	visible	A0A6G5XYV5	A0A141HRT4	0.276	206	46	25	208	373	219	361	5.763E-03	35
A0A6G5XYV5__direct_alignment__A0A8S5VGG0	A0A6G5XYV5	A0A8S5VGG0	direct_alignment	direct_alignment	alignment_present_in_m8	1	A0A6G5XYV5	8	visible	A0A6G5XYV5	A0A8S5VGG0	0.225	142	42	13	22	151	263	348	8.659E+00	24
A0A6G5XYV5__direct_alignment__UPI001F143B77	A0A6G5XYV5	UPI001F143B77	direct_alignment	direct_alignment	alignment_present_in_m8	1	A0A6G5XYV5	8	visible	A0A6G5XYV5	UPI001F143B77	0.263	197	54	16	85	233	48	201	2.784E-06	45
A0A6G5XYV5__direct_alignment__A0A8S5QJK0	A0A6G5XYV5	A0A8S5QJK0	direct_alignment	direct_alignment	alignment_present_in_m8	1	A0A6G5XYV5	8	visible	A0A6G5XYV5	A0A8S5QJK0	0.298	67	20	7	9	58	46	102	8.545E-04	37
A0A6G5XYV5__cluster_membership__C9DGJ7	A0A6G5XYV5	C9DGJ7	cluster_membership	cluster_membership	same_foldseek_cluster_no_direct_rep_alignment_in_m8	0	A0A6G5XYV5	8	visible												
A0A6G5XYV5__direct_alignment__A0A2L0UZ72	A0A6G5XYV5	A0A2L0UZ72	direct_alignment	direct_alignment	alignment_present_in_m8	1	A0A6G5XYV5	8	visible	A0A6G5XYV5	A0A2L0UZ72	0.375	16	8	1	125	140	133	146	1.285E+00	27
A0A6G5XYV5__cluster_membership__A0A7S5RLN1	A0A6G5XYV5	A0A7S5RLN1	cluster_membership	cluster_membership	same_foldseek_cluster_no_direct_rep_alignment_in_m8	0	A0A6G5XYV5	8	visible												
A0A6G8MY89__cluster_membership__A0A1V0SL26	A0A6G8MY89	A0A1V0SL26	cluster_membership	cluster_membership	same_foldseek_cluster_no_direct_rep_alignment_in_m8	0	A0A6G8MY89	2	absent												
A0A6J5KGF0__cluster_membership__A0A126G993	A0A6J5KGF0	A0A126G993	cluster_membership	cluster_membership	same_foldseek_cluster_no_direct_rep_alignment_in_m8	0	A0A6J5KGF0	2	absent												
A0A6J5L7S0__direct_alignment__A0A6J5SE45	A0A6J5L7S0	A0A6J5SE45	direct_alignment	direct_alignment	alignment_present_in_m8	1	A0A6J5L7S0	2	visible	A0A6J5L7S0	A0A6J5SE45	0.391	46	21	5	30	71	53	95	6.254E-02	29
A0A6J5LH17__cluster_membership__A0A6M3YNT5	A0A6J5LH17	A0A6M3YNT5	cluster_membership	cluster_membership	same_foldseek_cluster_no_direct_rep_alignment_in_m8	0	A0A6J5LH17	2	absent												
A0A6J5MWB5__direct_alignment__A0A6J5MQY7	A0A6J5MWB5	A0A6J5MQY7	direct_alignment	direct_alignment	alignment_present_in_m8	1	A0A6J5MWB5	2	visible	A0A6J5MWB5	A0A6J5MQY7	0.364	74	32	3	35	101	175	240	5.950E+00	25
A0A6J5N5Z7__cluster_membership__A0A140F3L2	A0A6J5N5Z7	A0A140F3L2	cluster_membership	cluster_membership	same_foldseek_cluster_no_direct_rep_alignment_in_m8	0	A0A6J5N5Z7	20	absent												
A0A6J5N5Z7__cluster_membership__A0A0N9MPN4	A0A6J5N5Z7	A0A0N9MPN4	cluster_membership	cluster_membership	same_foldseek_cluster_no_direct_rep_alignment_in_m8	0	A0A6J5N5Z7	20	absent												
A0A6J5N5Z7__cluster_membership__A0A2P0VMT3	A0A6J5N5Z7	A0A2P0VMT3	cluster_membership	cluster_membership	same_foldseek_cluster_no_direct_rep_alignment_in_m8	0	A0A6J5N5Z7	20	absent												
A0A6J5N5Z7__cluster_membership__A0A8D9UJ62	A0A6J5N5Z7	A0A8D9UJ62	cluster_membership	cluster_membership	same_foldseek_cluster_no_direct_rep_alignment_in_m8	0	A0A6J5N5Z7	20	absent												
A0A6J5N5Z7__cluster_membership__A0A6J5Q062	A0A6J5N5Z7	A0A6J5Q062	cluster_membership	cluster_membership	same_foldseek_cluster_no_direct_rep_alignment_in_m8	0	A0A6J5N5Z7	20	absent												
A0A6J5N5Z7__cluster_membership__A0A5J6VJD7	A0A6J5N5Z7	A0A5J6VJD7	cluster_membership	cluster_membership	same_foldseek_cluster_no_direct_rep_alignment_in_m8	0	A0A6J5N5Z7	20	absent												
A0A6J5N5Z7__cluster_membership__A0A6J5MJ19	A0A6J5N5Z7	A0A6J5MJ19	cluster_membership	cluster_membership	same_foldseek_cluster_no_direct_rep_alignment_in_m8	0	A0A6J5N5Z7	20	absent												
A0A6J5N5Z7__cluster_membership__V5LR44	A0A6J5N5Z7	V5LR44	cluster_membership	cluster_membership	same_foldseek_cluster_no_direct_rep_alignment_in_m8	0	A0A6J5N5Z7	20	absent												
A0A6J5N5Z7__cluster_membership__A0A6J5NK11	A0A6J5N5Z7	A0A6J5NK11	cluster_membership	cluster_membership	same_foldseek_cluster_no_direct_rep_alignment_in_m8	0	A0A6J5N5Z7	20	absent												
A0A6J5N5Z7__cluster_membership__A0A5J6VJV4	A0A6J5N5Z7	A0A5J6VJV4	cluster_membership	cluster_membership	same_foldseek_cluster_no_direct_rep_alignment_in_m8	0	A0A6J5N5Z7	20	absent												
A0A6J5N5Z7__cluster_membership__A0A5J6VLN4	A0A6J5N5Z7	A0A5J6VLN4	cluster_membership	cluster_membership	same_foldseek_cluster_no_direct_rep_alignment_in_m8	0	A0A6J5N5Z7	20	absent												
A0A6J5N5Z7__cluster_membership__A0A6J5MV95	A0A6J5N5Z7	A0A6J5MV95	cluster_membership	cluster_membership	same_foldseek_cluster_no_direct_rep_alignment_in_m8	0	A0A6J5N5Z7	20	absent												
A0A6J5N5Z7__cluster_membership__A0A6J5PB76	A0A6J5N5Z7	A0A6J5PB76	cluster_membership	cluster_membership	same_foldseek_cluster_no_direct_rep_alignment_in_m8	0	A0A6J5N5Z7	20	absent												
A0A6J5N5Z7__cluster_membership__A0A6J5R1Z4	A0A6J5N5Z7	A0A6J5R1Z4	cluster_membership	cluster_membership	same_foldseek_cluster_no_direct_rep_alignment_in_m8	0	A0A6J5N5Z7	20	absent												
A0A6J5N5Z7__cluster_membership__A0A6J7X0M8	A0A6J5N5Z7	A0A6J7X0M8	cluster_membership	cluster_membership	same_foldseek_cluster_no_direct_rep_alignment_in_m8	0	A0A6J5N5Z7	20	absent												
A0A6J5N5Z7__cluster_membership__S4W0H0	A0A6J5N5Z7	S4W0H0	cluster_membership	cluster_membership	same_foldseek_cluster_no_direct_rep_alignment_in_m8	0	A0A6J5N5Z7	20	absent												
A0A6J5N5Z7__cluster_membership__A0A6J7X573	A0A6J5N5Z7	A0A6J7X573	cluster_membership	cluster_membership	same_foldseek_cluster_no_direct_rep_alignment_in_m8	0	A0A6J5N5Z7	20	absent												
A0A6J5N5Z7__cluster_membership__A0A6J5P9A3	A0A6J5N5Z7	A0A6J5P9A3	cluster_membership	cluster_membership	same_foldseek_cluster_no_direct_rep_alignment_in_m8	0	A0A6J5N5Z7	20	absent												
A0A6J5N5Z7__cluster_membership__A0A142EZR9	A0A6J5N5Z7	A0A142EZR9	cluster_membership	cluster_membership	same_foldseek_cluster_no_direct_rep_alignment_in_m8	0	A0A6J5N5Z7	20	absent												
A0A6J5PIX6__direct_alignment__A0A6J5T2V6	A0A6J5PIX6	A0A6J5T2V6	direct_alignment	direct_alignment	alignment_present_in_m8	1	A0A6J5PIX6	2	visible	A0A6J5PIX6	A0A6J5T2V6	0.326	49	11	5	137	166	407	452	8.931E+00	25
A0A6J7WNI4__cluster_membership__A0A6J7X0N6	A0A6J7WNI4	A0A6J7X0N6	cluster_membership	cluster_membership	same_foldseek_cluster_no_direct_rep_alignment_in_m8	0	A0A6J7WNI4	19	visible												
A0A6J7WNI4__cluster_membership__A0A2P1CCG6	A0A6J7WNI4	A0A2P1CCG6	cluster_membership	cluster_membership	same_foldseek_cluster_no_direct_rep_alignment_in_m8	0	A0A6J7WNI4	19	visible												
A0A6J7WNI4__cluster_membership__A0A3T0ID99	A0A6J7WNI4	A0A3T0ID99	cluster_membership	cluster_membership	same_foldseek_cluster_no_direct_rep_alignment_in_m8	0	A0A6J7WNI4	19	visible												
A0A6J7WNI4__cluster_membership__Q853Y9	A0A6J7WNI4	Q853Y9	cluster_membership	cluster_membership	same_foldseek_cluster_no_direct_rep_alignment_in_m8	0	A0A6J7WNI4	19	visible												
A0A6J7WNI4__cluster_membership__A0A481YSS2	A0A6J7WNI4	A0A481YSS2	cluster_membership	cluster_membership	same_foldseek_cluster_no_direct_rep_alignment_in_m8	0	A0A6J7WNI4	19	visible												
A0A6J7WNI4__cluster_membership__A0A3G5AGM4	A0A6J7WNI4	A0A3G5AGM4	cluster_membership	cluster_membership	same_foldseek_cluster_no_direct_rep_alignment_in_m8	0	A0A6J7WNI4	19	visible												
A0A6J7WNI4__direct_alignment__A0A7G5CHF3	A0A6J7WNI4	A0A7G5CHF3	direct_alignment	direct_alignment	alignment_present_in_m8	1	A0A6J7WNI4	19	visible	A0A6J7WNI4	A0A7G5CHF3	0.275	80	26	12	36	104	60	118	6.187E-01	26
A0A6J7WNI4__cluster_membership__S5MAQ8	A0A6J7WNI4	S5MAQ8	cluster_membership	cluster_membership	same_foldseek_cluster_no_direct_rep_alignment_in_m8	0	A0A6J7WNI4	19	visible												
A0A6J7WNI4__direct_alignment__A0A6J5M036	A0A6J7WNI4	A0A6J5M036	direct_alignment	direct_alignment	alignment_present_in_m8	1	A0A6J7WNI4	19	visible	A0A6J7WNI4	A0A6J5M036	0.340	47	18	4	46	79	54	100	1.266E-02	31
A0A6J7WNI4__cluster_membership__A0A0K0NL06	A0A6J7WNI4	A0A0K0NL06	cluster_membership	cluster_membership	same_foldseek_cluster_no_direct_rep_alignment_in_m8	0	A0A6J7WNI4	19	visible												
A0A6J7WNI4__cluster_membership__A0A1S6L1X9	A0A6J7WNI4	A0A1S6L1X9	cluster_membership	cluster_membership	same_foldseek_cluster_no_direct_rep_alignment_in_m8	0	A0A6J7WNI4	19	visible												
A0A6J7WNI4__cluster_membership__A0A2D1ADU9	A0A6J7WNI4	A0A2D1ADU9	cluster_membership	cluster_membership	same_foldseek_cluster_no_direct_rep_alignment_in_m8	0	A0A6J7WNI4	19	visible												
A0A6J7WNI4__cluster_membership__A0A2U7N2H9	A0A6J7WNI4	A0A2U7N2H9	cluster_membership	cluster_membership	same_foldseek_cluster_no_direct_rep_alignment_in_m8	0	A0A6J7WNI4	19	visible												
A0A6J7WNI4__direct_alignment__A0A2U7UAW0	A0A6J7WNI4	A0A2U7UAW0	direct_alignment	direct_alignment	alignment_present_in_m8	1	A0A6J7WNI4	19	visible	A0A6J7WNI4	A0A2U7UAW0	0.285	63	27	7	7	65	32	80	2.258E+00	24
A0A6J7WNI4__cluster_membership__A0A516LRA3	A0A6J7WNI4	A0A516LRA3	cluster_membership	cluster_membership	same_foldseek_cluster_no_direct_rep_alignment_in_m8	0	A0A6J7WNI4	19	visible												
A0A6J7WNI4__cluster_membership__A0A5K0U9I2	A0A6J7WNI4	A0A5K0U9I2	cluster_membership	cluster_membership	same_foldseek_cluster_no_direct_rep_alignment_in_m8	0	A0A6J7WNI4	19	visible												
A0A6J7WNI4__direct_alignment__D2XAL2	A0A6J7WNI4	D2XAL2	direct_alignment	direct_alignment	alignment_present_in_m8	1	A0A6J7WNI4	19	visible	A0A6J7WNI4	D2XAL2	0.322	31	11	4	41	61	144	174	5.957E+00	23
A0A6J7WNI4__cluster_membership__K4K6A9	A0A6J7WNI4	K4K6A9	cluster_membership	cluster_membership	same_foldseek_cluster_no_direct_rep_alignment_in_m8	0	A0A6J7WNI4	19	visible												
A0A6J7X3X5__cluster_membership__A0A8S5MJT0	A0A6J7X3X5	A0A8S5MJT0	cluster_membership	cluster_membership	same_foldseek_cluster_no_direct_rep_alignment_in_m8	0	A0A6J7X3X5	2	absent												
A0A6J7XAR9__direct_alignment__A0A7S5R3Z8	A0A6J7XAR9	A0A7S5R3Z8	direct_alignment	direct_alignment	alignment_present_in_m8	1	A0A6J7XAR9	2	visible	A0A6J7XAR9	A0A7S5R3Z8	0.391	23	10	1	55	77	14	32	3.154E+00	24
A0A6S4PD04__cluster_membership__A0A1D8KLK9	A0A6S4PD04	A0A1D8KLK9	cluster_membership	cluster_membership	same_foldseek_cluster_no_direct_rep_alignment_in_m8	0	A0A6S4PD04	2	absent												
A0A6S4PG60__direct_alignment__A0A6J5PS18	A0A6S4PG60	A0A6J5PS18	direct_alignment	direct_alignment	alignment_present_in_m8	1	A0A6S4PG60	2	visible	A0A6S4PG60	A0A6J5PS18	0.411	17	10	0	56	72	81	97	9.587E-01	25
A0A7G5M3N2__direct_alignment__A0A0F7LAF9	A0A7G5M3N2	A0A0F7LAF9	direct_alignment	direct_alignment	alignment_present_in_m8	1	A0A7G5M3N2	8	visible	A0A7G5M3N2	A0A0F7LAF9	0.180	72	33	5	60	116	78	138	5.739E-01	28
A0A7G5M3N2__direct_alignment__A0A0F7LB92	A0A7G5M3N2	A0A0F7LB92	direct_alignment	direct_alignment	alignment_present_in_m8	1	A0A7G5M3N2	8	visible	A0A7G5M3N2	A0A0F7LB92	0.303	33	13	2	55	79	17	47	2.046E+00	26
A0A7G5M3N2__cluster_membership__A0A6B9URG0	A0A7G5M3N2	A0A6B9URG0	cluster_membership	cluster_membership	same_foldseek_cluster_no_direct_rep_alignment_in_m8	0	A0A7G5M3N2	8	visible												
A0A7G5M3N2__direct_alignment__A0A6G8MY85	A0A7G5M3N2	A0A6G8MY85	direct_alignment	direct_alignment	alignment_present_in_m8	1	A0A7G5M3N2	8	visible	A0A7G5M3N2	A0A6G8MY85	0.232	56	21	4	11	57	1	43	1.172E-01	30
A0A7G5M3N2__cluster_membership__M1HU04	A0A7G5M3N2	M1HU04	cluster_membership	cluster_membership	same_foldseek_cluster_no_direct_rep_alignment_in_m8	0	A0A7G5M3N2	8	visible												
A0A7G5M3N2__cluster_membership__Q698X0	A0A7G5M3N2	Q698X0	cluster_membership	cluster_membership	same_foldseek_cluster_no_direct_rep_alignment_in_m8	0	A0A7G5M3N2	8	visible												
A0A7G5M3N2__cluster_membership__S5TND2	A0A7G5M3N2	S5TND2	cluster_membership	cluster_membership	same_foldseek_cluster_no_direct_rep_alignment_in_m8	0	A0A7G5M3N2	8	visible												
A0A7G7S0G2__cluster_membership__A0A0F6WE29	A0A7G7S0G2	A0A0F6WE29	cluster_membership	cluster_membership	same_foldseek_cluster_no_direct_rep_alignment_in_m8	0	A0A7G7S0G2	2	absent												
A0A7M1RVJ3__cluster_membership__A0A858NF20	A0A7M1RVJ3	A0A858NF20	cluster_membership	cluster_membership	same_foldseek_cluster_no_direct_rep_alignment_in_m8	0	A0A7M1RVJ3	3	absent												
A0A7M1RVJ3__cluster_membership__X4YXB9	A0A7M1RVJ3	X4YXB9	cluster_membership	cluster_membership	same_foldseek_cluster_no_direct_rep_alignment_in_m8	0	A0A7M1RVJ3	3	absent												
A0A7S5RBT3__cluster_membership__UPI001CE6E990	A0A7S5RBT3	UPI001CE6E990	cluster_membership	cluster_membership	same_foldseek_cluster_no_direct_rep_alignment_in_m8	0	A0A7S5RBT3	2	absent												
A0A7S5VJ45__cluster_membership__A0A7G3PHN4	A0A7S5VJ45	A0A7G3PHN4	cluster_membership	cluster_membership	same_foldseek_cluster_no_direct_rep_alignment_in_m8	0	A0A7S5VJ45	2	absent												
A0A7U0G8P3__cluster_membership__A0A077KVN0	A0A7U0G8P3	A0A077KVN0	cluster_membership	cluster_membership	same_foldseek_cluster_no_direct_rep_alignment_in_m8	0	A0A7U0G8P3	18	visible												
A0A7U0G8P3__cluster_membership__A0A0F7L270	A0A7U0G8P3	A0A0F7L270	cluster_membership	cluster_membership	same_foldseek_cluster_no_direct_rep_alignment_in_m8	0	A0A7U0G8P3	18	visible												
A0A7U0G8P3__cluster_membership__A0A0F7L854	A0A7U0G8P3	A0A0F7L854	cluster_membership	cluster_membership	same_foldseek_cluster_no_direct_rep_alignment_in_m8	0	A0A7U0G8P3	18	visible												
A0A7U0G8P3__cluster_membership__A0A0F7LAE4	A0A7U0G8P3	A0A0F7LAE4	cluster_membership	cluster_membership	same_foldseek_cluster_no_direct_rep_alignment_in_m8	0	A0A7U0G8P3	18	visible												
A0A7U0G8P3__cluster_membership__A0A0F7LAJ1	A0A7U0G8P3	A0A0F7LAJ1	cluster_membership	cluster_membership	same_foldseek_cluster_no_direct_rep_alignment_in_m8	0	A0A7U0G8P3	18	visible												
A0A7U0G8P3__cluster_membership__A0A1L3KFT0	A0A7U0G8P3	A0A1L3KFT0	cluster_membership	cluster_membership	same_foldseek_cluster_no_direct_rep_alignment_in_m8	0	A0A7U0G8P3	18	visible												
A0A7U0G8P3__direct_alignment__A0A1X9T538	A0A7U0G8P3	A0A1X9T538	direct_alignment	direct_alignment	alignment_present_in_m8	1	A0A7U0G8P3	18	visible	A0A7U0G8P3	A0A1X9T538	0.224	49	21	4	5	49	220	255	2.467E-02	32
A0A7U0G8P3__direct_alignment__A0A481YV41	A0A7U0G8P3	A0A481YV41	direct_alignment	direct_alignment	alignment_present_in_m8	1	A0A7U0G8P3	18	visible	A0A7U0G8P3	A0A481YV41	0.254	51	27	6	4	50	376	419	4.330E-01	28
A0A7U0G8P3__cluster_membership__A0A481YYP2	A0A7U0G8P3	A0A481YYP2	cluster_membership	cluster_membership	same_foldseek_cluster_no_direct_rep_alignment_in_m8	0	A0A7U0G8P3	18	visible												
A0A7U0G8P3__cluster_membership__A0A481Z6L8	A0A7U0G8P3	A0A481Z6L8	cluster_membership	cluster_membership	same_foldseek_cluster_no_direct_rep_alignment_in_m8	0	A0A7U0G8P3	18	visible												
A0A7U0G8P3__direct_alignment__A0A5Q2W648	A0A7U0G8P3	A0A5Q2W648	direct_alignment	direct_alignment	alignment_present_in_m8	1	A0A7U0G8P3	18	visible	A0A7U0G8P3	A0A5Q2W648	0.240	75	24	10	2	65	21	73	6.412E-02	31
A0A7U0G8P3__direct_alignment__A0A6J5SUE6	A0A7U0G8P3	A0A6J5SUE6	direct_alignment	direct_alignment	alignment_present_in_m8	1	A0A7U0G8P3	18	visible	A0A7U0G8P3	A0A6J5SUE6	0.319	47	17	6	4	49	47	79	2.291E-01	29
A0A7U0G8P3__cluster_membership__A0A7M3UNK7	A0A7U0G8P3	A0A7M3UNK7	cluster_membership	cluster_membership	same_foldseek_cluster_no_direct_rep_alignment_in_m8	0	A0A7U0G8P3	18	visible												
A0A7U0G8P3__cluster_membership__A0A811BLR8	A0A7U0G8P3	A0A811BLR8	cluster_membership	cluster_membership	same_foldseek_cluster_no_direct_rep_alignment_in_m8	0	A0A7U0G8P3	18	visible												
A0A7U0G8P3__cluster_membership__F1AWY4	A0A7U0G8P3	F1AWY4	cluster_membership	cluster_membership	same_foldseek_cluster_no_direct_rep_alignment_in_m8	0	A0A7U0G8P3	18	visible												
A0A7U0G8P3__direct_alignment__Q8BEN0	A0A7U0G8P3	Q8BEN0	direct_alignment	direct_alignment	alignment_present_in_m8	1	A0A7U0G8P3	18	visible	A0A7U0G8P3	Q8BEN0	0.238	21	12	2	10	26	201	221	2.127E+00	26
A0A7U0G8P3__direct_alignment__A0A5J6VKB8	A0A7U0G8P3	A0A5J6VKB8	direct_alignment	direct_alignment	alignment_present_in_m8	1	A0A7U0G8P3	18	visible	A0A7U0G8P3	A0A5J6VKB8	0.258	31	12	3	12	42	27	46	2.924E+00	25
A0A811A9Y5__direct_alignment__A0A076FG56	A0A811A9Y5	A0A076FG56	direct_alignment	direct_alignment	alignment_present_in_m8	1	A0A811A9Y5	2	visible	A0A811A9Y5	A0A076FG56	0.279	68	18	8	22	82	7	50	9.456E+00	22
A0A894YVT4__cluster_membership__A0A346G3N5	A0A894YVT4	A0A346G3N5	cluster_membership	cluster_membership	same_foldseek_cluster_no_direct_rep_alignment_in_m8	0	A0A894YVT4	2	absent												
A0A8A1VF65__cluster_membership__A0A899INP2	A0A8A1VF65	A0A899INP2	cluster_membership	cluster_membership	same_foldseek_cluster_no_direct_rep_alignment_in_m8	0	A0A8A1VF65	2	absent												
A0A8F4MX76__cluster_membership__A0A1L3KKA4	A0A8F4MX76	A0A1L3KKA4	cluster_membership	cluster_membership	same_foldseek_cluster_no_direct_rep_alignment_in_m8	0	A0A8F4MX76	5	absent												
A0A8F4MX76__cluster_membership__A0A2H4H0P6	A0A8F4MX76	A0A2H4H0P6	cluster_membership	cluster_membership	same_foldseek_cluster_no_direct_rep_alignment_in_m8	0	A0A8F4MX76	5	absent												
A0A8F4MX76__cluster_membership__A0A7D7F436	A0A8F4MX76	A0A7D7F436	cluster_membership	cluster_membership	same_foldseek_cluster_no_direct_rep_alignment_in_m8	0	A0A8F4MX76	5	absent												
A0A8F4MX76__cluster_membership__A0A8S5L6V2	A0A8F4MX76	A0A8S5L6V2	cluster_membership	cluster_membership	same_foldseek_cluster_no_direct_rep_alignment_in_m8	0	A0A8F4MX76	5	absent												
A0A8F8KTN6__direct_alignment__A0A1W5PTL6	A0A8F8KTN6	A0A1W5PTL6	direct_alignment	direct_alignment	alignment_present_in_m8	1	A0A8F8KTN6	4	visible	A0A8F8KTN6	A0A1W5PTL6	0.294	51	25	7	403	445	45	92	2.295E+00	26
A0A8F8KTN6__direct_alignment__A7KA16	A0A8F8KTN6	A7KA16	direct_alignment	direct_alignment	alignment_present_in_m8	1	A0A8F8KTN6	4	visible	A0A8F8KTN6	A7KA16	0.323	34	16	3	32	63	6	34	2.485E-01	30
A0A8F8KTN6__cluster_membership__X2IXA2	A0A8F8KTN6	X2IXA2	cluster_membership	cluster_membership	same_foldseek_cluster_no_direct_rep_alignment_in_m8	0	A0A8F8KTN6	4	visible												
A0A8J9R3F2__direct_alignment__A0A3S8NFJ2	A0A8J9R3F2	A0A3S8NFJ2	direct_alignment	direct_alignment	alignment_present_in_m8	1	A0A8J9R3F2	2	visible	A0A8J9R3F2	A0A3S8NFJ2	0.555	9	4	0	228	236	231	239	1.206E+00	26
A0A8S5M340__cluster_membership__A0A3G2YTA0	A0A8S5M340	A0A3G2YTA0	cluster_membership	cluster_membership	same_foldseek_cluster_no_direct_rep_alignment_in_m8	0	A0A8S5M340	3	absent												
A0A8S5M340__cluster_membership__A0A516MHL8	A0A8S5M340	A0A516MHL8	cluster_membership	cluster_membership	same_foldseek_cluster_no_direct_rep_alignment_in_m8	0	A0A8S5M340	3	absent												
A0A8S5Q8R1__cluster_membership__A0A5Q2UAX2	A0A8S5Q8R1	A0A5Q2UAX2	cluster_membership	cluster_membership	same_foldseek_cluster_no_direct_rep_alignment_in_m8	0	A0A8S5Q8R1	2	absent												
A0A8S5RPZ6__direct_alignment__A0A2P1JU25	A0A8S5RPZ6	A0A2P1JU25	direct_alignment	direct_alignment	alignment_present_in_m8	1	A0A8S5RPZ6	3	visible	A0A8S5RPZ6	A0A2P1JU25	0.321	28	12	2	108	131	67	91	8.293E-01	27
A0A8S5RPZ6__cluster_membership__A0A5Q0V0I2	A0A8S5RPZ6	A0A5Q0V0I2	cluster_membership	cluster_membership	same_foldseek_cluster_no_direct_rep_alignment_in_m8	0	A0A8S5RPZ6	3	visible												
A0A8S5SQS6__cluster_membership__A0A0B5IX01	A0A8S5SQS6	A0A0B5IX01	cluster_membership	cluster_membership	same_foldseek_cluster_no_direct_rep_alignment_in_m8	0	A0A8S5SQS6	2	absent												
A0A8S5UM23__cluster_membership__A0A874UJM5	A0A8S5UM23	A0A874UJM5	cluster_membership	cluster_membership	same_foldseek_cluster_no_direct_rep_alignment_in_m8	0	A0A8S5UM23	2	absent												
A0A8S5UZI2__cluster_membership__A0A481Z5Z0	A0A8S5UZI2	A0A481Z5Z0	cluster_membership	cluster_membership	same_foldseek_cluster_no_direct_rep_alignment_in_m8	0	A0A8S5UZI2	2	absent												
A0A9E7TEM4__direct_alignment__A0A076G709	A0A9E7TEM4	A0A076G709	direct_alignment	direct_alignment	alignment_present_in_m8	1	A0A9E7TEM4	2	visible	A0A9E7TEM4	A0A076G709	0.276	105	36	11	78	165	111	192	2.068E-02	31
A2PZW9__direct_alignment__A2PZW3	A2PZW9	A2PZW3	direct_alignment	direct_alignment	alignment_present_in_m8	1	A2PZW9	2	visible	A2PZW9	A2PZW3	0.306	98	32	13	16	101	42	115	2.137E-04	37
A3QMI3__cluster_membership__A0A7L7YSE3	A3QMI3	A0A7L7YSE3	cluster_membership	cluster_membership	same_foldseek_cluster_no_direct_rep_alignment_in_m8	0	A3QMI3	2	absent												
A7ITT2__cluster_membership__A0A7L8ZER3	A7ITT2	A0A7L8ZER3	cluster_membership	cluster_membership	same_foldseek_cluster_no_direct_rep_alignment_in_m8	0	A7ITT2	2	absent												
B3VM64__cluster_membership__A0A4D6T664	B3VM64	A0A4D6T664	cluster_membership	cluster_membership	same_foldseek_cluster_no_direct_rep_alignment_in_m8	0	B3VM64	2	absent												
F8WPT3__direct_alignment__M1PCD6	F8WPT3	M1PCD6	direct_alignment	direct_alignment	alignment_present_in_m8	1	F8WPT3	2	visible	F8WPT3	M1PCD6	0.235	34	19	3	124	153	85	115	8.764E+00	23
G4YAB4__cluster_membership__A0A6J5LBF2	G4YAB4	A0A6J5LBF2	cluster_membership	cluster_membership	same_foldseek_cluster_no_direct_rep_alignment_in_m8	0	G4YAB4	2	absent												
G8DG05__cluster_membership__A0A481ZFQ2	G8DG05	A0A481ZFQ2	cluster_membership	cluster_membership	same_foldseek_cluster_no_direct_rep_alignment_in_m8	0	G8DG05	2	absent												
G8DGQ1__cluster_membership__Q9WIA8	G8DGQ1	Q9WIA8	cluster_membership	cluster_membership	same_foldseek_cluster_no_direct_rep_alignment_in_m8	0	G8DGQ1	2	absent												
H2ED42__direct_alignment__A0A167R472	H2ED42	A0A167R472	direct_alignment	direct_alignment	alignment_present_in_m8	1	H2ED42	2	visible	H2ED42	A0A167R472	0.396	351	103	33	11	298	78	382	3.607E-33	133
H6SU46__direct_alignment__A0A1D8EXD3	H6SU46	A0A1D8EXD3	direct_alignment	direct_alignment	alignment_present_in_m8	1	H6SU46	3	visible	H6SU46	A0A1D8EXD3	0.449	89	19	12	1	75	67	139	1.089E-09	55
H6SU46__direct_alignment__A0A410T726	H6SU46	A0A410T726	direct_alignment	direct_alignment	alignment_present_in_m8	1	H6SU46	3	visible	H6SU46	A0A410T726	0.981	166	3	0	1	166	90	255	1.581E-169	529
H7BW97__cluster_membership__Q5YFP3	H7BW97	Q5YFP3	cluster_membership	cluster_membership	same_foldseek_cluster_no_direct_rep_alignment_in_m8	0	H7BW97	2	absent												
H9NC57__direct_alignment__A0A481YVA3	H9NC57	A0A481YVA3	direct_alignment	direct_alignment	alignment_present_in_m8	1	H9NC57	13	visible	H9NC57	A0A481YVA3	0.387	31	11	4	286	314	128	152	3.431E+00	25
H9NC57__direct_alignment__A0A6J4EH88	H9NC57	A0A6J4EH88	direct_alignment	direct_alignment	alignment_present_in_m8	1	H9NC57	13	visible	H9NC57	A0A6J4EH88	0.242	107	37	12	113	203	188	266	6.998E-01	28
H9NC57__cluster_membership__A0A7G8LRG4	H9NC57	A0A7G8LRG4	cluster_membership	cluster_membership	same_foldseek_cluster_no_direct_rep_alignment_in_m8	0	H9NC57	13	visible												
H9NC57__direct_alignment__A0A6G6XP65	H9NC57	A0A6G6XP65	direct_alignment	direct_alignment	alignment_present_in_m8	1	H9NC57	13	visible	H9NC57	A0A6G6XP65	0.341	41	19	2	249	283	212	250	3.705E-01	29
H9NC57__direct_alignment__A0A6J5NA62	H9NC57	A0A6J5NA62	direct_alignment	direct_alignment	alignment_present_in_m8	1	H9NC57	13	visible	H9NC57	A0A6J5NA62	0.200	30	22	1	67	96	303	330	5.092E-01	28
H9NC57__direct_alignment__Q25BG4	H9NC57	Q25BG4	direct_alignment	direct_alignment	alignment_present_in_m8	1	H9NC57	13	visible	H9NC57	Q25BG4	0.265	49	20	3	7	55	56	88	2.696E-01	29
H9NC57__cluster_membership__A0A6J7WYH3	H9NC57	A0A6J7WYH3	cluster_membership	cluster_membership	same_foldseek_cluster_no_direct_rep_alignment_in_m8	0	H9NC57	13	visible												
H9NC57__direct_alignment__A0A6J5SUQ0	H9NC57	A0A6J5SUQ0	direct_alignment	direct_alignment	alignment_present_in_m8	1	H9NC57	13	visible	H9NC57	A0A6J5SUQ0	0.203	304	108	34	118	368	39	261	5.498E-02	31
H9NC57__cluster_membership__M4QQE8	H9NC57	M4QQE8	cluster_membership	cluster_membership	same_foldseek_cluster_no_direct_rep_alignment_in_m8	0	H9NC57	13	visible												
H9NC57__direct_alignment__Q684B1	H9NC57	Q684B1	direct_alignment	direct_alignment	alignment_present_in_m8	1	H9NC57	13	visible	H9NC57	Q684B1	0.363	33	12	4	128	151	269	301	1.322E+00	27
H9NC57__direct_alignment__A0A5J6VL16	H9NC57	A0A5J6VL16	direct_alignment	direct_alignment	alignment_present_in_m8	1	H9NC57	13	visible	H9NC57	A0A5J6VL16	0.229	205	45	23	117	306	232	338	5.498E-02	31
H9NC57__direct_alignment__A0A7S9XE01	H9NC57	A0A7S9XE01	direct_alignment	direct_alignment	alignment_present_in_m8	1	H9NC57	13	visible	H9NC57	A0A7S9XE01	0.225	191	46	20	147	323	259	361	3.142E-03	35
J9PTY6__cluster_membership__A0A8S5QRQ9	J9PTY6	A0A8S5QRQ9	cluster_membership	cluster_membership	same_foldseek_cluster_no_direct_rep_alignment_in_m8	0	J9PTY6	22	visible												
J9PTY6__cluster_membership__A0A481Z905	J9PTY6	A0A481Z905	cluster_membership	cluster_membership	same_foldseek_cluster_no_direct_rep_alignment_in_m8	0	J9PTY6	22	visible												
J9PTY6__direct_alignment__A0A1B4XWL9	J9PTY6	A0A1B4XWL9	direct_alignment	direct_alignment	alignment_present_in_m8	1	J9PTY6	22	visible	J9PTY6	A0A1B4XWL9	0.224	58	20	6	39	78	176	226	5.646E-01	26
J9PTY6__direct_alignment__G3GNW4	J9PTY6	G3GNW4	direct_alignment	direct_alignment	alignment_present_in_m8	1	J9PTY6	22	visible	J9PTY6	G3GNW4	0.400	15	9	0	64	78	85	99	1.484E+00	25
J9PTY6__cluster_membership__A0A6J5KWC0	J9PTY6	A0A6J5KWC0	cluster_membership	cluster_membership	same_foldseek_cluster_no_direct_rep_alignment_in_m8	0	J9PTY6	22	visible												
J9PTY6__direct_alignment__A0A6J5KKL6	J9PTY6	A0A6J5KKL6	direct_alignment	direct_alignment	alignment_present_in_m8	1	J9PTY6	22	visible	J9PTY6	A0A6J5KKL6	0.206	63	33	4	52	101	76	134	1.127E-01	29
J9PTY6__cluster_membership__A0A6J5Q8P0	J9PTY6	A0A6J5Q8P0	cluster_membership	cluster_membership	same_foldseek_cluster_no_direct_rep_alignment_in_m8	0	J9PTY6	22	visible												
J9PTY6__direct_alignment__A0A6J5SVC1	J9PTY6	A0A6J5SVC1	direct_alignment	direct_alignment	alignment_present_in_m8	1	J9PTY6	22	visible	J9PTY6	A0A6J5SVC1	0.243	82	24	9	31	84	576	647	5.646E-01	26
J9PTY6__cluster_membership__H2EAH0	J9PTY6	H2EAH0	cluster_membership	cluster_membership	same_foldseek_cluster_no_direct_rep_alignment_in_m8	0	J9PTY6	22	visible												
J9PTY6__cluster_membership__A0A7M3UP55	J9PTY6	A0A7M3UP55	cluster_membership	cluster_membership	same_foldseek_cluster_no_direct_rep_alignment_in_m8	0	J9PTY6	22	visible												
J9PTY6__cluster_membership__A0A5J6VKD7	J9PTY6	A0A5J6VKD7	cluster_membership	cluster_membership	same_foldseek_cluster_no_direct_rep_alignment_in_m8	0	J9PTY6	22	visible												
J9PTY6__direct_alignment__A0A5K0UAS6	J9PTY6	A0A5K0UAS6	direct_alignment	direct_alignment	alignment_present_in_m8	1	J9PTY6	22	visible	J9PTY6	A0A5K0UAS6	0.361	47	12	7	56	99	194	225	5.914E-02	30
J9PTY6__direct_alignment__A0A7D3QUW6	J9PTY6	A0A7D3QUW6	direct_alignment	direct_alignment	alignment_present_in_m8	1	J9PTY6	22	visible	J9PTY6	A0A7D3QUW6	0.354	31	16	1	56	86	424	450	2.964E-01	27
J9PTY6__cluster_membership__A0A1V0SI72	J9PTY6	A0A1V0SI72	cluster_membership	cluster_membership	same_foldseek_cluster_no_direct_rep_alignment_in_m8	0	J9PTY6	22	visible												
J9PTY6__direct_alignment__A0A3G5A1G0	J9PTY6	A0A3G5A1G0	direct_alignment	direct_alignment	alignment_present_in_m8	1	J9PTY6	22	visible	J9PTY6	A0A3G5A1G0	0.325	43	10	3	52	79	270	308	2.964E-01	27
J9PTY6__direct_alignment__A0A7D3QV03	J9PTY6	A0A7D3QV03	direct_alignment	direct_alignment	alignment_present_in_m8	1	J9PTY6	22	visible	J9PTY6	A0A7D3QV03	0.266	45	20	5	49	88	294	330	1.484E+00	25
J9PTY6__direct_alignment__A0A3G5ADR3	J9PTY6	A0A3G5ADR3	direct_alignment	direct_alignment	alignment_present_in_m8	1	J9PTY6	22	visible	J9PTY6	A0A3G5ADR3	0.370	27	11	3	75	101	331	351	3.900E+00	24
J9PTY6__direct_alignment__A0A6G8MY73	J9PTY6	A0A6G8MY73	direct_alignment	direct_alignment	alignment_present_in_m8	1	J9PTY6	22	visible	J9PTY6	A0A6G8MY73	0.265	49	18	5	69	100	3	50	1.179E-02	32
J9PTY6__cluster_membership__A0A7D3QV11	J9PTY6	A0A7D3QV11	cluster_membership	cluster_membership	same_foldseek_cluster_no_direct_rep_alignment_in_m8	0	J9PTY6	22	visible												
J9PTY6__direct_alignment__A0A7D3UV43	J9PTY6	A0A7D3UV43	direct_alignment	direct_alignment	alignment_present_in_m8	1	J9PTY6	22	visible	J9PTY6	A0A7D3UV43	0.304	46	21	5	42	80	205	246	1.127E-01	29
J9PTY6__direct_alignment__A0A7D3QU55	J9PTY6	A0A7D3QU55	direct_alignment	direct_alignment	alignment_present_in_m8	1	J9PTY6	22	visible	J9PTY6	A0A7D3QU55	0.285	28	12	2	48	75	80	99	7.793E-01	26
J9QGR4__cluster_membership__A0A1V0SBI6	J9QGR4	A0A1V0SBI6	cluster_membership	cluster_membership	same_foldseek_cluster_no_direct_rep_alignment_in_m8	0	J9QGR4	3	visible												
J9QGR4__direct_alignment__UPI00155E547E	J9QGR4	UPI00155E547E	direct_alignment	direct_alignment	alignment_present_in_m8	1	J9QGR4	3	visible	J9QGR4	UPI00155E547E	0.676	34	7	3	47	78	77	108	2.332E-04	36
K4IBL1__cluster_membership__A0A8F5MEF3	K4IBL1	A0A8F5MEF3	cluster_membership	cluster_membership	same_foldseek_cluster_no_direct_rep_alignment_in_m8	0	K4IBL1	2	absent												
K4RM63__cluster_membership__A0A1V0SL28	K4RM63	A0A1V0SL28	cluster_membership	cluster_membership	same_foldseek_cluster_no_direct_rep_alignment_in_m8	0	K4RM63	4	absent												
K4RM63__cluster_membership__A0A6J5RM85	K4RM63	A0A6J5RM85	cluster_membership	cluster_membership	same_foldseek_cluster_no_direct_rep_alignment_in_m8	0	K4RM63	4	absent												
K4RM63__cluster_membership__A0A6J7WW18	K4RM63	A0A6J7WW18	cluster_membership	cluster_membership	same_foldseek_cluster_no_direct_rep_alignment_in_m8	0	K4RM63	4	absent												
O90834__cluster_membership__A0A8S5S0J4	O90834	A0A8S5S0J4	cluster_membership	cluster_membership	same_foldseek_cluster_no_direct_rep_alignment_in_m8	0	O90834	2	absent												
Q197D5__cluster_membership__A0A068QKS2	Q197D5	A0A068QKS2	cluster_membership	cluster_membership	same_foldseek_cluster_no_direct_rep_alignment_in_m8	0	Q197D5	3	visible												
Q197D5__direct_alignment__W8W2T2	Q197D5	W8W2T2	direct_alignment	direct_alignment	alignment_present_in_m8	1	Q197D5	3	visible	Q197D5	W8W2T2	0.414	70	34	4	54	119	55	121	1.916E-05	41
Q19Y27__cluster_membership__A0A0H3U4T2	Q19Y27	A0A0H3U4T2	cluster_membership	cluster_membership	same_foldseek_cluster_no_direct_rep_alignment_in_m8	0	Q19Y27	2	absent												
Q91BC9__direct_alignment__A0A0F7L8V0	Q91BC9	A0A0F7L8V0	direct_alignment	direct_alignment	alignment_present_in_m8	1	Q91BC9	16	visible	Q91BC9	A0A0F7L8V0	0.192	192	68	18	113	234	68	242	3.266E-02	32
Q91BC9__direct_alignment__A0A3G4ZUJ3	Q91BC9	A0A3G4ZUJ3	direct_alignment	direct_alignment	alignment_present_in_m8	1	Q91BC9	16	visible	Q91BC9	A0A3G4ZUJ3	0.241	116	33	13	196	289	381	463	1.167E-01	30
Q91BC9__direct_alignment__A0A1V0SAX2	Q91BC9	A0A1V0SAX2	direct_alignment	direct_alignment	alignment_present_in_m8	1	Q91BC9	16	visible	Q91BC9	A0A1V0SAX2	0.231	207	66	30	162	316	569	734	6.175E-02	31
Q91BC9__direct_alignment__A0A1V0SHS3	Q91BC9	A0A1V0SHS3	direct_alignment	direct_alignment	alignment_present_in_m8	1	Q91BC9	16	visible	Q91BC9	A0A1V0SHS3	0.333	27	17	1	164	189	250	276	2.207E-01	29
Q91BC9__direct_alignment__A0A2L2DIJ7	Q91BC9	A0A2L2DIJ7	direct_alignment	direct_alignment	alignment_present_in_m8	1	Q91BC9	16	visible	Q91BC9	A0A2L2DIJ7	0.194	67	26	9	182	228	22	80	5.327E+00	25
Q91BC9__direct_alignment__A0A3G4ZZZ1	Q91BC9	A0A3G4ZZZ1	direct_alignment	direct_alignment	alignment_present_in_m8	1	Q91BC9	16	visible	Q91BC9	A0A3G4ZZZ1	0.259	104	28	12	146	221	295	377	1.491E+00	26
Q91BC9__direct_alignment__A0A3G5A0J0	Q91BC9	A0A3G5A0J0	direct_alignment	direct_alignment	alignment_present_in_m8	1	Q91BC9	16	visible	Q91BC9	A0A3G5A0J0	0.204	93	36	10	81	147	174	254	1.167E-01	30
Q91BC9__direct_alignment__A0A3G5A1H6	Q91BC9	A0A3G5A1H6	direct_alignment	direct_alignment	alignment_present_in_m8	1	Q91BC9	16	visible	Q91BC9	A0A3G5A1H6	0.437	16	8	1	299	313	114	129	5.327E+00	25
Q91BC9__direct_alignment__A0A481Z4X6	Q91BC9	A0A481Z4X6	direct_alignment	direct_alignment	alignment_present_in_m8	1	Q91BC9	16	visible	Q91BC9	A0A481Z4X6	0.198	126	37	14	164	237	97	210	1.256E-02	33
Q91BC9__cluster_membership__A0A7G9U8P5	Q91BC9	A0A7G9U8P5	cluster_membership	cluster_membership	same_foldseek_cluster_no_direct_rep_alignment_in_m8	0	Q91BC9	16	visible												
Q91BC9__direct_alignment__A0A8F8X6J1	Q91BC9	A0A8F8X6J1	direct_alignment	direct_alignment	alignment_present_in_m8	1	Q91BC9	16	visible	Q91BC9	A0A8F8X6J1	0.208	168	58	18	101	229	5	136	7.887E-01	27
Q91BC9__cluster_membership__H2EF34	Q91BC9	H2EF34	cluster_membership	cluster_membership	same_foldseek_cluster_no_direct_rep_alignment_in_m8	0	Q91BC9	16	visible												
Q91BC9__cluster_membership__Q83084	Q91BC9	Q83084	cluster_membership	cluster_membership	same_foldseek_cluster_no_direct_rep_alignment_in_m8	0	Q91BC9	16	visible												
Q91BC9__cluster_membership__A0A6J5NWR7	Q91BC9	A0A6J5NWR7	cluster_membership	cluster_membership	same_foldseek_cluster_no_direct_rep_alignment_in_m8	0	Q91BC9	16	visible												
Q91BC9__cluster_membership__A0A7S5RJH0	Q91BC9	A0A7S5RJH0	cluster_membership	cluster_membership	same_foldseek_cluster_no_direct_rep_alignment_in_m8	0	Q91BC9	16	visible												
Q94MU6__cluster_membership__A0A075DXC8	Q94MU6	A0A075DXC8	cluster_membership	cluster_membership	same_foldseek_cluster_no_direct_rep_alignment_in_m8	0	Q94MU6	3	absent												
Q94MU6__cluster_membership__A0A0D3MT87	Q94MU6	A0A0D3MT87	cluster_membership	cluster_membership	same_foldseek_cluster_no_direct_rep_alignment_in_m8	0	Q94MU6	3	absent												
R9TQH4__cluster_membership__A0A0A0Q0P5	R9TQH4	A0A0A0Q0P5	cluster_membership	cluster_membership	same_foldseek_cluster_no_direct_rep_alignment_in_m8	0	R9TQH4	11	visible												
R9TQH4__direct_alignment__A0A0C5ANA3	R9TQH4	A0A0C5ANA3	direct_alignment	direct_alignment	alignment_present_in_m8	1	R9TQH4	11	visible	R9TQH4	A0A0C5ANA3	0.302	76	27	10	253	306	137	208	3.411E+00	26
R9TQH4__cluster_membership__A0A0G2TPE0	R9TQH4	A0A0G2TPE0	cluster_membership	cluster_membership	same_foldseek_cluster_no_direct_rep_alignment_in_m8	0	R9TQH4	11	visible												
R9TQH4__cluster_membership__A0A1C9EHK7	R9TQH4	A0A1C9EHK7	cluster_membership	cluster_membership	same_foldseek_cluster_no_direct_rep_alignment_in_m8	0	R9TQH4	11	visible												
R9TQH4__cluster_membership__A0A2I6SCN7	R9TQH4	A0A2I6SCN7	cluster_membership	cluster_membership	same_foldseek_cluster_no_direct_rep_alignment_in_m8	0	R9TQH4	11	visible												
R9TQH4__cluster_membership__A0A345MVI9	R9TQH4	A0A345MVI9	cluster_membership	cluster_membership	same_foldseek_cluster_no_direct_rep_alignment_in_m8	0	R9TQH4	11	visible												
R9TQH4__cluster_membership__A0A3G1EV89	R9TQH4	A0A3G1EV89	cluster_membership	cluster_membership	same_foldseek_cluster_no_direct_rep_alignment_in_m8	0	R9TQH4	11	visible												
R9TQH4__cluster_membership__A0A7G9V4L5	R9TQH4	A0A7G9V4L5	cluster_membership	cluster_membership	same_foldseek_cluster_no_direct_rep_alignment_in_m8	0	R9TQH4	11	visible												
R9TQH4__direct_alignment__A0A875J7D7	R9TQH4	A0A875J7D7	direct_alignment	direct_alignment	alignment_present_in_m8	1	R9TQH4	11	visible	R9TQH4	A0A875J7D7	0.244	45	16	4	101	144	76	103	9.582E-01	28
R9TQH4__cluster_membership__A0A8S5TCF2	R9TQH4	A0A8S5TCF2	cluster_membership	cluster_membership	same_foldseek_cluster_no_direct_rep_alignment_in_m8	0	R9TQH4	11	visible												
S4VP33__cluster_membership__A0A0B5J640	S4VP33	A0A0B5J640	cluster_membership	cluster_membership	same_foldseek_cluster_no_direct_rep_alignment_in_m8	0	S4VP33	4	absent												
S4VP33__cluster_membership__F2Y1Y0	S4VP33	F2Y1Y0	cluster_membership	cluster_membership	same_foldseek_cluster_no_direct_rep_alignment_in_m8	0	S4VP33	4	absent												
S4VP33__cluster_membership__G9I055	S4VP33	G9I055	cluster_membership	cluster_membership	same_foldseek_cluster_no_direct_rep_alignment_in_m8	0	S4VP33	4	absent												
S5VMA1__cluster_membership__A0A0U2UI09	S5VMA1	A0A0U2UI09	cluster_membership	cluster_membership	same_foldseek_cluster_no_direct_rep_alignment_in_m8	0	S5VMA1	2	absent												
T2C5F8__direct_alignment__A0A6N1NID7	T2C5F8	A0A6N1NID7	direct_alignment	direct_alignment	alignment_present_in_m8	1	T2C5F8	3	visible	T2C5F8	A0A6N1NID7	0.375	40	13	3	5	41	7	37	7.351E-04	35
T2C5F8__direct_alignment__A0A8S0HZW2	T2C5F8	A0A8S0HZW2	direct_alignment	direct_alignment	alignment_present_in_m8	1	T2C5F8	3	visible	T2C5F8	A0A8S0HZW2	0.727	11	3	0	5	15	4	14	1.442E+00	24
U5NIS9__direct_alignment__A0A7D3V5V9	U5NIS9	A0A7D3V5V9	direct_alignment	direct_alignment	alignment_present_in_m8	1	U5NIS9	4	visible	U5NIS9	A0A7D3V5V9	0.204	249	91	26	43	227	687	892	1.313E+00	27
U5NIS9__cluster_membership__A0A8S5SPW7	U5NIS9	A0A8S5SPW7	cluster_membership	cluster_membership	same_foldseek_cluster_no_direct_rep_alignment_in_m8	0	U5NIS9	4	visible												
U5NIS9__cluster_membership__Q5UQV9	U5NIS9	Q5UQV9	cluster_membership	cluster_membership	same_foldseek_cluster_no_direct_rep_alignment_in_m8	0	U5NIS9	4	visible												
UPI000009AE93__cluster_membership__A0A4D6BMK1	UPI000009AE93	A0A4D6BMK1	cluster_membership	cluster_membership	same_foldseek_cluster_no_direct_rep_alignment_in_m8	0	UPI000009AE93	3	absent												
UPI000009AE93__cluster_membership__A0A6J5L6K4	UPI000009AE93	A0A6J5L6K4	cluster_membership	cluster_membership	same_foldseek_cluster_no_direct_rep_alignment_in_m8	0	UPI000009AE93	3	absent												
X5L4P3__cluster_membership__A0A3G4ZSX2	X5L4P3	A0A3G4ZSX2	cluster_membership	cluster_membership	same_foldseek_cluster_no_direct_rep_alignment_in_m8	0	X5L4P3	2	absent												
