base_BGC	label	core_gene_count	noncore_position_count	A_mean_pairwise_cosine	A_median_pairwise_cosine	A_min_pairwise_cosine	A_std_pairwise_cosine	A_mean_centroid_cosine_distance	A_max_centroid_cosine_distance	B_mean_pairwise_cosine	B_median_pairwise_cosine	B_min_pairwise_cosine	B_std_pairwise_cosine	B_mean_centroid_cosine_distance	B_max_centroid_cosine_distance	N_mean_pairwise_cosine	N_median_pairwise_cosine	N_min_pairwise_cosine	N_std_pairwise_cosine	N_mean_centroid_cosine_distance	N_max_centroid_cosine_distance
BGC0000001	Polyketide	28	100	0.9935749726617249	0.99519759087715076	0.98612627255333041	0.0034829339624602097	0.0025733783093794039	0.0042908812386508455	0.96230217072219892	0.9610839694470068	0.9204909611620492	0.024133248092971328	0.015273948836468709	0.032689275756749403	0.99491640505691092	0.99598929624122534	0.99146908563210723	0.0021090188193870307	0.0020357946650620962	0.0035089983145706327
BGC0000002	Polyketide	34	94	0.94857083161600264	0.95400008669333947	0.85533676280848647	0.036530009895843069	0.020797122273984604	0.040218583361665172	0.9442981998892529	0.95761961085196945	0.86417103887102298	0.038117587859711373	0.022574134709555049	0.044708544241640502	0.94570086583153901	0.94869545981996772	0.85070980022260467	0.039011337871227403	0.021964463602997752	0.0460828902303968
BGC0000003	Polyketide	6	122	0.98320618591552189	0.98391889132567045	0.97298333258239489	0.0084296306597462008	0.0067421268443963456	0.010645293379520027	0.94203969315040958	0.97177602637854132	0.82610471367766447	0.057774448239434228	0.023472513731239996	0.071595282686265471	0.98413277086628947	0.98327319216135101	0.97456440587862436	0.0075489466595459881	0.0063691118385142522	0.0089974987905221404
BGC0000004	Polyketide	23	105	0.98033175630878389	0.99207453154904512	0.95123882561825179	0.01867650882728902	0.0079245659502179319	0.026664729248648378	0.98142613087851538	0.99036017526890374	0.95253233370413537	0.017300171637543285	0.0074763277466115326	0.023873857775782548	0.97908364074990328	0.99190566302197514	0.94869377970504298	0.020237616997891193	0.0084302051056107663	0.028716827619658769
BGC0000006	Polyketide	23	105	0.99328734972821486	0.99417905054604416	0.98363500555466421	0.0039898004334799116	0.0026911702965091598	0.0052844641906728551	0.99341860449866337	0.99406623679941863	0.98692687752237718	0.0032163714211116347	0.0026366491963105477	0.0038048048930912071	0.99105585446066902	0.99350306747059858	0.97738695954393318	0.0063173028299415091	0.0035892807175482932	0.0086449505576337016
BGC0000007	Polyketide	25	103	0.98836603686146085	0.99049977027393643	0.97469752069616966	0.0069365176228668697	0.0046653968497788242	0.0077613657794461943	0.96042313950714464	0.99017480178466288	0.8902537558151129	0.045258236050702526	0.015988652020872317	0.054283364988590765	0.98913141596518772	0.99039059419955577	0.97678169849519303	0.0053704517254088242	0.0043600484181379072	0.0069916756553571879
BGC0000008	Polyketide	23	105	0.99500671907376037	0.9953203534155044	0.98911745116377514	0.0034905771428730696	0.0020001028504704754	0.0048649315114588365	0.99072300603726604	0.99285384139976329	0.98031821119035922	0.0060823009002025571	0.0037193255743432686	0.0068302348454849504	0.99467580064239214	0.99586264017938453	0.9885379034627928	0.0035513714074729107	0.0021335048610761965	0.004658440117568885
BGC0000009	Polyketide	25	103	0.99510486958869815	0.99449979610015826	0.99145286498153662	0.0028015172351805178	0.001960392453948856	0.0039700568649363444	0.99269559755741654	0.99184984381562891	0.98722231775737035	0.0037618425810677534	0.0029277799406580928	0.0057100257616323757	0.99540369966704745	0.9951197834848684	0.99187211874854531	0.0026454681681933713	0.0018405140978795976	0.0036783195670615498
BGC0000010	Polyketide	22	106	0.87949114195069544	0.91591342546871846	0.67248893864773207	0.094795296733412748	0.049451828139707367	0.12963288644517612	0.85630645796035265	0.86717204567828898	0.77627500515245196	0.054612603899669064	0.059328943453780168	0.086697992999278606	0.87939013311720515	0.90934307234199474	0.65769606796500046	0.098731403539606535	0.049532865401332081	0.13366642555460906
BGC0000011	Polyketide	26	102	0.99090269005281706	0.99277579919198211	0.98154127780022415	0.0056337224869145537	0.0036458670659301083	0.0075650733960256344	0.98514422324222495	0.98636723094422085	0.95753764205026493	0.011458027878268587	0.005963074249142641	0.012959284592238718	0.99084770098204866	0.99237878462009421	0.97995126648878816	0.0054596128802243144	0.0036682323207772203	0.0064995936645855235
BGC0000012	Polyketide	5	123	0.98297183839619229	0.98703426081104473	0.94813828926564081	0.015117475969817796	0.0068393729807530775	0.018174762087140084	0.9925845956206093	0.99471380084358518	0.9828977346060308	0.0045528109605960541	0.002970645957273854	0.0048846849176562568	0.98155250001210326	0.98588322107208004	0.94274098551982921	0.016665969372804585	0.007411900655652115	0.019920499531146718
BGC0000013	Polyketide	2	126	0.98167625573069406	0.98366441604846178	0.96412386013696505	0.0099981368198242757	0.0073576417240143188	0.011971097966051003	0.96215503648389011	0.95247389025136564	0.93424762212880019	0.02085284326692886	0.015302262304585179	0.030373914332167185	0.98151596750791548	0.98338680997745065	0.96357790391194376	0.010065011955400112	0.0074222584966553429	0.012077247999752627
BGC0000014	Polyketide	34	94	0.98512416323546703	0.98928920177177271	0.96347506340353806	0.011204278258012739	0.0059702488327942893	0.013431156751634088	0.96332083853544292	0.97925892552013882	0.89603804170822854	0.036251644463929901	0.014793102973481553	0.046131641886696495	0.98943957510200031	0.9909552017644776	0.97699866519391199	0.0069532944091964099	0.0042341140920421072	0.0080760724628827774
BGC0000016	Other	3	125	0.91034555809719786	0.9040540245713593	0.86649917169169366	0.033452086310656728	0.036560656985574404	0.053351280127978185	0.79342923712436397	0.82281388776376607	0.58540533570684117	0.11421395632060559	0.086567363033039649	0.16436064177357057	0.91090369302345164	0.90304381009216494	0.86810798242546217	0.033293771926343155	0.036329927112848638	0.053040512836001641
BGC0000017	Polyketide Alkaloid	15	113	0.98820986438553415	0.98750720647364343	0.98134084406588784	0.0053120228336388685	0.0047292743871539368	0.0084105545489091549	0.97181282985594886	0.96700990363430583	0.95005520586266345	0.014247489203380715	0.011345683874548396	0.020267318546831836	0.98928260161848236	0.98928242240127195	0.98270780241986566	0.0047705585684275215	0.004297908091444036	0.0073763034115481574
BGC0000018	Polyketide	5	123	0.97484404564738192	0.97850954540130264	0.95724805094339938	0.011157909795179662	0.010115933188997839	0.015729258269598478	0.8058738964746246	0.81639323923777352	0.48635767998470325	0.14936976698035107	0.081513473589461191	0.182727024451111	0.97584460512474303	0.97730968025248355	0.9644519429151962	0.0094312685810806745	0.0097127719572899889	0.013099734120136763
BGC0000019	Polyketide	13	115	0.88381134754590962	0.90537712222784505	0.77647966644354305	0.061476142854226007	0.047826300264414146	0.088740661174303237	0.74595240640842608	0.76362217998074133	0.46469363401856523	0.12548662233070015	0.10925864336709663	0.17148800035582623	0.89050816190414905	0.91305592513707445	0.76522173660674875	0.06388153387551912	0.044974928723133668	0.088931545630781872
BGC0000020	Polyketide	41	87	0.98054232814697306	0.97903254316639587	0.96749944677217026	0.010424271871540639	0.0078175693475086121	0.010164628252913754	0.95065050020501562	0.96203094808655432	0.88508705354065365	0.029791328590731574	0.019955923674472943	0.037590189850460254	0.97440969638311259	0.97511380255334346	0.94553257547663372	0.015594056458125173	0.010291062283738616	0.01741907693927125
BGC0000021	Polyketide	39	89	0.86982692825989627	0.9609710033530674	0.63800075324078787	0.14128614034500947	0.053637123835267794	0.17888584521153417	0.83156603857915956	0.95162730381016125	0.56458402466297819	0.17679041922919675	0.070105990787748068	0.22657245364322309	0.8822102975880497	0.95600788520894531	0.67393353814847035	0.1228506711360528	0.048362476102217375	0.15732334655164859
BGC0000022	Polyketide	11	117	0.99284168192169275	0.9945609349975375	0.98478685070437533	0.0045034727001476175	0.0028677447617866171	0.0057817765544505573	0.98998734866416993	0.98984788607742868	0.98302225929681097	0.0048482885571937738	0.0040135108136704293	0.005483588816898699	0.99231744653040277	0.99453629797861698	0.98358773430605106	0.0045769658199355202	0.003078158646841622	0.0058795885407316728
BGC0000023	Polyketide	14	114	0.9890255479006177	0.98955908980023288	0.98041834361204239	0.0051359370931154651	0.0044015903973281699	0.007413486541686054	0.90389252584209634	0.90088623897149278	0.83071342496617984	0.054935541701319666	0.039224686690148579	0.080787985137951157	0.98892045953971086	0.99146588279364634	0.98007156766853898	0.0062380691578926162	0.0044442804150655272	0.0081533547257726102
BGC0000024	Polyketide	9	119	0.97614789411548863	0.98037739328232609	0.93975688190578122	0.01802097167995708	0.0096030572243585906	0.024686606018704205	0.86120983792388928	0.88945568786512641	0.66795772269664144	0.090646203446220971	0.057577289527188588	0.12169666639758503	0.97738124853411179	0.9820090605025078	0.94334478579059522	0.018193183235381393	0.0091020987644802702	0.024536421622782245
BGC0000025	Polyketide	9	119	0.83745378519546809	0.85694733373931009	0.71395612663237829	0.078245654837697159	0.067702345231801811	0.10998147991206353	0.78319546832992226	0.75990913540468263	0.68613142785016612	0.076898147076576884	0.092882786413952201	0.12470047465126977	0.82877720204828265	0.85512366837864806	0.67128408246679339	0.089451672485096861	0.071435436632241833	0.12264689975052079
BGC0000026	Saccharide	40	88	0.96712060561158908	0.97153634693535706	0.92101116968535968	0.019596637642918545	0.013251868082771456	0.022370813018346203	0.94984629449705982	0.95411286242770488	0.89206848955316054	0.027383690386300129	0.020282174269365537	0.03162016061894779	0.96833731720652627	0.97131884874068497	0.92474089588918573	0.01857105559533679	0.012757856243381039	0.023246703893618048
BGC0000027	Polyketide	24	104	0.98864183121538696	0.98960603042936568	0.97849136437126294	0.0059186480114708957	0.0045580132751945612	0.0075340454489883912	0.98959142814937751	0.99070054313537859	0.97900027556096259	0.0051928409460154906	0.0041742965408166025	0.0062270071612576805	0.98740600666149025	0.98915727550974575	0.97665733009611744	0.0067311718259505009	0.0050563675035741884	0.008110403392526222
BGC0000028	Polyketide	18	110	0.98531558614626724	0.98617996703796384	0.97068278261937946	0.0087491570437172803	0.0058926662010650773	0.01113902414408996	0.88265224573066148	0.90938152275249484	0.74151348909250503	0.082898245751562127	0.04812337054632769	0.10461548109789809	0.98787389405967474	0.98788933555248826	0.97410319003527879	0.007102608325171152	0.0048651445194066723	0.0094788627670322478
BGC0000029	Polyketide	28	100	0.97019411520048349	0.97020595635082607	0.93052122125313652	0.020144241916760966	0.012004947970081493	0.024253722386835319	0.95345147894862892	0.95815758035611065	0.92228045751194299	0.024113407202918019	0.018853587944090821	0.022006846511824385	0.9707406926523614	0.97378299610368735	0.9269950479574256	0.02117646366602103	0.011777458687063813	0.025821909071539806
BGC0000030	Polyketide	7	121	0.97610406008355333	0.98067897778290591	0.9386037499418779	0.018278278019939521	0.0096661004262257322	0.021229692097386565	0.97571578954336791	0.99360618353810581	0.93777163869682023	0.026788212733161426	0.0098107676442493515	0.031775701072111584	0.97549162468618678	0.97978706332446519	0.93759216914903631	0.018183288872716558	0.0099161366478625508	0.020942953404581965
BGC0000031	Polyketide	43	85	0.98966296611099691	0.99043159789567858	0.98320383980340698	0.0047663946468716112	0.0041442091256743922	0.0069245311153298683	0.97265288688182605	0.97815803534915768	0.94998231479584727	0.014464042494843581	0.011030267835960107	0.020468199038617407	0.98811868614756426	0.9894336404132571	0.97667766870796169	0.0076701026083906051	0.004768764677554849	0.011490908806966127
BGC0000032	Polyketide	29	99	0.98574945396559444	0.98596171422787204	0.97874347774527359	0.0058095352397887733	0.0057223000552458995	0.0065760087567023895	0.97271718102413707	0.97178024686049502	0.95905031148886632	0.010173039343956846	0.010987575103405155	0.012459079205600077	0.98361109028315385	0.98226435079602914	0.97352322441848593	0.0075473312924088584	0.0065875842424447887	0.0094070831419593715
BGC0000033	Polyketide	74	54	0.9546980811512803	0.96661524908165797	0.86620055013005781	0.040212473728668013	0.018340450579262459	0.046699740217180152	0.94254456726063984	0.95679456257220985	0.84049201232659565	0.044612106412616495	0.023337030727674346	0.04936789081036641	0.94989590223812925	0.96497779131994599	0.87881717739595822	0.040361683679218774	0.020259388802144396	0.049802552403881872
BGC0000034	NRP Polyketide	21	107	0.96645520245136063	0.96854972374137871	0.95056424981721488	0.0087118898077591465	0.013515214618917405	0.016082576556940897	0.92415895973948836	0.93533548107357622	0.84132886421354447	0.049704612336263866	0.030901262761627569	0.0710713545127164	0.96657505237872177	0.96695120540523838	0.95394196916409946	0.0076047620961743846	0.013467395902673629	0.016281522345320432
BGC0000035	Polyketide	41	87	0.98348363749412537	0.98953798222922384	0.96066158076036146	0.012610021184334415	0.0066288333516955292	0.017132956751024331	0.91559281075800869	0.92610991316065017	0.83293141142544835	0.053504133496664434	0.03436939554817655	0.080566842568324359	0.98882657405673702	0.98970740447997685	0.97620671266320269	0.0072820088029663475	0.0044794291864301396	0.0093944504019390918
BGC0000036	Polyketide Saccharide	43	85	0.99154024211058311	0.99264115114527929	0.98298619364763151	0.0043254274255024386	0.0033905627097715386	0.0052097598945272106	0.98459713558551587	0.98794939697569029	0.94967115211806852	0.014064783226457298	0.0061810842674177692	0.015159955843503936	0.99189557816521212	0.99149192728863822	0.98750352012319365	0.0029292491740869394	0.003248320917597902	0.0043777666709763352
BGC0000037	Polyketide	1	127	0.956441774269565	0.9503691548526163	0.92162413322822445	0.022556143161532635	0.017584959638733168	0.02748570094660352	0.93275494098613865	0.93264179353233323	0.88345031371730365	0.036930450549790321	0.027314642324631145	0.051038392956312406	0.95647256545042814	0.95076801791650989	0.92121682349436251	0.02268611402674485	0.017572363888148423	0.027755542762912366
BGC0000038	Polyketide	24	104	0.98235931962591538	0.97924674048161042	0.96767089695383957	0.010207203022399643	0.0070865576425422905	0.013440688612116225	0.93686739865249691	0.92649063561203693	0.86063730153245865	0.041424435371616421	0.025613822302992806	0.052370147988069049	0.98661433049543046	0.9839741672814416	0.97990221720268145	0.0064620836212220846	0.0053717553364445395	0.0092176981973602912
BGC0000039	Polyketide	9	119	0.97522471141756617	0.9823902329638835	0.94120277115734807	0.01979967721361886	0.009961575410310463	0.025732895533561173	0.97414912120014741	0.98469221359560732	0.93393689391607404	0.02082397198298051	0.010395490689752807	0.027471662845277356	0.97482212571339422	0.98199916215173122	0.93925224362746951	0.019880387198746706	0.010124533090331988	0.025668015234592279
BGC0000040	Polyketide	28	100	0.96888151008673906	0.98713458924274688	0.92119528287734642	0.02918405532022332	0.012535662173701435	0.037432689161826516	0.90767699417313596	0.91927493794705117	0.77337957428979387	0.07294525943792117	0.037847312963079305	0.090195688472822555	0.97497848471019333	0.98589995909768546	0.93316376405462664	0.022330625229799866	0.0100624250809489	0.028673518353076299
BGC0000041	Polyketide	2	126	0.94292316376052321	0.94537608894992264	0.90666679172849385	0.029541148161138696	0.023104661488684331	0.046321630231330513	0.58832616060930065	0.58970396372376888	0.26228465642290377	0.1711283007942519	0.18243592950562812	0.36707540525607185	0.94393061118410093	0.94474211783246198	0.90895145544050027	0.028020762449903924	0.022691167651244792	0.044351545182543139
BGC0000042	Polyketide	40	88	0.99570241515377089	0.99580420518360091	0.99208071035754897	0.0018584220139972233	0.0017205668581904642	0.0030748505449884611	0.98904345464884735	0.98846867343102773	0.98167133894883496	0.0051111372338839521	0.0043927361528956375	0.0070125550181020513	0.99552336023363419	0.99592406867317584	0.990322561401489	0.0022152858686853181	0.001792452593112781	0.0030516812120355841
BGC0000043	Polyketide	4	124	0.94011264707565867	0.92615131805963791	0.90637635600502109	0.030992807447269941	0.024318500064158276	0.045459182269492859	0.74264034157112901	0.84316795958820179	0.33053118592468622	0.23152940213977066	0.11151458225653155	0.36025725799305719	0.94245471912729939	0.92916687811504961	0.91157578745333867	0.029618675574189426	0.023350857078805555	0.045063965167500886
BGC0000044	Polyketide	9	119	0.92246505927868439	0.91118074845436614	0.83330638440121574	0.052708990394371887	0.031515319728785428	0.072972610636445667	0.8583046143045685	0.86264255032505521	0.68179733000182741	0.10861365801470217	0.058430015724331132	0.14530322356407388	0.92512951535069043	0.9128429013855397	0.83733983205411855	0.0493845529542071	0.03041731739959954	0.068308543007761457
BGC0000045	Polyketide	8	120	0.96673113885366979	0.9682214910001451	0.91889783077949194	0.020257051582258118	0.013401715912696144	0.024612701065402476	0.95691416958418696	0.96858534196184165	0.91146364976697358	0.024727735698697906	0.017390894813888245	0.02912409752924483	0.96665779560934362	0.96746860981798122	0.91864241544056036	0.020308195366318817	0.01343256782884783	0.024515931896912035
BGC0000046	Polyketide	6	122	0.9488368712707167	0.95784680944824485	0.89955325821561061	0.029976107622969237	0.020749184042532343	0.039704274048702692	0.95302052557174177	0.9803360634165752	0.87654099380373929	0.045150860132417189	0.019066820241551218	0.064207325480126864	0.94737028312155991	0.95449734056378988	0.89967595150660118	0.030577205819086035	0.021347482116792361	0.038584043877013086
BGC0000047	Polyketide	31	97	0.98951540233141366	0.990973783581931	0.97509985988681958	0.0072978103333720349	0.0042031110167603638	0.0097680577329002372	0.9717809962380668	0.97218622511144037	0.93732766740653395	0.015758781952814896	0.011358808653003271	0.019055302935235163	0.99058790764597793	0.99083505796637117	0.98234771478507676	0.0062140328155282599	0.0037721126134983461	0.0084755255607363855
BGC0000048	Polyketide	20	108	0.98213499675283222	0.98683394577813655	0.95742381891268136	0.011875710002042269	0.0071768467938780004	0.015146733992440264	0.99415110110889471	0.99564233765452848	0.98653114363175298	0.0043204696717412368	0.0023433768676634605	0.0059926906805667368	0.97753462975093564	0.98492884935134317	0.94260894037312593	0.016222912893734103	0.009034890410935659	0.020603969340291073
BGC0000050	Polyketide	8	120	0.93865159366784445	0.93968380752900837	0.8819643585357112	0.029685751595910671	0.024901658050677945	0.043610311054995132	0.64372511924285403	0.77952590119324316	0.24709508868317784	0.28546975041669048	0.15630129298500409	0.50851860940275995	0.9431213390264247	0.93927743967380839	0.90275129699682533	0.024832249948150604	0.023067060743729485	0.034071101638171175
BGC0000051	Polyketide	10	118	0.98993540772414046	0.99118084195622158	0.97438293418297606	0.0070492113838506489	0.0040345878982270822	0.009122674931293373	0.90554622860295697	0.90076303732500662	0.85420345399384034	0.041592811996542092	0.038768360528301439	0.046044735142656723	0.9912500546484786	0.99275460432185025	0.97713963356679368	0.0066653039097685661	0.0035064512315678086	0.0086642172599308287
BGC0000052	Polyketide	28	100	0.96024445750237442	0.96458476508770352	0.90903312110136225	0.029323536316079171	0.016057083075594301	0.034521729740836782	0.90364252797260425	0.92439321658823403	0.8061205208571538	0.05833012993656124	0.039476803110772195	0.069695013768084291	0.96772471143978722	0.97280420533785872	0.91935504349042985	0.023874941116404862	0.013007649326513859	0.026227633574414044
BGC0000053	Polyketide	24	104	0.9799903077292329	0.98387468661092203	0.95816184394523496	0.011733282420043257	0.008038379792413064	0.013155335981462124	0.9796604167424714	0.98335227461779418	0.95437494457333005	0.01406237495386958	0.0081865804431479512	0.018565587822032215	0.97629674103180564	0.98119605604255944	0.94686496299920342	0.014717169859910889	0.00952797041800677	0.016190127493450501
BGC0000054	Polyketide	31	97	0.98442499955338625	0.98518543913507839	0.97386358034760079	0.0066673567043906033	0.0062639327132415715	0.010833576656906985	0.96150088689068158	0.95627860499669293	0.93318542773768065	0.019220776675673651	0.015590773077709553	0.032278476997501193	0.98461858653780043	0.98299768568271229	0.9772296386590984	0.0060621561240563138	0.0061818885956130163	0.0080957582450120746
BGC0000055	Polyketide Saccharide	23	105	0.98667920719206781	0.98808291545691784	0.97387810199955505	0.0076251870133201075	0.0053446194449293218	0.011847533957935585	0.9868205625495442	0.98471132037950748	0.97966250918590692	0.0055526557679297555	0.0052885424971388373	0.0089318291920514881	0.98470416171757691	0.98728804344330146	0.96892701485874144	0.0091820231459760811	0.0061422385666752176	0.014377175464810876
BGC0000056	Polyketide	3	125	0.9450836322973849	0.96533991404766462	0.8497899268801784	0.049521009839140921	0.022333198970996993	0.058518400599215536	0.90854496568573739	0.93443536535838811	0.8018532793942531	0.05901099698336669	0.037601444173056754	0.0645183364020675	0.94468101588638675	0.96425913615970849	0.84805669570643605	0.049737071263631763	0.022497166277307488	0.058645879139301527
BGC0000057	Polyketide	10	118	0.97784408175754201	0.98384192947777094	0.93967406843010126	0.016588423111032004	0.0089055280414863432	0.019625308155956533	0.95795057212101642	0.96600766076389699	0.90945900511251998	0.026562079526655756	0.016970097273669382	0.029793368649248642	0.97742627649944414	0.98334197142323188	0.93791585111987597	0.017463879518152179	0.0090743135169218721	0.020986586402456653
BGC0000058	Polyketide	8	120	0.98019656304779557	0.98031213622118596	0.95705745077036264	0.010859294902977689	0.0079537288643148022	0.01504444333628463	0.93517657258099174	0.93514603524897189	0.87623184577552793	0.033193009398555615	0.026324404244797605	0.052480967458226502	0.98082701863595401	0.98135465282299539	0.95878367775947149	0.0103479338875001	0.0077000187092796102	0.015319064543734551
BGC0000059	Polyketide	13	115	0.97359886260242123	0.97790648072476161	0.93737072801848009	0.01504048769268302	0.010618461247250211	0.022099282805068565	0.90827026218054319	0.90807631671256028	0.79758052486993591	0.054462674394630609	0.037446424449113967	0.071770229914235872	0.97702513002476132	0.98188804460291501	0.94821058637418909	0.012257665047948695	0.0092348016381505801	0.019047136669807396
BGC0000060	Polyketide	21	107	0.97000198777041824	0.9714935529949138	0.9338588185450919	0.020002277713566986	0.012107355382050078	0.021883896407520309	0.89274856091408983	0.90369426193966262	0.77310021623329317	0.067028965665789947	0.044550316051794533	0.086312875183670923	0.97219518615876177	0.96695179217330796	0.94466820424104714	0.01627605993392758	0.011206608789801797	0.019970975285050763
BGC0000062	Polyketide	16	112	0.96605458871062344	0.96601682831963087	0.92813862079093812	0.021680707488900917	0.013716590042899624	0.028406075601531411	0.98149583853093725	0.98131083811982789	0.96591152529699376	0.010876935710892764	0.0074320681475933178	0.01445460628608386	0.96103906753504431	0.96001435221086284	0.91566187710713509	0.024724768909201476	0.015775712236076454	0.031738459494972115
BGC0000063	Polyketide	17	111	0.96526189419341279	0.97097973436295315	0.91686270904601574	0.026786302720005237	0.013995753005264722	0.02361787307226404	0.99193149204012165	0.9927190677403146	0.98514513690174865	0.0048209287871676613	0.0032334322165311624	0.0050149190402152266	0.95770913437063998	0.96474700885695364	0.89792937822819874	0.032762740710908185	0.017063935205439938	0.029428410631552882
BGC0000064	NRP Polyketide	1	127	0.97556464708621748	0.97532084105257333	0.95726757176848576	0.0089017138789847794	0.0098267122964646788	0.014162116451075457	0.64972509927114641	0.64128933926324883	0.37092450002933214	0.19375564893593164	0.15247537942426784	0.30551685950989838	0.97594740312588735	0.97586262936555301	0.95743225008699573	0.0089580654602799681	0.0096717707982540754	0.014154940907447289
BGC0000065	Polyketide	30	98	0.96890509185124896	0.97204816794469973	0.94742187914082299	0.01444289382244617	0.012533436233918626	0.020981107255854892	0.73956529109223312	0.71758284195041133	0.58222331678802308	0.10315407056826768	0.11106136834859175	0.13962015758754565	0.98504606800665795	0.98648362337322748	0.97320029266092734	0.0068472318951289168	0.006012492352739751	0.011914412274649511
BGC0000066	Polyketide	23	105	0.96550961498786381	0.97660594649064014	0.92852555552989247	0.024855101091222378	0.013894059981530215	0.035249801343478881	0.90264201367113139	0.93242136022930633	0.78600440913535652	0.082656040452834978	0.039799530604534963	0.11053756245735069	0.97180097700215151	0.97565795346761397	0.94683529908700403	0.016209078297961036	0.01134488600032948	0.023883782310192725
BGC0000067	Polyketide	4	124	0.97184887399923969	0.97771488456077371	0.94241012062007734	0.016329452485238788	0.011356531269450442	0.017582803979117601	0.83660963109763387	0.84052653975659208	0.68484674936420864	0.10166973740315431	0.068190813918106843	0.16315517368440791	0.97210394410679657	0.97986164353637983	0.94586910502998389	0.015762283151408523	0.011250948075942957	0.015797196773342903
BGC0000068	Polyketide	13	115	0.83205009840252975	0.82991858821439568	0.79276605586261806	0.029717604667808796	0.069899538032625719	0.079944079751455455	0.55119569763707044	0.61795504675499779	0.30474158454480316	0.14958976829226292	0.20000818108853485	0.27905815293186409	0.84307985659394136	0.84199302112520946	0.78180912856400087	0.031217382424299826	0.065076000057442143	0.077236534597374118
BGC0000069	Polyketide	21	107	0.98951174751245696	0.98989358169828301	0.98072493886692391	0.0036587830609954158	0.0042085343501059745	0.0063364755580160859	0.93426330610248487	0.95446102367987684	0.83904573137416671	0.060154896750507128	0.02665673908184556	0.07582362836775014	0.99023232016668261	0.98968091647200263	0.98518222316377757	0.0036748709208025681	0.0039180714233894463	0.0054354250673998017
BGC0000070	Polyketide	21	107	0.9948167170747505	0.99589405755513738	0.98823285113057613	0.0032757414085825345	0.0020775855466868887	0.0047667332877648905	0.99470561710088723	0.99458110988575621	0.98765320754526675	0.0034959728309707431	0.0021206819159324207	0.0046256057464733047	0.99368000097347609	0.99477388130379607	0.9847743207394497	0.0040742697975162025	0.0025344723560457583	0.0056570690082300423
BGC0000072	Polyketide	7	121	0.98790807178529083	0.98972411708293906	0.96754449380989715	0.0083111266817330314	0.0048561900674381374	0.0098615762883279556	0.68988612724034726	0.78424061704964942	0.30032101497205105	0.21635573983913683	0.1366645796516878	0.34886770153028968	0.98976478758086572	0.99245628133010499	0.9716006301720167	0.0074930735456467537	0.0041068065588829358	0.0091042907325855627
BGC0000073	Polyketide	9	119	0.97971640609508237	0.97789877199420006	0.96608943123034019	0.010674252821046712	0.0081499697037398684	0.015958331227555633	0.9345939432931536	0.9553360452749613	0.80881282057076853	0.052280418530400025	0.026565326931149769	0.063283972153509005	0.97696535109885152	0.97556176883004231	0.95893176907256505	0.01208423769936604	0.0092608643659070067	0.018312143578496087
BGC0000074	Polyketide	30	98	0.96314969384784432	0.96416939602848639	0.91602206070478565	0.025174641972805663	0.014852205137631126	0.029062464288491463	0.95557602612609593	0.95388253499001219	0.92092716685519516	0.023212112585422752	0.01796362754580556	0.028943402043735356	0.95738630798353308	0.95613246844545652	0.90775181784040526	0.030875057580033536	0.017196937521916467	0.035573360114057206
BGC0000075	Polyketide	31	97	0.96904548502078658	0.97592462921841949	0.93145734122708312	0.021125577588445639	0.01246198855463212	0.030088829320555788	0.95680960043198271	0.96230402229855028	0.90719928831943009	0.02315236644907798	0.017453336967519405	0.034319695316497256	0.96272761775758975	0.96747712492642446	0.92519346768164712	0.021816339079417126	0.015027077199170579	0.031153749411327536
BGC0000076	Polyketide	9	119	0.99409145987080905	0.99560219575372355	0.98539877219585459	0.0045061189424163983	0.0023663668608950861	0.0060535701278393583	0.99367619230668769	0.99468658062202098	0.98842182268117618	0.0034299751896307721	0.0025334832123245833	0.0043783730006404786	0.99392470512502518	0.99535138463170436	0.98514199118155321	0.0046185953952164582	0.0024332079860384993	0.0062352778538040665
BGC0000077	Polyketide	10	118	0.9912489783713081	0.99263698435675285	0.97973028282616381	0.0053272372779933448	0.0035067818010858344	0.007094465956955176	0.98675515040354167	0.99039652787584109	0.96891608003949337	0.011229020098731156	0.0053127509776224272	0.01466837220347017	0.9908839216759997	0.99230477936489092	0.97958836698266871	0.0054442390682187805	0.0036534488734158987	0.0070724479756328895
BGC0000078	Polyketide	75	53	0.98320646666344447	0.98330365971529243	0.97177584468522105	0.0060572049757653054	0.0067443096784471912	0.0086128294340799272	0.98275204027254348	0.98491082020452303	0.97156052776278989	0.0079589261588938597	0.006925787874797207	0.0094561716576132548	0.95289366514303953	0.95440636666880119	0.91725440761927435	0.026128533015272404	0.019034020912731587	0.04146420429887121
BGC0000079	Polyketide	23	105	0.98515322743946854	0.98795411647943254	0.95783411219751069	0.011467507788920955	0.0059636455465736258	0.011684756120084905	0.98087708342887736	0.98690505140254581	0.94863837099671744	0.014721368026070596	0.0076859544063032862	0.020188782347954293	0.97699317374097472	0.98382783406618279	0.93186497180297123	0.019437893665486473	0.0092561138648006754	0.021022180939619273
BGC0000080	Polyketide	21	107	0.9901619499155162	0.99195594657804786	0.98232914822016437	0.0051323436781359043	0.003943993021460734	0.0074998985483007985	0.97110800449331192	0.9748318586685697	0.93085155209793435	0.016972250095476135	0.011630877458045941	0.020258019320921306	0.99106958383573818	0.99246605094007045	0.98302161726978932	0.0049678864745629067	0.0035795633430920847	0.00728272397063634
BGC0000081	NRP Polyketide	115	13	0.99189431426512176	0.99270234648294209	0.98464058497585316	0.0051559447072243546	0.0032478168491612445	0.0075023378108217686	0.99120584375711152	0.99278008818078012	0.9824182333363437	0.0061243235341827823	0.0035240536634321361	0.008680636428312738	0.97540836514294893	0.97930151775741137	0.95075337445773633	0.013795869003679549	0.009895249544178886	0.017747097902065301
BGC0000082	Polyketide	43	85	0.99365538666597397	0.9936670433727619	0.98930155986519031	0.0028045398061417402	0.0025423971218746732	0.0035956927127919203	0.98840340196799326	0.98908228976431745	0.97676880033701863	0.0067159591023484349	0.0046502144725489416	0.0075188642128791727	0.99177525748386297	0.9932039182477943	0.98091424399809601	0.0051650781892713434	0.0033005226945359567	0.0060613269774337786
BGC0000083	Polyketide	9	119	0.953488388201151	0.96106220971539302	0.91827216592046923	0.024040004906680096	0.018787605276586693	0.039404496377211107	0.88251936922727392	0.88713651699871465	0.8261746334561646	0.045205066578120782	0.048367817530435175	0.065475060160385179	0.95315932827273409	0.95851093525457332	0.91684302606481882	0.025368003794030817	0.018921867201753241	0.040371583794611809
BGC0000084	Polyketide	32	96	0.83700776172826319	0.88557691770981495	0.65014019182532046	0.13912417139844893	0.067910904630824193	0.21875156248890626	0.88012750298689946	0.89798399411595731	0.74575887912500927	0.067867695679374562	0.049773001017898368	0.088116311901181632	0.75889380318645339	0.84035226966818688	0.42078418211414453	0.21699192584139254	0.10264806226243037	0.34997853191326
BGC0000085	Polyketide	30	98	0.98376563465095457	0.98632353527711003	0.97164038356614091	0.0069996462323499587	0.0065172734413412757	0.011432035610179692	0.98624392165492625	0.98713102596623126	0.97334134229478309	0.006282113649455019	0.0055191077129412179	0.0099005307987699576	0.9739301329356046	0.98164340869009192	0.94253413302900924	0.01709713115274376	0.01048789107660728	0.023726694334521903
BGC0000086	Polyketide	24	104	0.92075443365159104	0.95237385039940525	0.83633169431356491	0.056149209005091877	0.03232825477913677	0.07727142806790066	0.9461698059640915	0.95231084521684206	0.88952998860726074	0.025495964584375978	0.021778052700044338	0.033269812077763694	0.90603918820715867	0.94098439894686137	0.78732590721531215	0.071217406085463827	0.038502434526695703	0.09442815644460345
BGC0000087	Polyketide	53	75	0.99038314561594254	0.99023447916330432	0.98469455511524506	0.0044152418209120244	0.0038556363056326814	0.0067823857284690092	0.98569782940943218	0.98859225492302749	0.97072779958238753	0.0079089163305985453	0.0057406721892986788	0.011510621804333265	0.99146192203865424	0.9906896072228405	0.98469821909843291	0.004013632341087787	0.0034223422113849322	0.00515022089884698
BGC0000088	Polyketide	17	111	0.97609179670012503	0.98467665289232031	0.9416643315643477	0.019954315459271486	0.0096364825636768396	0.025169625456481381	0.97858860313310791	0.98151697416899575	0.9542949663729986	0.012963562135559712	0.0086039892885393376	0.019006768207857072	0.97347192941669503	0.98449250049707859	0.93300757477039875	0.022714637901087735	0.010709428966495071	0.027938784312063092
BGC0000090	Polyketide	23	105	0.97787738097642762	0.98439765305842974	0.94419770481869514	0.018710944248900463	0.008889093347873845	0.02326948926729111	0.88361098036071828	0.91982758468743875	0.67458502719826396	0.099057861314290507	0.047987834060090148	0.13628898057449113	0.97872336427692219	0.98539993467984877	0.94046790296425498	0.018382199185147295	0.0085499417004727182	0.021026931140996519
BGC0000091	Polyketide	22	106	0.96516556568338319	0.97293372177324322	0.91721480854579429	0.026794776850374881	0.014036238568578963	0.034529253270592752	0.95482651757236403	0.95808587328024686	0.91550794122024848	0.020585287379222623	0.018285665434286179	0.028223537524377229	0.95909691917535755	0.96713011683529404	0.89725521231378169	0.033774724117725204	0.016501124238970256	0.042049890730039952
BGC0000092	Polyketide	19	109	0.98735097367322611	0.98838200720491387	0.97322078652800481	0.0080548195877947169	0.0050751866449793015	0.011601282070583752	0.93508142246298109	0.96985170119921549	0.82574581547465942	0.061648697745002173	0.026325995440987994	0.08026207946630759	0.99062514701879589	0.99111824733420384	0.98324806162205125	0.0044936191014037855	0.0037582805108304028	0.0058493077699892648
BGC0000093	Polyketide	92	36	0.99052524202971504	0.98998890961912345	0.98474151404932242	0.003813639350576633	0.0037982988459591025	0.0056812473546122844	0.98685655910666392	0.98685940174967901	0.9820590792310544	0.0039987502542655502	0.0052736302873965801	0.006347319193782619	0.987858149029616	0.98763472868825453	0.97993333104202729	0.0051417444251898661	0.0048692064037723307	0.0079547065995067001
BGC0000094	Polyketide Saccharide	7	121	0.99012121702620581	0.98981791447322709	0.98100719789108004	0.0051655609182823152	0.0039610065245525797	0.0077503198519591754	0.95694815034968617	0.96091432764005569	0.90092644154638579	0.024490495816599307	0.017411769568307256	0.030242561165853887	0.98980954543415611	0.98953186689994155	0.98120400636373661	0.0050611854992635465	0.0040862021951867163	0.0073254768251881375
BGC0000096	Polyketide	43	85	0.9630165628809676	0.952869119577201	0.92911434670673521	0.025786343183643808	0.014905373512272169	0.025444417589460255	0.89768160414989828	0.91940050443765919	0.76090690027506402	0.07532472778206957	0.041812100393470567	0.069741009085095396	0.97725554102935208	0.9760250676584904	0.95448918365828062	0.014718522614253925	0.0091435306393077738	0.014509812486573126
BGC0000097	Polyketide	24	104	0.95115563818169002	0.98079412527650889	0.89082830726177575	0.046994993797702792	0.01973376906751554	0.063284430586571405	0.87896113623395711	0.86292713818556621	0.81279345881125864	0.057042260225159416	0.04992212804162275	0.075230389528478048	0.94690540496590003	0.99139482987429162	0.86791993282035429	0.060429491733614615	0.021470621065397856	0.079448784390723892
BGC0000098	Polyketide	9	119	0.97558548948242174	0.98248202657453132	0.94281798061821676	0.020606946984743892	0.0098207074211521077	0.024445914227314902	0.97925831533322028	0.97958828556842859	0.95233292359876465	0.015479233351099426	0.0083413486819391425	0.013943967091500142	0.9749776733149812	0.98280938777037052	0.94124015949540107	0.021246396328746437	0.010065584444893827	0.025535308199068574
BGC0000099	Polyketide	1	127	0.97387078614827394	0.97819679167933549	0.94285921177443566	0.017586241404298038	0.010541680116188234	0.018595986769697093	0.96648972002471201	0.96634615200832252	0.94402960466663932	0.013650823727681276	0.013525137515744556	0.019142349537881631	0.97378757571375518	0.97809982547025343	0.94249442375261638	0.017685916364134528	0.010575743317462449	0.018647561778567745
BGC0000100	Polyketide	34	94	0.95936730813223947	0.96898801217796127	0.91548552562811247	0.02659068241769319	0.016401199594300798	0.024411507794296905	0.94001376920596713	0.94804654141633082	0.88612463327185553	0.036412677671196714	0.024329734408775193	0.032657786349339024	0.95558599898860286	0.96247524360916537	0.90044693519933505	0.03032784423275146	0.017945439513827523	0.034709155428748861
BGC0000102	Polyketide	21	107	0.99194823750241345	0.99239440500349552	0.98436204609052258	0.0041378957226814797	0.0032313272734353802	0.0062140972880531109	0.98573645813271804	0.98869514086318611	0.96613625551101645	0.010563871919316001	0.0057316179854789871	0.015068039361855079	0.99090759968766662	0.99105593333772524	0.98415335755724409	0.0042402526330679556	0.0036506262133361609	0.0051945012308438621
BGC0000103	Polyketide	9	119	0.95659551189147263	0.97055028630243878	0.91493472769708717	0.032708871710053253	0.017536328687746461	0.049351097133550348	0.93793224395675057	0.93389572140056631	0.88039329480440831	0.034673872777756735	0.025205545744403767	0.045986437871002761	0.95549204222989137	0.97030398164626108	0.91218242396332117	0.033644056534398996	0.017986215688522302	0.0507732225023797
BGC0000104	Polyketide Terpene	8	120	0.98531105351382331	0.98915254990121892	0.96679511181044397	0.0099487962518181785	0.0058955460308435679	0.013807337354918681	0.98896953940218479	0.98998856746800601	0.97502970048183923	0.0068225282875412656	0.0044233795980028303	0.0089067300327100307	0.98488944580205184	0.98890593237985203	0.9660727929101115	0.01028516270098582	0.0060654547674350075	0.014311742802919358
BGC0000105	Polyketide	33	95	0.98989551675550302	0.99240809184981749	0.97911300551024372	0.007265166013365053	0.0040525577299505896	0.010151284847098929	0.97869165145523629	0.97743289333458905	0.96638906024343452	0.0099064824626376967	0.0085653588110880426	0.015947939960529456	0.99075325714577878	0.99304998920536391	0.97738850293303658	0.0067198034259243694	0.00370904171593065	0.0087725440979760094
BGC0000106	Polyketide	32	96	0.97926384789193288	0.97990863782021553	0.95721539142229295	0.012370437264222061	0.0083423507247115444	0.019210281740619894	0.92786676197709883	0.95944586639924401	0.82163744691551877	0.058209820392135493	0.029417471530693184	0.08564239476729818	0.98183845015887461	0.98361722882846025	0.96713585493854815	0.0080734752915929409	0.0073027477712180435	0.011231301209133737
BGC0000107	Polyketide	1	127	0.98695186888327147	0.98687298120534939	0.98075662597459556	0.0041891252372473443	0.0052363623514191989	0.0071607246751959064	0.97721432072912473	0.98055274224386946	0.94326887965672546	0.014736668730991996	0.0091863305491646004	0.01807462622132705	0.98694111037138177	0.98684281844974087	0.98092187778674433	0.0041452067452393826	0.0052406414474508445	0.0070970619544341584
BGC0000108	Polyketide	22	106	0.97746456072659849	0.98161103993712406	0.94157353794193033	0.014257991901582147	0.009058384676417796	0.017512789974409526	0.9250418184153123	0.93707475388644546	0.83158172560036603	0.049545909283568529	0.030553412068648145	0.074149997331302342	0.9778306846228848	0.98162799514902721	0.94473557080630999	0.013522879018576964	0.0089090041461503452	0.018031976178244702
BGC0000109	Polyketide	12	116	0.96222430794389735	0.9836536209209763	0.90241964182351897	0.03800806379737167	0.015333360689965358	0.053535082593614725	0.90060242442203897	0.91056490859022166	0.80124514738464292	0.060835713200386429	0.040640152457516662	0.077499142247454023	0.96031854226197733	0.98573726345863522	0.8963806701279381	0.041217348218518683	0.016137803018378572	0.058575039270952978
BGC0000110	Polyketide	11	117	0.97328855009057558	0.98316512999231476	0.94591308582732747	0.02147698772906095	0.01074399689297283	0.030213872048220569	0.92544942983738243	0.94118314807416747	0.7992316701124591	0.057159495943592861	0.030318454228644078	0.073466179127640197	0.97374087514617869	0.98662148214484113	0.94617713066739739	0.022274110238544847	0.010560571402498886	0.031076673854174341
BGC0000111	Polyketide	14	114	0.97798348138340319	0.98536191379852167	0.94514509514425626	0.018750356798199443	0.0088659596469537801	0.023635904909555805	0.92494240941555517	0.93946905780609569	0.75666624890685463	0.066891404105236363	0.03073134174810126	0.078401726706083918	0.97776123786519575	0.98479169948646827	0.9406775385916557	0.019584786088002622	0.008955607980220659	0.024260015004595625
BGC0000112	Polyketide	46	82	0.95374338499267641	0.9496466772124581	0.90305629317489822	0.030671910826267898	0.018744367767392432	0.0347159200394348	0.92563284068326102	0.94439829744842363	0.81545342168063406	0.068380660439671878	0.030380812254913691	0.077731323065984403	0.94513558943277398	0.95708060965277186	0.85509184786761094	0.045186660720490497	0.02229595464107461	0.062927249996931334
BGC0000113	Polyketide	7	121	0.98720980091326371	0.98987696652409773	0.96805612342849534	0.0091654241508271617	0.005130274429261639	0.012194609941956314	0.93318878755892953	0.93139690376332451	0.86296022438781639	0.042290870407261517	0.027143610632077576	0.062764124740483651	0.98597933727809939	0.99056969297891162	0.96423304507895735	0.010751665636874961	0.0056252257771531424	0.014101548683237652
BGC0000114	Polyketide	18	110	0.97748721652657233	0.98335471793508555	0.94718906491732791	0.016907501897263224	0.0090723761656470673	0.024610424539463494	0.83469965118969147	0.88467653104829924	0.62902777500044471	0.13015254954314137	0.068812622229129428	0.20110432556444358	0.97803614567678943	0.98804233184848411	0.94700975215619188	0.018798827682388851	0.0088425773337128082	0.026064819150384611
BGC0000115	Polyketide Saccharide	22	106	0.98001266207048621	0.97814189939094132	0.9656640368901902	0.0084696047613139359	0.0080278516877278824	0.012420575723857907	0.94763254987015699	0.95209216909122807	0.85382629599483262	0.040567378166300752	0.021184910089209353	0.044355569318921373	0.98085743763695343	0.98447077528148641	0.96409177864797291	0.0096738186162080922	0.0076874607933196115	0.014185231780922569
BGC0000116	Polyketide	23	105	0.9874941033856659	0.98988536725738174	0.97832063538704428	0.0060404591783911913	0.0050203261625200611	0.0090149970305922755	0.91782380185479762	0.94556507097149844	0.80849524393468786	0.06204717681690354	0.033878329843790488	0.077009573555593014	0.98890910784903663	0.9900770216601551	0.9779143090251492	0.0049231217696375316	0.0044517141611932765	0.0076335498027687576
BGC0000117	Polyketide	18	110	0.98185620162498066	0.98619332226066736	0.94839958167010152	0.014304444858029992	0.0072867906849810819	0.017259049494867451	0.95590044872696622	0.95925711336762753	0.91456941794287805	0.022459410001149965	0.0178245612508545	0.027436335677606283	0.9814670594321605	0.98518168090595015	0.94840594281387647	0.013741373496766317	0.0074437107820733098	0.016390033526336056
BGC0000118	Polyketide	28	100	0.97055283045049079	0.97724784353611616	0.93015201640840517	0.02055955521772514	0.011850949396822097	0.020147015997122208	0.88863046250963929	0.90782255813901447	0.75176842426610047	0.073996282116936762	0.045601722534160991	0.09339449377968112	0.98000126248307051	0.98401537503457415	0.95639773327473698	0.013123250120408918	0.0080335448139340574	0.014980306336577542
BGC0000119	Polyketide Saccharide	53	75	0.93140545954125553	0.95901106235979916	0.81861488509099345	0.053515446069432107	0.027970659916292395	0.078695238704272419	0.87408767256919351	0.8668137827247131	0.78873530058853869	0.056963768756482978	0.051932664631430869	0.096414941139807642	0.93517709773669111	0.95420998899126319	0.83847121322609586	0.051459795684279962	0.026425493754604411	0.07701117825228021
BGC0000120	Polyketide	15	113	0.96786491566929678	0.97373922748885011	0.91720222480011715	0.024273154554289161	0.012941868954457304	0.024659357981397401	0.98063892410565234	0.98417858665235369	0.94739655933957789	0.01412625641719813	0.0077857431950621335	0.015956286912633844	0.96343738930355427	0.97116236087376917	0.90836373379006052	0.027390931831966024	0.014737216632231131	0.029269107718840059
BGC0000121	Polyketide	16	112	0.9962026275069169	0.99706761452986625	0.99128007418774733	0.0020431991732086908	0.0015201355262485228	0.0028637854266827523	0.99267586422931797	0.99396119394768079	0.98354091458531645	0.0047102602605824983	0.0029349134603670725	0.0068451079408582416	0.99585542486205036	0.99680387661024406	0.99056396905159394	0.0021417301113856998	0.0016592427131688181	0.0030462394278072402
BGC0000122	Polyketide	9	119	0.80057125754058855	0.85531943203068472	0.57835157572076146	0.13784637379032785	0.084890430639836853	0.17622372747251169	0.65124285562123008	0.62456969073569435	0.41502920800229015	0.16037438035630755	0.1555995580795228	0.26482603239173275	0.8074396197313144	0.87132087523792423	0.58291488467928265	0.1401305923621165	0.08179897049439519	0.17765276537085817
BGC0000123	Polyketide	28	100	0.98027494847655738	0.98004188770519352	0.9680504577746214	0.010217660511823289	0.0079243215018643728	0.01416674437129517	0.9490820107996788	0.94603084083218525	0.91500619865056432	0.024238368715917467	0.020585739270732106	0.031843565819219433	0.97951838968472715	0.97930852025346149	0.96670140741523625	0.010835319880850293	0.0082304282836443317	0.015819429130812246
BGC0000124	Polyketide	12	116	0.96937933642434237	0.97486534615488929	0.92946367242408579	0.019745105404725988	0.01238993235257313	0.02199466322439747	0.96281039382193434	0.96972477580076566	0.93274998497163164	0.019457122670775595	0.015039215162002772	0.034338529784807226	0.96700961923493023	0.97174428662610746	0.92726768817367744	0.021310951925805472	0.013363743063218237	0.021764203130053783
BGC0000125	Polyketide	17	111	0.9103900206036204	0.9755820726221297	0.79033253934627479	0.091870329432608797	0.036572091669211916	0.12982935758481173	0.81752835906837296	0.80430326750816805	0.61269944225986905	0.12023012562361109	0.076363635586505232	0.18194426706070088	0.9127924815555748	0.98144389068164228	0.77898758379298982	0.093293306194470932	0.035579763706314549	0.13040352200915761
BGC0000126	Polyketide	8	120	0.96491650611561997	0.96931262563529841	0.93579655461244371	0.016591890739275313	0.014153502317538712	0.024124100346066379	0.81810018837963783	0.83399320446845615	0.68023938127429195	0.097388867225527434	0.077021289065930934	0.15058573890763738	0.96733375979833869	0.97190432305150187	0.93915290152884634	0.015712903154367245	0.013170917682361182	0.022881303336279357
BGC0000127	Polyketide	18	110	0.94497630914598607	0.94754206858084711	0.85192701166088958	0.042514087714208761	0.022260943293471371	0.053824425082155791	0.90533476200119212	0.91788015227261988	0.71117391511601757	0.083003281545259974	0.038798104801450961	0.10360194089922115	0.94874607732137917	0.95155140597826104	0.86940181237641989	0.037407385378408098	0.020716748265035688	0.049246849933166748
BGC0000128	Polyketide	20	108	0.93609618597007516	0.94721628886260612	0.85356719954130023	0.041319842067917528	0.025934610548358085	0.044431421772743618	0.80839010095732144	0.82461269485387367	0.59612161225966986	0.12858340679617364	0.080377085384242569	0.18194032029022045	0.94798001484004035	0.95827415007912542	0.88274018205646565	0.033429072018901378	0.021053560170105557	0.036836893225850598
BGC0000129	Polyketide	9	119	0.98369465009400958	0.98363605092134021	0.97082641409807335	0.0078684722353268514	0.0065443130081111796	0.011247430779876666	0.98746520741954458	0.98655862363419122	0.97699599266251602	0.0062153501311964111	0.0050280349102528763	0.0086526778970122953	0.9815017608090788	0.98244123261131522	0.96366937959829979	0.010003795409405537	0.0074281416919470987	0.013844417145838506
BGC0000130	Polyketide	35	93	0.9829013915283733	0.98514576464104342	0.95839822230737426	0.011331476261206746	0.0068634437244185385	0.012734440675846059	0.98433725898894464	0.98340495265342254	0.97340893148660002	0.0063033448916650012	0.0062866677455186261	0.011316876074985993	0.97642871861136982	0.9801556164908185	0.93252882356985145	0.018432036079016466	0.009474868362551337	0.01961328529508588
BGC0000131	Polyketide	6	122	0.64737152285290556	0.65150931237837806	0.3448029872901	0.19651838247689651	0.15334558426253614	0.24604502818716878	0.46827271326840669	0.45970099637409723	0.155826144660178	0.21561565137727762	0.24222205245419876	0.41895824146038441	0.64661188717890916	0.64710448883768423	0.34438872037035156	0.19787481710837429	0.15363043384664879	0.24335844830862741
BGC0000132	Polyketide	11	117	0.98232927976942364	0.98364266058517869	0.96850712658496152	0.00970958859500895	0.0070941786881370868	0.013685342108961884	0.91599266448484384	0.91160449495053641	0.84102258731796387	0.055954087165777461	0.034212141506021698	0.077311251067319176	0.9844424636941701	0.98480920139786365	0.97319251353888936	0.0081417108538476522	0.0062429211696566787	0.010835170472754396
BGC0000133	Polyketide	36	92	0.98548431283187976	0.98557959119748617	0.97660536186817493	0.0047214276240613124	0.0058245146792970772	0.0079546218865005347	0.94043640231620595	0.94395882239718865	0.90759328049056009	0.02193203365538883	0.024123718728624399	0.032517001489643316	0.9905347807855085	0.99112449904587274	0.98286031756498793	0.00342666554172435	0.0037946238822096578	0.0056472616269472864
BGC0000134	Polyketide	5	123	0.98628015226403609	0.98884876618506301	0.96553700297567746	0.0097729631081085282	0.0055063247572799236	0.012566389988765136	0.98772135796847249	0.99077114213511441	0.96956118955977566	0.0085513041417531587	0.004926296625780968	0.011262010130109079	0.98595969106453496	0.98855913103457227	0.9651748100871409	0.00995150722406332	0.0056352764219342434	0.012865964516949324
BGC0000135	Polyketide	33	95	0.97167636902719923	0.98029424625349271	0.93733296438043612	0.020727156822439367	0.011406886106671444	0.029971961075414555	0.91620810648501716	0.93604397500732628	0.81697712394359301	0.056057744025906964	0.034244907920344604	0.083234088271048945	0.98015990718483503	0.98556042996605964	0.95469175475130408	0.012856644834758594	0.0079737769364043535	0.019376788662232913
BGC0000136	Polyketide	64	64	0.98277274947751947	0.98037836252846544	0.96396929366748119	0.011418178924037474	0.0069155326332244861	0.015066359868988632	0.97943699296589448	0.97782035598090133	0.95736136956741869	0.014211113003411267	0.008270027955415005	0.016168753683653891	0.97922261389338794	0.9803174316171297	0.95979690791636785	0.012029855713420252	0.0083515946649897147	0.014669056771120514
BGC0000137	Polyketide	39	89	0.98684412007923361	0.9905703344087915	0.97008133839851152	0.0088422014815472232	0.0052809095272103425	0.010719654573713266	0.9594971416001945	0.97014330202645649	0.87077183479143627	0.039612482357892324	0.016363117267140837	0.048525720095685565	0.9874099788642875	0.98773230019510672	0.97703964833387102	0.0064587593017309082	0.0050510076277608066	0.0086151586921331402
BGC0000138	Polyketide	11	117	0.98159159945281738	0.98498035294475128	0.9617774371893959	0.0098859256383023557	0.007400119945482642	0.014798161342380323	0.95991055941570358	0.96185793641986561	0.9274627983943613	0.016725054191367446	0.016221200020512926	0.021993970851970746	0.98017980644681624	0.98312094858171784	0.96167955985356424	0.010193828593916198	0.0079672729121373458	0.015726214215224354
BGC0000140	Polyketide	11	117	0.9835326272788425	0.98619006573169865	0.9598775829725481	0.011570030583676201	0.0066098757617826685	0.014885420451230313	0.95887586485201692	0.9623614726574985	0.93287846975686628	0.017028681647341049	0.016594001706343862	0.026910724408190534	0.98372616779389899	0.98550074127885234	0.9590739493381466	0.011589887931742562	0.0065319683765798333	0.014785943203266316
BGC0000141	Polyketide	58	70	0.95995196330104515	0.98182499792355993	0.89995892641137409	0.03785637420541671	0.016172293570154726	0.052970522849736357	0.95354863959495584	0.96733441427429856	0.89255594890351242	0.040454256737359001	0.018849934669950462	0.059134366843760944	0.95313073678504945	0.97075117609616979	0.88372124165280541	0.040041547148193156	0.018928723321176032	0.053432340709322235
BGC0000142	Polyketide	25	103	0.93168117508784953	0.9275089358522367	0.8743084613603096	0.03799812940781204	0.028034736388136805	0.040195736845196062	0.8962139688970977	0.92653307028872767	0.77707644573895485	0.072396482039323862	0.042798921503962292	0.10480610349359387	0.91828017644512749	0.91178073377520785	0.86376176819479711	0.044622047162964404	0.033590945033066658	0.046895847052292106
BGC0000143	Polyketide	8	120	0.9655283928292413	0.97737439870061027	0.91800987963344005	0.027237004950026601	0.013890532597063899	0.037490800512086975	0.94429682902418777	0.94537314462506039	0.89727823276997987	0.031372393480408697	0.022581320725890919	0.031984670647504987	0.96423768764457896	0.97596336325433164	0.91377262091468336	0.028702202806819451	0.014416042552532283	0.039431385146292741
BGC0000144	Polyketide	49	79	0.98944142838582017	0.98753820540317971	0.98588011216724392	0.003483279136583738	0.0042328968611142544	0.0063271379355533952	0.98233407529703043	0.98127903508032999	0.96965749243155341	0.0086767812868492455	0.0070935000709836825	0.010079052012856526	0.98753175407487759	0.9867970821738854	0.97733674784316915	0.0060516434638721531	0.0050013356480189232	0.0086418055744621469
BGC0000145	NRP Polyketide	21	107	0.98890134554366127	0.99040224845720637	0.97894853335544652	0.006968331179287645	0.0044559386027109849	0.007604051011339541	0.96317183531330319	0.97814500271440397	0.90264808896977367	0.033242765374310861	0.014871937907323819	0.038321929762494378	0.99003849011251988	0.99016757550954848	0.9787116262359592	0.0058363570786199451	0.0039974563057638022	0.006956405573213531
BGC0000146	Polyketide	6	122	0.96774781862993087	0.96608086846322994	0.94688412385406751	0.014117647280063426	0.013003179803589004	0.019351276250854643	0.96549959848534728	0.97999264582977341	0.93071610320183551	0.026875322852100925	0.013899384962718276	0.038463717027436561	0.96597199882375462	0.96366793532195427	0.94532546234039527	0.014948796932276067	0.013725019272344152	0.020660802148686486
BGC0000147	Polyketide	13	115	0.98166202154747551	0.98343514278506317	0.96218389892237988	0.010556414675229654	0.0073703389509310211	0.013471942406440229	0.96955405911971071	0.97084702460695738	0.9416068258379775	0.015981096937964977	0.012272106297351582	0.022574803214981509	0.98053793424955271	0.98267308559426381	0.95820979075739088	0.011453642987685109	0.0078228850981104658	0.01397318033445738
BGC0000148	Polyketide	23	105	0.99104939962259864	0.99059076866785545	0.98628503896201847	0.0033360217958274272	0.0035876496701508164	0.0050553723052406685	0.96003606905806227	0.98209987632989404	0.90114739242479036	0.038689690019575791	0.01613216068368839	0.04830835967838587	0.98915432816944782	0.98973167026149556	0.98305248629304265	0.0047982025708307174	0.0043491236254166845	0.0061056427056259688
BGC0000149	Polyketide	13	115	0.97857704926775146	0.97950486186658414	0.94799557433075876	0.013036891123507241	0.0086094795575858644	0.015367089399427103	0.93609816579885052	0.93760627314200495	0.87940640047980978	0.034574905159652586	0.025983919170519409	0.050321174413541336	0.97983664594658837	0.98294963604551788	0.94843463784717075	0.013163247792248185	0.0081002306197322411	0.014116854501125986
BGC0000150	NRP Polyketide	47	81	0.98920073981385515	0.99133047550270459	0.97473193494677557	0.0059067064021806866	0.0043315326592958227	0.0069018183155591384	0.9777875108599462	0.97731982499311143	0.95860484676870061	0.01267866760974911	0.0089312849431916648	0.012085712010492133	0.98839101423648013	0.99079330789196796	0.97091879802909764	0.0078678241621447289	0.0046586575522177933	0.0091472300686611385
BGC0000151	Polyketide Saccharide	25	103	0.94827899672766269	0.9456766627037414	0.88743304025652991	0.033748471365619107	0.020921984480943356	0.044287803683011773	0.82299097270651544	0.80694708222940559	0.67299611182519026	0.10949383581735522	0.074301296981591672	0.1732631735246376	0.96727460052070824	0.9671173793758665	0.92672863780783121	0.020478828338526506	0.013178980182090915	0.028215276119140875
BGC0000152	Polyketide	17	111	0.99367455742180211	0.99546061153148624	0.98507195833613459	0.0044313033829911728	0.0025340189468734176	0.0057946982926645463	0.99314240970370748	0.99347923779533787	0.98640478296529899	0.003339028135625248	0.0027476396362607234	0.0049840667624559964	0.99291035063345423	0.99505797728090606	0.98270977488999156	0.0054069541903029473	0.0028405459747695705	0.0069493572896156541
BGC0000153	NRP Polyketide	20	108	0.99153288529395345	0.99304485632145512	0.98393011689380305	0.0049044882812386238	0.0033934365512072739	0.0054746018717851674	0.96648030925810779	0.96806216576711157	0.92949748108840491	0.021296562457070484	0.01352152356322267	0.021259411103332293	0.99105402402056486	0.99292216025220115	0.98323351586404006	0.005147460805049589	0.0035850710507446372	0.0071786263344593149
BGC0000154	Polyketide	14	114	0.99043212017874893	0.99236724266877085	0.97970367775770484	0.0069611318381359024	0.0038353863596406247	0.0093048853759406525	0.99414849978245012	0.99399184908824267	0.98968912824468958	0.0031030642073662266	0.002344545159007061	0.0034603220493493181	0.98907964482504962	0.99152150823822316	0.97631235072571509	0.0079825693737690332	0.0043785647277758688	0.010522536530954585
BGC0000156	Polyketide	5	123	0.97098582836367908	0.97231171129595095	0.94335231152614119	0.015579812830677869	0.01168204495591676	0.019543674023863256	0.96610807037556901	0.97780674973739146	0.91877711823455566	0.021800206206016855	0.013656136397713436	0.024641046215908236	0.97057121802165958	0.97149677065998596	0.94233211482060919	0.015599337506448371	0.01185062098802887	0.019620961226938349
BGC0000157	Polyketide	14	114	0.9661361926439419	0.96785269163863197	0.94048371567303402	0.015733926495135313	0.013642973229195721	0.025343787325412204	0.89970643332468647	0.92569997998140063	0.75239897893460517	0.07515693907378912	0.041174288148751417	0.10457110075420462	0.96621606824571271	0.9653903191573141	0.94058231899098665	0.016577607750695399	0.013611017349669342	0.025131773288842196
BGC0000158	Polyketide	21	107	0.98854732116305899	0.9933834898424343	0.97247698759004308	0.0094672283654479179	0.0045919979370174554	0.01290903072862204	0.97744736484527817	0.97498244186169569	0.95997291553900366	0.011552583379711387	0.0090684885131946617	0.012193634675448983	0.98717607924934114	0.99154527822712568	0.9713502441401255	0.0097403353422065887	0.005143119963908949	0.013649088732614389
BGC0000159	Polyketide	29	99	0.98282372294871878	0.9872317131774746	0.95613912138693646	0.011450171890493594	0.0068952109484036626	0.013761199005660751	0.95619165526124061	0.96784476482129767	0.88330856966553917	0.034340204721031276	0.017681992971849515	0.040692565046656859	0.98657682232569377	0.98755517007626925	0.96979311589549977	0.0071109173999661943	0.00538469229353109	0.0090247592559916656
BGC0000160	Polyketide	9	119	0.98446400967934466	0.98662494635980091	0.96839006069651534	0.010087741383988463	0.0062350600805332725	0.014206405661359445	0.987068314992956	0.98755249602524153	0.97389297470769709	0.0081196537363680665	0.0051886509308784138	0.0090261281055441511	0.98372042427127515	0.98594742724292295	0.96616912637168761	0.010605166581442739	0.0065345325603238576	0.014785790478405336
BGC0000161	Polyketide	11	117	0.96737324841982308	0.97713989032497928	0.92015815239711785	0.026215804771633305	0.013194289916750956	0.03875239131296826	0.94077646832401352	0.93891645383261779	0.88837863471182354	0.032084459881072183	0.024017999416205617	0.044032041676048794	0.96750187201620153	0.97899865415984855	0.91650461600293265	0.027230619059643257	0.013147239200401239	0.039681284630830982
BGC0000162	Polyketide	45	83	0.98944745617158547	0.99044185102624238	0.97880827553980376	0.0051633815612831561	0.0042312058216162022	0.0071746557690003376	0.98297303566177052	0.9848448987069518	0.96475199359072605	0.010739575844862292	0.0068410317873010664	0.016094900853746097	0.98647934949319216	0.98747301268411181	0.96253463822782914	0.0096901972802820192	0.0054242621808264779	0.01171439998483037
BGC0000163	Polyketide	52	76	0.98599246055680911	0.98540771469140365	0.97794441122454556	0.0057858733851932059	0.0056201189076658942	0.0087050310977472289	0.96674554595561857	0.96921445620523095	0.94081278554808567	0.015594045101585904	0.013392752746516657	0.022712462560670277	0.98424276757823459	0.9860113239093955	0.96426335337820168	0.0094477003546193025	0.0063282313448393083	0.013242846032478273
BGC0000164	Polyketide	33	95	0.99202780827762393	0.99301639574363831	0.98033607386781185	0.0056474205850229522	0.0031956032736727424	0.0077278732901013836	0.96120133012851094	0.97384851605030243	0.916720592774801	0.02830580897856632	0.015670871794708673	0.043044929188244319	0.99357220365819821	0.99462101478715081	0.98595910422140975	0.0034036568570655853	0.0025757356024869171	0.004148179657502693
BGC0000165	Polyketide	31	97	0.9923599954607063	0.99180716125138058	0.9865116637391782	0.0036226549112218201	0.0030612509571862124	0.0057424657945173152	0.97839596682686147	0.98463387079972287	0.94604286073363986	0.015600684099130445	0.0086865347044687187	0.019783540504659247	0.98963883146038933	0.99102337538766239	0.97764902993565017	0.0059417356969294127	0.0041533749331596368	0.0088197793619549936
BGC0000166	Polyketide	7	121	0.99395987394165286	0.99403450799167237	0.9880272342587092	0.0029300849625287658	0.0024190507807227311	0.0041384358399643162	0.98624060870000696	0.98512691105886818	0.97457433077882483	0.005824216337996368	0.0055206573405105486	0.0073425213598786732	0.99352498557372626	0.99375079741613792	0.98664819451895114	0.0033494457052988384	0.0025934404778929386	0.004531023783285737
BGC0000167	Polyketide	20	108	0.91946937196573197	0.95437962358101114	0.82993439926503265	0.061420871492232659	0.032803358064992037	0.08584917036692441	0.83465668052531305	0.85957233173442449	0.63891837615378044	0.098202245528323351	0.069042345402276689	0.11801924140635134	0.9258016403309457	0.95755218942142539	0.8469118608703764	0.056236225227501338	0.030170601378090266	0.079095356872029954
BGC0000168	Polyketide	22	106	0.96474060431638531	0.96618037872092066	0.91885656557040296	0.027679757675897494	0.014292805520129214	0.038585222839352062	0.97603283716184153	0.98832259198919481	0.93758059075571154	0.021801010484714226	0.0096599052792638584	0.030954850699774106	0.95926341961443762	0.95851583696218801	0.91433634660837226	0.029742704560232237	0.016552282501352589	0.040623124591740556
BGC0000170	Polyketide	10	118	0.97601862936553341	0.98618272756530245	0.93622102371687854	0.02094987171320746	0.0096516117742172277	0.028759488589443216	0.99072815087272892	0.99174312182795377	0.97979255513887675	0.005795677484630452	0.0037178082585261007	0.0070172473826213277	0.97407623042937563	0.98591016001590026	0.92981193717398303	0.023126367440313808	0.010439420718905601	0.031677945712693556
BGC0000171	Polyketide	31	97	0.96038477600527516	0.96759535478704151	0.92110857817521252	0.027635667784542812	0.016037160468976696	0.042978394386934293	0.90832160005443785	0.91174347161099378	0.82331908677039067	0.046071181423380327	0.037557630392378159	0.068021246209685082	0.95727691548475402	0.97197367202045681	0.9043186255460296	0.033264582508660864	0.017283322023796722	0.048942252593058622
BGC0000172	Polyketide	22	106	0.89586428087645442	0.89676993288901707	0.81699441322846889	0.068089182173250148	0.042686250512262602	0.068363672979959156	0.92072716905361163	0.91604441815803761	0.85731383148388951	0.045689814859440098	0.032290084929961417	0.055663463054361428	0.88748837753157195	0.89470615995621672	0.79364937160578375	0.0743043693389661	0.046219754285231576	0.071686741331986825
BGC0000173	Polyketide	14	114	0.96582613060976819	0.9721017946562337	0.9148179721341303	0.024721975764889961	0.013768084091921696	0.023640755261754909	0.94253575230220277	0.94773086808259532	0.85787221867123653	0.038366350990123602	0.023321236715745087	0.045673402961651899	0.96510054431188974	0.97215761094782094	0.91450260860329713	0.025261878365541918	0.014061181502121633	0.024290068240907958
BGC0000174	Polyketide	5	123	0.98686809521703744	0.98751708219484047	0.97514952082870443	0.0076572656779498741	0.005268168284232622	0.011412825867669452	0.9487276734328931	0.96158354376112554	0.89263440843551045	0.039910390239882812	0.020756740669683981	0.056751953636151375	0.98699769970315843	0.98677166234887048	0.97647228205120629	0.0072842137383706479	0.0052161759333021031	0.010867108990988639
BGC0000175	Polyketide	18	110	0.91321021825812232	0.90774594572331724	0.83600382722850131	0.048464096743704915	0.035386993155646439	0.053940775233546123	0.81617162556409417	0.82356134749387222	0.6624954536139861	0.091334459701753232	0.076763007058271743	0.15679067726513063	0.90495182148671449	0.90614348005628553	0.80063823293253322	0.060534442705858831	0.038805112952425877	0.069470346009722905
BGC0000176	Polyketide	15	113	0.91251138864237036	0.92660125588870002	0.77552406833536602	0.061649797339295466	0.035696027022185571	0.063942173368941813	0.86318314586394784	0.89268313249363684	0.65036068101955047	0.095942028590100981	0.056371050905482958	0.11435580169790416	0.91720107267000395	0.92983997681096109	0.78926845667861079	0.057865581846149629	0.033755822215280909	0.058580190213464944
BGC0000177	Polyketide	11	117	0.97729626547757176	0.97673867812837367	0.95254504820556207	0.012031978422566893	0.0091391152263918581	0.017705636080882381	0.93611644172660058	0.9466582861646351	0.82599903383302709	0.050586623398685207	0.026013007470526751	0.053796131354726606	0.97815707148338016	0.97954889434849557	0.95370077112539964	0.01114703659258191	0.0087944253168499072	0.015558121805903213
BGC0000178	Polyketide	20	108	0.96735669506831656	0.97598240237300837	0.91301335469130207	0.02813764666132474	0.013145435228166736	0.035934339610483201	0.97514613370308645	0.97510722451083787	0.9492228471200872	0.01457653446944835	0.0099977472551298074	0.019419810005138483	0.96469633959667755	0.974665666588867	0.90324297595727165	0.031662772304739926	0.014223945982122555	0.039787413314531284
BGC0000179	Polyketide	16	112	0.984302786977721	0.98646682135896069	0.96841087239885826	0.0096305432766185042	0.0063222488998688989	0.01320023497415701	0.93066627865563123	0.95417881463969145	0.83701953685330854	0.058619871579494151	0.028321935674938303	0.085944358613558758	0.98759086874031377	0.98828040297544884	0.97558772406438865	0.0067611967004912923	0.0049916732770409087	0.0091967859817337905
BGC0000180	Polyketide	8	120	0.97525349472173661	0.97545615222709692	0.9633983220632425	0.0091489291463376539	0.0099600924545859334	0.013974605317016997	0.95836226197426411	0.96003558406497524	0.93417382486090295	0.017938952780076085	0.016809532925850013	0.022486180735638461	0.97493187725896713	0.97458318159854773	0.96290441754868361	0.0095939613594529551	0.010090427899885013	0.013987984515899332
BGC0000181	Polyketide	10	118	0.96102865655831438	0.95855599099465727	0.91707161412228622	0.026289787422261915	0.015858731100698908	0.037071596636682691	0.95896347381744573	0.97435459860914542	0.88089645366368707	0.037487006919951452	0.016597018924671757	0.047487707841381455	0.95974715647207032	0.95443250798008517	0.91893568073128384	0.026108366307712415	0.016396295794518356	0.036763402972903481
BGC0000182	Polyketide	36	92	0.98268817002850484	0.98452577997267365	0.94838431578552418	0.015118102661453411	0.0069498154351249394	0.017679246693683148	0.97153197021407289	0.96583285979045397	0.94540459112476238	0.017639471688988252	0.011508188142930354	0.026494495728822898	0.98033593998666502	0.98160826404416746	0.93469857368180687	0.018606236567102044	0.0078968128159965685	0.019151479208487476
BGC0000184	Polyketide	23	105	0.98263763697052098	0.98301084921231663	0.97006747365505108	0.010098011850549444	0.0069707899525337739	0.011887040642029723	0.9744583184500788	0.97652754730834612	0.94823541277022583	0.015651116114264667	0.010284492963534087	0.016274731897855554	0.98216272897484624	0.98061457214508296	0.96450914670360477	0.010893244361557997	0.0071614501123468564	0.011763473698223392
BGC0000185	Polyketide	10	118	0.94727165718381701	0.9645084295785793	0.85497354832734274	0.043557789105893079	0.021405901805843321	0.058145420975459272	0.88802691521653043	0.90971628707773633	0.76980055097655264	0.062645293110077674	0.046123605015741975	0.075665397633531528	0.94853705340832106	0.96719472504783421	0.86045840208922053	0.043269263433991054	0.020884747789316482	0.057903463972993063
BGC0000186	NRP Polyketide	19	109	0.98245044574150808	0.9840261115008867	0.96762549972537493	0.010101203652590273	0.0070457129259643425	0.01022935699912042	0.9585330076725711	0.96642742261019254	0.90371041878366209	0.03112312361755144	0.016732000661538304	0.035736249717978841	0.98413416702857204	0.98533198014448109	0.97017355314908826	0.0087106036030262374	0.0063675814601184657	0.0091493249844369906
BGC0000187	Polyketide	62	66	0.90736215450014213	0.90493808222358385	0.83340567900404694	0.042928770467056364	0.037840338681475426	0.070983850449644059	0.81537526782216874	0.79806695291860885	0.69975332861364969	0.074790582944534875	0.076909275508890262	0.098198079108512193	0.94672501379909002	0.9430458890712976	0.90696240403096107	0.029013787835862375	0.021654552073240119	0.048409316643489797
BGC0000188	Alkaloid	34	94	0.86005307263584441	0.92741509957753343	0.58638169781367722	0.1313804078207971	0.058181626623994599	0.19268895416841314	0.92452412608208046	0.93590627458338482	0.80377365296048064	0.05121754763005007	0.030785613173589431	0.064162038289234835	0.81511420487029407	0.92390456231409845	0.4727060377439295	0.1808113346393842	0.077647982555559159	0.27534071206838917
BGC0000189	Polyketide	8	120	0.78772692302829939	0.83922374987300963	0.59247525649985888	0.098956380380651535	0.089251151745243257	0.14408790626489609	0.6201841709022009	0.62808672085365691	0.23482591940308356	0.18866109281032448	0.16838995287272931	0.35019598562507648	0.79463940548210754	0.84493156352829213	0.60430830755392806	0.09701741853719352	0.086149460118424059	0.1434954231780633
BGC0000190	Polyketide	29	99	0.88343618324130335	0.94938822962326008	0.65278408789971931	0.12177110261387847	0.04825856107057671	0.17624088947656891	0.88202951873494295	0.93817271536783542	0.66894083081822087	0.11463832497749264	0.048896407821428699	0.16690965519121925	0.87840262613467546	0.94619643731709491	0.63717137868898166	0.12544378112000262	0.050441335467238835	0.18275600469764208
BGC0000191	Polyketide	25	103	0.98622549601656129	0.98857601483335933	0.97499592200333174	0.0077000014587496196	0.0055260973279554594	0.01018258678724504	0.96166835657413974	0.9712572195479805	0.92144245384686263	0.022490625489177546	0.015463791389245474	0.03148815870970556	0.98086746885920384	0.98413116214740737	0.96045175883281309	0.012963314839087423	0.0076847230923051454	0.01440775404846395
BGC0000192	Polyketide	15	113	0.98196825345661443	0.98795134574798305	0.9625354936021423	0.014685087215914232	0.0072441995840481612	0.019899538562717201	0.94191081324916459	0.95269872715122028	0.88439418195592201	0.031229823642745333	0.023524393661931951	0.043318021531384532	0.98114287902714481	0.98862231149370383	0.95364187382580479	0.017101462997167565	0.0075826274888009856	0.021918067046531542
BGC0000193	Polyketide	13	115	0.64202689119903944	0.62807610075063847	0.43067795431194239	0.14197506573448465	0.15533455951324887	0.2480551962636246	0.44833459546012067	0.55417401354072993	-0.092883494415287121	0.30013090983426843	0.26497245836877387	0.41490521569448791	0.64387064978186315	0.62535468549565643	0.44824937349522082	0.14184473781193657	0.15442695769702924	0.23751974057085024
BGC0000194	Polyketide	22	106	0.96535295215809813	0.9819198732679939	0.91031550796868566	0.033601322694032931	0.013994706213162122	0.045596849650328619	0.96860805534450733	0.97589453712145202	0.93583711286667626	0.01780313049892205	0.012647861734511535	0.0274009490215954	0.95954780457821942	0.973184503721918	0.89921595922722952	0.037773911244911973	0.016383796742560564	0.051209173029002075
BGC0000195	Polyketide	32	96	0.97298291084358834	0.97928536358031426	0.93113504220180088	0.020698249976779794	0.010884352690283827	0.021467490146864221	0.96862736472209221	0.97477427885637247	0.93376144851136766	0.019724731923562142	0.012655355293712622	0.018813790691552201	0.96377826340022676	0.97278659745708307	0.90533205241691572	0.028323098288049697	0.014637572051807445	0.028645318315135837
BGC0000196	Polyketide	8	120	0.87806678552532136	0.88028669868191445	0.80351476291366075	0.055656651863392574	0.050257173370586126	0.068489405486601651	0.74140937788867756	0.74134646433026452	0.56712957932726404	0.12304728249139561	0.11119212962816238	0.18281434177434419	0.87819523906162511	0.88153285510547341	0.79665485588844631	0.05675009051248503	0.050181352457602427	0.074611386572433713
BGC0000197	Polyketide Saccharide	23	105	0.97592098490222301	0.9807516724617964	0.94877239142985925	0.014999186987479561	0.0096836772263648278	0.016750940121987079	0.95596153909693393	0.96557082003723627	0.88734852127588781	0.033446839095045831	0.017785100817997068	0.039079607579448616	0.97772920145880193	0.98216059859031324	0.94960213492492018	0.012941163027652287	0.0089537901401556923	0.014859674954333935
BGC0000198	Polyketide Saccharide	42	86	0.98118400623391988	0.98409237045278286	0.95575739034189044	0.011552936129878304	0.0075558320483599005	0.016063312533545537	0.98009620567316402	0.98835110830730122	0.95061215252590725	0.017121756333187053	0.0079940736517626794	0.022523112214222762	0.96919510574612355	0.98052603794923188	0.92814928651435857	0.024710485189666356	0.012400086911819286	0.034011029126168046
BGC0000199	Polyketide Saccharide	37	91	0.99040281172881739	0.99016554395870671	0.98516026175486648	0.0039374390586594281	0.003854621488740495	0.0047969975154903421	0.9854460506192998	0.98313630280206765	0.97964099609994149	0.0047970007859276893	0.0058431406591829219	0.0084758375084649229	0.98835201217054625	0.9863500438811853	0.98239916402741778	0.0056428115158628474	0.0046841130464080564	0.0053746710701669809
BGC0000200	Polyketide Saccharide	35	93	0.97878958402196758	0.98296560164132907	0.95101444536962243	0.014001949304387092	0.0085338245102991143	0.016302202571561786	0.97896521233451972	0.98282433415725046	0.95534942376031762	0.012408964156158943	0.0084711042805878604	0.015084447537174084	0.97575110065209592	0.98120033659049322	0.94775043174283147	0.015217494912056172	0.0097593013204376293	0.018118623281373591
BGC0000201	Polyketide Saccharide	29	99	0.98328274504256508	0.98604354548477047	0.95204235383346225	0.013032540952872859	0.0067186076330591369	0.015322313987649494	0.93503803749852976	0.96903791635209657	0.79438264492937594	0.06839297341959262	0.026339634961409009	0.085119709974848856	0.98888302146238127	0.98864352780668052	0.97607855178261982	0.0064773218687875569	0.0044654448317462013	0.0068583215413774434
BGC0000202	Polyketide	45	83	0.98212265693158385	0.98291362029520224	0.96925631264845968	0.0098368977148245162	0.0072189166531035466	0.010835680304306039	0.97794408211335671	0.97969930055884202	0.96030738264359028	0.013376691479683206	0.0089363018495630889	0.014924925062259842	0.98099059806974043	0.98352797595513564	0.96480775170518851	0.010709881543824946	0.0076696585692388238	0.013906760448399891
BGC0000203	Polyketide	42	86	0.89666708245021365	0.89099159673057815	0.81698831261902705	0.051316044228217103	0.042519550917812877	0.074009703421322737	0.88049425441594631	0.90267681578118775	0.7874443132427742	0.061178621678908661	0.049343236793021307	0.096756731965741971	0.88997978272424461	0.8915430590219966	0.81399984638445855	0.050844178095305087	0.045474561803406102	0.068013772952150275
BGC0000204	Polyketide	12	116	0.95786938509724329	0.95881110704419081	0.92194629878755985	0.023208570358113037	0.017130673620511218	0.031646736904316852	0.90193289739770444	0.87637867849908102	0.83276816610134974	0.05712388518639	0.041092097577015797	0.072383983125066775	0.95758789515414189	0.95983089102345887	0.91622576055898364	0.025105530116516273	0.017232093079491383	0.033390399655588987
BGC0000205	Polyketide	6	122	0.89389068977147801	0.89841344016153746	0.75743310765936078	0.059517038118579134	0.043533629709954447	0.086148557283466709	0.84624476180704067	0.8820589776207004	0.66794266464994634	0.11682192968357254	0.06410906175177325	0.15268790085299977	0.88454876739853783	0.89168489436407494	0.72818137509790803	0.068505445797204134	0.047443049897995818	0.098955088117144707
BGC0000207	Polyketide	13	115	0.78731231199877394	0.80693133966126651	0.5726837385595368	0.10912825089885311	0.090613515928918753	0.18583375683656811	0.71527774735464789	0.74907264902440485	0.43090497907950037	0.16800428271117188	0.1258287694952242	0.19835987853968895	0.78083350853011646	0.79680221080312907	0.58154451289216436	0.1045539233347027	0.093380976919182818	0.18750486368902086
BGC0000208	Polyketide	21	107	0.92473154624322795	0.91360525961033634	0.86689831511635018	0.037801935375575337	0.03073196611136373	0.05408080401720905	0.94759209280546197	0.95464385711670308	0.88804210433506381	0.02843725311607357	0.021252242862762373	0.041554017571230228	0.91326442456974843	0.90433320304624376	0.84761332636790809	0.0458328401300147	0.035513100290629707	0.068220038010982087
BGC0000209	Polyketide	35	93	0.98832604622850118	0.98900514592928901	0.98040753305147821	0.0055403273796200128	0.0046833851234653109	0.0080193832776482843	0.97324535281193825	0.97800215026088999	0.93634601657889505	0.019692297843669493	0.010849826459970836	0.029660427034402637	0.98880942409967276	0.98741165935741781	0.98285544738869812	0.0053144531441386301	0.0044872567853304623	0.0058083843658128798
BGC0000210	Polyketide Saccharide	36	92	0.93727829955670461	0.96414388790943473	0.8235220259753806	0.055363897532616169	0.02561945836713786	0.065429544855174271	0.98076267226521341	0.98627287440527356	0.95625215284565157	0.012898058034551321	0.0077284588901488146	0.018019880899194707	0.89054771006435052	0.92436834973907156	0.68815365292834607	0.092701861912387259	0.045273870342532163	0.10616418728808574
BGC0000211	Polyketide	35	93	0.98929311024548183	0.99139983408862609	0.97318617044471423	0.0065643400644267678	0.0042952119285831983	0.0073668214989378589	0.97917979329425431	0.9795249662094353	0.95183321808918386	0.01525597957385315	0.0083768952067042827	0.013299563002833192	0.98941331416435285	0.99188882899622011	0.97435410529247446	0.0064757932283035155	0.0042462194589953043	0.0078286614840157309
BGC0000212	Polyketide	35	93	0.9947736932030995	0.99530389878936876	0.98953924244494762	0.0021959414122912613	0.0020963664895857549	0.0037419523898719609	0.98213253206278783	0.98134929608603305	0.9658421305596806	0.0083900072884850411	0.0072083186818704178	0.010263329248594522	0.99240449517342699	0.9944196190337562	0.98145975674374153	0.0045824842932040968	0.0030455509462493425	0.006090528315139343
BGC0000213	Polyketide	44	84	0.86424835315133097	0.87284259743458814	0.7334185593843332	0.06563377666565802	0.056124384027386197	0.1080003557132927	0.59421910328396121	0.59167127162253819	0.27699961987101951	0.17982314673683741	0.18017320823200583	0.2756363204058746	0.923977155776884	0.92664352598372868	0.85411331171906602	0.044019879503959691	0.031138227745410661	0.049433030259458222
BGC0000214	Polyketide	14	114	0.95040447360285163	0.97288286533043866	0.87747771071703817	0.044399016199487766	0.020151834705639173	0.064996447702215132	0.79128365471666728	0.79922992813793536	0.52233623721357214	0.13155483998579456	0.088905106077518031	0.20834583131481976	0.95677769563826875	0.9757149402592733	0.89336351417787796	0.038647442902767483	0.017514816209099095	0.056255061778930915
BGC0000215	Polyketide	7	121	0.97100312199408934	0.96920401255418565	0.92864432424713295	0.019887386521991412	0.011699863640045627	0.023075318950472989	0.9740774650540599	0.97680964921837354	0.94577367406918134	0.017457015800748481	0.010430353779743818	0.023922658020314347	0.96772952595410044	0.96621818332265708	0.91699338758708016	0.022884795542001301	0.013034986960273453	0.027455052836774518
BGC0000216	Polyketide	38	90	0.98799853033405205	0.98973361369114776	0.97898932056372379	0.0054248328646694238	0.004814150876147916	0.0071920400376103144	0.96829921730421886	0.9736423823196152	0.91253742991414089	0.024502240929155056	0.012776371039496959	0.029680298188091037	0.98905918710327367	0.99087215104040116	0.97870770408241947	0.0060806725858546474	0.0043869591162561282	0.0088393750731684539
BGC0000217	Polyketide	9	119	0.93548929909480505	0.95782043288388741	0.85291294775302406	0.054973244406021325	0.026155601104586656	0.076291570622457394	0.82387641759118591	0.84184396518736371	0.48827686566703382	0.15391945792451853	0.074062884106719573	0.17892577866608761	0.9428074784960121	0.96378917906354689	0.87594067075915794	0.048318184827110762	0.023150355284777623	0.067417916694864743
BGC0000218	Polyketide	9	119	0.97956316016694189	0.98491050407983449	0.95920124639364279	0.01163577693797114	0.008214358037601243	0.015963172453797081	0.95465087770769763	0.97052508899815648	0.90677148821089049	0.028191208559725633	0.018335967035383739	0.041476185985636294	0.97835525336331874	0.98391585612209775	0.95251640930067905	0.013242251270900432	0.0087006530714312195	0.017365386771214908
BGC0000219	Polyketide Saccharide	25	103	0.95724811178029512	0.95110495248324511	0.9103755615712712	0.029888216150751254	0.017257738752248432	0.033632023361709118	0.93485128857786237	0.91945079185686196	0.8912709861331356	0.03865784145244567	0.02643869324178345	0.033208306098726825	0.94517801757998865	0.95502737608772748	0.85646828801707797	0.040927080109950449	0.022202930207861394	0.04568418493122417
BGC0000220	Polyketide	20	108	0.90817647460212247	0.90906319091847387	0.81871075016854322	0.049664538363665418	0.037700680403316957	0.075366928285163559	0.88284541629622315	0.89428569079290721	0.71531105376177562	0.077979724863716446	0.048226158006174337	0.1103582846315625	0.90799413858712141	0.90537968131829683	0.82668727399680042	0.047866968510599975	0.037798262764464539	0.070433040850334083
BGC0000221	Polyketide	25	103	0.98941795071732019	0.99058379611247926	0.97352067921206853	0.0077763183595304531	0.0042438376227220019	0.0099024010898197679	0.95402523804107786	0.95771040070026026	0.87222394489732902	0.037550745859189806	0.018653632546132014	0.050432587529507633	0.98916067998243695	0.99003521957261564	0.97832434556475945	0.0079117605836519275	0.0043469886885584511	0.010657474450497251
BGC0000222	Polyketide	46	82	0.97287712219274913	0.97143949348148828	0.95230456683991749	0.014952710465069817	0.010915820685752541	0.023429334361576681	0.95696924364374225	0.95197309631601013	0.93328315146153007	0.01843871716719871	0.017378983402757675	0.021657525247780751	0.96872264916822781	0.97337352110683628	0.93426043985766638	0.023046467058676936	0.01259823788642358	0.033743790460208256
BGC0000223	Polyketide	65	63	0.96861268424036095	0.98336289650267639	0.9228938091555533	0.026575086318999273	0.012635870136632232	0.035877470470303097	0.95842658321217566	0.95968522300473225	0.91909422915830175	0.021253749463074477	0.016776209487569593	0.032712291013314965	0.96712864135021803	0.98413457838097429	0.90420073203372564	0.031784255399680675	0.013243435012390715	0.041476111979119934
BGC0000224	Polyketide	33	95	0.97103928304644249	0.9768851631759452	0.94397581661065189	0.016929094606415868	0.011663137787358457	0.026540191936014979	0.90882618008124483	0.90664161322504633	0.83356571003972657	0.041867176708177432	0.037427408318416691	0.073346548373441345	0.97223987900089015	0.97764628683758548	0.94920806647206513	0.014360460146951911	0.011170241873172726	0.021481392027354773
BGC0000225	Polyketide	22	106	0.95490018206798655	0.96954371228525238	0.89722372164764763	0.037662321267324203	0.018234058416212329	0.054231019898977273	0.81233237966782323	0.88718753580305354	0.56289394866147324	0.1521445644924514	0.079927185912485155	0.25658432551148114	0.95612264183088091	0.98146151276561788	0.8976041615458008	0.042556229008800808	0.017744432531371635	0.060105228247798292
BGC0000226	Polyketide	27	101	0.91029640101769671	0.89948435894094891	0.87235704905562417	0.027931165832730906	0.036607678645600238	0.04728234679647747	0.83369597551670416	0.81979640862877057	0.76765865343394957	0.052607764119192109	0.068961415654729574	0.088035758432756794	0.91481109256501336	0.90820501195710879	0.886176891580161	0.027740915431160529	0.034774283134607085	0.041978391062483578
BGC0000227	Polyketide	37	91	0.92903001782288452	0.9638108086682956	0.80127175462957656	0.068985723692001719	0.028868151366934724	0.094457077899602671	0.86385804458532556	0.93939625583639863	0.69429269634185198	0.11855504065847483	0.057013243910245245	0.19732655336212246	0.92948605773253712	0.9536323506333666	0.81415782938182102	0.063519946606922256	0.02861786923900449	0.080820904601564325
BGC0000229	Polyketide Saccharide	34	94	0.96314869524432667	0.97507471452359629	0.90184996779715776	0.033274409949788385	0.01486311293492253	0.043195032996478977	0.95923697189157253	0.96758557026652126	0.90222397973520552	0.02705556934147433	0.016461311045782145	0.034896534609181407	0.95524272686210421	0.96881506614844648	0.89392150506009782	0.039757129057777958	0.018085955218692717	0.053171821631717964
BGC0000230	Polyketide	33	95	0.97934264067490917	0.97695983843480327	0.96694124406211313	0.0084395499723005571	0.0083221900422422827	0.014746076958918941	0.95436342274208175	0.96270334502010635	0.8921540579759778	0.028869493260374444	0.0185293916728154	0.036649677302644568	0.97110059493692447	0.97382135812909132	0.94359626130251373	0.016850564656138683	0.011655558866072257	0.025905396138038439
BGC0000231	Polyketide	5	123	0.96269439806807411	0.96335973044517487	0.9281318192897664	0.018006739090271045	0.015048448131786452	0.020444166787549012	0.88857878078221275	0.92251132816915127	0.7733871601417236	0.080877463277265998	0.045683852523902543	0.11763540673995732	0.96399436787806958	0.96570901231425188	0.92742685962816385	0.018007404659859363	0.014519603115048496	0.020626044841493107
BGC0000232	Polyketide	33	95	0.98962800199838041	0.9920258080179265	0.97939958946613803	0.0057555653858501598	0.0041638318045782666	0.0058913252627029733	0.97870002828350189	0.97615072187721041	0.96320497119061232	0.012569885843250474	0.0085586942465995623	0.012241606980568309	0.98852470158175332	0.98918607592880381	0.97620532841367713	0.0064763426468142813	0.0046108487078578174	0.0068032467918087702
BGC0000233	Polyketide	32	96	0.98983959946921674	0.98897267771914998	0.98625389091584914	0.0034375854606335399	0.0040730042161431831	0.0052697527781654374	0.94869638016712499	0.95450312262879733	0.90894089814357504	0.024802948235807944	0.020803900466303583	0.034334058789901922	0.99004858145280328	0.98993004952622909	0.9857204269043196	0.0025643043674169093	0.0039888234387893016	0.0047942389717314793
BGC0000234	Polyketide	7	121	0.95393777450821415	0.95004771967322599	0.92013420448683192	0.023841410115981367	0.018632912004854264	0.031580511903308239	0.96179014086966708	0.96885885496434765	0.91825306526850692	0.023204814164351911	0.015523972024696575	0.023136535452440876	0.9509578260172864	0.94673676291847597	0.91324967872234264	0.025960561886206105	0.019853366841468323	0.033748606289713767
BGC0000235	Polyketide	20	108	0.96090085541738046	0.97115236992532772	0.91444352746660928	0.025916947010266939	0.015858482622851409	0.041744641111767233	0.89658343735088264	0.90399525794938929	0.79927460655179572	0.068750309827287678	0.043505745740132287	0.10310564737723005	0.96231383114002911	0.9778406634573229	0.92156154860447892	0.027067022754158673	0.01525246042363817	0.042816685164075774
BGC0000236	Polyketide	36	92	0.9590690842496743	0.96604663756313736	0.8926236126296242	0.031944414936821812	0.016701031178330682	0.048091502473254222	0.86960251501520247	0.90004465532150757	0.74445489828512912	0.07109973887031304	0.055274404890417482	0.130771171038365	0.9659225241622027	0.97481040616667614	0.9044624613625053	0.028831566929569306	0.013856679633595759	0.041564872727799185
BGC0000237	Polyketide	15	113	0.86054532966467989	0.87114828611586814	0.77039840351827515	0.057447278466683502	0.058227663892217077	0.076805471057040386	0.83684263186802421	0.85816548638288204	0.69590826444697806	0.078646106234564611	0.06888603848153943	0.10864019255034441	0.85771672320294723	0.86267413961556716	0.75873970445651684	0.062918266294144362	0.059493963264891959	0.078254530601220451
BGC0000238	Polyketide	57	71	0.92270090317202236	0.92977084421825484	0.85848609440584756	0.03373858131032606	0.031418341995647615	0.044971626654012331	0.80517586238939831	0.81902274010523946	0.68791289669365918	0.083898602678335613	0.081327695037457376	0.13119039279948819	0.9553000566258516	0.96208077643969991	0.91516874574626006	0.024131694203505728	0.01808392087932047	0.027735574366665849
BGC0000239	Polyketide Saccharide	32	96	0.94751492195884224	0.95145677195367373	0.89764098301046602	0.026008557928586695	0.021331910256607058	0.03279803289769212	0.93240579128944712	0.9489077450046286	0.82152195203172573	0.052688528918254388	0.027542963722495671	0.061929974295371615	0.93275341971961478	0.93981339153276866	0.8912657230940253	0.026328573202276044	0.027543887523969367	0.038558906193788101
BGC0000240	Polyketide Saccharide	65	63	0.96216069489903266	0.96765575052544095	0.88881031818021927	0.030875372273461925	0.015258213645545559	0.032595454060507012	0.9617503780044323	0.96638821113155338	0.88291092832031848	0.03183483050329413	0.015436096265756372	0.032216485433802511	0.96119159107896868	0.96756225889633596	0.89617705239652068	0.029973816706978035	0.015652003730860554	0.03405570358151444
BGC0000241	Polyketide Saccharide	58	70	0.97047308173618152	0.97359942112212294	0.93582886430102696	0.016094772019257242	0.011926508543457092	0.019753050181309129	0.97196114055951432	0.97506855016628602	0.92587595245221488	0.01996351080184753	0.011349843007859618	0.022436180087988977	0.96770374778011037	0.968868189390233	0.9441692471586246	0.0141479110370402	0.013037749879708228	0.02042827724748153
BGC0000242	Polyketide	46	82	0.96344829579090541	0.99002775491792194	0.91093784161801594	0.039784472587296449	0.01499242374159233	0.059702138957871687	0.94206251150137243	0.97303539232397074	0.87160930284249039	0.053364624439575646	0.024072312514746751	0.087460081647888543	0.96835900810928344	0.99091005720965164	0.92162707834052393	0.034052280934453533	0.012878504242072264	0.049552827733826854
BGC0000243	Polyketide	12	116	0.91438550125478402	0.92067135960219393	0.79088662439157931	0.056201050501974291	0.034937404900410418	0.077922249381917386	0.90378935051152376	0.92671884497353574	0.79586199224048892	0.060279232404749451	0.039329513269076785	0.087972531840305512	0.90312957963791374	0.90654704436144096	0.77580194386888535	0.059977478473630698	0.039666808298580401	0.079997384017174378
BGC0000244	Polyketide	6	122	0.76662528619739867	0.76473788247171703	0.57553789123937327	0.10714809751720113	0.098269087294713953	0.15390852464525706	0.49626657355424236	0.59655495556292526	0.097381050606398942	0.2540304314850178	0.22821117367389077	0.32966404184362053	0.76823718552439535	0.76837046591111524	0.57650367927963442	0.10453842054642601	0.097547715910304575	0.14920272008805147
BGC0000245	Polyketide	36	92	0.98292466276922175	0.98438361248758222	0.97045500681063734	0.0057486213163975728	0.0068559274381016612	0.010210943262095928	0.97567269763545161	0.97722059294258368	0.95899768972336219	0.011166187863720532	0.0097847946114049573	0.018013898716777499	0.97860304094742467	0.98080877321619164	0.96151589717659469	0.0080217476944776291	0.0085982005521956888	0.012533755420825465
BGC0000247	Polyketide Saccharide	35	93	0.99290868757740613	0.99399978876267747	0.97985849054602536	0.0052508949900217268	0.0028408640097799865	0.0054751722953614301	0.98508258425140427	0.98953088575781634	0.96241212333306225	0.0099028606793538521	0.0059853689495698911	0.012656968774903965	0.99222655569973173	0.99413497042809706	0.98419159250117727	0.004312633867446211	0.0031149288819195542	0.004604448206161682
BGC0000248	Polyketide	27	101	0.98548410624834992	0.98682980817082311	0.9629844799351589	0.009661977277343841	0.0058278226578869271	0.012160596978382787	0.93970473077904759	0.94923608879348764	0.8868235230994691	0.027063742772614065	0.024534092572105193	0.032618795793429523	0.98256936015169372	0.98240721129474284	0.948922267236323	0.014570100109646662	0.0070134403436760365	0.015816801696027061
BGC0000249	Polyketide	10	118	0.95212082661886799	0.95341261039645775	0.92557227172964607	0.019756755436422128	0.019356781719429939	0.029747664069640023	0.83162917105842882	0.86934135070895369	0.61744645371668982	0.1032000304499192	0.069927205444936621	0.16497067087398221	0.95240530157199932	0.95065265998768655	0.92753988036972468	0.019917990150021506	0.019237877199025411	0.029334842729306976
BGC0000252	Polyketide	14	114	0.93534024980756736	0.93325803462575807	0.8874395529877166	0.031323891210804887	0.026299747261300754	0.048249585756362401	0.78693072484341298	0.77016929154210567	0.69783716745306656	0.072258382797503393	0.089796086372353631	0.12939464799692846	0.92989864892493568	0.92221427837379011	0.87281669179463461	0.036292516371306503	0.028539452630756856	0.058319466427131705
BGC0000253	Polyketide	24	104	0.7699694613019108	0.77957324261817029	0.4125211980499886	0.17672500390165458	0.097792148571829537	0.27223609254612768	0.63096353185077281	0.70197375828837327	0.07330280217869807	0.28204443831606824	0.16184729945345092	0.46048714450177264	0.79153976188959174	0.78169835865391901	0.47875612238060317	0.15348466317748508	0.088232859156672713	0.23264952551935003
BGC0000254	Polyketide	20	108	0.9828330691859174	0.98379504744533042	0.9673030800358865	0.0077419806888830807	0.0068909794631161645	0.0094923119515039067	0.98073950247013553	0.98314071847589535	0.96045152946218815	0.0104530360295243	0.0077490483532822955	0.014482266279860934	0.98115624158337644	0.98362644887077044	0.95923270561096952	0.0097534931820752145	0.0075664674917280683	0.011693014968771176
BGC0000255	Polyketide	8	120	0.96615390356142505	0.97332009549167708	0.91255508226299664	0.026084289833524024	0.013682812973045433	0.035301169914058295	0.94753298103690897	0.96021244605342382	0.86426539079165932	0.036758625208750492	0.021523649827897406	0.053888383486114577	0.96682212268044876	0.97384400994993259	0.91461059764959241	0.025700557730681767	0.01340376945312618	0.034824610744815132
BGC0000256	Polyketide	28	100	0.94325368508945662	0.93527698287762306	0.8980139412875191	0.030475837978806795	0.0231011327421222	0.038030144299645019	0.93526873806154887	0.93465382191841506	0.87497084711354711	0.034961970422676757	0.026315921188207157	0.042584194560741584	0.93827427519694773	0.93993625840946526	0.87336283994544051	0.039592178076913523	0.025138997766147121	0.050756180053821764
BGC0000257	Polyketide	24	104	0.95576389588065802	0.98949688659702562	0.88877169842477466	0.047643520599241304	0.018149287413719527	0.070990220075872967	0.93076711821653046	0.9397281934761359	0.83501993634064353	0.041016299188895156	0.028315757125420938	0.05345303395524037	0.95160668638290069	0.98968026700288969	0.88084871300614864	0.052718688170892092	0.01988842296225022	0.079059033258045419
BGC0000258	Polyketide	17	111	0.95817403359023956	0.96531476755711876	0.90396291667914963	0.025822708515880099	0.01688355614893957	0.035964102850216562	0.96029633366019918	0.96210547139439884	0.91643183372772707	0.024228609988018558	0.016025501698763888	0.035320551000281641	0.95679738847110252	0.9647958892262396	0.90183156449316837	0.026262808844382531	0.01744510183427277	0.036368726697570741
BGC0000259	Polyketide	16	112	0.97009723681239313	0.97669419729652085	0.93015714986211517	0.0187843981711543	0.012076040978232028	0.023937912978175047	0.97441971523364046	0.97946270252495604	0.94508371298689453	0.017803154297991675	0.010339800025880841	0.022389055170087047	0.96818995901292693	0.97504736076025667	0.92702333697547734	0.019044183599361598	0.012848829928315597	0.024512830006407471
BGC0000260	Polyketide	26	102	0.98796305604708456	0.98847154035271911	0.97784922904730098	0.0059089423276064423	0.0048279016650421887	0.0071931092059692725	0.9848825347938579	0.9855831631676566	0.97241737518656379	0.0068298692865856516	0.0060660935826690968	0.010362397291516001	0.98782664272942511	0.98776726797903036	0.97752585827364735	0.0059847017527563644	0.0048835720401234853	0.0073816635570868039
BGC0000261	Polyketide	14	114	0.96699331619509044	0.97217060487682705	0.92892688027180736	0.021999121502550491	0.01331953631446663	0.033907941339884173	0.92791879055395687	0.92639551456963698	0.86999860792331662	0.044642456671640657	0.029471021866683246	0.072233378679055771	0.96730374240398231	0.97041709892110628	0.93424139990835364	0.018745989152269726	0.013190823589696032	0.030310278376839639
BGC0000262	Polyketide Saccharide	48	80	0.92756808072984975	0.98046730430923434	0.82570462929644539	0.077649676247433561	0.029414112067044074	0.10157233184486614	0.95790992828604438	0.96889169294914412	0.91216326487785138	0.029965598852934323	0.016990634193886755	0.042672901954393216	0.89872091719103864	0.98342841171217699	0.74061259126260592	0.11645565024023011	0.041385679798133165	0.15045732511229792
BGC0000263	Polyketide	35	93	0.98568862402943824	0.98792694201414022	0.97215466245839455	0.0080570978023526123	0.0057423200086218927	0.0088463909562199738	0.99019364697179546	0.99171574888704161	0.98119272077018993	0.0050054991078209076	0.0039336229430923849	0.0062865587332371353	0.97751192169261536	0.97751179215753625	0.95714943227725036	0.012766514760720164	0.009040450378142495	0.013887044410972438
BGC0000264	Polyketide	18	110	0.93247447728603472	0.93589811304041259	0.85305790402423975	0.042665446147764116	0.027410339723417953	0.052330186219444075	0.86176567207704835	0.87017074455707566	0.75652251159175121	0.071661963399475406	0.057207516086717015	0.10695911218362986	0.93637245517040102	0.93993405044199863	0.85878818196977058	0.039931600715118497	0.025801740079695178	0.049701539820037222
BGC0000265	Polyketide	12	116	0.72071694787441964	0.77647335141765228	0.51222622482031432	0.12930991120070243	0.12036728357500681	0.17252574418083999	0.68921594826809085	0.67839896983727055	0.45337501367043576	0.19874225929893796	0.13627600911211349	0.32343198155197994	0.70079590799245128	0.74308257484855167	0.48019529379175835	0.13754947997517544	0.12889401050627802	0.20986691723073225
BGC0000266	Polyketide	25	103	0.94330685537436421	0.95277240159718657	0.84653632987444816	0.038447230746713655	0.022956501440869515	0.041412022531215564	0.92539914352289299	0.92603526070452791	0.87830956375857339	0.036038837212810593	0.030483255065409321	0.051457448664715133	0.94152002670080837	0.9469416193181992	0.82355136748122137	0.04604699896250905	0.023676388498927836	0.049785458715444819
BGC0000267	Polyketide Saccharide	34	94	0.96418715682972833	0.96665719112297288	0.9340899590194045	0.018096346772104473	0.014501180302176331	0.024835370947985491	0.95087324505009274	0.96018679634954174	0.87517316340726992	0.033500510803155359	0.019942478668870313	0.045948521705249878	0.96084374725228794	0.96385388130980987	0.924894396277958	0.019727240709506988	0.015876943488130624	0.026947823703581397
BGC0000268	Polyketide	55	73	0.97907059650429473	0.98090652534943756	0.95751300729981736	0.011453724279584559	0.0084206735161073132	0.016652624555539286	0.97433213726039392	0.97620785941394073	0.93838874861737243	0.018014611846039405	0.010341570075296413	0.022560476931077655	0.97398131885943262	0.97636156163139076	0.9565727169511794	0.011638566458101412	0.010476381189105077	0.019242392248575158
BGC0000269	Polyketide Saccharide	46	82	0.96795904428617718	0.97338108546756674	0.92536210075787406	0.02128128901995241	0.012914731567137383	0.025816324189277262	0.96869544788732254	0.97300532018577912	0.94333188482154462	0.017172009164120094	0.012603421487275468	0.021175033940867394	0.95629338432562228	0.96598153343756832	0.89845661117955522	0.030073175539917119	0.017689243645227948	0.036272943464652929
BGC0000270	Polyketide	38	90	0.87325700465609546	0.88065859188877171	0.72556867883699561	0.06387716401880407	0.052082536607560459	0.085872149857617042	0.73138386093028185	0.76101142587392023	0.47480296191018051	0.13185569746346182	0.11594375622973725	0.17264004218829576	0.88927728373320747	0.91027128554327885	0.74435852024326876	0.062753533369577855	0.045506425812793162	0.09227098612779927
BGC0000271	Polyketide	12	116	0.93895848587929076	0.94302357143661286	0.88276371026914857	0.037013409512914167	0.024763992981095839	0.04373817732111962	0.8915949453229649	0.90060761975728099	0.76494454465867379	0.074024393108290162	0.044873467199530427	0.078156736547406402	0.94256081424337845	0.94611733273866649	0.88959720798557507	0.033357620140498007	0.023273617989194407	0.040515664136989482
BGC0000272	Polyketide	7	121	0.97204524362236722	0.9746115000993103	0.9390100064551925	0.016730090987255235	0.011271242404605508	0.023610197495486318	0.94838572186229297	0.94361850102499933	0.92871954134480461	0.018938123078173174	0.020902360326330617	0.032831323200787743	0.97133861005791344	0.97538529682772546	0.93689409575955429	0.018024890942678708	0.011557709392072967	0.025271784162670174
BGC0000273	Polyketide Saccharide	36	92	0.98798987950417616	0.99083762133175923	0.97448589595808954	0.0082704410371169258	0.0048192632060243493	0.010235031840549857	0.98037749807766283	0.98467773018898708	0.95384765022235096	0.013657371641383993	0.0078890609342942668	0.013691226450959548	0.9890812501854862	0.99136116533867968	0.97497902595462382	0.0074848098719670813	0.0043849336712324938	0.0094478395153420047
BGC0000274	Polyketide	35	93	0.96668429799288502	0.97056893378131337	0.93841941050303779	0.016309246511228052	0.013488013481449169	0.020612990210407856	0.95258783784848922	0.96030840762516556	0.89854604397612381	0.036489139060914236	0.019172685702147363	0.048619006666240527	0.96329650113084286	0.96230354833252796	0.93510840979098586	0.019490014433482989	0.014901589471978016	0.027384350150052028
BGC0000275	Polyketide	12	116	0.89791451678229084	0.9533533169824483	0.72463626928728408	0.097945051205030526	0.04202454536980911	0.14245970785973638	0.86181443935375701	0.9222803373253774	0.66795626873172242	0.12152665730984372	0.057360954093158709	0.18335326292801024	0.89645878419858316	0.94790014714342874	0.7279085051591816	0.09490219535120295	0.042619473432859566	0.1391934951541367
BGC0000277	Polyketide	9	119	0.70034482301636447	0.89588572761738727	0.32071940908314384	0.30141640164255046	0.1285276256986356	0.47150529347317061	0.60432003387924027	0.70050390630320669	0.26298586332393586	0.25136364667650202	0.17364808015063596	0.43246516067066021	0.70259806564982596	0.89479867436448413	0.326797129543485	0.29969668142472516	0.12755847820310598	0.46980449966141891
BGC0000278	Polyketide	5	123	0.91100563819331359	0.90653445590046733	0.83410936309925165	0.039539304663713255	0.036426935485225152	0.053522391007090886	0.87765753528883828	0.87579789580383405	0.82192518752186483	0.045935161205350343	0.050343129945689083	0.088854813811013456	0.90912028543668311	0.90365169480691754	0.82804834994654919	0.040678970761585526	0.037220099367925454	0.054571416711985843
BGC0000279	Polyketide	49	79	0.98774559013837637	0.98732538234757028	0.97315256024963448	0.0084909775997795995	0.0049146414840838485	0.0083620725173372268	0.97979756606981072	0.97992431818758563	0.96653547936871609	0.0094481108330014621	0.0081257935291424443	0.011577133258968808	0.98347674340910718	0.98649964016134084	0.95707116075421639	0.012991140416092286	0.0066355165782616687	0.013299629020765869
BGC0000280	Polyketide	6	122	0.84639901586369715	0.83379013745075659	0.73946976201655401	0.076485518844217115	0.064262319847606136	0.13547263045956592	0.78458579524451222	0.78095348046128144	0.64277491694035693	0.097433550103154659	0.091935752653677968	0.19814182683383785	0.84778347379759345	0.83534000736750169	0.74113788316183427	0.076306203715867257	0.063642573061724023	0.13345090790137359
BGC0000281	Polyketide	8	120	0.86975708804966911	0.89167479533193617	0.72857722604447639	0.073955171707314415	0.053633685073824114	0.085440516521739895	0.75619949063377612	0.78957271206726798	0.39638103704747657	0.16541421608544743	0.10392624680821601	0.22551174202618407	0.866986267677469	0.88683578212255165	0.72974604927361342	0.073911898790444824	0.05479320029777901	0.088978662687648313
BGC0000282	Polyketide	3	125	0.94021926628726971	0.94437775874068564	0.88075105139236554	0.032986141224402341	0.024216260614687422	0.040131067448938018	0.60434199575086023	0.6326656684137385	0.2423188119458827	0.22333223156094165	0.1734201421605876	0.25760244484571526	0.94146600461106522	0.94664925929236887	0.88411913453180968	0.031676219196189542	0.023704412415799701	0.039471561832918889
BGC0000283	Other	31	97	0.98062537478775202	0.98247792750337104	0.96488275671003509	0.0071387981904269962	0.0077851130620888668	0.011029050847955135	0.9155369688696311	0.90990344525768529	0.84967228102194436	0.046371310212773791	0.034481898797729379	0.072134799105583625	0.98379034516266461	0.98362930025889117	0.97102789829305991	0.0071286626570669746	0.0065100273694640443	0.01045277367948616
BGC0000284	Polyketide	4	124	0.82860276484244599	0.79116411305641399	0.690055218469661	0.096526900061192383	0.071235105079377692	0.09969487158781698	0.47217084123278596	0.44817193410985368	-0.068348027586983787	0.35290487665511644	0.24039619659055531	0.52239796184124954	0.82957999639225977	0.78492312880269766	0.69795009659546281	0.096610431055215149	0.070828143002751379	0.10044788645453084
BGC0000285	Polyketide Saccharide	9	119	0.90231990683841501	0.92622074336664451	0.77580702043114491	0.072943695208428902	0.0401059483501508	0.11449723833109082	0.77002966205460222	0.80750324989698397	0.4523465721193376	0.16715363140297063	0.096887672480009152	0.24251161610405381	0.90336502589070056	0.92968754819575938	0.77873325584389208	0.073619824921974622	0.039666495658318056	0.11460166934961447
BGC0000286	Polyketide	15	113	0.96398274012611262	0.97390244809266791	0.91433946673766964	0.028268230980990915	0.014638908455610288	0.028741029745821156	0.88541658213730068	0.89495218373578389	0.80811418499034005	0.053387162730593726	0.04714783069909232	0.069836937719953474	0.96413095628601586	0.97755098874527957	0.90802588429961473	0.027618825934913639	0.014603449355831511	0.026062450452547625
BGC0000287	NRP	5	123	0.97997867146171802	0.98074510656018588	0.96860957002968562	0.0080316879956145466	0.0080410440410461081	0.01343815080560784	0.9308801756256333	0.94449022176758723	0.87254327953032962	0.032936194875404057	0.02804325077584937	0.04328631310740727	0.98073427682893066	0.98158348635817882	0.97037697475036122	0.0075463666250208655	0.0077363913501418136	0.012842934136401363
BGC0000288	NRP	55	73	0.96042260247444933	0.95757250943996608	0.93520132447634341	0.014565582977550746	0.015984840260221466	0.021972461494860429	0.94515886447646003	0.94680263480128191	0.9226643116901857	0.014192579550902333	0.022281278692581362	0.030154105420064914	0.9389668463076829	0.94114756375147124	0.88791208109032049	0.031621167113397783	0.024787803696809552	0.038175186580442833
BGC0000289	NRP Saccharide	55	73	0.95448472155144515	0.96912050399708549	0.89134377249157737	0.031591722957138531	0.018424672470694459	0.047732247848583542	0.9217385636505192	0.93512988515922113	0.82422672099129723	0.05314297814081588	0.031896780770796031	0.076129328880533809	0.95195349245558236	0.95344120514115671	0.90041961959979178	0.032260702992399047	0.019480696048093726	0.04852043427295627
BGC0000290	NRP	34	94	0.96430053845253472	0.96278672790864284	0.94433063500337411	0.01449268114398264	0.014401237358295394	0.018264458258792859	0.95475512842236476	0.96192275240390335	0.90179375564891573	0.028307077404474721	0.018441624788180389	0.033737783488208994	0.95280885097336365	0.95036157387674081	0.9271520950049148	0.019912715668734395	0.019086045890519453	0.026301349586046352
BGC0000291	NRP	60	68	0.97357401422361178	0.97505978336733357	0.95118166941452886	0.012498070135215016	0.010644664073855314	0.017796300711686364	0.95813835279839965	0.95702084653396502	0.90955200938110747	0.022145899407000378	0.01700339960150854	0.028126737032387772	0.9685615286420699	0.97512165861827405	0.92597739523259204	0.020841693423187826	0.012723534427012417	0.030564944081072021
BGC0000292	NRP	10	118	0.92583502300146248	0.93773609277565784	0.84724817204863279	0.051381709888352674	0.030152203082550955	0.06667317546473106	0.95051081216455668	0.96041506472052363	0.89494622835661519	0.030253204613377462	0.020016996190173452	0.037577986451391987	0.92124643530552741	0.93165567297931084	0.83611409582075713	0.054593894439181535	0.032052901069777026	0.070895068766490654
BGC0000293	NRP	3	125	0.98281530354826163	0.9841178300583413	0.96700761541504177	0.0085186208232669279	0.0068988157225835511	0.011477097771842693	0.96084183054743666	0.96591890015282567	0.92532214186308992	0.023132751354163622	0.015926791170724774	0.037409469221797997	0.98284580885849471	0.98409547932902464	0.96676692130825126	0.0086027337716810155	0.0068863322431758078	0.01132761446925501
BGC0000294	NRP	18	110	0.9427026094884301	0.95894679552130246	0.86983934950677866	0.037658415900017637	0.023490566641819255	0.063071366345960111	0.95839493252227081	0.95989526202786313	0.93440142789274028	0.011399553882402129	0.016877017929284067	0.021922592004396946	0.9325560955718355	0.95614383763062005	0.8360437330955659	0.048795466982506724	0.027862455487621361	0.080423077101522855
BGC0000295	NRP	10	118	0.78518123614483726	0.79975226341250838	0.65187102874614722	0.068531063812471454	0.090175821099295672	0.10733953935340423	0.63881172000944053	0.7726849961941118	0.28013417365837839	0.2488965566535814	0.15694234750956795	0.423653093266815	0.77978556526974807	0.79160109544392476	0.66717731753748599	0.069482496393888482	0.09257410636242229	0.11867151754628136
BGC0000296	NRP	28	100	0.95873586636366637	0.95245397267381149	0.93430967014648691	0.019879574325505182	0.016660995516336506	0.03031148259619576	0.96983420803636933	0.97128505872259607	0.95554785070447001	0.012005708286630459	0.012145582894901686	0.020145546606482601	0.95200526126572671	0.94478507519759525	0.91775659782739016	0.024557940338433105	0.019413224504748028	0.035154916400557124
BGC0000297	NRP Polyketide Saccharide	17	111	0.94516940976972497	0.94955957856436313	0.91398150196599259	0.023684732128518751	0.022399158219653992	0.03333955457406923	0.63035547021775484	0.72168836619870569	0.20016574843978774	0.25835597897148127	0.16371367355872529	0.35081189520293077	0.95375360209704796	0.95566547476753239	0.92711448218903603	0.019842472367638045	0.01894743534703125	0.032062251665340158
BGC0000298	NRP	14	114	0.9364955882353605	0.94618033047411965	0.84583314401884635	0.043382958696525531	0.025769669854923329	0.054752360526788446	0.84820802221179825	0.82730761469605207	0.7803433913193969	0.06050490480548313	0.062869567048810415	0.11146975515876856	0.93550519581247649	0.94363370327666707	0.83578633119460266	0.045322810659698613	0.026191922653200628	0.056160814602942422
BGC0000300	NRP	16	112	0.99120643059278135	0.99213188743116221	0.98310709564366605	0.0060549831046871607	0.0035255052758994985	0.0087980815500506848	0.98631498876004309	0.99192899127764778	0.97023810744352446	0.011073466255587893	0.0054900354361394621	0.015737971705928278	0.99107687013314139	0.99027224696752902	0.98400057578666644	0.0055394254165724152	0.0035785128251151431	0.0080559329726385132
BGC0000301	NRP	5	123	0.96912622704554574	0.97464963694032813	0.93787805887743625	0.017938187845024905	0.012436627757611941	0.028329227338917629	0.93100619394617912	0.93385003518105902	0.89195049504129476	0.023918275459903528	0.028049427093340639	0.035793515197507175	0.96937961748582069	0.97552441001795875	0.93810113732595457	0.018078368775256128	0.012334822825713899	0.0284985209112949
BGC0000302	NRP	7	121	0.9824686932621427	0.98351924477329411	0.95577597679852355	0.011487725826408909	0.007038697814210626	0.013901266797462286	0.97029411006082511	0.97248464584154126	0.93923764559898604	0.014739279273227657	0.011958374098630653	0.019441371889714398	0.98244229469380395	0.98394597505953396	0.95634561895004011	0.011354904098226454	0.0070494101826798824	0.01385514857275072
BGC0000303	NRP	25	103	0.87392372108041538	0.95379934862341043	0.70774005262518458	0.12451923428539596	0.051983258915929767	0.18484825259585735	0.84879698393917646	0.93668500698457091	0.64416098442079972	0.14082510115605079	0.063376553942123784	0.22668181870956139	0.87308045348029706	0.94898984212040516	0.70107395727494104	0.12472302763275547	0.052255713681878313	0.18232402755858879
BGC0000304	NRP	11	117	0.94619536236109203	0.95364538943258625	0.88306916068374819	0.031075056160805845	0.021765079764173502	0.047799475480799103	0.94995544444151947	0.95503070991147521	0.88876702853311174	0.030116565905938718	0.020257788308238191	0.046562658394075029	0.94418289930766053	0.95007513520957199	0.88247473091472584	0.031072619179296851	0.022587753740832373	0.04820404866209993
BGC0000305	NRP	6	122	0.97237273905048816	0.98663795623845418	0.94198387548412355	0.022965565214889946	0.011175435770682873	0.035115439662229964	0.9577868169948166	0.97895170132260612	0.89501443353250676	0.033431092893261197	0.017131020816649724	0.05016050470130462	0.97238903480704286	0.98649374892027808	0.94189343601389197	0.022763777300979386	0.011169255512989706	0.034958320481501937
BGC0000306	NRP	9	119	0.97542394652655118	0.98394064425824468	0.94305414471409943	0.017605284666736613	0.0098796216649384323	0.025003185036470144	0.97754044176526844	0.98522147737972132	0.95378595493290086	0.01497184980075009	0.0090305587194245088	0.021917194205194335	0.9743456361588112	0.98293662749425725	0.94041315003652914	0.018138821743158492	0.010315395274675088	0.025869033789729157
BGC0000307	NRP	1	127	0.92268305991491251	0.93416371946284027	0.85192738004515067	0.038373374198873288	0.031526410032304761	0.049001294618312152	0.8721133933360885	0.87646144342167687	0.72657471864671697	0.088748060301264683	0.053379355314224511	0.14672704521434343	0.92260344359537871	0.93443281258623556	0.85103708429407654	0.038460118671407036	0.031557484286426865	0.048574373410768978
BGC0000308	NRP	2	126	0.96266629060425457	0.96566375565355	0.93197312084263051	0.019194229881820023	0.015088885418328446	0.031537902472364321	0.81681915428677976	0.82506789211385057	0.62628738000313577	0.10055938212845063	0.078190142421092707	0.16714919709465925	0.96336978776632187	0.96624618915135618	0.93379781447064558	0.018685186070384788	0.014801148678352605	0.030885431941673258
BGC0000309	NRP	7	121	0.9689650010847044	0.97542332125839892	0.92884055904403795	0.021079579690785472	0.012548980641015728	0.031091484338555353	0.98105741226694909	0.9817980626199484	0.96876298013628448	0.006615720492814922	0.0076068532614848028	0.011170939140874414	0.96658966112627953	0.97410297220636599	0.92105510864241391	0.02335941342951851	0.013525543641202486	0.034213717052197778
BGC0000310	NRP	9	119	0.98430222034203396	0.9864173926479779	0.96714447886937405	0.0084764067313590191	0.0063012653926777466	0.012573401153865627	0.97764470659924751	0.97873078219936138	0.95285576156268181	0.010669671474768419	0.009012103318904164	0.013635052931416647	0.98310360911537631	0.98595521868668556	0.9635178580945174	0.0096854652543475594	0.0067839065507876439	0.014174382361934912
BGC0000311	NRP	37	91	0.97221176898841999	0.97324410919600801	0.93619023749634289	0.018246256139285037	0.011196523700218352	0.022873814785761337	0.96472725508003232	0.96235741059000635	0.93348863487409284	0.015631003968615855	0.014240724711319874	0.019939036321583226	0.96814733371984329	0.97584038518907634	0.91496218241768634	0.024327781507758585	0.012843110888952802	0.028897297785918763
BGC0000312	NRP	15	113	0.89602629693437597	0.8990669721120117	0.83832448971344964	0.041920166561872238	0.04309846381956868	0.080206640867835244	0.88544535596184148	0.89158987182010785	0.79705144860198363	0.051344173999310579	0.047106587848819402	0.095122820989588908	0.89040547243305712	0.88825437528348616	0.82263280499817748	0.046728033584597685	0.045744784722355145	0.089862740843472011
BGC0000313	NRP	10	118	0.94391646195503287	0.94508842088217082	0.88987485872916317	0.027994876624197494	0.022733005141684082	0.039062410241818113	0.98123480119870421	0.98040603364053747	0.9680252418518499	0.0078757202458576963	0.0075383805453908877	0.012043748339302884	0.93456279281683285	0.93284459419771393	0.87330213523628497	0.032267192745765533	0.026588897496467	0.044001668735418997
BGC0000314	NRP Polyketide Other	14	114	0.95589948406953851	0.97185304966131181	0.88061148889805363	0.039185386600737587	0.017813174211090698	0.052982939821574537	0.91893123821821932	0.92037735537180609	0.81208317984329204	0.061072535547401635	0.033630519540849724	0.085730757994089357	0.953697390931184	0.97677551987663802	0.86756812119850435	0.044357222761800451	0.018700628051215508	0.058342089936608166
BGC0000315	NRP	40	88	0.98602882439872419	0.98665720052148775	0.9755130754492195	0.006347046170693163	0.0056070985684601561	0.010517922724204376	0.96060112524338737	0.96965594586396708	0.89417343278575612	0.027405767936857905	0.016053846829960184	0.030292343630696106	0.98526217947922556	0.98884529086773565	0.97264669298864626	0.0090875609972341474	0.005920431939918913	0.013244910766227025
BGC0000316	NRP	32	96	0.95517574491783053	0.97656619698852087	0.88357067163940961	0.038602925636712443	0.018529205551212936	0.062021295630851903	0.7605234932633268	0.78635091076940389	0.46198759808724449	0.16830601937770714	0.10903546935794439	0.31063316109199812	0.97244741533283796	0.98458459080941974	0.93286430437100287	0.022913670795606744	0.011235528772641556	0.036169158345892405
BGC0000319	NRP	19	109	0.97752052465167405	0.97956161745559089	0.96014082066319806	0.0084187779020623507	0.0090589644132258677	0.013174720775258386	0.97693304457876917	0.97791968171420884	0.95927344554675376	0.0082810428869272961	0.0092849940033826964	0.013991593527897805	0.97649748341404052	0.97865657225503044	0.95669980987745962	0.0089547128416448823	0.0094769361750784101	0.013573110079577067
BGC0000320	NRP	14	114	0.8487006677034159	0.83284248231044233	0.76139800099109811	0.070619806360944351	0.062736985544582138	0.091673267777613643	0.65706599363486728	0.69120595449705857	0.36872517646574143	0.17593216183370602	0.14829387103574415	0.25700188601500829	0.85904839178075409	0.83766586340545923	0.7867768912820674	0.063749605256867681	0.058277164909341227	0.084618408290534908
BGC0000321	NRP	15	113	0.93270751635755045	0.93800105244387044	0.86890756521833534	0.030609612726758391	0.027331729732775777	0.046431107294202967	0.93873630061792213	0.93993183269902403	0.8936273125781965	0.029351525132192757	0.024848822199693466	0.049492870465476568	0.9282579740375414	0.93835134021481226	0.85374194978564144	0.034106709895472737	0.029166500835398335	0.04754031800459213
BGC0000322	NRP	9	119	0.97969660587966167	0.98623470233576993	0.95335671839924863	0.014357381634477365	0.0081768485236221496	0.021647524430059017	0.93543253991895337	0.94020656560510729	0.82701562368472703	0.051418181918377125	0.026398223601647765	0.071572464394645485	0.9807790085721898	0.98579543102854328	0.95808057675647673	0.012842127949499323	0.0077360812092859277	0.019605072864092743
BGC0000323	NRP	6	122	0.98034368395948346	0.98269376299689082	0.95621699037772423	0.010203441530720335	0.0079218415234474596	0.014019453929736692	0.97078965491927316	0.970715202156051	0.95741483829118879	0.0081675748879934638	0.011816425423484623	0.015081108585754066	0.98016807137030282	0.98284771972304386	0.95523296960167059	0.010513705928557332	0.0079934661970784797	0.014431802721824205
BGC0000324	NRP	11	117	0.95905873241905959	0.95963955088730912	0.90280743422748866	0.024353801709432646	0.016562730835910311	0.032742929242904339	0.94078646348168216	0.94758647176570032	0.8969165369801636	0.030968339231704639	0.024183662598944868	0.044181867866088687	0.95483119605208933	0.95547186366925607	0.8934421543785851	0.027481127170033509	0.018299659602482678	0.037293322130750872
BGC0000325	NRP	11	117	0.92880185914357916	0.93252718402543278	0.8557815561680252	0.034005458805855489	0.029010131286010776	0.049328735366990006	0.7728143570081436	0.83241432214803801	0.49290897577312004	0.1538157650028375	0.096907992014032066	0.2585216141068768	0.93497684753792176	0.93967239639376166	0.87340141250526337	0.029147395457849331	0.026446756909451509	0.041283235065853185
BGC0000326	NRP	16	112	0.98282297951106534	0.98400756529240307	0.96962164250732308	0.0085569781899418676	0.0069090676236063017	0.011497857673556156	0.97067742184516059	0.97174016317872791	0.926432136617928	0.019513096667013504	0.011846664356343472	0.024484899770796598	0.98229954434964983	0.98441863245949657	0.96621253040827715	0.0085337414312441091	0.0071250507275734121	0.010937079952512363
BGC0000327	NRP	22	106	0.97500307174899048	0.97890513514338862	0.95025463321695447	0.010919382594708113	0.010060867269531903	0.015786558654493077	0.74525041040361772	0.82167180888678859	0.47247978990955697	0.20186144974216583	0.11190625627343673	0.37319528451979922	0.97457628635512195	0.97717776342599771	0.95454039485483033	0.01044047776763383	0.010223888380805235	0.015072772024562919
BGC0000328	NRP	8	120	0.96161491600573101	0.96884422689274441	0.92576816393853967	0.020058851933711815	0.015538882618058535	0.025781359628534561	0.95176994302650297	0.95779383280794383	0.91854817972001135	0.022111532973640734	0.01948589281814217	0.033139361623561792	0.96157769767261247	0.96849282281295712	0.92506465030629248	0.020331307236994084	0.015565106772545323	0.025671641805520173
BGC0000329	NRP	11	117	0.97802653965044384	0.98604536228639705	0.95341720494425286	0.014058058857565173	0.0088365558600277845	0.020610963922302772	0.98310236066305168	0.98207748091217373	0.97606156288250889	0.0066685422398205501	0.0067944259686007367	0.0099936846487124198	0.97605707230351213	0.98562218461187623	0.9481873287479532	0.015793568340857548	0.0096316714720125155	0.023028054222700378
BGC0000330	NRP	17	111	0.98556759227580337	0.98630826718445697	0.97667064725680675	0.0055950138495318063	0.0057907209105318765	0.0084023609894604556	0.96521953430505825	0.96965485478114155	0.91985752778433338	0.02142905317338421	0.014014602718386259	0.029680441118219547	0.98510968702142043	0.9860552165103782	0.97299807066086019	0.0060228820995105242	0.0059759315256050936	0.0087358270425763607
BGC0000331	NRP	4	124	0.98459274422143639	0.98339757244097037	0.96909282650370243	0.0071261076577062189	0.0062038934334686987	0.0087072160311806313	0.88962487952266012	0.92115472600581783	0.76539586635466217	0.085897047568670407	0.045358347836958558	0.13069262557228711	0.98463033441230707	0.98401838046183299	0.9694274404482961	0.0070613407898384405	0.0061919752598813774	0.0086926017176399695
BGC0000332	NRP	7	121	0.97846754051619433	0.98651069781171308	0.94923630346318122	0.01694413677288702	0.0086652569477189134	0.022215937293376675	0.96182039514479545	0.96117852265918113	0.93883309820913485	0.016331990415505811	0.015590172918318457	0.020836046189361079	0.97632582063816142	0.98493075574357003	0.94042568765066581	0.01916093225713867	0.0095329709641017064	0.024482725295974284
BGC0000333	NRP	23	105	0.96411928766441835	0.96196109214348846	0.93693226949971287	0.015825890696748595	0.014465687828230812	0.024002833314720307	0.96691802117701775	0.96754788729508157	0.93818749682128211	0.019964655826995102	0.013357648921831843	0.031831664646159497	0.9609455620122066	0.96025827429217059	0.93185995370745023	0.01625839044041609	0.015752058505651378	0.023214397716603385
BGC0000334	NRP	20	108	0.95524311945482909	0.96055904810954151	0.89764462092504083	0.034166606476159322	0.018169301644188639	0.03176128375331444	0.97246287404198317	0.97224768218183288	0.94787464480177785	0.013830445099532971	0.011082209522222785	0.019432019922792421	0.94123452829687315	0.94761025963605428	0.86804374100362058	0.044727697370459236	0.023938865189623581	0.038160695276344581
BGC0000335	NRP Polyketide	10	118	0.98910400478059213	0.98993366869008503	0.97750434202476344	0.0070299753174138061	0.004369640810816167	0.0074895952093096962	0.96175180100346791	0.97533882302082653	0.89124776431774066	0.035395216862929645	0.015422585763411555	0.044564858428799203	0.98969593017474455	0.99078174505408367	0.97700001916472445	0.007027522000693294	0.0041321246297407969	0.0067893206001087281
BGC0000336	NRP	16	112	0.94695037639614255	0.96588911146868051	0.89567045979392124	0.037621753006290448	0.021501887672278629	0.052334675521312102	0.94860327936013	0.95268705359610395	0.90025410010061147	0.02757455591190142	0.020781930187999564	0.04309337628906218	0.93950145553694409	0.95763628309099524	0.88070941833912753	0.039836723933945009	0.024569545838826666	0.056025384048356885
BGC0000337	NRP	21	107	0.96785340822967592	0.97622613933023938	0.90599818220443706	0.025501956931402232	0.013005675394292293	0.02591212340173199	0.96811187703914536	0.97474983790954128	0.94326636428951804	0.018607626282586474	0.012878312406853953	0.023393334844627134	0.96446806068152213	0.97408508235432323	0.89646359700333855	0.027884461669681549	0.014397719402300457	0.02994858744428941
BGC0000339	NRP	18	110	0.97030125190296579	0.9799166947231327	0.94079060646869428	0.020961246560628369	0.011966220519356519	0.03130078129578151	0.96394459437588331	0.9639918300323187	0.94199249372162719	0.01848670938664633	0.014582691324998297	0.029173372335762338	0.96833048023755419	0.97671898544642421	0.93478548659478555	0.022289412778718386	0.012768354145491111	0.03263254966251472
BGC0000340	NRP	17	111	0.94410920233044082	0.9543632298400172	0.88798283430512837	0.031651759132008989	0.02261617042556292	0.0465595501162539	0.85059883306601769	0.86299717538925702	0.71581609800865154	0.064363873071884126	0.062055965549253481	0.1165730859040921	0.94606068505034568	0.95941299383930201	0.88806923957794714	0.031208499767456311	0.021813974640904	0.04388655864515556
BGC0000341	NRP	48	80	0.99375740957434844	0.99463798110399515	0.98599157735072074	0.003108583449651028	0.0025004145894160779	0.0043012056348458172	0.99361960668603777	0.99401663040006605	0.98732451468959004	0.0027700628122592644	0.0025576254086403295	0.0038614116915283159	0.9919374954743011	0.99283960028802731	0.98251517181384695	0.0041764391044680094	0.0032305823395680556	0.005184413921949127
BGC0000342	NRP	1	127	0.9442561022107393	0.95021727899340858	0.86676188725708636	0.033992488142456791	0.022657298562096063	0.04098184736403121	0.89820820650555078	0.89484919851742362	0.84001515196026455	0.048478898391926199	0.041667669952226219	0.065551118800182717	0.9442192516226966	0.95049201129132177	0.86658993651348104	0.033997809234702969	0.022673382350284311	0.041011071513532782
BGC0000343	NRP	4	124	0.96065275711168607	0.97766099054519739	0.89890227746216167	0.031252482216081665	0.016078195269955596	0.048965531986109312	0.77111494823584337	0.76650730059159167	0.49359159913393713	0.13697751674904654	0.096265357994563927	0.20571871765621497	0.96205068301792296	0.97709366106364104	0.90255591283465464	0.02927023692025861	0.015513715073224632	0.046174090629499842
BGC0000344	NRP	29	99	0.97519839501391858	0.97689437361353937	0.94895347548391951	0.012778009454828996	0.0099760428679896759	0.0186651171725285	0.97614280729646696	0.97789248951961494	0.95884063597520375	0.011362833983961554	0.0095908086061047056	0.017354167033766799	0.97351628556269831	0.97750772753911486	0.94460835257526243	0.013856162057951073	0.010662212100123525	0.019674613546599828
BGC0000345	NRP Polyketide	14	114	0.97811673354305717	0.97803348216871588	0.96006096476101044	0.013021299992116249	0.008794035736683737	0.013492333911990229	0.95865495066855	0.96061508381274929	0.91712527137635158	0.021823329790597385	0.016685825919606011	0.026694894246907519	0.97598160070472983	0.97879144547896502	0.95277331687633737	0.014609745611793302	0.0096558219421419844	0.015400406011212064
BGC0000346	NRP Polyketide	8	120	0.9623291627017373	0.97058741755146394	0.90834356255513404	0.027865315274890563	0.015192716635889924	0.031076783870476854	0.96100960379613132	0.96885783110510348	0.89711149595567596	0.029879019547425986	0.015730811904112831	0.032759310380221507	0.95918631383699415	0.96964983690672568	0.89943654677521645	0.031082320496933803	0.016469400431908209	0.033263904539785449
BGC0000347	NRP	14	114	0.97376372739051009	0.97169312840687971	0.96241317836117424	0.0085073792493048032	0.010573591557401674	0.014196400397525566	0.92107055015410189	0.95213306719833168	0.82590157426315391	0.058490806819832777	0.032513406622009008	0.097573451066111039	0.97178043382878876	0.97239267483706149	0.95757771107213152	0.0093294747312978443	0.011392165520604004	0.014651191179631984
BGC0000348	NRP	6	122	0.93596997314257957	0.92895373067708942	0.88926810025758174	0.028698442416510008	0.026091293006193152	0.038402852292070966	0.91765339105559263	0.92690605938842729	0.83351299713462423	0.053272506211017617	0.033732715421844084	0.086341512250318719	0.93557901543226551	0.93010357165269619	0.88664197810599443	0.02910871190163378	0.026257569323614803	0.039376554974741018
BGC0000349	NRP	7	121	0.98150923849766869	0.98626556824652956	0.9546032716847247	0.01254961671817913	0.0074255194569944564	0.01784765270815214	0.96740013113942802	0.97392189867755186	0.90799068188780829	0.024489380454065741	0.013144302610633684	0.028142623226055652	0.98148247153470203	0.98594536006144073	0.95660966887217036	0.012181380132633274	0.0074366352011443039	0.017834340009202143
BGC0000350	NRP	25	103	0.92832196873225148	0.93046789379576222	0.87605853402787404	0.030168518336873919	0.02918545783439026	0.04566169333706116	0.7240530771955378	0.73149871137377342	0.43387311071983176	0.15381730562228862	0.11731704577440769	0.2325137749896754	0.93393593841488742	0.93937111087362402	0.87268798258418678	0.037473085388337823	0.026945632702559851	0.04902329992070309
BGC0000351	NRP	3	125	0.83976992013144758	0.91889104419061829	0.59392613325837817	0.14560107643089376	0.068535714865778613	0.24545737561504144	0.82672180112454519	0.87284951471979655	0.56336188456126279	0.12533920139479771	0.073055632309292601	0.20771165202444486	0.83881874581813509	0.91781356617077092	0.59348017424787869	0.14604595108156554	0.068988619389334843	0.24691239831779188
BGC0000352	NRP	17	111	0.93947963414709856	0.94774943521738952	0.84779926867406774	0.046221039994646412	0.024684764906243918	0.053731788402275549	0.83688580864472473	0.88083598973961186	0.56522147909345377	0.12845994974277969	0.067604560936204747	0.17812074299425462	0.94239917541987894	0.94878563946022687	0.86701384849678287	0.041121808392454703	0.02352436145023944	0.04711870564413756
BGC0000353	NRP	3	125	0.96104199773286625	0.9808793335908923	0.89584206194534	0.034837769191762138	0.015710311654294106	0.046632187972890371	0.92825577110804436	0.97048900990591225	0.8357907991009933	0.066626493201759285	0.029128617184179428	0.090889275619181142	0.9612100602137138	0.98020736181655488	0.89647621311287218	0.03420061518592081	0.015642285522817878	0.045829192658222495
BGC0000354	NRP	33	95	0.97985080224906651	0.98268231732108147	0.9519110004596546	0.011735205603739349	0.0080991104230786256	0.015371291349081773	0.98378249822203168	0.98405674765023088	0.96886967392732604	0.008224804850773473	0.006508748646487583	0.0098239192397688857	0.97231880067629928	0.97422390754263521	0.93999708504440183	0.014262497675989109	0.011159720531306982	0.019217810584074457
BGC0000355	NRP	5	123	0.95082129484072175	0.95553562275441994	0.91582741036388948	0.022205352479565541	0.019959488346151688	0.039417022945866464	0.93881242209197369	0.94666760237335645	0.89876286241111325	0.02043602561508321	0.024840573504099895	0.039023285982707323	0.95087539562430057	0.95537659943493569	0.91579399541369388	0.022591973804899523	0.019940210112678748	0.039954450532744046
BGC0000356	NRP Alkaloid	9	119	0.93454958762667495	0.93233003554396388	0.89199945102049227	0.035107654276811923	0.026602678022771876	0.058538151322626852	0.93185651813884385	0.94100961711065989	0.82214273277475791	0.046987516948040299	0.027821107714778748	0.065429062167500773	0.93059244208584313	0.93061966369783755	0.88311218293445859	0.037811207810835891	0.028228431047638437	0.062914857845068117
BGC0000357	NRP	1	127	0.97447517298939468	0.97364759922713939	0.95813284686375533	0.010075477284229103	0.010264363429623159	0.013174723592624171	0.93232491409990792	0.92742854555080212	0.8956892665085705	0.028838771706760271	0.027588752848441089	0.043770153261016076	0.97433593139033703	0.97359494505780231	0.9579789915814455	0.010111763332929831	0.010320809446275669	0.013340877625426462
BGC0000359	NRP	9	119	0.97402613143778094	0.97638938140510467	0.95402695788091429	0.013143210427819655	0.010451422426793889	0.018868785404666744	0.98214764168136914	0.98421306617436177	0.97045020493691869	0.0069551923476388689	0.0071676597737345468	0.012368289681159328	0.97236748843832754	0.97501142699023235	0.95085343565645886	0.013880660392008061	0.011125089706023683	0.019653372175823969
BGC0000360	NRP	28	100	0.98941832325744827	0.98954008676295002	0.98178235930761104	0.0046644937611160404	0.0042417330585338142	0.0071108298508903989	0.98777478686417319	0.9890068333484332	0.97677389813620485	0.0050723564377294778	0.0049036200054999755	0.0087482444406611348	0.98805438285660707	0.98915934694593832	0.97550181313558781	0.0065702916657913741	0.004789734960891523	0.0086892172171889603
BGC0000362	NRP	39	89	0.98681494526225089	0.98703806546527162	0.98124445704855034	0.0033320461971360904	0.0052922329926264888	0.0062976087255632862	0.98353485966883358	0.98538957151903794	0.96829973161018923	0.0068702337947245335	0.0066231035646221233	0.01156741264287775	0.98388244549194348	0.98365171325452239	0.9749532853688887	0.0049160949474818492	0.0064725303124982146	0.008065195392478075
BGC0000363	NRP	19	109	0.9401430144657954	0.96239773982919563	0.87442006211488188	0.042951527174275389	0.024267819444484705	0.065433482238725471	0.93550380709726932	0.94523672881944032	0.85524229625123904	0.040810801116504175	0.026200600845040101	0.061994951707625146	0.93844105615132878	0.96131511645696688	0.87323313593281948	0.044642347542234069	0.024962681155435429	0.067962192504202767
BGC0000364	NRP	19	109	0.92885881281821558	0.93541258986579945	0.87105375066099799	0.030552391223076902	0.028935182963624496	0.04627052110692742	0.94665465115708436	0.94404303024985659	0.90832204827125163	0.02032441362234743	0.021590689586915034	0.029326288762614006	0.92009503861114728	0.92695236400554404	0.85036857377401509	0.034727044463015368	0.032588558766148482	0.05136323118678221
BGC0000365	NRP	30	98	0.91614381628646302	0.97081246407897703	0.74589780362611724	0.091449019593535533	0.034213809230626335	0.11142183680017559	0.94905279603640236	0.97033195487998636	0.88311579186888711	0.043374851056558167	0.020607567627786282	0.059469220859207139	0.89866758741919939	0.96451442039960311	0.68575336475724624	0.11198530352370699	0.041550735966674558	0.13456399663159047
BGC0000366	NRP	18	110	0.98140843035323433	0.98201715877948037	0.96867664047992263	0.0079614573451857185	0.0074723041902922116	0.012674336884028858	0.8955722039633347	0.97903436717752346	0.72782473118242386	0.11359880391925543	0.042743557667984433	0.15782944311155056	0.98467056716395596	0.98319078145120908	0.97445675481721183	0.0061810437393123672	0.0061541244823702049	0.0075062076166940717
BGC0000367	NRP	12	116	0.96913712244786088	0.97185304395877214	0.93623989821768694	0.015063102662236814	0.012438239103572713	0.024722982416156003	0.96549634722232258	0.96613128221447409	0.945456333150968	0.013222656540094146	0.013933055777692771	0.024263295935609164	0.96810438831701062	0.97208004096754552	0.93292061150779282	0.016093161629616232	0.01285888664552901	0.026183103199749924
BGC0000368	NRP	13	115	0.85225882477765769	0.83616729337245088	0.7306956153801325	0.084416785496692487	0.061633876493636518	0.14134904206407195	0.77114839343088404	0.78071300303868763	0.5770952120989713	0.14681842132076767	0.098696298019461004	0.27731586432943023	0.85446032066694233	0.84618036223379844	0.74002447167017171	0.081069835923069336	0.060616821525906174	0.1318422723021635
BGC0000369	NRP Saccharide	32	96	0.98932502620413598	0.98993794627961273	0.98174309752288258	0.0051963806256302382	0.0042869472840740604	0.0090651348341467264	0.99351640295136912	0.99343288637006855	0.99173158048624122	0.0012447991527203103	0.0025982106561406983	0.003180001325028825	0.98566075359890848	0.98660839430949321	0.97524155379930433	0.0072485586901678981	0.005770248309564607	0.012542752726930284
BGC0000371	NRP	11	117	0.96750424286542214	0.97162467648355322	0.93120265921135326	0.015045086486716144	0.013111611060377438	0.020913925284127277	0.96966931828230796	0.96770258624905026	0.95969864348436673	0.010131649457444401	0.012236607461547555	0.017384135281522162	0.96478938619389132	0.96662329761522003	0.92220890098817709	0.017244307117031829	0.014227158766258107	0.02212458132780204
BGC0000372	NRP	8	120	0.94376875692271389	0.94774564611113932	0.88662059065041832	0.032030478024188805	0.022867326778177245	0.042272460366535203	0.9334428271195051	0.94235658100166075	0.85685234578892988	0.039057484105691244	0.027129610647557832	0.057551605736230194	0.94387779184561715	0.94763932563698572	0.88813178044172891	0.03156862279767899	0.022824147785557126	0.041550781196242781
BGC0000373	NRP	13	115	0.99002038703992079	0.98957988821810405	0.98400266049858209	0.0031550590915286844	0.0040020193134022494	0.0055108284688394349	0.95133516145601027	0.94718364254519649	0.9138631364999199	0.022562707893844531	0.019705867823479051	0.027426973781961905	0.99042643448980061	0.99063202632310654	0.98313665784454629	0.0034464347272693953	0.0038394383072470673	0.005303334977130314
BGC0000374	NRP	23	105	0.9865933722009157	0.98765024120930967	0.97812356861501593	0.0053278155606981776	0.0053852156772092432	0.0085373357135414274	0.97106248718148702	0.97092540487103363	0.95368750124884083	0.012978733026645279	0.011661617625443843	0.01806612941182939	0.98738876483775895	0.98863949423532604	0.97919812595645783	0.0054234011223703348	0.0050774099611515799	0.0086744585169369337
BGC0000375	NRP	5	123	0.95136105953615557	0.95482890483559735	0.8751235027972033	0.030863862133488826	0.019685422000402929	0.041858039410701764	0.68258462018513888	0.87175479645532494	0.14335968092303736	0.30992089180573495	0.14292944739000041	0.56336962162586235	0.95410886924381499	0.95807543804750794	0.88517875854740413	0.027777494390539153	0.018551353340442334	0.037099641215856294
BGC0000376	NRP	24	104	0.98263853651877664	0.98258527935448658	0.97096643421304896	0.008042352549885768	0.0069798766215061871	0.012081862702005952	0.97792427698649931	0.97559415592115339	0.95999391619192231	0.010947753844832443	0.0088888131628444226	0.016580453810256079	0.98195963446661805	0.98175258517556396	0.97093746225372513	0.007487744934438734	0.0072538346324180214	0.012251235535022387
BGC0000377	NRP	8	120	0.96025810602413486	0.95953950431437596	0.93783204662661157	0.015564397160435449	0.016030333580654733	0.024005149737668874	0.86376614772615168	0.95836406708878097	0.65561550869178697	0.14286351301743061	0.058278485767503274	0.23764333405682192	0.95879602135226283	0.95759084592826405	0.93736999696690515	0.015717063437264332	0.016632417931704935	0.024069711736713129
BGC0000378	NRP	29	99	0.98208354385189267	0.97984420409987938	0.96676381278534851	0.0096211850180623684	0.0072124559787906774	0.012581998779229386	0.97824456760773937	0.97741021029524955	0.96313146855047249	0.0088241021190291532	0.0087671156166519541	0.011963321375192959	0.98087435373358944	0.97695054369682666	0.95997362397138353	0.011143640185920126	0.0077030161899768858	0.01488803383130255
BGC0000379	NRP	43	85	0.98355036902725157	0.98267624867174252	0.96908899772837875	0.0086020936411940335	0.0066047777488654532	0.012906544932926978	0.9695249371322181	0.96576985187546616	0.94527183720729535	0.018375097189450171	0.012298607712331289	0.025211359930012001	0.98486185669177129	0.98550097614813681	0.97591396262019336	0.0063810042487904943	0.0060753929831859343	0.010616086500983779
BGC0000380	NRP Polyketide	35	93	0.99609656287560588	0.99683604473603915	0.99206111070391589	0.0026077188302796464	0.0015626651745956899	0.0037944232087046004	0.99603622124114966	0.99654131626409304	0.99289837653907964	0.0020896421248147359	0.0015870908709905152	0.0031973224236619968	0.9931665798046927	0.99437788657153203	0.98496290804198816	0.0048660578891669562	0.0027375440419406872	0.0068233286439745022
BGC0000381	NRP	14	114	0.95461324016151838	0.95610052855166061	0.91561956152376389	0.023373228385537039	0.018443849021492497	0.040601682859721433	0.97473080751987662	0.97820665584336863	0.95349837797341785	0.012345411050463748	0.010161281570368575	0.017065294303240108	0.94636599955543121	0.9510178488502814	0.89796834214629373	0.031172154003572178	0.021870415170651979	0.053364280965609523
BGC0000382	NRP	14	114	0.91678702740876827	0.92864726890031246	0.84872023600944002	0.040036231378684867	0.033967219468321486	0.044459820705968101	0.41719723779231516	0.44245587172628353	0.040676888545057868	0.27282248116573016	0.27408518872478937	0.34307639329421202	0.92411310704014871	0.93205599846504983	0.86464445186386629	0.035393176505465841	0.030914873283348344	0.043619099998875255
BGC0000383	NRP Polyketide	39	89	0.98763910521215093	0.98824434243583803	0.98143254420847725	0.005178505242087789	0.0049589316570784357	0.0065924805253217977	0.99518091187387958	0.99556160062380916	0.99067982827463175	0.0024016909395614032	0.0019301012162198151	0.0033235337674193399	0.98085381887765055	0.97996853065635336	0.96711432344211168	0.0095488941921922262	0.0076935898265647175	0.010511441245915965
BGC0000384	NRP	4	124	0.9511866354776769	0.95589518772578919	0.90989477652852191	0.021935655040126043	0.019746757327090879	0.036725041298032779	0.90050111335913241	0.8978896986427698	0.81266148182179831	0.047871851876748812	0.040765798378480558	0.066651021318226866	0.95143335025442677	0.95544503153474103	0.91179155260985889	0.02169340694464068	0.019646171563862724	0.036247858036127178
BGC0000385	NRP	10	118	0.98341359592301525	0.98350565288480829	0.96998039255276902	0.0069646834626657271	0.006664095951413174	0.00948980382353104	0.97972538108496976	0.98127574448269017	0.96794766125970555	0.008757928848021141	0.0081655110408695337	0.010143608524727399	0.98299137601462083	0.98299448779580978	0.96962819978182613	0.0069568523431067907	0.0068354403069387226	0.0095703145330123807
BGC0000386	NRP	14	114	0.98566018292801694	0.9841600045268617	0.98203514665146519	0.0044942080180727642	0.0057603631950843507	0.0067416992082769411	0.97035262427562563	0.97137941596998179	0.95129921079720081	0.0092950712421526697	0.011971205802923856	0.016116324234843993	0.98656805601588038	0.98511464988037267	0.98249586462449301	0.0043637842248317807	0.0053937741995990773	0.0064590630055020304
BGC0000387	NRP	13	115	0.97042013179711151	0.97170567126305485	0.94700462326630663	0.011493950328929942	0.011918520915401043	0.016013896626178914	0.96783067656116528	0.97179162653196327	0.94432996795338242	0.013924918701146961	0.01297200740748039	0.021878467032350746	0.96976636268962546	0.97036108790874231	0.94570360476846904	0.01150592137573587	0.0121834826979214	0.016645716914780007
BGC0000388	NRP	27	101	0.96967739216294435	0.97400626037952853	0.91099883951282945	0.024419324824745986	0.012216968434453945	0.030187004606691104	0.97178784046488231	0.97478511585117156	0.94250842103178567	0.015322194444867225	0.011362031133377703	0.02012808354590967	0.9628087271637551	0.96829686911123014	0.89192796860807066	0.029109080977610738	0.01503123443888712	0.037666506754412632
BGC0000391	NRP	7	121	0.78126289266324422	0.94967324285288757	0.43909404609168784	0.24686655137139529	0.094010415146493623	0.39679997856663585	0.50150651780476296	0.8890442321119626	-0.21679493612318004	0.55914871296375823	0.22957730232469867	0.99972299130922859	0.79376077710305337	0.95036070305874798	0.47199032077010189	0.23078949498128182	0.088255469503130124	0.36857199419953679
BGC0000392	NRP	14	114	0.97731218639254069	0.9774411469692097	0.96478492918338976	0.0092931227055633014	0.0091216184918334157	0.013132112826525155	0.94905876068541084	0.9478924989915738	0.88833721797003895	0.028082475040697021	0.020682446624672578	0.033796023068051961	0.97733395330709205	0.97587971318906663	0.96529138738683162	0.0088564557895080623	0.0091150160906869233	0.01214010187086334
BGC0000393	NRP Polyketide	3	125	0.9656708406089034	0.96611457621602836	0.94556807985917501	0.013209229128087561	0.013857559848139789	0.019368191728141526	0.9576198773982858	0.96216384744706684	0.92908564281478012	0.015324079807326776	0.017099885788421854	0.022414472726653867	0.96462594668460466	0.96522805028924696	0.94461172060262655	0.013483059081921	0.014284486251329031	0.020010592389132276
BGC0000394	NRP	28	100	0.95672032732991708	0.9687041576365466	0.92225956938362386	0.026349758077220595	0.017510930287578174	0.043843224580758733	0.94942062437369612	0.94210292425362274	0.9158217339963225	0.028269464390426099	0.020637931663787579	0.045288779943886248	0.94004476997640896	0.93663829887295291	0.88952717266811665	0.030182430851324122	0.024399631647716323	0.047313513134269791
BGC0000395	NRP	14	114	0.98844999601390704	0.99068602811655437	0.97359877788456994	0.0066306231727472848	0.0046319712113318092	0.009042647412122129	0.94937714527285078	0.94647751369760713	0.90307987307480364	0.03176928296187178	0.020486480642370263	0.040948803357788055	0.98922662130434136	0.98973928749917239	0.97808542583841784	0.0055469116239054627	0.004320792911509619	0.0069211243235941522
BGC0000396	NRP	4	124	0.99103220611264331	0.99190444260504551	0.98419088836588609	0.0038819644518219899	0.0035942471277446764	0.0055377271637647718	0.92701286880695588	0.98537120310323156	0.82430349608293085	0.081412072126612917	0.030717764219815979	0.12950019176291927	0.99091439846586604	0.99205496764044399	0.98454211416712356	0.0038689640571948716	0.0036413500775729578	0.00564283108105057
BGC0000397	NRP	7	121	0.98005329569189092	0.9784014150594269	0.9656139188287256	0.007860633489228502	0.0080648065435843467	0.013570740038592599	0.99120447976255799	0.99082849341754187	0.98695946027103476	0.0032687427458970388	0.003524885403214295	0.0054468834114284048	0.97771645812759012	0.97515060270724208	0.9602748805674175	0.009432210009904159	0.0090238279482488751	0.016494004653984207
BGC0000398	NRP	10	118	0.98936005447579201	0.99053725699893047	0.98045808233315102	0.0060893350979720805	0.0042675331371368145	0.0092044916734440596	0.9741275176154085	0.98532757226123224	0.93330392103953019	0.023348434680945523	0.010421804922458056	0.032117781644571797	0.98984733455954221	0.99128355290309567	0.98157756894676862	0.0053561144677831849	0.0040713151893431833	0.0081554358823953121
BGC0000399	NRP	17	111	0.98667552928722058	0.98708324174924178	0.97575947107754601	0.0066285986867015007	0.0053490519120669598	0.0087043891719895683	0.98249443966646377	0.9825277098836841	0.96628871408066375	0.0094543592878283816	0.0070339703716161715	0.012762419419477311	0.98595844156967494	0.98584085641607522	0.97586030506329713	0.0069558460892482814	0.0056383230184034131	0.00937032771848334
BGC0000400	NRP	5	123	0.9756014927762221	0.97249483272288018	0.96852124213385171	0.0077211641469088132	0.0098351208039786139	0.013913180531223479	0.97233469450432586	0.9765028655689052	0.94055878102610446	0.015983661876914742	0.011128556686786251	0.020277330888185952	0.97493757320747032	0.97117288446147154	0.96684028102993103	0.0082854007013019454	0.010106917929039306	0.014465312379019712
BGC0000401	NRP	6	122	0.98603987764141077	0.98747635062720518	0.96702552340026904	0.0077903040303726415	0.0056377270044667641	0.010643950466180607	0.99074303593692148	0.99363289840736857	0.98057446194908093	0.006932274067519343	0.0037097886810601999	0.0097555077084114927	0.98483698799625896	0.9860035275980763	0.96448489602986731	0.0084052026855875334	0.0061301533674659623	0.011865821482977656
BGC0000402	NRP	4	124	0.95734352790606358	0.95575433783861685	0.90122327531721236	0.032687982144315314	0.017235830912621774	0.03285254564111062	0.95452482812664863	0.97829437293560384	0.89170969455147864	0.040196003612562758	0.018459712466121946	0.059217458362175068	0.9559185107460898	0.95346701015995783	0.89785072821788703	0.033747804725857762	0.017815045691496036	0.032730155522279092
BGC0000403	NRP	8	120	0.93118161860692317	0.98133826009695713	0.83274302198797234	0.070610935079637088	0.028489862384453103	0.10985612236927667	0.97311800962834505	0.97853529293544339	0.94178002840882347	0.017536185641689673	0.010814805050400977	0.025254982317830743	0.91968158045640747	0.98042197078460069	0.80061198191736382	0.084683699766496243	0.033427697157862576	0.13232433175206881
BGC0000404	NRP	16	112	0.98170170563310677	0.97982033404533553	0.97029331085721104	0.0083998362367648498	0.0073905255472738185	0.013588168665169875	0.98912240259721396	0.99102690217842593	0.97740331861011231	0.0056224228256196935	0.0043614261557569202	0.0086816853768035829	0.97684789068919609	0.9739258058376673	0.96087556830008647	0.012036409255175124	0.0093848108840489004	0.018248463968051798
BGC0000405	NRP	16	112	0.98148876056872569	0.97969543039926521	0.97505169915451351	0.0059903037510341773	0.0074435104189624068	0.0094516812793006277	0.97242243733711631	0.97400500045490501	0.95527077857496101	0.012984129814071828	0.011092998536806986	0.018669650021241768	0.980854348390511	0.98005433679552612	0.97535390722010407	0.0054548649111790292	0.007708389684490502	0.0099072951651293373
BGC0000406	NRP	29	99	0.99120103589596265	0.99152446217197143	0.98186487398935773	0.0048248733326105315	0.0035261935793966304	0.006115253531953857	0.97824819118490502	0.98689413740471066	0.95163192369230187	0.01663226428909045	0.0087409626696904434	0.024095814621861611	0.99187492092869678	0.99309594639616627	0.98391137054117184	0.0045927940734664706	0.0032562578105628905	0.0060763917242143695
BGC0000407	NRP	13	115	0.97031075432693559	0.96899135072972897	0.95506761870854628	0.01090704746133161	0.011968446081662698	0.019967069464808307	0.98677434656166108	0.98695764344853076	0.97378086889645266	0.0062008608065387237	0.0053049840386682366	0.0084101086216561427	0.96493818602968062	0.96305538138053193	0.94856366469866693	0.013540405708411501	0.014159843480732227	0.023671283969313173
BGC0000408	NRP	5	123	0.96280670706489802	0.976510381794226	0.90568865402340926	0.029022783083497528	0.015009414312838577	0.036597073506143496	0.96286547024413893	0.97176534473937903	0.91035353399668495	0.023918626206271519	0.014973543221287234	0.028595674864152154	0.96231476317432585	0.97687294017745818	0.904393512217882	0.029580618142624547	0.015212565796551458	0.037313657517773269
BGC0000409	NRP	34	94	0.96926179668902657	0.97157159555836481	0.93052247311525038	0.019936048718794067	0.012410528633683703	0.021188513363172068	0.96754841174572503	0.97216294146799243	0.91778212683225369	0.021961050749027596	0.013069983616985659	0.022088462017649801	0.96014824794128129	0.96453601116196963	0.91367593237693923	0.025990705923947244	0.016154437485989437	0.034351355974801878
BGC0000410	NRP	10	118	0.97814469466309328	0.98050675516613606	0.96492791312176995	0.010150533876554848	0.0088125279664893474	0.0146391796668216	0.98246576880716352	0.98460094077103832	0.97053912984901558	0.0076684541578416502	0.0070479086911090279	0.011977909152328214	0.97615398796308095	0.97771899468244694	0.9597365285980991	0.011326937850238939	0.0096262823625611112	0.015431503653047018
BGC0000411	NRP	8	120	0.9837418029673668	0.98587724926152376	0.96747603762441881	0.0089801890547811739	0.0065369964913034821	0.012939099267276433	0.97725027103335749	0.98365422282113402	0.95538705626817355	0.01484514649177289	0.0091516213933506181	0.023181667627511171	0.98307573741012733	0.9847632076906484	0.96600178088756283	0.0093938670294176733	0.0068074093166619939	0.01377070682088688
BGC0000412	NRP	5	123	0.97091025781988693	0.96799672381119328	0.94182372066955822	0.015371558279711296	0.011716015521454449	0.021765273161284071	0.89327776578356044	0.92075808367482859	0.78116251596874586	0.065483072923046184	0.043875322429952401	0.10851395646320139	0.9722152043304243	0.96987359213721014	0.94400912300171524	0.0146008379858293	0.011186802577886045	0.019994699348478084
BGC0000413	NRP	109	19	0.9962559297842899	0.99717675038204834	0.99044541650283124	0.0031227035369651174	0.0014989850511627045	0.0040265619233699201	0.99630256343948387	0.9973089008220819	0.99036128128677692	0.0031430413330129931	0.0014801037588136445	0.0040776633979309196	0.99039980882009238	0.99099977115719917	0.97637729605209778	0.0067774621873233744	0.0038615602528660809	0.0085536004475945671
BGC0000414	NRP	24	104	0.90099093391983021	0.92150044923044105	0.76906907637265465	0.065130958685671064	0.040522926499338995	0.086271724313416787	0.80408785561096197	0.84571567016569837	0.53706376302511227	0.14261492372335002	0.08271068741952578	0.19601674039557593	0.91444008557440914	0.92804968946113631	0.80292870043413489	0.053617313669934136	0.034864641828733924	0.069215919792656955
BGC0000415	NRP	17	111	0.95605910634839086	0.96680938517244375	0.89226896776191911	0.032422211698863355	0.017777600682844352	0.041761102490709079	0.93934673287339798	0.92086342600720839	0.89675687823600014	0.039252456255520277	0.024797238632939766	0.047118152499820654	0.95338986995092634	0.96317513612993833	0.88118056560632774	0.03482196124933612	0.018885602453983831	0.043266720533463032
BGC0000416	NRP	3	125	0.98094039350865148	0.9837448497338408	0.97040167444753278	0.0067156020383314198	0.0076574138886543299	0.013557371739380986	0.97047993539520561	0.97190524514479559	0.93971303538199102	0.017860400855748332	0.01188684861362641	0.022226767521480895	0.98056960161507312	0.98375112227377448	0.96979581530106396	0.0068741406304400109	0.0078071874144544527	0.013860710956250855
BGC0000417	NRP	6	122	0.94358579972058299	0.94272539248173126	0.89468994491789133	0.038842410209820086	0.022881088314254106	0.05860897203943416	0.90969526886601337	0.92937894943567068	0.82742770936185117	0.061615826691406764	0.037064097745403667	0.10177353244477516	0.9438300225445222	0.94075736213908545	0.89644693318844548	0.038109839918098562	0.022778538779574163	0.057265722194337898
BGC0000418	NRP	39	89	0.93179852676072383	0.97227490756099155	0.85020697001007928	0.062337033640493242	0.027674227248909535	0.08494128945322299	0.90086550173505608	0.9415058374717723	0.77615517274849433	0.077427986653861275	0.040506220604835066	0.11040888841937013	0.93701180190157862	0.97330231361647601	0.86285396729243202	0.054731020135010265	0.025536551915940418	0.075725403421855964
BGC0000419	NRP Saccharide	39	89	0.93318900477942057	0.93397276873045532	0.8618982045995367	0.045121996677554961	0.027526442323156975	0.060176324436708506	0.91986581190951588	0.92500755044989091	0.86619035746522	0.040837210425964658	0.033120528112326755	0.045392448809851937	0.9284656840281198	0.92887673686331862	0.84982308160228959	0.052538200424178241	0.029502368489652642	0.072059136327691897
BGC0000420	NRP	7	121	0.95568813793672602	0.96738417795208453	0.90465249838393769	0.02840457879899317	0.017889820301563986	0.036504455610031461	0.97643344042273594	0.97958282652562501	0.94601729940336121	0.016861135181850874	0.0094919617120902793	0.023755794426050914	0.95373737316661411	0.96493866935069139	0.90194993856154637	0.02926984475232005	0.018683941795738578	0.037410105536045402
BGC0000421	NRP	10	118	0.98098771843000276	0.98141497370949193	0.95430752048136114	0.011614269032469907	0.0076471570580660675	0.015196283128240839	0.96627681969423596	0.96824186836069637	0.93419272348527493	0.020306241723572874	0.013592697023850509	0.030290599858974199	0.98018851202255175	0.98004276011101743	0.95277026987006075	0.012065742227984498	0.0079702703236275377	0.015961673525951681
BGC0000422	NRP	47	81	0.9892683406826247	0.98923712370620276	0.98303281676174248	0.0043081022853834888	0.0043071892633765874	0.0080374013447607195	0.99048503970956125	0.99090898681959183	0.98185733641215389	0.0036920724956680611	0.0038133918364245067	0.0055531690560320923	0.98173008683719076	0.98933829858405586	0.96439428359270152	0.013449141021238384	0.0073674420163520439	0.021337978344122988
BGC0000423	NRP	10	118	0.96251606447587312	0.95835569389582287	0.92843414954477588	0.021133809331520866	0.015123392005910818	0.030179738017254265	0.92677218490750923	0.93281830576060287	0.85790683045570371	0.032864361072638591	0.02988204822890772	0.049914983598211449	0.96226533141526893	0.96059667547604466	0.92960600453571629	0.020886745454753657	0.0152245229366619	0.031032882146927565
BGC0000424	NRP	13	115	0.97688288221490516	0.97801108727944153	0.95911203152221813	0.009076721821897631	0.0092956590009307446	0.01275636710502126	0.94713166501493562	0.95272095273853097	0.89615858533969406	0.022847907929482825	0.021389107743038017	0.039731914340489838	0.9779994981184531	0.97846992348652362	0.96039731193504618	0.0090855227793226797	0.0088449381768903376	0.013130099269325402
BGC0000425	NRP	9	119	0.98327976211018786	0.98615275220557352	0.96875313431275412	0.007748913011949396	0.0067336978141986584	0.010810993276339165	0.98586945570409257	0.98590141116741015	0.9735950351133652	0.0067775053734807685	0.005671218352378671	0.009658927772040804	0.98195941451830016	0.98435476952573087	0.96648806532818143	0.0083349231695688773	0.0072719601748655101	0.012015420844055602
BGC0000426	NRP	2	126	0.9804111010206954	0.98288478864878026	0.95298696719717879	0.012612021515329398	0.0078839108272035219	0.018378047558366695	0.9478092784281964	0.95591797131523804	0.90401100299042836	0.029954399660667035	0.021121086254449594	0.047124220396750349	0.98026733354222473	0.98245896243558994	0.95273467079668095	0.012602483550681271	0.0079419955988036632	0.01835931896218379
BGC0000427	NRP	4	124	0.85898608165307111	0.88152611751260324	0.7105544627286754	0.084040235501079946	0.058099441561961895	0.11880073178173933	0.78208472148878694	0.77322758514199941	0.65107344858445326	0.10935461348413997	0.091662837584253226	0.14430260361749392	0.85783062855704451	0.88105935124945978	0.70908593802475928	0.084740999832074643	0.058590302114364931	0.11993551164653704
BGC0000428	NRP	26	102	0.87984077114185122	0.90303751202947624	0.72873348000205151	0.078877509528141959	0.049381039958143649	0.10614095852002303	0.87256896381048699	0.87814372839208699	0.68190565906894829	0.08287587564837573	0.052507082094035831	0.10792975344401901	0.8657737862544389	0.88142484432180024	0.72420391237385717	0.082188025447646168	0.0553568700398549	0.10740761231128815
BGC0000429	NRP Polyketide	49	79	0.98496673316999472	0.99052196354645994	0.95923197574504637	0.011977792371679234	0.0060336583264545942	0.016383208442611208	0.98294458949043884	0.98435543429532735	0.96327923634787882	0.011517343844086075	0.0068478473978634156	0.015734245820559267	0.98212336088859775	0.98803505063977659	0.95364412922430064	0.012778256683833413	0.0071805656637534245	0.017670732591753335
BGC0000430	NRP Polyketide	7	121	0.98200611971925866	0.9904872958835188	0.9551808285567116	0.016302051116436511	0.0072297559084159692	0.022282429776294355	0.93845852623084069	0.93802698583935984	0.87066303057516159	0.038370993660312248	0.025031983636158418	0.044336538836352135	0.98232874720798458	0.99098299504782594	0.95421100431116823	0.01631692175378914	0.007101450307362334	0.022424254250569486
BGC0000431	NRP	22	106	0.96477469439837849	0.96247833609716849	0.9506662117465785	0.011782219883492406	0.014247992668270325	0.019956434568724091	0.94909220442561515	0.94219391241084549	0.91190365131944617	0.026992019808035939	0.020798332580755096	0.030502231700350824	0.96492601131172895	0.96417088037206455	0.95180325068055438	0.01133881873856853	0.014177963813177952	0.018981806186018746
BGC0000432	NRP	24	104	0.9417062794037554	0.94616468406555931	0.89725961199115611	0.026369575285525415	0.0236568209299318	0.048556359111430858	0.86967383333866677	0.9155099728031062	0.73450101393084455	0.091689357824119508	0.054459709202086939	0.16089932916018446	0.93927080664161089	0.94485910693267394	0.89319238631775699	0.024820435103856606	0.024619018736854348	0.039359496687177198
BGC0000433	NRP	23	105	0.90642782955857726	0.91769307012003742	0.81648994775463712	0.062350403469779457	0.038192908195647225	0.092806719812643546	0.91038158726754881	0.93326968663894072	0.80670092310325914	0.062378618230894654	0.03656824228390787	0.084829821783544035	0.90164368478311707	0.90767915871853511	0.8079509360013849	0.063755951717556728	0.040219420537785419	0.095489424150002278
BGC0000434	NRP	28	100	0.98186334568689726	0.98430422836401799	0.96842129911837238	0.0085881984739652403	0.0072872410732573115	0.014166378588098993	0.97167729463095343	0.97741586043267703	0.93727821154613711	0.016342004182078686	0.01140811426652626	0.019344241987218069	0.98038755700317337	0.97912203550429511	0.96862326013137834	0.0080940854989336175	0.0078909271525149146	0.013218311079650102
BGC0000435	NRP	6	122	0.97860369718969054	0.98151036798677194	0.95306611446586986	0.013283372452964914	0.0086363028612712837	0.017467408040573562	0.96054334987305678	0.96119922941582669	0.91815580722304269	0.020247224599061101	0.015949087942006557	0.027649027297111384	0.97828959919468339	0.98133717038486967	0.95168288337067164	0.013688712924136192	0.008765622054472599	0.017767567829514719
BGC0000436	NRP	7	121	0.94720905807702882	0.9456633293518778	0.91108349944719347	0.026443858554265912	0.021355688344858303	0.040275074883429629	0.95252778620683043	0.94839821725017148	0.91414970392181749	0.02634863685730849	0.019220878679387175	0.03774626015837157	0.94493438141118291	0.94444559972845576	0.9069302684945233	0.027653315253779922	0.022290656597638337	0.041548601520854267
BGC0000437	NRP	17	111	0.98454242405004067	0.98377485667909137	0.97725853739070279	0.0046212807758594602	0.0062050366895090468	0.0079832020137232673	0.97929088046700641	0.97922638670096351	0.96749092063969011	0.0064467774667961554	0.0083196317682591829	0.012116108209999532	0.98436972869741202	0.98359665689987086	0.97628273728815274	0.0049699962786983855	0.0062749775104737225	0.0085374674078503299
BGC0000438	NRP	3	125	0.95895275393975743	0.9754331308024875	0.91056406700541137	0.033933313670062477	0.016635457619000871	0.051597068729096529	0.97718720243652868	0.98179649603477259	0.95741093005482325	0.013109886834957321	0.0091686930026979134	0.019398586177993282	0.9567343639301692	0.97518688903985373	0.90532888073555684	0.03656642931976898	0.0175464136433644	0.055349969035474955
BGC0000439	NRP	30	98	0.98638341235097793	0.98500993348690735	0.98046403017600903	0.004026350392932118	0.0054714372610793257	0.0082859403458861447	0.97312983361252781	0.97720004623114354	0.94191987324498638	0.016383922814539317	0.01086010852324466	0.025607955061203946	0.98682040582500985	0.98686405111053865	0.97874458420817601	0.0041100943658217877	0.0052944753784542661	0.0069736842097356533
BGC0000440	NRP	53	75	0.98472495915171621	0.98369347403475538	0.97412995070268704	0.0069675345633438707	0.0061420653408054806	0.011833005617832626	0.95928922170108422	0.96149363225866047	0.93160349326638903	0.016597579068970615	0.016460375238145964	0.024996137489245118	0.99041162682221873	0.9895952918889982	0.98337914953974714	0.0043254536139297247	0.0038488360260381825	0.0072683349428344091
BGC0000441	NRP	49	79	0.98570629520565145	0.98602886714137195	0.97176549288899849	0.0074129426553198692	0.0057407094518740157	0.010086730109649444	0.98179556485751063	0.98179854059110094	0.97148917466462481	0.0072755851261434379	0.0073281447411219338	0.011184273223204699	0.97483647286878872	0.97890607998122103	0.93900259239224593	0.018123198630995391	0.010141640676665342	0.024177141102166511
BGC0000442	NRP	5	123	0.9154876975633075	0.93418385254971792	0.80094949442899288	0.058544981489461002	0.034431703784005327	0.08608079473112018	0.86490188634488196	0.92717018244488614	0.65316331022245333	0.11563023254463246	0.055595937386495931	0.16450398411621958	0.91672330026353566	0.93351835430592156	0.80564813557849524	0.05656247537401779	0.033921607980686483	0.083404635768287938
BGC0000443	NRP	11	117	0.94863654931136432	0.95583775420896477	0.89925129500437495	0.036750384056782937	0.020869481589264893	0.05151135447020283	0.97483076927991519	0.9782227040661664	0.95418506923771362	0.012683203445164857	0.010143906875519759	0.020641537036606539	0.9424890072708294	0.94937099574937533	0.88444789146145053	0.040622376111005207	0.023426405423103636	0.056422239990123746
BGC0000444	NRP	11	117	0.91970525610964216	0.91220986636084378	0.86608472931035696	0.043343287123440974	0.033054750678122448	0.071621051215305376	0.86262911909151219	0.83938541135890399	0.77087907594217142	0.088425601534312295	0.058140219936236928	0.14875293760657604	0.92207332756578064	0.91818977366662158	0.86918371510570525	0.040638896724942218	0.032022482457971679	0.067150224705718076
BGC0000445	NRP	38	90	0.97420652951502462	0.97910605861720312	0.94079218050766245	0.015842812816493419	0.010382588748586618	0.023156781541368465	0.97738868486205011	0.97632594514133175	0.96652614750784738	0.0067817608021611998	0.009089741997629219	0.012079882847044643	0.96468055106273254	0.97695134741743161	0.9048048132116211	0.028895349244843941	0.014250114915951916	0.040015689881173766
BGC0000446	NRP	18	110	0.9522381426297073	0.96076514596206919	0.89162494216426735	0.028811447862345272	0.019364994372084433	0.035960054976994948	0.95558454416913496	0.97401021924200759	0.90974667126973074	0.033595334906010924	0.017964809484275857	0.051625456350776311	0.94771135887933011	0.95738019722064738	0.88238640019860581	0.03087755051196216	0.021260075453328687	0.036331521001612632
BGC0000447	NRP	10	118	0.97850008231510088	0.98093538674994452	0.9608534076377776	0.011316453552433646	0.0086392322710113108	0.018383660824039971	0.96707002927290286	0.96906874923495057	0.93589678201956417	0.015414105806207813	0.013262092338401078	0.02160598591492835	0.97885517053764148	0.98138942329612056	0.96237473425269959	0.011286042030701658	0.0084965273736959945	0.018450542077670273
BGC0000448	NRP	17	111	0.98218535502020676	0.98300347747164518	0.95593506884654733	0.010641465232514247	0.0071582379192184128	0.012843380221605361	0.97911447167968613	0.98167203488744337	0.94874810484242755	0.013202501063670857	0.0084045801274136751	0.015601590807006405	0.98121127491979077	0.98193107472622942	0.95579090933656607	0.010454345478989054	0.0075569227027780569	0.013114903518651633
BGC0000449	NRP	5	123	0.96499210954234615	0.97473443297035844	0.91853472541629744	0.024517812938312726	0.014166928236986264	0.036839178399870165	0.98880675059913836	0.98836116689947029	0.98275292801667058	0.0046469187144788128	0.0044886390761114782	0.006983374069019721	0.96270888677858013	0.97274090906730604	0.91224232102360636	0.026288304415782567	0.015104491797017117	0.039423795828653518
BGC0000450	NRP	18	110	0.98464286862103523	0.98515102210280348	0.97487028938724374	0.005640803597437352	0.0061665872405743949	0.0088295492864289837	0.97459672804612674	0.97883355761523405	0.9474533210959033	0.015447328984791321	0.010216669848615112	0.023259129411661528	0.98503036887997075	0.98590034541523197	0.97316404474487506	0.0055932983604419255	0.0060109030188487452	0.0088463121917315979
BGC0000451	NRP	13	115	0.71579619302847974	0.76890205689344227	0.36292511308632092	0.15552800702636452	0.12204287851429041	0.28296893436020776	0.80419192613598844	0.84686118633938723	0.58366681945599364	0.1362761118752322	0.081909627336631069	0.22408166813795383	0.69570532046262212	0.7432172828955006	0.3253277487303361	0.1599028796928553	0.13142092378940456	0.29601139899700923
BGC0000452	NRP	16	112	0.9859398948124658	0.98600140151900528	0.97296388056702787	0.0082948472389999719	0.0056481073318629836	0.011282760052763519	0.98576330521720901	0.98507064403394129	0.97409445598505284	0.0075982221163593709	0.0057175491846110042	0.01138437848013174	0.98492412772226512	0.98529502402715696	0.97046865150413075	0.0091679328666908269	0.0060579860202235603	0.012397497442235283
BGC0000453	NRP	18	110	0.87837790092270873	0.88826426852786011	0.7339580216679944	0.07035421518915537	0.049966329077251202	0.094001445383739668	0.69704349445960112	0.69988577990769207	0.4640166072764445	0.19489913259887548	0.12976730828839728	0.31174410833925892	0.89127304460509971	0.89495722724333093	0.76433424455204657	0.05989649640444767	0.044550389554785852	0.079092619625463878
BGC0000454	NRP	10	118	0.97275317809377848	0.97755401132679642	0.93114512527446558	0.018678020671811697	0.011044907136674876	0.026851904072619392	0.93627909321453706	0.98080335043975808	0.83999805517581616	0.06665637647262572	0.026376058057045747	0.10316758087418587	0.97344857688474629	0.97730140333592042	0.9346070842089429	0.017122970370158808	0.010755131711028997	0.024194552046316598
BGC0000455	NRP	34	94	0.98184200084033579	0.98549316157647826	0.96570217793880098	0.0097611728025875817	0.0073073278542595153	0.011044663152578016	0.96296808908701659	0.96167621201780285	0.91493355908117202	0.024062206940343885	0.015030063032289886	0.031127131743079128	0.98057732601287406	0.97841527690540164	0.96904058351271261	0.009291426882388187	0.0078085612637016407	0.013403304490004819
BGC0000457	NRP	9	119	0.9640680540150971	0.97114901738044035	0.90982066663751771	0.027972575542989316	0.014501328328611307	0.035887096006259722	0.9320199157745549	0.94301571050587263	0.84862853453212039	0.040280711215278597	0.027613782241871589	0.061431106510928535	0.96494227480564976	0.9721305197907002	0.91035443305454444	0.027318573178497244	0.014149722013377719	0.034438055389361288
BGC0000458	NRP	21	107	0.96097679958330795	0.96443257328589893	0.93413975822322715	0.015948110435199586	0.015797724330142104	0.027467837604260303	0.85874840844614808	0.88839907076422864	0.72915963869470235	0.086035750813492934	0.060017295118825385	0.16105050720973801	0.96224000126458298	0.96588143463250631	0.93530044531711831	0.015911695763991564	0.015301159672764086	0.028338599070934056
BGC0000459	NRP Polyketide	36	92	0.92501894465610979	0.94713058764746627	0.82703365962400766	0.054810010796791771	0.030517320211026867	0.064634969089130578	0.80470822816532406	0.82979744828946411	0.59591210487613933	0.1127850606535486	0.08289247625612331	0.15589003357475895	0.93990726660511525	0.94759441372883002	0.86749626712651484	0.041484067969299793	0.024343939046451844	0.046368872677615691
BGC0000460	NRP	16	112	0.87300049118999379	0.93520668494246129	0.70982957730343954	0.105605897514584	0.05311359833183902	0.17631969295835015	0.94066019508539256	0.95132679773271966	0.89345163133540295	0.028304284268454626	0.02404032141194281	0.050018818116518093	0.84431050907856053	0.92775242140511049	0.63369605133686546	0.13766007551279905	0.065728541608771215	0.23088497727947477
BGC0000461	NRP	10	118	0.98378345219754215	0.98289811423822182	0.97737785766322471	0.0054524243841633825	0.0065165717282160696	0.0077885380967627205	0.97933705634127466	0.98018919832093687	0.96065785078035903	0.011666159355441049	0.008308914132306144	0.018093478438086286	0.9832473635950979	0.98276352031730996	0.9763751534519064	0.0054076894352292565	0.0067325192038854009	0.0079109276188015221
BGC0000464	NRP	24	104	0.98064977568773648	0.9850886343183497	0.95275936718538856	0.01472226336520825	0.0077882035891643888	0.021139412387091827	0.97033169209746306	0.97945717679054045	0.93575520086867559	0.023972391586063735	0.012048143877905825	0.035831799954479382	0.98098200846601968	0.98396870746727294	0.95227530118359249	0.014468981050657755	0.0076477665634345996	0.020123194982056058
BGC0000465	NRP	2	126	0.9794241978282392	0.98150426012579095	0.96046217212363105	0.011330290837170496	0.0082969301114035107	0.018183708505685625	0.95381234134516346	0.96279789617483713	0.89773473480717769	0.03053279949916636	0.019103816423811669	0.04855380131248821	0.97917877013116283	0.98144732040437099	0.95987355217209347	0.011411132134148252	0.0083956544741278002	0.018195961652562431
BGC0000466	NRP	31	97	0.96212996029535325	0.98293061087145295	0.90399124300897837	0.032956324394039095	0.015325535586745964	0.04831961475030444	0.93606516220866032	0.94076499989523232	0.89040307718576239	0.036262783437780693	0.025938599175993504	0.050564534556622798	0.95948316277111334	0.98059848403506045	0.90248702456065621	0.033587951849144752	0.016446135124697947	0.050742556391185301
BGC0000467	NRP	4	124	0.98573078952650128	0.98725733621314316	0.97356564217769359	0.0080199400773704795	0.0057261453248454997	0.0094705988214204284	0.95646756931073651	0.97260541939936562	0.88730650969436031	0.035809915834723365	0.017597271366197043	0.040506260160831586	0.98607270966656224	0.98722599753700402	0.97500473952837985	0.0076799624765876576	0.0055886111162398496	0.0092543278239134441
BGC0000468	RiPP	13	115	0.96297426655894325	0.97381354466149173	0.89303153246183076	0.029513283622119333	0.015120776332792029	0.033924280220203884	0.81998062414920148	0.85874544375410022	0.60439467007173409	0.11734084824737838	0.077093587908248384	0.13468978194156311	0.96492839763509153	0.97246045840198292	0.90395035547273184	0.027169681757498385	0.014303676709432823	0.03213965376391259
BGC0000469	RiPP	33	95	0.9715230906761434	0.97955476167085043	0.92925832271407816	0.020595161227192137	0.011522689911260908	0.030799118759931576	0.92981212458723428	0.97045816432179266	0.82370101508319549	0.06358155443127457	0.028895672285088648	0.097162688693964827	0.97596315400541356	0.97911666657544205	0.94156479880572075	0.015771235361073967	0.0096970037681018747	0.023102613256288262
BGC0000470	RiPP	11	117	0.90805014836533504	0.9389583581787555	0.79056616792135259	0.068431017409930572	0.038210966534841059	0.1169278488262635	0.76360672243549033	0.75269407904270236	0.57843529068349453	0.12169514635851744	0.10414847363688	0.22567412421533628	0.90946227233631005	0.93801372074728195	0.79741802048415289	0.065028736212187438	0.03756686920596046	0.11148874842363088
BGC0000471	RiPP	8	120	0.98717520367725553	0.9886319050368183	0.96861336524710717	0.0082975093549880682	0.0051742679002502847	0.0095015317674713717	0.99538325626173452	0.99526077132171242	0.99131548040764317	0.0024011578467906794	0.0018511405278702985	0.0029984243798687471	0.98541323185155627	0.98665703218494849	0.96368000173688451	0.0095885450769032498	0.0058904632016176127	0.011139983217958283
BGC0000472	RiPP	14	114	0.93608725488520506	0.93651615161014079	0.88895647316954884	0.029797601470533459	0.025991522821842382	0.044908598734788585	0.83921286309369414	0.88638870346667176	0.66296312179737138	0.12730221241519218	0.067631003665418674	0.21575474265827299	0.93873044751334123	0.9429753020292071	0.8885091070013128	0.027968020203395245	0.024886532435760732	0.044076789589456156
BGC0000473	RiPP	9	119	0.99663857717408855	0.99702022306699301	0.99256887157984341	0.0020968364091297678	0.0013459315796267024	0.0030828335399420981	0.9952534658315686	0.99688837988189549	0.98728159608753419	0.0038940322353377549	0.0019023151683709605	0.0053533359828257243	0.99669038411044786	0.99696468296554031	0.99283838039544381	0.0020074361847443926	0.0013251326475133495	0.0029677357765446333
BGC0000474	RiPP	9	119	0.94481338232922152	0.93593975180839639	0.91119384176525331	0.028553286460824712	0.022645650055179933	0.042420786987397596	0.8881347522167804	0.88692795498568855	0.8404397802370227	0.032533585820406961	0.046561964420203147	0.070135979905008528	0.94420541386519385	0.9317191069108588	0.90707645028794959	0.029590416884845622	0.022895638111764805	0.045327054061527705
BGC0000475	RiPP	8	120	0.8353489449223821	0.82700915469927039	0.68502831522406882	0.081539718012346232	0.071011628994426673	0.14491889186087681	0.90926829838453327	0.91028009724605496	0.86636536976890666	0.028847666248894479	0.037235979028065636	0.053158375851083073	0.81675198691602924	0.81268881497928669	0.65142591218391821	0.092891880617428299	0.079819184876982432	0.17098638044386605
BGC0000476	RiPP	1	127	0.90769413615040195	0.92367598996245115	0.817295573925514	0.073957770140366044	0.038213784556194799	0.11826232100155998	0.2712069880690412	0.19349698427645998	-0.13862575935429877	0.35585013487351158	0.37151030851098071	0.55523325178978844	0.90791682820928055	0.92361748759831075	0.81754957062631628	0.073716485545639615	0.038105646465553658	0.11770780193827701
BGC0000477	RiPP	8	120	0.90760469490541595	0.91073738939511106	0.85772478632908333	0.039474447768495097	0.037970743082358441	0.076227544572511241	0.88854247316253809	0.97588443526337643	0.71805867224560138	0.1247984749880075	0.046850033176639515	0.19400547185684702	0.90270230250504557	0.90109536700096371	0.84912733871214441	0.039918852661813269	0.039981612463028691	0.0750297005907542
BGC0000478	RiPP	1	127	0.99256350187134534	0.99397465554618669	0.98770663227061029	0.0027843482066894935	0.0029802935713479028	0.004465993353076958	0.60497575224085975	0.7829577294020299	0.017004924744247484	0.39645132957310092	0.17721817107752705	0.66890898629934381	0.99257863944444469	0.99402581627669329	0.98785974382101871	0.0027952625544212465	0.0029741796902369665	0.0044631652017698142
BGC0000479	RiPP	23	105	0.946555936922862	0.94947567118052212	0.88878724755293581	0.026127908073409058	0.021737393310772801	0.039478845547668118	0.70335107230440774	0.81621565666516949	0.32894580553517749	0.22251467402403519	0.13006865957282104	0.41999175355993956	0.95649676252360616	0.96138171711963061	0.91660830545390626	0.02089259580367479	0.017601731719743795	0.032002540400965507
BGC0000480	RiPP	7	121	0.97760634962389203	0.97433214400394763	0.95803402495414913	0.012531804230432887	0.0090720972830798056	0.019237134869638739	0.89779162255700107	0.95082590618930229	0.75781843620870781	0.087823715857095391	0.042452812074620615	0.14367078118845611	0.97919563817180233	0.97590618894620262	0.96280487124937286	0.011431120748357677	0.0084238661234194538	0.016906309468245451
BGC0000481	RiPP	11	117	0.76110214453097469	0.73506878107396489	0.60638817661864108	0.12443521778951265	0.10260004029108039	0.22324691055814416	0.58360309937343224	0.54682629917021164	0.18955484881639165	0.25723628858145725	0.18836055304261318	0.40565178032096894	0.76782954412840987	0.74276057618226832	0.61309410670230091	0.11637505006319342	0.099429949794416522	0.213809434595437
BGC0000482	RiPP	1	127	0.97875700367264284	0.98193221244400741	0.95895592417138698	0.011623591006522289	0.0085496629209381499	0.015253469606137382	0.56957883791962116	0.97584486634283163	-0.13055048264268093	0.53207277250555507	0.19776987668203785	0.93421998518901639	0.97892769208221186	0.9822335943995677	0.95857332360873648	0.011593691990126886	0.0084795429486124833	0.015354215644729718
BGC0000483	RiPP	6	122	0.92400315398242439	0.93880663696499078	0.82662139548778102	0.050768987520104218	0.031014618151777751	0.069063459143529848	0.71078192909946225	0.68675286033057903	0.34704531949003281	0.21104056657259904	0.1257628490428892	0.20391948035350294	0.9246196030121675	0.94028407578905493	0.83983115742367764	0.046994861091126591	0.030754148280257132	0.064525640623796066
BGC0000484	RiPP	8	120	0.96158489626048471	0.96479214891106668	0.90858414887444972	0.025275464670752104	0.015677024239225457	0.037897177676951332	0.95098503425220005	0.95024292127914456	0.90484813599075353	0.026805552400469085	0.020093311913949918	0.035482314789857083	0.96085877565461097	0.96324475378141683	0.90769550981040925	0.026057312765512538	0.015981738653536713	0.039577214570234887
BGC0000485	RiPP	3	125	0.64091285838681678	0.66348711354448853	0.34505888206147278	0.18066332035555521	0.15839937399345549	0.31338426563670785	0.29334207033001519	0.21819854680414663	-0.077890898703962305	0.2691571675876066	0.35055782436315785	0.65321950016856101	0.63865021516558451	0.65883304878295712	0.35516165457893883	0.1797917781655658	0.15933404314252092	0.30801412867847977
BGC0000486	RiPP	5	123	0.68937860421526043	0.62879000804238505	0.43770750486461646	0.1844607171655622	0.13777237595168118	0.29766108295431903	0.33774316009935784	0.32650214857172616	0.024441391531336114	0.2385967216369029	0.32039209778763961	0.41464567944301567	0.67278239707848075	0.62223586538303977	0.38592626518527751	0.20399889470000634	0.14615633324292937	0.34054049431797528
BGC0000487	RiPP	15	113	0.8574404384359825	0.87170826067807972	0.66158101548885073	0.084619730407449592	0.061363177431581838	0.13365749299696328	0.57670002960220557	0.61913923239166246	0.17119812626186454	0.24182636110373595	0.20498244414348504	0.30166690531820195	0.87067168729774114	0.88191160141840941	0.69368254109543592	0.077365600734958712	0.055290760146715634	0.12251870652635655
BGC0000488	RiPP	12	116	0.89429319874757884	0.89620014223891808	0.80068823109512288	0.066283636917260483	0.044328946981557579	0.078256190823678407	0.66857291860313184	0.68739148789150217	0.39438927865264101	0.17942325949341503	0.14634651913396435	0.26703921826845811	0.90237365948148918	0.91088594688133129	0.82042371756136867	0.060590006013873314	0.040890096902810688	0.067735491611786047
BGC0000489	RiPP	8	120	0.84710202386761646	0.85328329789986257	0.68437796262494333	0.10217430780732756	0.066512756438664208	0.17392863392335922	0.48887356069179744	0.4814317820360729	0.16390352351818327	0.21404928335085502	0.233708868987969	0.42373758016452656	0.84622293751577471	0.8589978853666691	0.67491298858352411	0.10568061000393704	0.067068215411623999	0.18193696691244055
BGC0000490	RiPP	6	122	0.92190443374705	0.93254691966133929	0.8593503115553407	0.028443611007247571	0.032298828713013393	0.053704810727174701	0.40080038171621074	0.51353729745950227	-0.02155975878274349	0.28586880196680231	0.30565852855611592	0.46376876444472148	0.92264546412702353	0.93073392486032591	0.86528546222684255	0.026644680542632991	0.032067040375457975	0.047904878148739005
BGC0000491	RiPP	7	121	0.92345069401871172	0.92750659884830222	0.86368921775910745	0.043783220788018308	0.031338000663682794	0.054889974132535602	0.67078903300192882	0.66294042586186275	0.34801777278416457	0.16942923752841668	0.14410362487241582	0.2174521220169594	0.92732248565931685	0.93070011503922201	0.87268774367092194	0.041367414206728161	0.029734700020956174	0.053920720689582757
BGC0000492	RiPP	1	127	0.76614087643958118	0.81613853291571581	0.49377507138627841	0.14800792251599737	0.10011275887983857	0.19940058599421118	0.34772843968196898	0.3357360301739919	-0.031804039571348246	0.27849411332676305	0.32290345986195845	0.44527308443103053	0.76470594707374928	0.8155773613322792	0.49113783018135881	0.14887212898640381	0.10072235996975423	0.20201498748034885
BGC0000493	RiPP	1	127	0.90259693713717726	0.91780496722648119	0.8168959263227662	0.05093971881313384	0.041116680025543341	0.060439372282859893	0.38472760082883395	0.32408084530010151	-0.16798610574956177	0.35986640999309788	0.3054022941332587	0.47484683844122799	0.90376897682995527	0.9194135926091791	0.81925326206777793	0.050370478859561876	0.040619498637613827	0.059190774725856432
BGC0000494	RiPP	7	121	0.83533395763793528	0.91930803378300863	0.59192486605379091	0.16081697412512658	0.069447239443848369	0.25545300560315876	0.76362561145612917	0.75446010802401253	0.61880820338150944	0.096363698146857718	0.10072066518885922	0.1638959873039425	0.83256052563404881	0.92268493096538595	0.58347145403795686	0.16660259425517326	0.07067739785316865	0.26439244771487946
BGC0000495	RiPP	32	96	0.95776610612555813	0.96860773863358451	0.91980985855268882	0.027727922671965756	0.017091272161054528	0.037822947148199226	0.79255240286166151	0.82139608557316746	0.53781854296722154	0.16464812923129446	0.086820426495077374	0.22065920480973267	0.97067376982954179	0.9691405076772196	0.94517528777554161	0.017781598978159004	0.011909862367008705	0.027842025582119123
BGC0000496	RiPP	5	123	0.94657125096667583	0.96053940101933133	0.85997580612350488	0.046332155252458825	0.021802854601057842	0.068475370873349095	0.78213437593158053	0.84185547947374251	0.53534741256732843	0.1558533473369344	0.097344395004285933	0.19906099716114123	0.94470917921054554	0.96037260204952157	0.85876355712791541	0.048253652571268159	0.022586362603362064	0.071986819935113133
BGC0000497	RiPP	8	120	0.98520911251315957	0.98724512735584946	0.96468721999849549	0.009562510847664461	0.0059370425299525298	0.010474065184752024	0.87551715458830925	0.92270018877053661	0.70821104753072928	0.10523069774275214	0.052991257452516718	0.1833230572903104	0.98650424167344186	0.98833899336975228	0.96813608329004863	0.008690109552708776	0.0054157651216644844	0.0096821154375148488
BGC0000498	RiPP	15	113	0.98096245545859873	0.98955186982428089	0.95957417997876715	0.015635872731317883	0.0076993524901053821	0.024209957388336201	0.97319459906120132	0.97428495338809062	0.95191872869838579	0.012611233254365851	0.010834702348234981	0.017158409738508684	0.97948153719931064	0.98951226136700243	0.95444218306491291	0.016990063355922697	0.0083102453421907592	0.026402396153944352
BGC0000499	RiPP	6	122	0.97772725661284898	0.98248041492656246	0.95893997582756318	0.012517079400430106	0.0090470723136527372	0.022421282882088001	0.94563084279193599	0.95750680773116903	0.87974988122679831	0.042755625961720577	0.022422012417440483	0.068978729934515148	0.97663796238233158	0.98305813211709081	0.95799732847510155	0.013172785351998444	0.0094930596340061513	0.023826515851048669
BGC0000500	RiPP	7	121	0.99136226310332598	0.99308388861940955	0.98330975745642091	0.0043172073154962142	0.0034693413831232921	0.0052692269335348207	0.98474905240422239	0.98556578893261992	0.97041990355693808	0.0083642826103622527	0.0061255916426976587	0.012409819430247548	0.99135472510627332	0.9929190724564847	0.98387701875850175	0.004224050850581384	0.0034728745574167607	0.0049779434031030911
BGC0000501	RiPP	5	123	0.98777200999570325	0.99386227215178558	0.96953316080374941	0.011571230568924248	0.0049193402167127202	0.015846643306560826	0.81618606169259222	0.80915657886332726	0.63877074889679186	0.12695586613494783	0.079760867652359832	0.19493431042089049	0.98744149415439397	0.99434818870463582	0.96710288060475569	0.012380248672211934	0.0050557531014497007	0.017036664761255649
BGC0000502	RiPP	17	111	0.92114287714242804	0.92893267335976604	0.84333575038174469	0.046179312289803605	0.032176855253642958	0.074718883410330283	0.90417884306940599	0.95559382474724897	0.77225921699264422	0.092720307282152373	0.039557524833862809	0.14284807747322159	0.90895432479120264	0.92159855907715627	0.81406703700299177	0.055653660785616108	0.037306904568714508	0.092105313466666949
BGC0000503	RiPP	21	107	0.95965105834884645	0.95164846907672951	0.92833556579778576	0.026324486753667036	0.016380077755943724	0.032101422684327252	0.70408023421945087	0.93126296479934823	0.26010319244226887	0.33078226447338144	0.12646409341488313	0.48943420092045076	0.96784994538927072	0.9721126808891376	0.93632010116976627	0.024631964487684992	0.012984296913734417	0.033442807608031644
BGC0000504	RiPP	5	123	0.9940310257331294	0.99439803292106921	0.98666275660803882	0.0034377401782118506	0.0023927119015869857	0.0050392595119738148	0.9411733677447579	0.93919860891508011	0.91657816237713519	0.012930709567410178	0.023961515220788199	0.029456856970017542	0.9943022328587352	0.99476389814125943	0.98707618275517983	0.0033294907202708998	0.002283824360801834	0.0048371590574061152
BGC0000505	RiPP	2	126	0.87848810816361189	0.89640386933821414	0.71321955375529833	0.095604295486664381	0.051677231954287396	0.14643514559948034	0.64972568674267905	0.78997835541762118	0.28152773830889377	0.281769719200407	0.15635577763788622	0.36856503509026406	0.87944785838414885	0.89766115162431115	0.71580109334120035	0.095139330021601576	0.051260046698730008	0.14614294807533967
BGC0000506	RiPP	11	117	0.97131950424995384	0.97180478870518527	0.94511279817441363	0.012279044117925762	0.011575795309069247	0.016244259116779292	0.92989460279500324	0.93539870219720744	0.870643663076209	0.030358421273243893	0.028467094464724951	0.046404135489953924	0.97166031738568015	0.97319657481284372	0.94613747199093123	0.012359049408850863	0.011450306998544168	0.015919563171498785
BGC0000507	RiPP	7	121	0.9887437799202129	0.98956311386115703	0.97727599334282889	0.006137375650254873	0.0045359926711033612	0.010458799454976742	0.92521258279853524	0.92520613588126399	0.88645296799328366	0.025445154127014435	0.030544550712412733	0.047257147748479	0.98888776385685662	0.99022206251620293	0.97687932974807257	0.00662847738119358	0.004483289849691552	0.01098575826497028
BGC0000508	RiPP	8	120	0.97337185512280477	0.97510411442782652	0.94853124658216903	0.016498351403245289	0.010824824440404423	0.027283121245284314	0.84861754041922988	0.84444915225909545	0.74830366247203217	0.084542165998528235	0.063439000125418615	0.15355304003983394	0.97332085079191211	0.97422298742529345	0.94790298566094888	0.016450227507896483	0.010868591702850261	0.027186341007207848
BGC0000509	RiPP	11	117	0.99286141917810633	0.99423173328577441	0.98129586735922747	0.0050229949394061304	0.0028681040508506729	0.005469750548733221	0.79500026355176745	0.80340572084924378	0.56454941117082791	0.13610822558072405	0.08918878652440132	0.25709164505641346	0.99421765291011144	0.99511863267820022	0.98529306216470325	0.0037833281137911942	0.0023200709551248755	0.0044223383538668504
BGC0000510	RiPP	3	125	0.9479979821889174	0.95851779307050544	0.88829366572041346	0.034425912747408735	0.02135216651204843	0.049966097837830792	0.76524690557944264	0.83925350222165973	0.5442166115407534	0.14576235076482469	0.098864911075938269	0.23929150726869497	0.94874478011981478	0.95797657661417712	0.8915682334356867	0.033250975288661513	0.021040361943363072	0.048143600632031935
BGC0000511	RiPP	16	112	0.89047120551121295	0.99453960658376106	0.71147678751350119	0.13661607812392332	0.046623027922921813	0.21373048181066268	0.89749176813964415	0.98120230434822764	0.73174717184858717	0.1158809377558241	0.043080986223484864	0.18021342564664977	0.88862825107158616	0.99515776083653917	0.70775631852979848	0.13941794954408041	0.047492902780889801	0.21873350275493875
BGC0000513	RiPP	4	124	0.80675497315304656	0.97916722910428777	0.45355590409885238	0.23817415936028888	0.083568093857153775	0.37908730694775916	0.86114013183565985	0.90876631205249803	0.62959154914478788	0.11581647872080975	0.05965563718938971	0.18824957272231169	0.80339538669036659	0.97981760285519315	0.43959257518426975	0.24244373411329151	0.085113940682601724	0.38650500174779923
BGC0000514	RiPP	11	117	0.99006354780036643	0.99714656810752345	0.97476541283947549	0.010579934971317857	0.0039987719457909906	0.014681548655443133	0.96836874074072088	0.96874705517001503	0.93630769715831985	0.017623983621995905	0.012796549831469583	0.026526450863084694	0.9904777673846713	0.99747926253747898	0.97560387715182928	0.010292129231459547	0.0038320430257636541	0.014210624236301372
BGC0000515	RiPP	10	118	0.99697191628972548	0.99658895087716015	0.99469669171250163	0.0015303763503616296	0.0012121974390032707	0.0023413195185268965	0.88174675622778798	0.9049667451084864	0.740352796990841	0.093809596237631215	0.051048092570474844	0.1616816373889095	0.99759010618265587	0.99716729432446582	0.99649742488899706	0.0011399431444387572	0.0009644362184345834	0.0014961714598785703
BGC0000516	RiPP	8	120	0.97506442597918075	0.98029854876402955	0.93499732749183517	0.020782030290423754	0.010082800290924543	0.028374240161507247	0.84094477275089674	0.85732968680685995	0.68016251411120121	0.084538039273107102	0.066070043086495153	0.14222220349696324	0.97732602138971669	0.98296116071791206	0.94119059330382349	0.019607691950924003	0.0091707212026273625	0.027174522037025306
BGC0000517	RiPP	5	123	0.97708357399403722	0.97946785955458615	0.93788453369875324	0.017344522271409386	0.0093469667214002954	0.023614655479264335	0.88686777007485385	0.87886070421256757	0.83171838179290991	0.045346580622380214	0.046980089458765084	0.06446039862654962	0.97681446587769682	0.97963931032113249	0.93802214309730281	0.017100145347639668	0.0094551267802569956	0.023163151281524574
BGC0000518	RiPP	7	121	0.98189756120893035	0.98372315999396487	0.96375500082121268	0.0095758549730573326	0.0073153753569300539	0.011708514703860362	0.97292958760621584	0.97382680647539666	0.92917601750008816	0.020088646378585859	0.011047983685494468	0.026357513359257068	0.98063405332078157	0.98329546200099838	0.96160756500167999	0.01043446848200413	0.0078284114768853996	0.012980111409857664
BGC0000519	RiPP	5	123	0.99618880369773388	0.99874108326831346	0.99084241178401322	0.0038302336143945454	0.0015269212488772332	0.0051813348460979514	0.97581447983594438	0.99058423327576262	0.93745078538668125	0.023199520811049267	0.0098241202359319324	0.034036029620636232	0.99602409054249674	0.99871170478467142	0.99037805025663317	0.0040020208819099975	0.0015931854268258494	0.005425283620237531
BGC0000520	RiPP	6	122	0.99572503828389303	0.9967021908648982	0.99039872155187203	0.0028082385626169493	0.0017137502816485738	0.0035526777692831413	0.91139153514976012	0.91877816348632291	0.84802847939651549	0.042846063593531797	0.03652490325246753	0.060340248182927381	0.99607770846818489	0.99685971330341583	0.99165725304367702	0.0024628395566968484	0.0015716594472974688	0.0032816314753308928
BGC0000521	RiPP	10	118	0.98531968858008534	0.99240123740870323	0.95418879698987369	0.015119302230947334	0.005924300965390583	0.020249853068142643	0.88477161789009595	0.9171518389487201	0.66503681112231283	0.10081718927431629	0.047547040815093089	0.14389755074442745	0.98788917229428108	0.99414109313989252	0.96306980911864015	0.012391825203649637	0.0048839216713284063	0.016722688739945091
BGC0000522	RiPP	10	118	0.9483706098590835	0.97148801750840086	0.8859708486564839	0.040749961849671924	0.020917777636782042	0.058588515795755747	0.77184241479988625	0.85583986554967806	0.48297454681381224	0.20672032438553972	0.098116514091263249	0.34218327321953124	0.95092926872011285	0.9728920271741146	0.88798226652435375	0.037573160151526924	0.019864892072576114	0.053276398416902904
BGC0000523	RiPP	19	109	0.89252712606204943	0.90725216675194831	0.76001972360491188	0.076545011360058923	0.044881115244209437	0.1260554770195963	0.85681163438657815	0.88525750196020137	0.68930909959187026	0.10228145458480885	0.060015835613951518	0.16629654223337242	0.88667194656090231	0.91428252073500049	0.73560629025257873	0.088510672841339122	0.047397861758329184	0.14552046861502066
BGC0000525	RiPP	3	125	0.99216784924327417	0.99459544210287565	0.98226640674503474	0.0050945379934621135	0.0031432186121767456	0.0076320823973122787	0.93740571466788047	0.91761202981770862	0.9021705654980462	0.040310796931653604	0.025516649046974593	0.051798478475990173	0.99229564658259073	0.99479019734062291	0.98261654824052058	0.0049446596094412298	0.003091713862666534	0.0074435580824525616
BGC0000526	RiPP	14	114	0.99449586579080962	0.99376468035355325	0.99068623705646586	0.0031418402624664842	0.0022057868106555968	0.0041518512431744092	0.97124629694789666	0.97794817750351926	0.93100713522242684	0.021717141044681743	0.011668759161491859	0.032516668419197425	0.99533640148174052	0.99493795257001438	0.99131201729723861	0.002832100287670827	0.0018680058443204528	0.0039301927600333686
BGC0000527	RiPP	10	118	0.97901174365632815	0.98105269234019921	0.95982284998627221	0.013122716596373847	0.0084924924521576853	0.018048512557118146	0.80778432389030075	0.85456037052714517	0.56392741203387564	0.13667604097676767	0.08280976398789644	0.22395707030706136	0.98255908298967465	0.98371073085295824	0.96827694420113564	0.010307621322374094	0.007038976760757043	0.014114138630452855
BGC0000528	RiPP	7	121	0.91630063755726499	0.91720074384091088	0.79830719488320845	0.055908945544662809	0.034919430122278008	0.088385457651831478	0.86309628480636769	0.87589252345433377	0.65973886990541997	0.10474309498088967	0.058144290106581439	0.1727686420398209	0.91575082700729227	0.91632655907081861	0.80384359440077879	0.05426227691345218	0.035201681818758289	0.085236096350546187
BGC0000529	RiPP	20	108	0.99216898070076331	0.99268634859104199	0.98555188780513425	0.0045029239273325925	0.0031451711605581913	0.0072687071925173763	0.95418177915651492	0.98230202798636523	0.89322547951749387	0.046278111799961816	0.018581666223725212	0.066423550774745599	0.99387963842540894	0.99375649521416154	0.99027988483730678	0.0024867888934190364	0.0024555332704783383	0.0041623669311374734
BGC0000530	RiPP	9	119	0.9958038431049564	0.99698406862107936	0.99156478023144012	0.0025935234143518045	0.0016863451198841028	0.0043188660215246477	0.97687217958136574	0.98273248937052227	0.95868351548659791	0.012703267357173871	0.0093862782274053876	0.022784207680236923	0.99612261491758036	0.99704379202499271	0.99223275299225722	0.0023392364951028465	0.0015577003765644859	0.0039027971498284408
BGC0000531	RiPP	8	120	0.99597801817485099	0.99631149550379239	0.9900790205128428	0.0029450373985686115	0.0016106746234835433	0.0037406394424623901	0.97883323521707299	0.98651349035977698	0.95227823621004704	0.015871926519045013	0.0085808462787794419	0.025174170901069215	0.99589606655419582	0.99622458563410943	0.98937933737482675	0.0031105885605858335	0.0016433953548822932	0.0038632482855623929
BGC0000532	RiPP	2	126	0.99398220126478432	0.99446792157312869	0.98775999687571248	0.0032430786064997271	0.0024115967702404316	0.0049528563322377428	0.79258994489992085	0.84498197779050255	0.49885365053504033	0.16626420472218362	0.087968253799913534	0.26177787021380672	0.99414783083768832	0.99482304917610964	0.98832720301949917	0.003171701257185923	0.0023450235773436303	0.004924293378427147
BGC0000533	RiPP	8	120	0.99695074780296034	0.99720278394710271	0.99299501020012804	0.0018999537049276677	0.0012211458042227675	0.0022996864003665962	0.97533820611146427	0.98162052031261338	0.93689587846524691	0.020087917380408622	0.0099733037403916484	0.026499035109532776	0.99657891555910216	0.99682870734695106	0.9923280077366744	0.002120500978959548	0.0013705608375488509	0.0026238566943832531
BGC0000534	RiPP	7	121	0.99622819701167808	0.99615170137842801	0.99397493957983774	0.0013630488502999012	0.0015099462774149197	0.0021899963515209508	0.88097088851615124	0.89230460858484062	0.76028382538753669	0.086350768564261549	0.049931657480962219	0.14364433164733625	0.99650791258350657	0.99653781885384085	0.99431172807528023	0.0013246848149858971	0.0013980111885856684	0.0022419804618588612
BGC0000535	RiPP	11	117	0.98857444985540099	0.98769229792730107	0.9801918717224064	0.0069481114267341748	0.0045976111964368457	0.01082775675673997	0.9535646902867938	0.96349312944866661	0.88723073096526195	0.031977102916730421	0.018797845165640471	0.044157922797517624	0.98883529609599718	0.98946693909597827	0.97884472071699047	0.0073327869971619615	0.0044944091439927721	0.011412213923858716
BGC0000536	RiPP	11	117	0.98659840403504828	0.9855859347650604	0.97331919716570303	0.0079852787899898896	0.0053926040961042917	0.011984764166929507	0.92407547684235569	0.93517207113362766	0.84992324779878636	0.042254025384958788	0.031335877905299014	0.075050211272298051	0.98704730577899169	0.98588887209315446	0.97302317657165682	0.0079942875330382551	0.0052109127104718045	0.011621852692092149
BGC0000537	RiPP	11	117	0.97302602024522711	0.98177065624531468	0.93141189758841836	0.023000330868325987	0.010866642892318312	0.031230525654823871	0.8185607851481993	0.85554977106648389	0.59318921333084684	0.12226265111382191	0.076364468288874138	0.15336003505814055	0.97644907272752035	0.98531922235880298	0.9412230785984339	0.020097603595742562	0.0094797069264050959	0.02767856624549303
BGC0000538	RiPP	6	122	0.99410436428243454	0.99673037391052266	0.98507427416533344	0.0051047465527218859	0.0023703246926402464	0.0073251881455359547	0.96784334393543792	0.97228470457233107	0.93465414197049468	0.020594057771053435	0.013128634036883136	0.023514291679954336	0.99417030933646411	0.9969015007755242	0.98537357361809419	0.0050881266977791167	0.0023439134534052109	0.0073080218512913131
BGC0000539	RiPP	11	117	0.99180221199232221	0.99270038081629974	0.98504274999950048	0.0031369702848496723	0.0032925663119878212	0.0048936283219741528	0.9313096406249628	0.93312132938297854	0.85269285785767823	0.043295304536238345	0.028454583056282855	0.058239610706903089	0.99240366702585292	0.99328621939049233	0.98488148567268763	0.0032960366135417842	0.0030503107670234453	0.0051058531960462838
BGC0000540	RiPP	11	117	0.99739381610639266	0.99742849659788502	0.99489884568537912	0.0013494502493325302	0.001043273878003892	0.0019400536805960211	0.989833054370864	0.99154892677172435	0.98093523955967366	0.005829124938319801	0.0040890395598729649	0.0096911301715687515	0.99743771916199919	0.99759972942694031	0.99509123607212302	0.0012861698220858933	0.0010256575552394453	0.0018285348030278037
BGC0000541	RiPP	7	121	0.9989724785770655	0.99894827238870532	0.99828969746299412	0.000336990984387185	0.00041111200871195573	0.00063636884984685782	0.99551363070078103	0.99480835340009444	0.99196725119259865	0.0022365193398415453	0.0017983583115580791	0.0033305539636271364	0.99897642399254205	0.99897596002388322	0.99826545229550567	0.00034607792242571846	0.00040954603664329349	0.00062295455471739203
BGC0000542	RiPP	7	121	0.99684996313023344	0.99684976376060397	0.9940534236346531	0.0016221141193409213	0.0012614386709718151	0.0025884295605403951	0.97770927399286833	0.98050416067511437	0.95044648884482397	0.015088413369760266	0.0089830214301475746	0.022496852698983605	0.99699326094302054	0.99691812692994186	0.99452636368319747	0.0013387833885229062	0.0012039279351100606	0.0021851710124495272
BGC0000543	RiPP	6	122	0.95950422318549555	0.98713722649849056	0.88930500609095209	0.045364560698736053	0.016641704032333691	0.06535089168927255	0.84842788254397128	0.84575568718635541	0.73739831914055609	0.090031649955545801	0.062714571883122378	0.12156869804657855	0.96114422102342156	0.98676822836044908	0.89305067384018	0.043272817807197557	0.015969036383495495	0.062267260106123823
BGC0000544	RiPP	15	113	0.99685642368048233	0.99747527019708793	0.99357942841967972	0.0018943763699884636	0.0012582241580546105	0.0028408307766746299	0.99637300418882424	0.99713695993677565	0.99314294705113948	0.0020598516824422816	0.0014518575321730287	0.0032678038591409386	0.99668965215324212	0.99719016483099354	0.99303011039383948	0.0020000785438139424	0.0013250193782896823	0.0029111672762280882
BGC0000545	RiPP	14	114	0.93338625861176294	0.96036578121712579	0.8153268948441722	0.061721296780213507	0.027799489986311699	0.097353030051056777	0.62779075082756308	0.61606255722321879	0.37596731331596533	0.20327852402733179	0.16382111438124919	0.33311959960971049	0.94339130380643044	0.97551528832205658	0.84001493039650299	0.056301684030533553	0.023574245037799722	0.087025707172943778
BGC0000546	RiPP	9	119	0.98841337628247372	0.99483584924557089	0.97022421923290703	0.01069634770068688	0.0046938978996656552	0.015620339850582643	0.81699853241542042	0.85004054918084837	0.62776110538746566	0.093155152406317956	0.076758969507784075	0.13055506474404521	0.98868254663898403	0.99509258329264516	0.97152348727787163	0.010482639661392306	0.0045864313897995947	0.015358835897041789
BGC0000547	RiPP	11	117	0.99825809883732641	0.99846630883361609	0.9968632093852533	0.00071219202941919316	0.00069742289901082439	0.0012290776191826724	0.97420924558195665	0.97972849139060325	0.95044712047359792	0.015734535009538392	0.010519786296646761	0.027797939412904205	0.99852831650291862	0.99871717970380303	0.99765236734512486	0.00057835601813381382	0.00058904349952342287	0.00098397147858442224
BGC0000548	RiPP	8	120	0.99228669747314269	0.99449007764879527	0.98250993437200174	0.005983880195879877	0.0030926086625413076	0.0085284149999329539	0.7394061537940072	0.77787710922325803	0.37981439133240608	0.18903786643644682	0.1117570377966752	0.31937177447931608	0.99333924387127193	0.99491650400304299	0.98570451748103538	0.005129115435576842	0.002670277615568639	0.0073582978936104215
BGC0000549	RiPP	13	115	0.89828249062416943	0.89986197476996832	0.78426418894285965	0.074823797742464226	0.042983584568630787	0.125234549015529	0.73035083438165338	0.7167369316990817	0.60308544909963002	0.08690367154760581	0.11530813497495809	0.1576139081033876	0.90288155839392559	0.9110982597357995	0.79155083696299056	0.075831335983078826	0.04116069156951907	0.12707054811736651
BGC0000550	RiPP	5	123	0.98285091211976661	0.98497714096503786	0.96634316342241244	0.011061946238602797	0.0068951765310943051	0.016758924692264476	0.76871030880058866	0.85328495027024509	0.46720522038738227	0.21110134916873011	0.10228794426389123	0.37314588425662687	0.98333670925111993	0.9860400666483744	0.96616243504664123	0.011191455404555109	0.0066964643541698402	0.016769663224014075
BGC0000551	RiPP	4	124	0.94986528356931377	0.9770624583920916	0.86402391441118442	0.051164983266440194	0.02077130813427357	0.078765860037498858	0.86730398671555631	0.86156124248164168	0.71912220039491981	0.080288022836146125	0.056222810002825849	0.12693243387386111	0.95050029737756336	0.97617155956340695	0.86754203239905892	0.050317523905045472	0.020509981940163291	0.077452036624139797
BGC0000552	RiPP	7	121	0.94386297226770277	0.95575182321234387	0.86088975961101799	0.049757638179499221	0.022803764756380528	0.067521391314634416	0.87228359584648119	0.89513314306540859	0.73982298331950846	0.082307548578410092	0.052989742828403408	0.10232724653687297	0.94349936578336302	0.95754787620550719	0.859199218060957	0.050454213353572426	0.022970655074604628	0.069552297317228451
BGC0000553	RiPP	7	121	0.92435418525377311	0.91521596458952903	0.82617081399148273	0.057851384840721845	0.031249450590549888	0.056506108847483971	0.96059170778880287	0.95446596124105754	0.9334018539129767	0.021254975643984552	0.015974529472231481	0.021208474151630075	0.9183911492299508	0.90676332847240715	0.81502657193546257	0.062368500940572009	0.033806384815804044	0.060580048641144302
BGC0000554	RiPP	5	123	0.99114537103491196	0.99599774521709472	0.97856774944788139	0.0086330009361836376	0.0035584727323777045	0.012056414611566257	0.99201989438304827	0.99220469153925883	0.9872458258521547	0.0035014670707427102	0.0032130530708734508	0.0041490220273934231	0.99030237954564737	0.99590132852058033	0.9761309689876555	0.0096422375849632043	0.0038992479901185373	0.013458747289631368
BGC0000555	RiPP	10	118	0.99437061974200702	0.99507036826780038	0.98890643767173858	0.0030414268734502725	0.0022551890867608783	0.0047425564811739429	0.88869355316630183	0.90918100774882915	0.77590794270811037	0.047669291491279533	0.045729993677753968	0.070709364959896437	0.99567134216732234	0.99619091295188256	0.99078010552958984	0.0023573092174182949	0.0017334256347356191	0.0034855240690506717
BGC0000556	RiPP	10	118	0.98853611284519061	0.98939181505119422	0.97607736970386449	0.0072142663514436697	0.0046005747660601724	0.00880389742084009	0.75490268846213593	0.73813777845861694	0.63246350109790372	0.10444125738188574	0.1071727321513766	0.17024787294065746	0.98896683226389648	0.98985597767307543	0.97651434179673768	0.0072203799526879102	0.0044276688892415763	0.0086140110485564136
BGC0000557	RiPP	10	118	0.99374134531133984	0.99597455977839	0.98730835868888855	0.0048764100839169423	0.002518548605682791	0.0075088002252619024	0.9607246784968293	0.96203086481026334	0.92610383507938454	0.022498271978926478	0.015871384892717954	0.032405327924471816	0.99410191110636248	0.9961521046508367	0.98707050932984619	0.0046804695577530872	0.0023752028607489039	0.0071694245083163688
BGC0000558	RiPP	3	125	0.83039728195148688	0.85254698219201175	0.616972525096813	0.11926105325252796	0.071400088536526504	0.18285544396836684	0.54653258428015539	0.58433734087359346	0.1606850446122578	0.28541035401728104	0.20993025102864876	0.60788900902551823	0.82329638110539405	0.84867645701441252	0.59023596843471571	0.12800716825278768	0.07460835756568833	0.19985780459718905
BGC0000559	RiPP	13	115	0.98721151236315863	0.98647366747886656	0.97952008223568843	0.0053699893020901128	0.0051337602901499139	0.0088357511179811832	0.95925024573645212	0.96476379935589041	0.91688902595780386	0.022355085656049566	0.016471935265172301	0.034501260837772718	0.98795981018713941	0.98733743205941882	0.98042718275875385	0.0052878179396087452	0.0048319898134860928	0.0089213372768589538
BGC0000560	RiPP	6	122	0.9952168730958153	0.99635377770725286	0.99052921909387537	0.0028178482767837023	0.0019152072052087687	0.0043034097183889397	0.92469155584363583	0.92922469681905806	0.86868859093727424	0.03217423162518282	0.030885099204524334	0.052538338365610726	0.99566271872975931	0.99662245724922194	0.99157591752847141	0.0025700734067434536	0.0017365587769342604	0.0039104540077546934
BGC0000561	RiPP	20	108	0.97733381350961879	0.99609503007644096	0.9434141720498781	0.025698456171773864	0.0091679217924637065	0.035662087899684614	0.98156444177904911	0.97997291296668743	0.97245985679313884	0.0078640751466849297	0.0074359765267669299	0.011884894311965599	0.97126883859298696	0.9968224275524018	0.92699414625856702	0.034217081760317153	0.011643769676094307	0.047417481936763095
BGC0000562	RiPP	1	127	0.94121998361198822	0.9866257226363373	0.85170925285149091	0.064054726178934318	0.024586023542394631	0.10064362455615328	0.33701607950360735	0.012522734585938149	-0.10077063975090837	0.50635457769924486	0.33466374766046297	0.8133179126099177	0.94225558924967157	0.98654802123200769	0.85443261196971521	0.062892885080955613	0.024137132628492087	0.098695434473745736
BGC0000563	RiPP	4	124	0.89183473093231691	0.89945194488737346	0.76929995121944206	0.074320117912731409	0.045106799082708274	0.12328288614161464	0.61044665300190493	0.68644823004018507	0.22732514133825141	0.24497899290499336	0.1756319315936255	0.42394085760013289	0.89432899645167319	0.89975208295632236	0.77695712113017756	0.071652860077939903	0.044019203010651209	0.11879882938625208
BGC0000564	RiPP	9	119	0.94305892597153262	0.94553626140899993	0.89725130217391269	0.030019219375919216	0.023272392444323019	0.040570283964924236	0.93213678660607413	0.97559024933570193	0.84160300280029277	0.062914216611457144	0.027938640666950752	0.098672266410816722	0.93774147370688965	0.93970907626066746	0.88528623477516044	0.033895399775316311	0.025529533270080763	0.046342753844917262
BGC0000565	RiPP	16	112	0.98036993440017162	0.97382379806105668	0.96789570846685813	0.012446985349918003	0.0079537398527366847	0.013504130787128754	0.98861426891341131	0.98687703826683792	0.97748524430811479	0.0070991565305186192	0.0045693098442396215	0.010070203153020874	0.97589571356184224	0.96916028214552352	0.96072702124646636	0.015526219162785331	0.0097970802832342274	0.01727714142648884
BGC0000566	RiPP	9	119	0.9959018440679468	0.99665040031164143	0.99076476562590399	0.0027426836290593433	0.0016411612332860813	0.0039840605201421075	0.98294142217141256	0.99144153584472827	0.95432963887080058	0.016357864596995803	0.0068868652757571262	0.023356900795622804	0.99612083368631466	0.99715226566717485	0.99180347220945941	0.0025836125024917317	0.0015534203007884883	0.0038901574316781984
BGC0000567	RiPP	7	121	0.85320723758654426	0.84635922553249765	0.77254013957231393	0.062884787691897787	0.061496325774204073	0.08308981891356737	0.93871995477103953	0.95297706254169878	0.87056790122497574	0.036706552037048659	0.025147097429944032	0.062257000890025505	0.8405043722677531	0.83377623680576918	0.74180455146568891	0.068577246474255199	0.067025135711888617	0.08832131013457567
BGC0000568	RiPP	7	121	0.8952402891859601	0.94956441186192808	0.73470907683742814	0.10337367579426933	0.043437667181735383	0.15737797375587903	0.93257239524745172	0.93353069633573194	0.89764268796413094	0.017958721910663531	0.027596778351847529	0.037007324953655885	0.88861411562080939	0.94834853529665453	0.714326040461019	0.11114284653192934	0.046288905930455204	0.16970884017221077
BGC0000569	RiPP	12	116	0.88762287085698488	0.91390982817769884	0.8116703719679107	0.057133571579969712	0.046126165189764048	0.09489426958450653	0.8333742372041606	0.86330969330048135	0.67674224615493517	0.098038100360576488	0.069348721703932428	0.16847203808511213	0.88761416868009968	0.9197620364088781	0.80114880076705675	0.059952580331457311	0.046141027215938712	0.097742669832378004
BGC0000570	RiPP	4	124	0.79789667061379721	0.83958208991885253	0.49998257816215913	0.13264520764850826	0.090031097376249258	0.24566903164367648	0.81326299322272322	0.81488500320406632	0.67197424044845433	0.096579682379964005	0.079069862501663771	0.13652875790024699	0.79226998400780457	0.83391109288659759	0.47980897871396511	0.13859100312925385	0.092761204604899644	0.2580307237238848
BGC0000571	RiPP	4	124	0.95449336061130108	0.95240909758516468	0.89899930483007173	0.033558613551249158	0.018751129256214295	0.044066087360763007	0.87773405624651768	0.82051177775155437	0.79853287432934694	0.089682706235915316	0.052932630832683292	0.11789712245306971	0.95597948840587388	0.95504325639046705	0.90094902331364546	0.032523312160250145	0.018116834049440401	0.042728608790285061
BGC0000572	RiPP	4	124	0.71999190533943369	0.89025531954130632	0.26285446959485248	0.30587998084725965	0.12783979344203997	0.53970158935656642	0.80082234705202726	0.96269355927274702	0.52070225577627316	0.22401311293801549	0.087042718302820801	0.37875924243436765	0.71528875792647639	0.88284697206839913	0.25119984917967153	0.30892556600169419	0.13025827008566795	0.54650600789283899
BGC0000573	RiPP	8	120	0.83991345025363118	0.98086489697102375	0.59336076331478438	0.1919312956536087	0.070366157476913702	0.32264792443464674	0.87618496212796038	0.97982151448969379	0.69015242531032484	0.14077511442017923	0.053105684317362442	0.23027963310259858	0.83569360918718372	0.98048000198132401	0.58288014170001268	0.19718992380836536	0.072336403888925635	0.33219280996978384
BGC0000574	RiPP	7	121	0.78019378350196145	0.75925896234660395	0.59206989103804364	0.13258827620477054	0.099111996177766046	0.27065464766966563	0.53699348234455746	0.60610955750789242	0.19522645209833789	0.22907407492448131	0.20890641296090187	0.44583793556914675	0.78974658178830648	0.77416074831897252	0.59882786506669561	0.13001823632368806	0.094956007934188347	0.26727305130646961
BGC0000575	RiPP	5	123	0.97199709471476159	0.9751243458841734	0.94637750594390935	0.017113086588085084	0.011306341136202391	0.026397301232406689	0.91321986883699147	0.92772757850742382	0.83740155438898189	0.064798516336936895	0.035601926161837084	0.1014295887394201	0.9723522236951444	0.97709416767757418	0.9460598834182814	0.017442705543476131	0.011159002263337903	0.026859780997283256
BGC0000576	RiPP	5	123	0.91285948531961036	0.98433909553839949	0.77399890203360389	0.099094813307746055	0.036538484981361405	0.15366418500591206	0.66942082410190129	0.72130558555584212	0.13178883675983458	0.27181503593202883	0.14553919609383487	0.4549193275745137	0.91730494675044894	0.98632274003669829	0.78719822316068799	0.094791556047163036	0.034643188503834119	0.14654473348725339
BGC0000577	RiPP	7	121	0.94102377739752985	0.93536054143171521	0.88254533306748129	0.032283570025481871	0.024202244623030909	0.04832996231200648	0.71616704939190823	0.71799261917201829	0.5060412861568897	0.15628089983884619	0.12848390026829612	0.31044135544369089	0.94491276250496214	0.93846411050481049	0.8881865897355945	0.030731134470786788	0.022562932173800697	0.044600808892696797
BGC0000578	RiPP	8	120	0.95258956001792983	0.97342063711337223	0.89822055162076953	0.039475801902895687	0.019469537344957776	0.064257866660317409	0.86299771109302359	0.94718304209027004	0.59870102527876312	0.14450541843487558	0.058400837791129812	0.22991473835578158	0.95031466216129012	0.97294704378214081	0.89123735808711968	0.041667907647920228	0.020365270823155313	0.066963180659364463
BGC0000579	RiPP	11	117	0.99887682738779071	0.99880158493242499	0.99835254619097269	0.00037757658504521027	0.00044937234904898207	0.00064093976983348178	0.9898661544448506	0.99126640142397437	0.98148056620014212	0.0048230822901422638	0.0040622283943886339	0.0064437984913597868	0.99900385227728561	0.99893511818908476	0.99850075638231806	0.00033234034007322249	0.00039854178657106054	0.00061456215978528128
BGC0000580	RiPP	4	124	0.9956727070887208	0.99567553988349888	0.99380770368619353	0.0013396551859747505	0.0017350988533564537	0.002228557772520956	0.96722474714000717	0.97873050835051001	0.91901859396825769	0.026066764509932096	0.013208585024981479	0.035020049851871016	0.9956838996795675	0.9955130902513063	0.99345125741395612	0.0013372233344879118	0.0017309749719232714	0.0021075883731092038
BGC0000581	RiPP	4	124	0.65314954397540892	0.62078081652154316	0.51521622873364092	0.11230192997156323	0.15669174192139662	0.23972524926158079	0.74504983272494407	0.73459804290361186	0.60090226121076895	0.10487101583895449	0.10814476285992873	0.15146235411710296	0.64505576687799471	0.61308145365453959	0.50713983270286389	0.11730898680697049	0.1606878937773476	0.24833597587349165
BGC0000582	RiPP	9	119	0.94315294377801329	0.97636057374211482	0.84932515581630663	0.054673825386304171	0.023128366777093311	0.075800162737232335	0.89120636822926824	0.93315829701474085	0.7304738059167093	0.092210958986070055	0.044663116168746096	0.13692260028689551	0.93808015022545388	0.97575784308113667	0.83177450105953155	0.062101819504291118	0.025219774700698562	0.085341943693868161
BGC0000583	RiPP	6	122	0.72864353386641356	0.84171382807458928	0.34851853976356129	0.21958550235016558	0.11686639715073439	0.37409459926099231	0.58004760570536928	0.62231209234035889	0.25777529964153878	0.20030910056219592	0.18994451775984375	0.27527293559064403	0.72739043915274204	0.85258630474318897	0.34671259592312059	0.228262175155693	0.11739251954212773	0.38643276481638877
BGC0000584	RiPP	5	123	0.88061639460801477	0.9119481956614095	0.74447366384961766	0.076416022790267615	0.05096911221438425	0.075232813286126521	0.65817195698495834	0.67458940428907332	0.30929546882899989	0.21075391574512337	0.15309354709467621	0.3404932183710554	0.8851467738016503	0.91709551935635902	0.75728145350119813	0.073169210318644401	0.048951064863221094	0.072753414229956404
BGC0000585	RiPP	7	121	0.66615087188499955	0.69717506854288647	0.35060493720669839	0.17947803033211446	0.14810468969651402	0.29795349292981121	0.53975795301093088	0.56666586556840337	0.081379445054950705	0.28653369312242083	0.21099167436821675	0.39058789939370864	0.67011239339425932	0.70408023565783839	0.36812856719755754	0.17275064447618568	0.14607645326310004	0.29301141454664403
BGC0000586	RiPP	16	112	0.9022276286183335	0.96186195452008283	0.7644710208363269	0.10483924004681398	0.041065502908220572	0.16318177210470652	0.75105416813446113	0.98699583242920785	0.31672978296276261	0.31177407329421086	0.10847369959584807	0.50038910133424386	0.91351099595079555	0.95448821416547402	0.7956716011431334	0.08682499812326977	0.036177648106350421	0.13543540277251775
BGC0000587	RiPP	15	113	0.96222555230672047	0.9603287225428534	0.91725608739813613	0.019752384939623183	0.015413107900530054	0.026094410631138709	0.89800868482972107	0.88820341540516601	0.80771409153073348	0.048186082838528127	0.042562108294166602	0.074674083803727753	0.96483578133718173	0.96402169587777142	0.92024396220632976	0.018982860337972206	0.014324356315805664	0.025602189491791383
BGC0000588	RiPP	11	117	0.86988759195619758	0.89496439898335944	0.65611299192450212	0.09513958093460137	0.05548366510516918	0.13283707754508156	0.70059970309905972	0.69077842007845724	0.29596900675197968	0.19046869476190753	0.13304942221450639	0.34222003768123777	0.87727474477207501	0.90039126344680276	0.67860378173479718	0.090484205509208562	0.052242405246507452	0.12180706795438789
BGC0000589	RiPP	11	117	0.95478471836211454	0.95248778467409734	0.9159548055913922	0.027394224215108533	0.018643737170516105	0.036755658060441565	0.64178611068911451	0.84373099721078848	0.10971765683086281	0.33908845197228304	0.16098489855225168	0.60931310261021721	0.95743458749248678	0.95484397350551209	0.91909695920022061	0.025938105294572668	0.017506201996175363	0.035595321716136219
BGC0000590	RiPP	5	123	0.90196630728820293	0.9041035672447415	0.83919749182340742	0.045826883274778511	0.040268876830745558	0.06316853087538632	0.9275866942834059	0.93520242105833651	0.86683569366715907	0.031874617883688554	0.029513357143228759	0.055576948733588649	0.89978865481457471	0.90234267516911848	0.83737166952047404	0.046830559596989479	0.041194096405298718	0.063476031187696069
BGC0000591	RiPP	7	121	0.96179231515023922	0.96302484908741048	0.92142694562152827	0.022914449846043468	0.015419379999131256	0.033203225404582537	0.91205588434905083	0.9178598488236005	0.81593682498246223	0.070224101095106656	0.036330593389416174	0.10886274289034281	0.96188891889197181	0.96244982567834825	0.91946357889971819	0.022696299975379398	0.015379586413767909	0.031920230335327204
BGC0000592	RiPP	5	123	0.92993260782181009	0.93508773692514024	0.85294012471554004	0.039116729790174665	0.02856864777893493	0.050719281929264892	0.69588882064226165	0.73963443884748692	0.41277681966428531	0.18832242173330263	0.13135269212438652	0.35132841342778598	0.93167550462829196	0.93687689796129647	0.85653898193995959	0.038859520018117814	0.027848776588138467	0.050657446916704818
BGC0000593	RiPP	3	125	0.95749222644579601	0.96433742176669779	0.90215948583585093	0.027838762316293408	0.017351318671543669	0.040894480782226905	0.89210391207210815	0.91408915776840804	0.79114059528565728	0.063127612439889666	0.044608420697037923	0.11284993743202143	0.95732285864138267	0.96438037153086387	0.9016330651855492	0.027618492103757407	0.017425974966440383	0.040117361401156737
BGC0000594	RiPP	8	120	0.99169693120806124	0.99156972776172303	0.98342995584998405	0.0050229645435356119	0.0033323906415207325	0.0061928527308997561	0.86912460821140092	0.97632422061053947	0.65256313707999147	0.15135646106000764	0.054596672531317433	0.22602511322886987	0.99236419839922474	0.99197309289609625	0.98275674979030936	0.00508599055511255	0.0030646368866684703	0.0069986211283918909
BGC0000595	RiPP	14	114	0.91241155001282104	0.90601894839753094	0.86205243953036836	0.037157027617569477	0.035996326656017798	0.053600004437883819	0.49387567663792353	0.50694061701560922	0.17291513496248928	0.24000911087587085	0.22893491467555277	0.47866083095441381	0.93107428413009963	0.93033692046571814	0.88347636366714721	0.033973920415208012	0.028272466169924071	0.044597966211045281
BGC0000596	RiPP	17	111	0.79156389930853077	0.89190419497272011	0.52776760615426133	0.19373594714543613	0.087737810839011998	0.29677872988588838	0.61214976986476544	0.59248051019097425	0.19349766340986488	0.24439701866145325	0.17096476415232606	0.33166502412470955	0.80493050757134799	0.92190473797779315	0.52749408967007738	0.19342001176147802	0.081890835652348976	0.29423610572741699
BGC0000597	RiPP	9	119	0.71776011285714758	0.72333634168190675	0.47960451292714917	0.11998875192714858	0.12041131399818965	0.20230626225348847	0.50442463200622023	0.55080676415940311	0.0416099776679884	0.24357959986297681	0.22867960460669012	0.34241859147621556	0.70429064763023919	0.71543174530255693	0.43472916834912517	0.13201130392985067	0.1265560655228799	0.22130915026747111
BGC0000598	RiPP	12	116	0.94214733101625647	0.95497663130354604	0.8714658938708516	0.038786936760188295	0.023633204010007746	0.045865082746537444	0.86709731779332466	0.94130512736757344	0.6408602604385002	0.12972553450433796	0.055590761148709089	0.20129868923030703	0.94070559695088996	0.94941381128410862	0.85663215003449422	0.040242295509272184	0.024240052356730324	0.04727007481384804
BGC0000599	RiPP	7	121	0.97894442280588212	0.97613202802449583	0.95875376559585612	0.013037331684879984	0.008653133711320881	0.016763475905980596	0.94638118967753271	0.94281483382441844	0.92036565280498761	0.019719060381587904	0.021991862485032022	0.038746120241113791	0.9791234749832608	0.97568358836540225	0.95917420271961285	0.013211771174312185	0.0085814298705761734	0.016456741180345236
BGC0000600	RiPP	10	118	0.88039276940809397	0.93767618699346733	0.71082998274083575	0.11341363820811309	0.051271530294743892	0.19438849383528078	0.64544121247065778	0.76587880663163743	0.12793030005347064	0.28779789365490882	0.16108718438438757	0.55118159527761079	0.89295992727317164	0.94570330784783752	0.74344675347923606	0.10238974937112851	0.045746847875141092	0.17446059406952519
BGC0000601	RiPP	7	121	0.74278006267900465	0.71540561523755586	0.56844406527295688	0.13762962842985568	0.10918116889196432	0.19799608627533338	0.78513150034162515	0.87143468081098141	0.4829924952262768	0.17168755211476741	0.090789387986912357	0.27055430858090912	0.73184818322375411	0.7013700090103876	0.53736031405863216	0.14304814161892163	0.11416342952555655	0.19966161179848851
BGC0000602	RiPP	8	120	0.86468052422555386	0.86150728327308124	0.77134015128072486	0.062079034346136708	0.055784076295972221	0.10368727943426859	0.88844736057362295	0.89710255706539432	0.79160537714353507	0.053972570766842642	0.045844300400213145	0.080671784671886515	0.85711999928091875	0.86195344577778066	0.74511256114472735	0.070702939290138267	0.058980798262663711	0.11727902422262315
BGC0000603	RiPP	21	107	0.99922792403402205	0.99951053280458901	0.9979381547229822	0.00060700302682626815	0.00030888303521068303	0.00080707785718769909	0.9978817937466038	0.99770637908776438	0.99612028452402368	0.0011561057340705747	0.00084768584902881192	0.0012508360427276877	0.99915757279061934	0.99930184757308482	0.99764641345760163	0.00064472088562068561	0.00033703448412623069	0.00080691483629946603
BGC0000604	RiPP	18	110	0.99290391595502059	0.99306062865225386	0.9868420101548524	0.0030166282054653196	0.0028458227526530822	0.0038934370695006271	0.93956120150095135	0.94462556716212553	0.89619729776237189	0.029677646841469164	0.024551475619357509	0.041198753143950939	0.99450304099021314	0.99573176608388914	0.98847095558511866	0.0030757689379919744	0.002203749820656453	0.0041356733095859743
BGC0000605	RiPP	13	115	0.99511228907252069	0.99461761082974154	0.99059566884125971	0.0029220143551475937	0.0019570730916234069	0.0035693675251668999	0.9940120017861187	0.9954739943842561	0.98723833541229133	0.0036811618366784289	0.0024081146702404021	0.0052552634976239521	0.99422725416633795	0.99349905851474107	0.98867409474399714	0.0036439737477967269	0.0023117826698124456	0.0042922743543373221
BGC0000606	RiPP	9	119	0.84642957139368047	0.88999013698681018	0.54614011026548137	0.13578623379491053	0.065777616056325483	0.19619967685665118	0.72746458270824121	0.81387672816440992	0.28228476320193469	0.22902184315942653	0.12098388616179352	0.24243409714012709	0.85080158606744105	0.8905864750589918	0.56042888614776998	0.13270314727502225	0.063829375919318143	0.1943371769852078
BGC0000607	RiPP	24	104	0.99599429522762417	0.99621271232927522	0.99356891937906167	0.0015159459658591861	0.0016042613744535305	0.0020689284016685017	0.94519719254117596	0.96885763662655633	0.84930849162967426	0.044879426219271108	0.022629580105787216	0.070703380566602192	0.99758939469853714	0.99768633352563785	0.99581573915910315	0.00097226486351933853	0.00096486891487532753	0.0014711341388349286
BGC0000608	RiPP	4	124	0.99101672675842811	0.99872510429295713	0.97555681826810314	0.010460052101084839	0.0036172566045879818	0.014231166388236516	0.99627366907818371	0.99639999716678229	0.99451220516215044	0.0014147484432215918	0.0014917034414640539	0.0021477875138438129	0.99045919493564993	0.99869547105214995	0.97395858193018758	0.01115429446539083	0.003843315749095022	0.01519188544047978
BGC0000609	RiPP	44	84	0.99311301446443101	0.99347707039368405	0.98297302823620236	0.0040893189924345492	0.0027599496943671031	0.0048855892659763756	0.97576928637153681	0.98141875414111346	0.92656857592847619	0.02140455156250623	0.0098066708978706389	0.027025247288686161	0.99156434003423966	0.99181614543142882	0.98409321984428189	0.0051055514795834206	0.0033807122425424385	0.0061808076617434482
BGC0000610	RiPP	26	102	0.98162462490495894	0.988095743246028	0.95766192597674971	0.013143653939888039	0.0074323230353189771	0.020953309271819709	0.97062641298867758	0.9712988345811755	0.94360037380176054	0.01674167780813798	0.01183573360826482	0.023909721216315294	0.97756254155258415	0.98659149370147348	0.94602171211096286	0.017574914927534421	0.0091083530667148919	0.027670587327914054
BGC0000611	RiPP	27	101	0.99774586536772636	0.99809005125236139	0.99561468928288055	0.001033194274960802	0.00090217804951038256	0.0014751573030382659	0.98933806903169808	0.98901191457526183	0.98181177792572616	0.0058407521156034628	0.0042817546969534433	0.0073219067446853581	0.99783676496122242	0.99805644696007501	0.9962325818052955	0.00090242404853190644	0.00086572014636914223	0.0014946086219673749
BGC0000612	RiPP	21	107	0.9927693060739522	0.99370602248133943	0.98625281160348177	0.0043758124512129513	0.0029011215712327677	0.0050127515721620775	0.98042535502348949	0.97813845918513309	0.96729797328905154	0.010498733394361841	0.0079859919732406578	0.01611688711641901	0.99250909937203047	0.99321421462483639	0.98493489411225388	0.0046750624177633307	0.0030027197342446634	0.0049988471544016866
BGC0000613	RiPP	12	116	0.99734151714271424	0.99851436147701977	0.99331394025227604	0.0021895202707393679	0.001065918172274416	0.0031221778649976883	0.99709186954432505	0.99755461303383164	0.99473518695612528	0.0013869214524885995	0.0011642254318698253	0.0021004332407650317	0.99674206580419766	0.99842868464046419	0.99167629139697155	0.002904011531823964	0.0013071304409434602	0.0041029388455421367
BGC0000614	RiPP	21	107	0.93646607141250371	0.96504716327518192	0.85656066485547888	0.058675481732475346	0.025778010803030393	0.081315274739657717	0.54722192051044583	0.57277579737654105	0.084496404944661138	0.30109873819508887	0.20173113990838756	0.42219491785482299	0.9524970436936796	0.96116998065841086	0.90405185034686697	0.038064838129354184	0.019240459583228998	0.05451559521271665
BGC0000615	RiPP	24	104	0.99815757876263567	0.99859785257570011	0.9960778023520741	0.0011793779274796889	0.00073726102700140124	0.0015491156670282002	0.99858791696097371	0.99884923733647701	0.99726582933142627	0.00077818559980360829	0.00056499617794245614	0.0011052032108325172	0.99770766625398122	0.99782025590432921	0.99529582675503092	0.001379319596873248	0.00091739642545720648	0.0017117841215193996
BGC0000616	RiPP	6	122	0.90287153337733739	0.89916277337725492	0.83649290321062042	0.051342568717549462	0.040110435070281891	0.093170715372183355	0.56313178446637635	0.65777112724797659	-0.0016406107112425139	0.33284929127758905	0.19954835462402012	0.65366472713628454	0.90095841979079549	0.89019597330274736	0.83893551615663486	0.048460438267079589	0.040865375113127669	0.087109226222518044
BGC0000617	RiPP	5	123	0.76489992644046656	0.77482347940563212	0.61118113509949845	0.081119108235449669	0.10081969882789214	0.139564262317175	0.59653458039427532	0.60410460241968655	0.37164650705152885	0.12548659855491692	0.17964360605522417	0.27315001510561421	0.76879708648357714	0.77832125289020571	0.61339659432648352	0.081124269712718203	0.099077915437030595	0.1379919958157888
BGC0000618	RiPP	3	125	0.8182056813452494	0.85602109688001649	0.63326866413336036	0.10462157125395979	0.077088366709907347	0.12480783479856228	0.60148011811491942	0.81960491834530957	0.063863495713449195	0.3517679093725975	0.1775144298505926	0.48337851577984914	0.82148501075302094	0.8594797524662493	0.64780323417878771	0.10028385383659184	0.075706611750370037	0.11799150975813422
BGC0000619	RiPP	9	119	0.8937573546160259	0.90741911908351969	0.75800189767461001	0.057770883187943087	0.04418757654332435	0.083057626048805511	0.74815527371725821	0.73227897166863487	0.58202180007625948	0.10961681729555019	0.10811916683822606	0.21962154017163582	0.89794986546507616	0.91226056576620884	0.76329233662674567	0.056687818131461308	0.042401752990402365	0.080819083612823639
BGC0000620	RiPP	12	116	0.87141208423076399	0.89864050425140074	0.66484118675167159	0.095893086891694845	0.053923343563354376	0.15631950928433669	0.71030464070699639	0.72283158465585928	0.58035674189994202	0.096031919453420198	0.12800168977130297	0.1795487307606779	0.87629257304599995	0.90357047699293191	0.67084660307193678	0.09537233422345287	0.051847780552159509	0.15400958054414193
BGC0000621	RiPP	1	127	0.71302333198193713	0.73987951795632423	0.46122657514840326	0.15447381781749386	0.1250515157776908	0.27000403408035678	0.56127481643121924	0.63529602058694423	0.17450047996985446	0.2455258536481805	0.19567476202682299	0.36825218711217178	0.71307240406528161	0.73967350312510649	0.46279903757606206	0.15469072061424347	0.12512190578533625	0.27088722223359996
BGC0000622	RiPP	8	120	0.77521191230884345	0.81099747532677302	0.51132675904977842	0.14054314990560676	0.095665616617482629	0.24731304986385216	0.64797893876284163	0.63315057131260344	0.49212230424204872	0.14208406643037808	0.15558751284309402	0.27316343240188923	0.77511250412438426	0.82045480373508606	0.50657092777888113	0.14131227669936164	0.095656179189116994	0.24837585647975946
BGC0000623	RiPP	3	125	0.93376612611420118	0.93591999347717691	0.88151465618001068	0.031160613759299103	0.02732757472200207	0.060062601331188126	0.56242884442163277	0.64617120021977603	0.0064826816766075353	0.27609737495907555	0.21028099516128335	0.459532440256049	0.9353529453515399	0.93751595886328787	0.88616284076823471	0.030137589683823806	0.02663494873533525	0.057886327100557522
BGC0000624	RiPP	12	116	0.87526603669773984	0.90223277576228966	0.69218300477381467	0.08819064064780846	0.051398372264275481	0.11587427538506434	0.68847419160460688	0.70175947555393892	0.32556775154364936	0.2009330979672285	0.13435057460248112	0.33035113373057778	0.87710854219862355	0.91513588542935165	0.70578549327858431	0.086986204081049442	0.050616820476042504	0.11917452300118347
BGC0000625	RiPP	15	113	0.98088737837703666	0.99043368291235168	0.94919530671839203	0.01730613716520904	0.0077233958134425244	0.025161340160539725	0.84715639878311433	0.9451077313423526	0.57474685526552793	0.16725569868552101	0.066192600053596659	0.27255056399929223	0.9819340322360729	0.98808877254611538	0.95300335092773647	0.015023799719353125	0.0072759400988601005	0.021382569051591416
BGC0000626	RiPP	6	122	0.98539646408912862	0.98691062218849401	0.96001096811612052	0.011578740023497538	0.0058675885731791057	0.014832419234230843	0.6098623315002929	0.78046902280366193	0.11507497628301713	0.32181404234223221	0.17183647805738403	0.5365536341894499	0.9860248946511776	0.98802661086554056	0.96218998695876323	0.011255290847142243	0.0056136051029225921	0.014632975179931562
BGC0000627	RiPP	19	109	0.76237515474720663	0.97110668749276241	0.35913233219090013	0.28690758419131562	0.10322439123393903	0.461551096493381	0.80295520406574217	0.90187862203135838	0.46868552069303782	0.18495041744760715	0.08306942784769808	0.28688028680565236	0.75212199701880955	0.9663271279804051	0.31391028471094173	0.29969911632643897	0.10846761830488401	0.48811905299854408
BGC0000628	RiPP	14	114	0.97127461636187695	0.99076163072056378	0.92709974130517769	0.028954606241102181	0.011855371551966077	0.045434573672417877	0.8422308807248029	0.85323258522420442	0.72921948053116303	0.060301831037561135	0.065465620986126807	0.10253299014577	0.97032960863547613	0.99348791230545719	0.92081527130198926	0.032594956939843128	0.012284248014608789	0.050165887830478484
BGC0000630	Terpene	6	122	0.74751166265778235	0.81278819209849806	0.43479547425281651	0.20634422361509389	0.10894517966162576	0.35394626319804556	0.58843604045306486	0.51336194609493857	0.24993242899323304	0.23543484256220187	0.18447529513633248	0.36834659235075462	0.74679858061276383	0.81626711643453986	0.42939238028305127	0.20919671145935245	0.10942188317794317	0.35965857615565511
BGC0000631	Terpene	7	121	0.94457282455859981	0.94586556664279553	0.90421221106413607	0.023155326255718079	0.022647135933204509	0.04685294410787888	0.93536599560502454	0.93436027795319931	0.86125489362477292	0.040147257152477085	0.02626772876289054	0.057438580957817398	0.93764974387487143	0.94042882216502288	0.88373008523998819	0.029006136054082591	0.025571804665871743	0.056052236527639909
BGC0000632	Terpene Saccharide	13	115	0.87524325963422189	0.89428647861827248	0.73973417616180348	0.079705458186123665	0.05180678863618051	0.13457760243914985	0.79913027633724054	0.82084566965814498	0.57145203468591854	0.097519772221961384	0.084997435297756094	0.15747886669401034	0.86507606087377731	0.88012921579620196	0.72038501618430772	0.084681875095429626	0.056228626934204586	0.14251268537676087
BGC0000633	Terpene	11	117	0.93025609329853509	0.93772401955449736	0.81928125148851361	0.050505059045171906	0.028454666215172675	0.063182279182687817	0.62947569374109025	0.67705125951617418	0.27969989650759564	0.1909368306361445	0.16337774915618547	0.25415343550082969	0.93463184906027963	0.9435727568337815	0.8383900844239226	0.04676805355134403	0.026611838428865608	0.059975856907877656
BGC0000634	Terpene	12	116	0.89664422086624129	0.98684066952646443	0.73010757832727025	0.12291335896049238	0.043607671339139543	0.19069087568693144	0.57125544727857958	0.58663113437537384	0.1445573870083737	0.25424268973040814	0.19409825775754086	0.39774189139643612	0.90725620068744417	0.99039880805825531	0.76640832613467069	0.11154889198083298	0.039104601668349927	0.17295509774862194
BGC0000635	Terpene	8	120	0.90820081445580259	0.90429446253004475	0.83952258541104663	0.04525579416037618	0.038328044212044762	0.083936439717968381	0.82437242443402803	0.8878122243138642	0.63692154978851345	0.12222796330134972	0.073669957812142847	0.21193185848487661	0.90745604490902276	0.90766522828129348	0.82886189559902645	0.048546934221790281	0.038720104604597315	0.090858019068833284
BGC0000636	Terpene	14	114	0.81546726974857875	0.86372514197008421	0.52938319357857777	0.13662185271356825	0.076791654240142268	0.17202697520718491	0.60204344111684915	0.60216044679179914	0.37008893959085987	0.17723075225350085	0.17555246806780672	0.31050689945645116	0.81990833887134751	0.87409106537819703	0.5294439493124049	0.14036620150303147	0.074855522685122897	0.17610564206462231
BGC0000637	Terpene	8	120	0.7730381263559265	0.774304504088552	0.51419856640607287	0.13780207767513755	0.097064587541272965	0.1968373727859033	0.61831890436424763	0.66898549776572913	0.24622697826972978	0.23144984807940325	0.17559481110105363	0.25044662206610135	0.77281483383359839	0.77375072814822232	0.52188150705878422	0.13728020914067229	0.096986703415420289	0.20330713204970963
BGC0000638	Terpene	6	122	0.83110414249986808	0.85084389232341284	0.62681797915872717	0.096669882697700826	0.071705579581707382	0.11401287049695974	0.78552184440424011	0.84509195027627504	0.56998091247905103	0.13612838595142718	0.091021789008115944	0.25089449229730643	0.82621501672036357	0.85058612837883119	0.60190204550996185	0.10187951487176716	0.07400955661780366	0.12212359818448804
BGC0000639	Terpene	6	122	0.84529758012456235	0.82247096355944527	0.73306232686215944	0.078131495230502765	0.064458766022795738	0.13673972715565808	0.73570415382899967	0.7822356759097906	0.39133498172552972	0.18510793258563962	0.1131975826425488	0.30360809394827348	0.8422700457521104	0.82076422162454454	0.73233600223704931	0.074848862036576841	0.065748531939636368	0.13374551220184494
BGC0000640	Terpene	6	122	0.93854562000202191	0.9346004566696493	0.88489979864927948	0.034366688352923967	0.025234409315326722	0.04474217852413831	0.90704305940789887	0.91542585933628362	0.77042640711442734	0.059649695904237146	0.038675368513373519	0.093230637502896396	0.93704472789270488	0.9337452101297754	0.88018754653264519	0.036138905497494281	0.025843382767627144	0.04773566190364642
BGC0000641	Terpene	6	122	0.69429594708841169	0.75983051056629214	0.3577402118321909	0.22160014013439516	0.13133751960204282	0.35295153928278367	0.77547068743108727	0.83518393083153364	0.60583187446693898	0.1245044424038889	0.095384093164148559	0.17877147207579691	0.68510134260653177	0.75570427445359312	0.34212680740788998	0.22744412044998197	0.13559401084525127	0.36437583562948805
BGC0000642	Terpene	7	121	0.86054135420927058	0.87382573353745974	0.71327559737493385	0.097807911122434144	0.05749459236217045	0.13963737552335354	0.85624613776290559	0.89337011416088208	0.6700417259783773	0.0994834287792776	0.060809326276772623	0.1225534269074231	0.85685929447876497	0.86901401806708312	0.70614266946080706	0.099663232026330956	0.059041781105495891	0.14443249146478154
BGC0000643	Terpene	10	118	0.9294135656664515	0.93127532104328881	0.86511954316262318	0.035880411697555806	0.028873715385923916	0.053412828343064933	0.52227399323485058	0.50380874438685752	0.13017919499381869	0.24755259786678699	0.21470281518228201	0.40220921535933929	0.93867814635586555	0.94980530890393911	0.879526189608833	0.034893189937148558	0.025083988509386201	0.055678595141976706
BGC0000644	Terpene	6	122	0.93427148774067115	0.98037381441087668	0.85081861038036899	0.064880771653011135	0.026928569220942267	0.098307412835640373	0.63618580503440081	0.78142578671271412	0.14530740982084217	0.28731958725936119	0.16041757113126301	0.51109680455410733	0.9314073358802315	0.97683084657994912	0.84689755056180605	0.065640875532549409	0.028173069645124182	0.10146192663724529
BGC0000645	Terpene	6	122	0.88892973292517452	0.91441281868046365	0.77672925953359762	0.072237024282717693	0.045523152440119084	0.10992890182209547	0.61540407636544325	0.64570874530862499	0.24784523893852839	0.2733699324217177	0.17016286216900614	0.46092335957076969	0.88735599904099094	0.91612244408067167	0.76241666617380111	0.076683558112341454	0.046172644194316062	0.11766862607611595
BGC0000646	Terpene	6	122	0.86838750199890469	0.88262597580600732	0.58188920314284398	0.11492153732890349	0.054252425614389012	0.12357853761423576	0.61687591268716302	0.59841326856562504	0.40863098956638028	0.19681874519710874	0.16772464559461767	0.27591205621881809	0.86662175085572046	0.87656233383067428	0.57981505808507072	0.11418897170404643	0.05506495418949884	0.12127162930621294
BGC0000647	Terpene	2	126	0.7191708494160528	0.75692325853331566	0.40514832298731185	0.19276367680632331	0.12884531499321966	0.29974912062007697	0.43064306802545332	0.4132668817128583	-0.029114597393047437	0.31860144344362695	0.27393565819791432	0.35803232138398999	0.71931717666148187	0.75470079282169333	0.4071277374864436	0.19170859545512964	0.12871468206347508	0.3000842216549956
BGC0000648	Terpene	11	117	0.90992816353483708	0.90763059975394444	0.82314285142393484	0.051748234609277168	0.03686898282460236	0.06785296751245018	0.65878805966722953	0.65231402169179109	0.52768782095632649	0.11189409914292074	0.15128913292481019	0.21608259628601756	0.9156898425503911	0.91134105836158996	0.84386757036090987	0.045803384328452199	0.034532892379894833	0.063148824757612965
BGC0000649	Terpene	8	120	0.97383433094582927	0.971243632532236	0.94719304054156739	0.013740908842235349	0.010565396728347354	0.019279405336422473	0.62215805850978179	0.6611609106149694	0.19979037767625857	0.2129148078888117	0.16653918618978189	0.25326081430495095	0.97532992075261782	0.97677919264445479	0.95134787341109894	0.012181455122663234	0.0099551576167359324	0.015938464038219524
BGC0000650	Terpene	7	121	0.49848875864482356	0.40036601591933196	0.11983655552546336	0.29580217059272867	0.22642361355621624	0.50333692104977112	0.49479553892935779	0.37486303062834053	0.15929016401184301	0.28972852061044146	0.22885640300264418	0.43105269137507529	0.49617851390853041	0.40710691467596249	0.10519886149696392	0.29663869989095509	0.22761866384144644	0.50940037462824617
BGC0000651	Terpene	27	101	0.96980997527468349	0.97532742852829624	0.94418443336531777	0.018042397650376997	0.012198642700222861	0.030171006761587904	0.82556350877489226	0.83650364598713933	0.6918348228514497	0.098151743935145391	0.073072311695947745	0.16181244802460326	0.97421904183427321	0.96720083539610324	0.95895999973373414	0.01420586201937735	0.010397884630915667	0.021943641718872975
BGC0000652	Terpene	26	102	0.82330042953851135	0.80539518446133496	0.58005782509796522	0.12673936213325354	0.076958282563220279	0.20027429902369098	0.85008849477708515	0.86955848502499511	0.68256251366803322	0.084371422162768925	0.065120684703710754	0.13412960768546234	0.80024669591710695	0.79322385994355216	0.54886813312520955	0.14005634152229793	0.087185012085487637	0.22246353953123565
BGC0000653	Terpene	17	111	0.88595815047112958	0.87862296612984525	0.8381045044555463	0.029453019869021133	0.046775170724902802	0.059104885276744179	0.81223825673912753	0.79099344750188594	0.67087649956069839	0.085683028508507064	0.080145734209751726	0.13376056506289136	0.87500575323690966	0.868153039233442	0.82235736053037656	0.038346530099718758	0.051408766698939012	0.080012247286042948
BGC0000654	Terpene Saccharide	35	93	0.77265267254790948	0.79991903464567271	0.47938679848565335	0.14492665234674346	0.096815457701101032	0.22932560370064159	0.6958229134426841	0.68367326730396161	0.59721226989272758	0.08756517492229289	0.13033634110503253	0.16414893429243349	0.76054471240959676	0.79671816644307691	0.40857559190072168	0.16929929948522834	0.10402581916954723	0.26371872303919242
BGC0000656	Terpene	3	125	0.71540360183670038	0.66419740329165822	0.49917103054239886	0.18779898116125476	0.12510981182723424	0.3028821202288402	0.57489556949635012	0.54278580477080407	0.23578480491633347	0.22190942493938526	0.18944175674746311	0.41648110955563811	0.7162683593561876	0.66933965179680155	0.49545317644700104	0.18851134085390386	0.12478777435263022	0.30666487493853356
BGC0000657	Terpene	4	124	0.80061528812064453	0.79813229910782169	0.6912343788767763	0.082742915026777136	0.083838376431406264	0.13945511680561495	0.6929766523057117	0.73961472721260813	0.40085149102753992	0.201383427975273	0.13268210732661015	0.36234481752055914	0.79855928125375941	0.80227564736014767	0.68692204732407325	0.08554331310882364	0.084706447462806561	0.14607411122497416
BGC0000658	Terpene	2	126	0.795320953649298	0.84632134276436055	0.49562732765160111	0.15135501234646787	0.087700053125419369	0.25913592172257272	0.45492460584334332	0.53725329634451069	-0.10117672976369764	0.29107841796802436	0.2659455862427425	0.44189677466195143	0.79836978384912427	0.8478802442701211	0.50564766079619972	0.14931561562504705	0.086350794842144099	0.2553718682512317
BGC0000659	Terpene	2	126	0.50153369191781771	0.50411958519071753	0.15843679751850703	0.25709772778349449	0.230077936404256	0.40381818431758498	0.28379915370692216	0.14502500260450463	-0.10076421849434941	0.33837844657727856	0.36057563195513864	0.51336867161745281	0.5030626248248764	0.51352094774958679	0.15967674298033141	0.25731230632960234	0.2291684194746951	0.40641497024360784
BGC0000660	Terpene	2	126	0.88778436822725237	0.87984714571447709	0.79595966043871946	0.068096619791702395	0.046080977786377784	0.10056641486018614	0.68318799525870677	0.61889589093027442	0.39788730885018997	0.22272005095451711	0.13752155304278948	0.22959527949843006	0.88631069758115211	0.87864560431044136	0.79275725325934987	0.069077227649779374	0.046713688578819079	0.10269274465939449
BGC0000661	Terpene	3	125	0.92172143560566577	0.94620886112940883	0.83329518206064268	0.054347525877005226	0.032256117439212105	0.090359027524973046	0.7506204645528527	0.7714633004752729	0.42927620313255543	0.19182134907696885	0.10732025051055763	0.25204888403377312	0.92262786229049176	0.94742871538500018	0.83362284727655045	0.054288714434089627	0.031870962343343724	0.089224657694508602
BGC0000662	Terpene	13	115	0.78971224975359577	0.87822291865515045	0.46493957808616093	0.18787169115640515	0.089132780580327475	0.29778587451436644	0.76656462827539296	0.77417953847222321	0.38686393392423679	0.17322968293557403	0.098746732298470599	0.21487058903169121	0.78796308493149458	0.88686959675821542	0.47422004184569427	0.19255487277981062	0.090213079575766145	0.31055568343136941
BGC0000663	Terpene	13	115	0.98584949263389565	0.98828521149414383	0.96846097460004799	0.0089963252078915593	0.0056806324029446522	0.011259109127813249	0.96383088067483924	0.97052491103384209	0.89737439846818767	0.025436761179364893	0.014718407978100955	0.030350151828427596	0.98577190490974131	0.98847775055596943	0.96998670814222998	0.0091012931369796081	0.0057123662788915565	0.01117582102794068
BGC0000664	Terpene	7	121	0.91618933234883515	0.95754289644068813	0.79414801241798161	0.08271501035266722	0.034439712869376193	0.12204988295516095	0.60465216378643472	0.58249636566347684	0.15016759038898783	0.25649863430515413	0.17411456906574502	0.36815943995318789	0.91726077366949532	0.95331079208444824	0.80034522407277131	0.079457532103081027	0.034028598789825518	0.11826444096068367
BGC0000665	Terpene Alkaloid	15	113	0.83999672612257792	0.86368613358479418	0.64632443171716558	0.10878704470878373	0.066498189169215086	0.17562123354846648	0.62159812980281859	0.74567365595887969	0.23395785685384704	0.28955183763800657	0.16523063606178856	0.4580354918418531	0.85536092080587967	0.86152088186049502	0.68163600881462938	0.091721281382495967	0.059866539514039196	0.14508459039747856
BGC0000666	Terpene	22	106	0.9045062496187819	0.92137464867024976	0.82821267951572852	0.054578450643263283	0.03908927828972604	0.095211387389988467	0.67656360111748359	0.78582217597809789	0.36919425930264987	0.21496448206696922	0.13980149388967006	0.3636443740731381	0.9028863192736919	0.91432600333204395	0.82634815642756165	0.0523284315777406	0.039704522158085599	0.088435951604457497
BGC0000667	Terpene	4	124	0.93530831295485162	0.94848218476027935	0.87429101028289791	0.034314408025824833	0.026555103536046933	0.053724861323048545	0.67711727195591542	0.84803453233032533	0.2184207129998115	0.30086345102347406	0.14035790624535674	0.5031116180399442	0.93736989428159345	0.9507348264924298	0.88302696286263771	0.032012462671998983	0.025687805802084473	0.049282577201092082
BGC0000668	Terpene Alkaloid	30	98	0.93479130342221328	0.93803703127348204	0.86688223492303051	0.033027578935076372	0.026451920932633443	0.044494053320891069	0.88950206689164624	0.91363361617020611	0.76227893462806962	0.0752693302576216	0.045690696647963012	0.095838842087801579	0.94258780547739995	0.94220916864643678	0.89072835991953414	0.025703818055176148	0.023243205948254908	0.033411971469805679
BGC0000669	Terpene	4	124	0.98560113245593506	0.98888815687622467	0.973264030050638	0.0086888628990397562	0.0057854969030378903	0.013140322037090146	0.83038028052438462	0.93029966454637081	0.57748132326361057	0.17075120599453944	0.073617344395677728	0.29056630846984721	0.98578397547908136	0.98889650900974413	0.97337969889132048	0.0083598334225253573	0.0057122861988307076	0.012837919071767456
BGC0000670	Terpene	6	122	0.9234335624272425	0.97659695491176923	0.81945081316589441	0.075709953230281138	0.031300231400409342	0.11208613161890224	0.95564555360750558	0.96408628449583167	0.89918674190941617	0.027401139387349081	0.018076507037279699	0.037648890173499705	0.91448514545758286	0.97630712223778571	0.79571742186831873	0.086852877994418987	0.035035887895374464	0.12822158823524255
BGC0000671	Terpene	7	121	0.97717064709175783	0.98747510798155957	0.93993694879894141	0.02231918173906057	0.0091749992960878934	0.027357270973304426	0.95305173702875601	0.95494411745777485	0.89455202231855691	0.030759313572387505	0.01910058004639039	0.038161220604836954	0.97687550898957587	0.98658221170890958	0.94076708348627336	0.022052171778815022	0.0092939255503596378	0.027112533294440633
BGC0000672	Terpene	11	117	0.98755453387002878	0.98661553043472372	0.98401287779366209	0.0030288744798545549	0.0049932781895905224	0.0061232069317204152	0.93047653542998732	0.91710470718392378	0.88750069835715784	0.044065958107812969	0.028649002499389908	0.062369628013569489	0.98636939131641788	0.98715389667853282	0.98152850985745166	0.0035589310457291301	0.0054726406075976007	0.0065363656991922481
BGC0000673	Terpene	3	125	0.39777832004784597	0.42900056732711711	-0.058810239172787361	0.21214093725114058	0.28210309957337154	0.4299360970686209	0.35339345876718253	0.34825872699026172	-0.067723260806621263	0.31289923881716908	0.3068557552744885	0.60492159656714473	0.39581824668156745	0.42687348874982856	-0.05744886831687307	0.21017506142850495	0.28321866274836766	0.42543394082664665
BGC0000674	Terpene	4	124	0.96928792847104517	0.97548160103756654	0.9342007825866333	0.016557537207571887	0.012438660871082429	0.021410417765388989	0.37590462264647323	0.37999961303389429	0.041926164463978649	0.25982448918590323	0.29618787975703548	0.51786657058999408	0.96808626733541825	0.97442976319509411	0.92758735058793806	0.018443460564113695	0.012934528048440174	0.023024572828440726
BGC0000675	Terpene	5	123	0.87691181589021627	0.92688675515935803	0.69301942378453363	0.099103513978382532	0.050518108947304172	0.14016027501504669	0.56865493749745089	0.54277306526033131	0.17905677966741568	0.21381828992706353	0.1924371941330818	0.3244547587369262	0.88410106457186954	0.93241367842584588	0.71037024434291018	0.094404317886517972	0.047495015652357718	0.13377908456218424
BGC0000676	Terpene	6	122	0.97353019454137968	0.96955834469055702	0.95365080125294532	0.014856529564531908	0.010652806526903924	0.02161010926663598	0.9923976616793917	0.99444296221655071	0.98486331402225724	0.0039262865115346239	0.0030495777534544468	0.0058687974514236574	0.97150459114364107	0.96669028299530357	0.95026918764572466	0.016004713855597097	0.011472962572019175	0.023387454059312529
BGC0000677	Terpene	4	124	0.78409246236205266	0.81090501924261371	0.57730209420218603	0.1198883677960831	0.091102779761884037	0.2036634255207731	0.62188608024644609	0.67012803639887863	0.32809458122258572	0.18158346263676076	0.16594696148142932	0.32653599169116931	0.77904573437305513	0.81583778773664994	0.57394545450014056	0.127918422239924	0.093368939664134148	0.21893496286895575
BGC0000678	Terpene	13	115	0.95342718174984298	0.94701985336428607	0.91784398644322351	0.027820530353243892	0.018864997979356857	0.042467133223644815	0.91917191376865426	0.9258585571051503	0.8578609196228969	0.035672848145829543	0.03297613965692732	0.057872954349293959	0.95273618241479974	0.94721134889423531	0.91653952544141826	0.029419109239478054	0.019156743634898166	0.044961633845098326
BGC0000679	Terpene	40	88	0.83878246280846125	0.87301399569625326	0.69259403378843687	0.090068589754397091	0.067161070764332059	0.15042188206521945	0.67834732684295773	0.67189720987398949	0.4354266271489271	0.14983234101700302	0.14007064893375759	0.23598911902652642	0.88125073216488659	0.89129345280503547	0.76064050055220755	0.076943438441107709	0.049475315486265006	0.13035113478957372
BGC0000682	Terpene	10	118	0.9889757193551485	0.98988127309195351	0.97728401905846773	0.0057637847121051675	0.0044215408673278223	0.0064675743398525665	0.9902233564281262	0.99125309763681835	0.98284319206491411	0.0047838126223057895	0.0039230569797240825	0.0061676981282184906	0.98839554134097385	0.98991998544491577	0.97612428584425204	0.0061280838393359821	0.0046545918941413023	0.0072418860571784593
BGC0000683	Terpene	1	127	0.75262244934067613	0.83055516627091097	0.43647627150910201	0.17946870703904078	0.10501679948452185	0.30125924763146006	0.25099140148860866	0.22642729538723433	-0.1803253547074658	0.25032623658337111	0.38856714518619262	0.64344808880645565	0.75145194213067212	0.82892806780670747	0.43440511111180502	0.18054505664740816	0.10559897809257071	0.30426740042760947
BGC0000684	Polyketide	7	121	0.9298529496169039	0.93263067520130416	0.85890880523927582	0.051424264838092294	0.028558360887657307	0.040059198051230704	0.8879461227272506	0.91358653753680175	0.73473698301036294	0.076308440172841427	0.046331574907840345	0.092491803603494405	0.93152556783846541	0.93305304544165701	0.85684920619904104	0.050849168626366348	0.027860823012306656	0.040458047885344461
BGC0000685	Terpene	9	119	0.93923665907396148	0.94591400265464254	0.88700017563955114	0.027551134340930226	0.024721782595829266	0.040974392300680784	0.92166723764676894	0.9328223305616592	0.86986352090833008	0.030090509810101154	0.032360811512708046	0.05858621018833865	0.93700040040838783	0.94520497985877638	0.87387272384615777	0.030886731178292923	0.025677416093941696	0.044652485308119716
BGC0000686	Terpene	9	119	0.98160176211783789	0.98374459441527007	0.95547167131761357	0.013995694594524903	0.0074005229591515894	0.019240483220787197	0.98669507433232584	0.98562404288655825	0.97793184589564852	0.0065645080558088265	0.0053390399941673381	0.0099850110776601442	0.97998888624455405	0.98247122082017335	0.95175662389463933	0.01533190765072147	0.0080531793065384168	0.021114553187107754
BGC0000687	Terpene	7	121	0.89036128983055618	0.90004361303911362	0.68730014532534733	0.093356638631420616	0.045266222984648594	0.11071871009391709	0.95078983235509984	0.94775927965328632	0.90630466564095891	0.026698610015455149	0.020053396150622006	0.037080261789860014	0.88039650074865994	0.89427828866122117	0.65621420949908349	0.10332753513272441	0.049501011199873581	0.12296081954847538
BGC0000688	Terpene	7	121	0.95948731460939329	0.96109023475717936	0.89060601876005629	0.028180230776759276	0.016381725441960149	0.032536290083513442	0.94916312370125344	0.9469838080402897	0.85986182239640219	0.039294400631870008	0.020614747074903895	0.044143117319420888	0.95891640217030327	0.9609913579120537	0.89102131185018474	0.027862488562119321	0.016615478687575513	0.032179511675913486
BGC0000689	Saccharide	26	102	0.92986518607241586	0.92773175938186592	0.87328208764241333	0.033362740300047884	0.028934143277267465	0.03472672474637617	0.92536037251429026	0.93050372268618375	0.83241195675027302	0.042336378808737814	0.030707365413046594	0.050710227920667039	0.91862269304539779	0.91179478871286279	0.85253943719971159	0.039354343220349919	0.033803692735061605	0.04695035033036532
BGC0000690	Saccharide	22	106	0.78759428228414485	0.79407697189841353	0.4718793373764677	0.16864239646658	0.090626798944421577	0.27079709245222128	0.66347721411932259	0.6984307332681603	0.1627282128012148	0.25780914210682898	0.14802639151501315	0.44950663078168185	0.80067517425926904	0.80034534427432291	0.53221944615783223	0.14930553015532011	0.084839741522339668	0.24511241944157902
BGC0000691	Saccharide	28	100	0.78571990639183265	0.88080410340153148	0.49921494686167867	0.18134511393428249	0.089974901848373465	0.27578060576826935	0.72325184003311471	0.81111098514725577	0.32184466933874212	0.20394200739455931	0.1178723255992669	0.31897597326507632	0.77906009504831808	0.86175450662330144	0.46306853973835127	0.17706705495217034	0.092954925136219987	0.27230367971471925
BGC0000692	Saccharide	31	97	0.98011700864043938	0.98373817111045425	0.95362715997077141	0.013836373724926699	0.0079917064072839716	0.018045793941293686	0.98214200440433908	0.98259308686999547	0.97027028516221359	0.0070273387964592841	0.0071992696978129492	0.010867180839908119	0.97225246378410257	0.97951936635371717	0.93345302865163249	0.021039626320506957	0.011169345469706316	0.026913574160293052
BGC0000693	Saccharide	26	102	0.77133594752099832	0.80825170409718672	0.41558846270347477	0.15647195003208392	0.096703529209307804	0.18761767449761979	0.67428225182192836	0.68637088586935402	0.14717921545107687	0.23345374517800724	0.14083488516303028	0.2979545101584864	0.78802711803416858	0.82189814344075507	0.48642034748042395	0.13949110077139895	0.089353441047815396	0.16503137192447503
BGC0000694	Saccharide	16	112	0.96742613506814568	0.96769479941918113	0.93705365188637624	0.023241313220645259	0.013171861408828266	0.033912961350201498	0.95389378624286958	0.95702752039159766	0.91857756554667525	0.032225921944892627	0.018662582528217397	0.047219624305600449	0.96772709481866703	0.96764548224748537	0.93577338662344967	0.022907365652279389	0.013055010601745253	0.033397903245327432
BGC0000695	Saccharide	43	85	0.9257199342107475	0.93518276384700361	0.85513073875662537	0.036916502854705789	0.030188180746469517	0.047368431020612944	0.8394419112973136	0.85080727632710829	0.68900589878056573	0.097883297728987476	0.066461959038114984	0.12993215344586373	0.9426803489553246	0.94591739609340364	0.87364436834864678	0.032134778728866845	0.023227034817859239	0.038435454185141049
BGC0000696	Saccharide	65	63	0.84379114712521852	0.87341318586132499	0.69093557001792694	0.094074314557495362	0.064667318456098438	0.15373386945123879	0.73067979996585808	0.79780717717993022	0.37481719706191402	0.17547609403731293	0.1152755315000992	0.29904676914222694	0.87053403826669518	0.8727111001632547	0.78677334691738432	0.042018272735135337	0.053321004856790769	0.072004563380519082
BGC0000698	Saccharide	29	99	0.9463549944895131	0.94048573594207219	0.90256091906559865	0.029985454726628662	0.02170456538175014	0.046463073188957704	0.82879437139896073	0.8615542629617492	0.6601513483547834	0.095823398944739707	0.071249924109682186	0.10189011044956475	0.96012760098180294	0.96922384420174257	0.92524108782466519	0.026398986770568442	0.01609295266888704	0.041091455607434213
BGC0000699	Saccharide	33	95	0.89880119099532474	0.91111434364832511	0.81526431831070789	0.043907941446585941	0.041830133894851837	0.062185308897251712	0.6759283633744303	0.67163383099448748	0.40846792185503211	0.15823801145966693	0.14008618155257574	0.27570308897806228	0.90271933670050009	0.9018491007915842	0.84515874304381589	0.041194695586165654	0.040120322088125548	0.056704174032631505
BGC0000700	Saccharide	67	61	0.86666025886091858	0.84860515055940677	0.81155496083026735	0.047899704660540394	0.054917029770674433	0.0692764927987497	0.8096393767375627	0.81380840767759133	0.68827410006811429	0.0770892740569009	0.079474072333997753	0.10725120675856858	0.90451119539161839	0.9136838651599446	0.84723355752168228	0.034378116562749597	0.038987538410999514	0.054893248792144855
BGC0000701	Saccharide	3	125	0.64800985108170361	0.64843161890264434	0.28092747832170117	0.17498716631719441	0.15520881363024747	0.27418271305734332	0.63236860521332772	0.68626867061675256	0.16349155202989951	0.23362656312348853	0.16359844475927326	0.40124909122083685	0.6411214659830301	0.63869072845109476	0.2548883361785228	0.1811021216148625	0.15855354011670358	0.28870795790866399
BGC0000702	Saccharide	24	104	0.91854385407404227	0.9143718019120024	0.8699386874467725	0.038824819081889804	0.033422241391891115	0.05550861964871312	0.91810613325205126	0.93529844319400024	0.8244514001699067	0.042173482800451162	0.033351821954600958	0.068601016692696914	0.89500173545562256	0.89281482527491196	0.8278345537386872	0.050061171731915294	0.04341206645062403	0.070999933267799964
BGC0000703	Saccharide	29	99	0.93742210132933046	0.96418169342168647	0.85441418326703877	0.050155203516291873	0.025401485514676136	0.064783399191601476	0.88931926858718513	0.89427393095846219	0.74091239366647288	0.071089090108734057	0.04559644280473385	0.086370837114887244	0.93794055758771167	0.95795243064449909	0.85101147798975663	0.04826633626877698	0.025181160932284376	0.063059035530469987
BGC0000704	Saccharide	40	88	0.96358850079879266	0.96724769217997841	0.92077162758118802	0.027992676682154258	0.014872240270216986	0.036180728018449848	0.95670005969969307	0.96626367806455637	0.92163835169715214	0.022545937653997719	0.017658656229140667	0.029133657207396801	0.95829423031148531	0.9701384946028806	0.89950472155432115	0.035072093423578567	0.017076381705252254	0.047493478856064142
BGC0000705	Saccharide	36	92	0.87599204087222549	0.89147521391775153	0.6916250385794972	0.090327542755746781	0.051107152943760538	0.11722555470367257	0.80878629785907585	0.83117846414888552	0.600760075410398	0.12516967105001237	0.080488075412340002	0.16615126726650653	0.8909720639410168	0.90439246695815911	0.71111018210599852	0.079826282083198447	0.04472349590803195	0.1018584940855779
BGC0000706	Saccharide	13	115	0.87769019466478382	0.87313830029788975	0.78884236031005239	0.05441209873790176	0.050564322082587411	0.10031249899190164	0.57096110473431472	0.64730905186614218	0.16166053464941524	0.2616682940662447	0.19084215571836019	0.42871320021696424	0.88904400237738668	0.88940031946504283	0.79773656421916339	0.053189813752300655	0.045844158121710187	0.097714575170532503
BGC0000707	Saccharide	9	119	0.86582246550363384	0.91610391771459943	0.66715575308690589	0.10783532722866723	0.055756959856094725	0.17240423905099767	0.75655642628228748	0.77555662392274938	0.49369083888881565	0.13477448085712421	0.10314311914234223	0.17833741437062411	0.86789024818922511	0.91357921485403715	0.66945926762959374	0.10627780232137003	0.054916620594269452	0.16931722297702079
BGC0000708	Saccharide	30	98	0.94601976442807489	0.94447621041949548	0.88536521138827828	0.027249254261251073	0.021944563730029752	0.037770414404043717	0.93105931444315293	0.93271093009582273	0.85491396579712176	0.032323424876592156	0.028108082103553266	0.051243523077795783	0.93001411644406284	0.92551463428303959	0.87506377681166281	0.030194104284123151	0.028585309485418309	0.049131285052345652
BGC0000709	Saccharide	38	90	0.96089971310066569	0.96861888485094294	0.91576563534928912	0.022645676447246639	0.015783406040902403	0.028486519218875572	0.78078888689957671	0.80430257129082672	0.59370150803839994	0.11329801150862455	0.092175359243104688	0.17083269852909777	0.97767110774435118	0.98120058841955271	0.95471007145988274	0.011911838043256786	0.0089817289323820722	0.014329294147054195
BGC0000711	Saccharide	21	107	0.90382816955200052	0.90136908848950958	0.80570188584266345	0.059976363474471377	0.03959817631208469	0.096310317105014809	0.74387980514361163	0.77098809047770045	0.37494367876266593	0.13920058008697073	0.10922476220356418	0.20612480554204415	0.90246474287284284	0.88652192486787551	0.79585492236478095	0.067260730177241809	0.040324899866787625	0.10469613571419034
BGC0000712	Saccharide	40	88	0.79859161341141038	0.77844877430141124	0.66345782907202577	0.091242819636243727	0.085196353775274056	0.1217989405386577	0.7094736944178025	0.77609086881455824	0.42227609806788635	0.17007697803572783	0.12725614836965932	0.22972626997657775	0.8127290633294304	0.7995301876302835	0.73143080084388068	0.075960239616643194	0.078323113569828504	0.095108239954960316
BGC0000713	Saccharide	26	102	0.87916725010108077	0.95990417821631335	0.72431107790630411	0.11798037950479691	0.050720380848961508	0.19105737107257137	0.82482078690855709	0.8260287229009029	0.67550726098151126	0.084636836961070105	0.07527610233916715	0.12099796035368571	0.84601094307040259	0.96854719001770473	0.6310157683661074	0.17059358463828206	0.065201360399842229	0.27063611354111561
BGC0000714	Saccharide	37	91	0.88702883822914758	0.88284228638162143	0.7858387685910686	0.068131940403707264	0.046835254139590443	0.11628972889157962	0.77684918626017785	0.79635975432258832	0.60692092501341377	0.10410692347446736	0.093997157741575979	0.16839432464074189	0.88341794872066526	0.86517659914599609	0.79969231166448307	0.074076285184230178	0.04881569693658494	0.12305782837352586
BGC0000715	Saccharide	17	111	0.91396157729220895	0.93218198334020264	0.80233125331755317	0.058164121236034518	0.035172347689295932	0.08546295770814516	0.91049828923442599	0.90634286209937032	0.83407525696479301	0.054771783669707134	0.036660164446112663	0.088247632724313352	0.91097906218703795	0.92849417488687325	0.79585024980889696	0.058806356325180553	0.036403720005165431	0.085847849932234377
BGC0000716	Saccharide	22	106	0.94497457531904894	0.94816307393203403	0.88285052001502906	0.031941127658033711	0.022321418470493671	0.036867318010626371	0.73121325747067034	0.6705360880829393	0.53469839427594057	0.15386130806224402	0.11530670252028893	0.19479648545461103	0.93805255954228772	0.94879689239586562	0.84758519079060468	0.040854230297089657	0.025132814953123452	0.049153239948591776
BGC0000719	Saccharide	9	119	0.91616218440077568	0.92132704134042787	0.83618898234928762	0.042918320172860701	0.034309267661650635	0.067923435738988069	0.8340550469082878	0.82075399039591646	0.71701587469143502	0.073952757027211241	0.068992030089257583	0.11766187846112353	0.91553945505570977	0.92208394507784019	0.83434598938544158	0.042333087031424167	0.034568699712489659	0.065365111379735996
BGC0000720	Saccharide	10	118	0.90285332780738092	0.9206973590333416	0.77553330485041294	0.063583378510810973	0.040196495939970635	0.074348827483697644	0.79890601298951747	0.82547729099111744	0.57692901165545396	0.1320795562711139	0.087396582682252741	0.12887362832213256	0.90027769040857331	0.9247219595318239	0.75951381735539403	0.064421583224068824	0.041228898894245039	0.071898695087159403
BGC0000721	Saccharide	37	91	0.91307769821985119	0.94228323794031044	0.77436997555854836	0.073014992660047073	0.036085770025992246	0.10904590430425143	0.87022968933895994	0.88788830096033844	0.73895990992007998	0.079508295573158611	0.054539179178123655	0.088052069875613537	0.91184107413678606	0.95029108657562245	0.77139314415601412	0.078622797610893039	0.036572567591865959	0.1212360494466227
BGC0000722	Other Saccharide	27	101	0.901471303613951	0.89956020472944176	0.86401943182661967	0.028913299249807223	0.040346304363624429	0.054631253580723294	0.84560793449079275	0.85659678922567817	0.73288889200630414	0.073801722749158666	0.064754862360586252	0.080035144602689456	0.89316013920722404	0.8939778995314499	0.8453012850168381	0.03703735500797848	0.04375588235308283	0.067849718538910864
BGC0000723	Other Saccharide	22	106	0.92233131323606887	0.92967740506562435	0.84955774038200771	0.046214904026522147	0.031676084286108061	0.072343708855925337	0.90704512845757945	0.91063430439609916	0.82692645089467598	0.056015167713435114	0.038048725480694157	0.075916380642703563	0.90605177377745427	0.91719453429167441	0.81674389570998573	0.051945618581953845	0.038459800886102236	0.081625975583379251
BGC0000724	Saccharide	27	101	0.95052230558681461	0.9500926197111913	0.91630443981785392	0.019336552977959841	0.020022739339557914	0.027882364214537159	0.94191327407078285	0.95095507185612371	0.86316875947300586	0.035786525889015215	0.023595802169550949	0.054913841314501277	0.93862752359802415	0.9423556321016614	0.88157601281736286	0.029968471367504086	0.024884565336527009	0.038455866832395658
BGC0000725	Saccharide	12	116	0.77717561814182479	0.79620559683531544	0.62654025505681632	0.10771574727248977	0.094101034606563633	0.20858250287802982	0.62173519454317028	0.71434778373049024	0.28152468033350508	0.22914315952543959	0.16618262290948482	0.44110959408517203	0.78417925215498019	0.7834137566078494	0.65613586385898648	0.098879219692019668	0.091020473898885984	0.192470438268181
BGC0000727	Saccharide	29	99	0.91762544840233073	0.93559297082959558	0.82343324830483366	0.048204610779837988	0.033621347343147853	0.070489430083007676	0.9601860217859175	0.95470557700363379	0.9198756608076285	0.022112069896002645	0.01605857022332504	0.025894443367422637	0.88941820731605647	0.91701961864779769	0.76817560687884245	0.069424555784185757	0.045524349352313663	0.10319036111989754
BGC0000728	Saccharide	16	112	0.96826594108570829	0.969520579064306	0.94129374950605904	0.019472764701009521	0.012853910029395687	0.027975478222254657	0.90014323682042308	0.90925265130537469	0.77191516626378298	0.066795836801003247	0.041607709762377487	0.0810340730465412	0.96791886484257028	0.96664962707716529	0.94405942940380372	0.019806285179634911	0.013003106312700297	0.029745110238088679
BGC0000729	Saccharide	16	112	0.94310293810762591	0.97415700572395703	0.85282988757049982	0.047973516079691324	0.023143403499999791	0.070913677054575186	0.89801622405720616	0.89732488237069075	0.84421290175016683	0.040981696934303674	0.042059077667145853	0.075882570620555478	0.94074725990581809	0.97381376176479884	0.84469525400803447	0.052328354710564108	0.024138793739754739	0.076177301333685388
BGC0000730	Saccharide	15	113	0.81038364188451018	0.77396060039904446	0.73333199491541745	0.073029308347739644	0.079360905244944296	0.13103005549789903	0.64647932337779834	0.62175685820404114	0.44310370013250705	0.18412286398132879	0.15382462134680705	0.33281562642316986	0.81023245539360766	0.7809293302749718	0.73182095917189605	0.074678887850486375	0.079523013718421826	0.12729739204586554
BGC0000731	Saccharide	15	113	0.85893938877106457	0.88502076090550785	0.66769690293029649	0.099965619578409076	0.058272862472283603	0.11582356762085255	0.77890189745953786	0.89811895062221492	0.46570833574153675	0.19543470481668559	0.092816203927770499	0.26857141587782507	0.86438160746472659	0.89096606201597306	0.68424041416534365	0.09493812937173722	0.056004280173433486	0.10577265312352646
BGC0000732	Saccharide	17	111	0.84527315803920633	0.84418406762673115	0.72577207820247402	0.077440157969807216	0.064681464970564123	0.10814019270634401	0.79087327029360099	0.81162761627502955	0.58283195146161637	0.10224373853548201	0.087717891648005364	0.16306021663695547	0.84651955285099523	0.84507657503871414	0.72610669886744361	0.07570911292230334	0.064202124882990014	0.10458273922359895
BGC0000733	Saccharide	17	111	0.86214590089262444	0.87737205085105519	0.72305176732574095	0.07126813942876245	0.057115421227781481	0.12442849868654637	0.62230624733341122	0.61016417246848409	0.35255881016366442	0.21980534479548303	0.16468053042344794	0.37481513669391775	0.86120275504982191	0.88596309185538424	0.69582881217802794	0.079994111715303684	0.057594713411527554	0.13905246353455003
BGC0000734	Saccharide	10	118	0.90863727568102737	0.91821153611652351	0.83894058011972306	0.036146791670504011	0.037410881726177771	0.06518062028420446	0.71940890422122361	0.71740604993365631	0.54805122272941031	0.12109328308430418	0.12437489469869804	0.17745335709269983	0.91169440898301346	0.92151225859742025	0.83664491942446528	0.035989307277754921	0.036115455435545486	0.061984584221342898
BGC0000735	Saccharide	15	113	0.8036353634100013	0.7999930515453102	0.65084087171987237	0.094459453778719171	0.083070464275335709	0.13885970758260235	0.55849664532081034	0.57614017882881041	0.25606816466103449	0.2426274265280802	0.19832933540402597	0.29892591219590381	0.81235885685215048	0.82956655088251452	0.66603389222865006	0.089513223158071392	0.079323214468946524	0.1335123847097851
BGC0000736	Saccharide	12	116	0.86878549651282422	0.88566211670695005	0.71967085640070483	0.074377855414870186	0.054126600104100461	0.10463893584258588	0.73216747899714485	0.76052124700288182	0.54678302715476312	0.13965912989737342	0.11655492731012487	0.20956323150611489	0.86959606855022076	0.89024548991041086	0.72695616633544891	0.078002345235170897	0.053764397635872728	0.11002157450845884
BGC0000737	Saccharide	6	122	0.78244294023610694	0.85627529777798528	0.45232893894795212	0.17025661508213444	0.092877599069020184	0.29067408943894257	0.67660994666371477	0.69748017922077099	0.42709096593005208	0.1378463160239321	0.13934336693750771	0.24582694009904515	0.77513763872425445	0.85597667999404703	0.42580165815024962	0.1817071203708219	0.096385677407212489	0.3102491843845574
BGC0000738	Saccharide	11	117	0.90516944334761418	0.91404127675988645	0.82433632537469048	0.054187290979784475	0.038785387903124115	0.063180364363857655	0.77155583883640211	0.7550705366836199	0.60861742138771169	0.12487429496578421	0.096348178144671032	0.15228433871407143	0.9037316689638184	0.90853720745580646	0.81518349736452655	0.054095891762107481	0.039352580393538859	0.063998063179955933
BGC0000739	Saccharide	6	122	0.82381784561601135	0.86246544437778572	0.59759310333043503	0.10338294383773676	0.073635685975193127	0.11768927651426209	0.590791491205097	0.59053416493091793	0.21484743052379152	0.24419919230360074	0.18159216500932426	0.26705340080952922	0.82998056324401548	0.86560660311412474	0.61307067601573917	0.098532837677727664	0.070945067607599152	0.11264650183599301
BGC0000740	Saccharide	7	121	0.89732961145051482	0.94893125806814993	0.69871869881380266	0.099904145528573129	0.043136927562703889	0.15524754834347643	0.62233784104961754	0.62551382711219183	0.2539600384163993	0.17990966931895558	0.16649286197474905	0.25507863440232015	0.90294045390675992	0.95438785720946706	0.71391434258982112	0.09586625393336605	0.040760425909532952	0.14889557772812634
BGC0000741	Saccharide	7	121	0.96034811107508866	0.96223097047055717	0.91638743229613351	0.024068540865012721	0.015994710417678259	0.033627188705270927	0.78473613218684779	0.8034554990089755	0.54111565687264318	0.14526019267621051	0.092297574608366184	0.14975987391808432	0.96367745362309731	0.96537492861804775	0.92795620222689734	0.020640452739853647	0.014642231694493324	0.029518759528205596
BGC0000742	Saccharide	5	123	0.9505240809877723	0.94992232939961507	0.90823423321792285	0.019672434001245822	0.020053177793202169	0.029705824357559862	0.80802606554270007	0.82244590273552654	0.568840833720197	0.12074983844304264	0.080082236820993108	0.18073217169066047	0.94924171251756984	0.94922968962020327	0.90956704248474118	0.019836820025459841	0.020591892268965163	0.029816625365878702
BGC0000743	Saccharide	5	123	0.87467112673703207	0.89404309020951167	0.73717809697833159	0.063717477772013129	0.053345076972167949	0.12364986333752848	0.73918003050354131	0.77170159949929873	0.48437181976917076	0.11175201049428511	0.11430023436285126	0.17665946865710347	0.87321278129554936	0.89452463648003666	0.73190399228259784	0.065763016206803984	0.053950815203835399	0.12761945014963683
BGC0000744	Saccharide	7	121	0.97521835708915405	0.97833580583622481	0.95804920818367867	0.011426186495449957	0.0099658547664504445	0.014762159637814465	0.73910753772783155	0.70001868946027834	0.63770501136554703	0.10438058366646068	0.11060776605061044	0.18838736540768342	0.97734657836039429	0.98024229824432219	0.96099113991856489	0.010608367417627385	0.0091059757750582056	0.013456585389708176
BGC0000745	Saccharide	7	121	0.95543981091002439	0.95310665165972375	0.93782667482962856	0.017036228011429514	0.018067237680276162	0.029343137599114111	0.8016800922329923	0.79885337233934961	0.68405170602984566	0.099763827023917256	0.083013318161664712	0.18645033594832305	0.95611845614490532	0.95416348436059817	0.93563292492678207	0.017298700009801025	0.017795743638591932	0.030766297783947794
BGC0000746	Saccharide	7	121	0.92172405366825561	0.95715670907886752	0.78392404306509689	0.071709583268501007	0.032392912066358789	0.10974600775781307	0.86558178893019355	0.87324508900852527	0.74975119127699585	0.07652393283319063	0.055509095579695897	0.096728743460039013	0.92209736597578806	0.9583936294887192	0.78535886160932888	0.072333946572964838	0.032287994168513398	0.11113464428436981
BGC0000747	Saccharide	7	121	0.89353340159498074	0.9187635613373959	0.76857684629816669	0.06747175828077491	0.043798582137333363	0.086624244519131643	0.54002044682515016	0.60008116962990532	0.13384704957098578	0.29689592208663679	0.20734311025123536	0.5564505487650685	0.89022422434431547	0.91799448267099359	0.75351034607318457	0.069621022188236237	0.045198635162077137	0.088715148917280828
BGC0000748	Saccharide	7	121	0.91614630956385368	0.96801611489878503	0.79996785419027605	0.082671751007936251	0.034745607268353094	0.12993248340656682	0.70381783928857933	0.77147864305270242	0.41881063539331209	0.14614965236318259	0.12672499312627195	0.23966174300669763	0.91952213540484584	0.96916382991940009	0.811484944691923	0.080236457551962681	0.033369341892692958	0.1262447043401167
BGC0000749	Saccharide	3	125	0.86439620508411574	0.86426703123566706	0.76043222988636894	0.053972161510048355	0.056203817339980325	0.075802502544105366	0.85684079540235791	0.88179231232676047	0.68131908136028474	0.078768884328790506	0.05936211301376608	0.10269649649584922	0.86059806368022473	0.86192529618047109	0.74893260677254714	0.05662413436308239	0.057840411545703206	0.079573370016082556
BGC0000751	Saccharide	4	124	0.94820975593888535	0.95031772506996426	0.91562344007870189	0.016954855379755083	0.02098637975287072	0.028991672645837574	0.9111609319232713	0.92584123718685674	0.83967056510433036	0.037367010613700534	0.036271757224165577	0.063705607622516092	0.94795065361521935	0.95002311788863847	0.91474589853134602	0.016913117692379017	0.021093572940460638	0.028745702706132192
BGC0000752	Saccharide	6	122	0.88784843721767115	0.89262300392762461	0.78865991942490554	0.053016209516322195	0.046640594794830091	0.064528410926274038	0.49923857573888231	0.55828894152465103	0.057641387321994406	0.31543400531648808	0.23056587857360472	0.48162116394971877	0.88768783415791075	0.89212214823124003	0.79332055562314363	0.053203522531460046	0.046803915509518124	0.066555045379392386
BGC0000753	Saccharide	5	123	0.75538569225033814	0.77001335319925779	0.54428939159797329	0.14023716270134737	0.10334449364288159	0.23458727093252374	0.64266737364782522	0.65702289074385289	0.37324883599883479	0.14464554962685858	0.15583516327173846	0.23294203613622066	0.756295700749815	0.77255020830250964	0.55162240313890853	0.13934214073146697	0.10297952021794861	0.23385141693983047
BGC0000754	Saccharide	6	122	0.80623405749685462	0.8378005034888969	0.53645328327516528	0.13990469642619077	0.080855964062883062	0.1997806859619139	0.80161003679337595	0.83547159960629824	0.5661432163563852	0.12847165871119023	0.082960329944858274	0.1722865832817978	0.79600050688657131	0.84056168643058182	0.50311711040988982	0.15174643729317425	0.085338933375646436	0.2194867159474635
BGC0000755	Saccharide	6	122	0.85255778890680833	0.89134417009781486	0.70460314870311214	0.084456281563817889	0.061421741026540098	0.14151734752074707	0.75650029863871726	0.77375932776878431	0.6057754596478433	0.088527442696503145	0.10309049123640601	0.16926466405193497	0.85423348521598741	0.88569148896508842	0.71685437358765991	0.082078843726691483	0.060676738117352455	0.13682531145406918
BGC0000756	Saccharide	6	122	0.82655814917451786	0.85680018937443858	0.60147800605179547	0.11637097907270422	0.074027292330027916	0.17355770243209345	0.80335625166119318	0.87382165495569852	0.47108433121330529	0.14676272048687225	0.082198672392418209	0.17471391873009134	0.82628240619660498	0.85813260143809289	0.6101896663065064	0.11623086236862797	0.074346865891686847	0.17343493423072109
BGC0000757	Saccharide	5	123	0.89658342167902705	0.88626174256996104	0.71613158322971804	0.08160264690211376	0.043861450736791173	0.11036764256409137	0.65619761277900168	0.61463944439484619	0.41209469432243595	0.14628617776398078	0.14861890651020765	0.24306903943140745	0.89960578154921633	0.89278769100795485	0.72957550903193769	0.078068799086416424	0.042676119739987417	0.1027552223945839
BGC0000758	Saccharide	15	113	0.8529626472867825	0.85269467982479097	0.79568497653862835	0.053671880883591316	0.060926878994551001	0.089062326491498145	0.60054202495889197	0.5732233768842897	0.37380784060335853	0.17059782962327455	0.17687119586662453	0.25945590716170219	0.86063869207943178	0.87026412362158301	0.79478498460210767	0.0550203555116228	0.05755908580400635	0.083577924015357352
BGC0000759	Saccharide	24	104	0.89955603852703425	0.90384484193848991	0.77721635858008098	0.067631563655449645	0.041664852847711112	0.10899018713415853	0.89449506846129623	0.899611353291353	0.75719896704522616	0.06725165633966422	0.044733180534092476	0.097860816519709348	0.89799257887618356	0.9071669603884851	0.78333424251459194	0.069393915730191477	0.042178629847585712	0.11292746617718041
BGC0000760	Saccharide	22	106	0.89574515668384047	0.88982127647474907	0.82293396985052025	0.0543048903130001	0.0427768487649006	0.078320752380297454	0.71568233987082275	0.6844492543030346	0.61832670978149895	0.088454941132679765	0.12185866850935967	0.16804336440395728	0.90075219883312485	0.89416671880202281	0.82576465520870646	0.055250206795009832	0.040609125828090439	0.079332727818446247
BGC0000761	Saccharide	24	104	0.82827315515697109	0.82593067518654983	0.69109645921493956	0.086905445819541668	0.072806816177021116	0.11046802086429175	0.81489746901750082	0.81420616855022732	0.55443817502326642	0.113213762931485	0.079469754955254102	0.13204471882958402	0.81060774951512715	0.80643205790007322	0.67165733220298374	0.095910430194717358	0.080262024986647917	0.13870651065111395
BGC0000762	Saccharide	21	107	0.84029629634424496	0.85605901610226609	0.70659596999493446	0.077168593237055966	0.066505520490826475	0.13579222306141703	0.80355265641809426	0.83958889311039275	0.6387317965943613	0.12944452075682394	0.08195692873086062	0.20742049100448068	0.81775481080904311	0.82684944269603888	0.66799883077099265	0.092267504268087441	0.076662916621450444	0.15350280580603459
BGC0000763	Saccharide	14	114	0.90157421233171564	0.90743691230885859	0.78783923080531038	0.048018975684229082	0.040719927263697352	0.065698621679561087	0.65454640031187838	0.66979828439086497	0.18876716847314773	0.27228405770076863	0.15552555229140413	0.48244744733149336	0.91073473422364926	0.91255219253175845	0.81825467481702185	0.043032200011000409	0.036726604348338146	0.059952303159894749
BGC0000764	Saccharide	17	111	0.92733754572068783	0.94220503706919057	0.82631232124644427	0.046364930560699964	0.030042273032961541	0.078667345980472758	0.73262656118300729	0.77880567221428076	0.36020139973294607	0.16925980594429255	0.1134162897209251	0.23154607795079241	0.92342795235540842	0.94767884374606814	0.80682894798889593	0.054618664093681081	0.031991775297108525	0.092732628839489628
BGC0000765	Saccharide	15	113	0.95557947972073798	0.96295832554058702	0.90700059150207701	0.020032007677670632	0.01800708849393624	0.026115604630287725	0.82136300154726916	0.86863004287773071	0.65022251059133074	0.10950187894805723	0.07501169629376099	0.19968959484699111	0.95686670855817224	0.96241009074320094	0.91050204614816055	0.021148829629014376	0.017502465951173773	0.024981407112920628
BGC0000766	Saccharide	29	99	0.92308245311465331	0.93945704284556353	0.805119666583755	0.053285383810417648	0.03135738544833748	0.069845908611972263	0.68888592503971224	0.7175714863629048	0.3983091753066107	0.16032090005275268	0.13373634028503956	0.26647218583052501	0.95145445184743005	0.96426115860753225	0.8785685989579779	0.035012529153550735	0.019695889576205071	0.046792365469341846
BGC0000767	Saccharide	23	105	0.90642042751304852	0.90144962123115624	0.84257355242996379	0.04507938597645858	0.03840445867251692	0.075285586309799202	0.72006763106837357	0.79401704817711471	0.38678366558394023	0.19511724853685933	0.12026793949989419	0.3051550997573792	0.9124467052877353	0.91665580853125617	0.84728033103483036	0.040795876350707458	0.035793301712418367	0.066101060247335863
BGC0000768	Saccharide	26	102	0.86237548576456002	0.88029342131314481	0.71778258054133204	0.07243903995636107	0.057122661865114124	0.1276198998992506	0.85553230593992846	0.86048482486682021	0.73582607645122977	0.066473942413310241	0.060505145554086481	0.095175622746741628	0.85954288963361203	0.89288488681473199	0.71402590053662851	0.077820319364793736	0.058323131050490251	0.13845571372256837
BGC0000769	Saccharide	26	102	0.71100400984336576	0.93037455015291126	0.24066486054337027	0.32506456772201264	0.12645350021099783	0.53569422463635619	0.70369924171620746	0.95753623049118619	0.22498362718503573	0.35069344627554577	0.1295156604187751	0.56895902600367099	0.70461252536874641	0.9163324486377934	0.23715019812721583	0.32321238415989101	0.12921846739338338	0.53552685171265169
BGC0000770	Saccharide	15	113	0.83818776196963385	0.84269653111290976	0.67191164106389623	0.10926587292673474	0.069534327103969867	0.17955497213749749	0.78962243798322818	0.84357951511940144	0.52314009622469626	0.13714022867048625	0.08818406159646866	0.21711256203216434	0.82963580000955195	0.83658015015954268	0.65074746897311853	0.11954755199253578	0.074260575083353528	0.20119801309082819
BGC0000772	Saccharide	12	116	0.90340487341757858	0.90474911656090584	0.84951111172505878	0.0357677411293741	0.039864509066458886	0.073239302159647579	0.89536275858393854	0.90100155601069454	0.79890607349604159	0.04527415600562721	0.042873307373977362	0.078589705635425777	0.9016581111878802	0.90115492825704235	0.851363652243873	0.036149248552756828	0.040627426553208987	0.07437183917720358
BGC0000773	Saccharide	16	112	0.94677210499459608	0.95593519261014315	0.87583785783870416	0.030082521995092308	0.021716907961513245	0.049973421430780651	0.78424643506037783	0.77244035409564182	0.50962687973558229	0.14537233544070227	0.090545963428528192	0.18257760050055594	0.95296573340928359	0.95962697975469857	0.90054953446461472	0.024526311758716647	0.019153336880757488	0.04329235770012918
BGC0000774	Saccharide	35	93	0.70623418289818463	0.74833530849358754	0.38114089871291612	0.19152527316675569	0.12673064829616701	0.28736974917936475	0.61211769803879013	0.66237733314173042	0.27159460767212101	0.19643172855006341	0.17089548715152317	0.27204544489014459	0.7131831414283295	0.74237166667734567	0.36881776209366984	0.19342708079677087	0.12388354448576286	0.29097358151948449
BGC0000775	Saccharide	30	98	0.79430129596798604	0.87052816551886525	0.5733178736305351	0.17079540907066609	0.088438780289646537	0.3059158427449834	0.59374838881377701	0.64652128636980233	0.21319891732483104	0.2457404121418848	0.18209141071820942	0.44135842769890754	0.81574931346091328	0.85411643908915247	0.65081617746625586	0.13944758982919411	0.078997503605409664	0.25592442946615102
BGC0000776	Saccharide	11	117	0.93053366291900574	0.93322954355032262	0.83611462250423652	0.047741884172861099	0.02821986163688104	0.065070779754846098	0.70143901872526426	0.71422082450473789	0.43314011976087063	0.17313556469472355	0.12769335176431845	0.23282712371484038	0.9371827768274571	0.93809412462273356	0.84988349278204489	0.043246783472902305	0.02548074888214864	0.056098387834752628
BGC0000777	Saccharide	9	119	0.84289889900126824	0.82729121139112127	0.77812949520903985	0.062471597991346446	0.065619568307001816	0.09336625696705958	0.67851224693326639	0.63833411690415831	0.40877976920007331	0.19184680065579127	0.14100886657441039	0.22174626011501553	0.82951689803121553	0.8222447457156512	0.74036873707557516	0.073807689284906677	0.071618941543590303	0.12197770211028935
BGC0000778	Saccharide	7	121	0.72164865886168239	0.72313345846125299	0.52094171095403485	0.13322948396844869	0.11918086345225835	0.20535284474854465	0.58016269478604909	0.60668874857903243	0.25773645069580087	0.22363136493393634	0.18570105020638711	0.38263548976241568	0.72765094387043716	0.72824018044801497	0.53430381623821077	0.129918729857808	0.11650462177037421	0.20344555896197125
BGC0000779	Saccharide	5	123	0.94773541688298124	0.94723195627552426	0.89491717855144526	0.028269720545240264	0.021292570148630972	0.044004544594020589	0.87279704525368607	0.87623909907715303	0.77274993863190611	0.059891491408403344	0.052338518710024595	0.068023336719481242	0.94705130928245373	0.94750184268986981	0.89216563704005969	0.028762210941861634	0.021581727405235028	0.043952662420590261
BGC0000780	Saccharide	61	67	0.9181687305243621	0.96315423801763123	0.78190950754668409	0.07447165467856201	0.034042374732532174	0.11773283712263682	0.90959341065720556	0.92187062244289963	0.80825480606035593	0.049223323766160204	0.037290654048596682	0.081631126867822701	0.90341620036426495	0.97424598251296501	0.74959675203595455	0.10506020154022479	0.040762942558031458	0.16657192358899775
BGC0000781	Saccharide	14	114	0.70873574165306696	0.69053945395916605	0.59627759683595249	0.098878394636093742	0.12530396861605389	0.22852521808304926	0.55122461977452453	0.55317123675544844	0.27586003765050049	0.19834862888563476	0.19955180434089465	0.38146309750143514	0.71767063968759837	0.70549047161082923	0.60995451829771874	0.092280998141404391	0.12135516128852715	0.22043445614900958
BGC0000782	Saccharide	21	107	0.95842793230982903	0.96182320952470168	0.92603443172727307	0.012921848811538055	0.016818146596201466	0.024154148495634686	0.933230412057935	0.94111223558986656	0.86182721635083781	0.03043731032200514	0.027168519443219252	0.043373483155714987	0.95583316941054763	0.95861947201241915	0.91813741920697367	0.015902029815178305	0.017899548867128211	0.027921334764633654
BGC0000783	Saccharide	11	117	0.76761321018176776	0.7843609060341652	0.57930764946726676	0.11918374977266524	0.099660829392033509	0.17434361682100041	0.57223613868203782	0.5065587756408787	0.31767324035751254	0.19663504712345417	0.19462511649382638	0.29413913733159314	0.78045071522705789	0.79304361862070882	0.60074933753954174	0.11330363972547886	0.093769973883770799	0.16500871897521929
BGC0000784	Saccharide	18	110	0.90258023582291147	0.91177633707774786	0.76769930443938073	0.069864165385394431	0.039814150700059184	0.090201843455521624	0.88906548873381941	0.88532380759554241	0.71717855720400259	0.075866783368445115	0.045454242729969764	0.090336166456548406	0.89839928130019509	0.90559372473316757	0.74884060258602525	0.072935255445833097	0.04157572210957472	0.091929407977630384
BGC0000785	Saccharide	20	108	0.94581426060766383	0.94781058715927347	0.89969216107758587	0.021271834806005335	0.021968770420396622	0.032279801863428048	0.90397484787039661	0.91360101356272017	0.79015325746628828	0.054826262068721626	0.039259897603248974	0.072022072987425467	0.94079342934826704	0.9420889489151123	0.88377557859416267	0.022663490016575829	0.024049354020895052	0.035012316244384722
BGC0000786	Saccharide	10	118	0.92225656165833381	0.94126658731810742	0.83525855294181706	0.046146395736687475	0.031633821045112143	0.061534354063443542	0.80024676350328661	0.7738117201632505	0.7061440709969905	0.07102002435885274	0.083544784627894872	0.12467098533900522	0.9241336130916471	0.94185346290298799	0.83893657222158446	0.04483980578399642	0.030850023909943115	0.058136874841808295
BGC0000787	Saccharide	13	115	0.93627647258027191	0.94411144457612806	0.880162523480986	0.040489973645983404	0.026042176671997173	0.069018889965536845	0.68598881365249698	0.59196695033962332	0.50190062387011469	0.18994190237051786	0.13664643666302828	0.26441814118889095	0.93748939227872263	0.94240778499161282	0.88578645788658794	0.039486085357468094	0.025501938314976401	0.065730868151102517
BGC0000788	Saccharide	19	109	0.92288924189271049	0.9308482762693715	0.86511967926501854	0.036657113460285669	0.032000647196758172	0.062768383119461757	0.92516662133014016	0.93725827858005428	0.85901645392534565	0.042617606221490634	0.030765887267972934	0.070263407815024936	0.91591580059925659	0.92159205742996053	0.85263590405617473	0.039272127365231439	0.035032357811158987	0.069621329883335248
BGC0000789	Saccharide	9	119	0.85768817660636876	0.8697715295728381	0.73501962113728425	0.062685100936990437	0.059365383419458607	0.082281819029274783	0.49810239786433697	0.41055874812269705	0.2679860938593831	0.24301905373214552	0.22989802812565974	0.3033381700065414	0.86962339473373196	0.88435083574412054	0.74446239713883977	0.059584439547645869	0.054282879146621998	0.078856211321357783
BGC0000790	Saccharide	12	116	0.85253656651470988	0.81726797661231632	0.75047815255324035	0.093363659679386632	0.064797239709052087	0.13489690356182449	0.46130189911420894	0.37984131484133193	0.26166228348815451	0.22272687873711031	0.24867945441592543	0.3282546179654301	0.86963332094626167	0.84398185704406958	0.77608250611202056	0.079108467029693749	0.056964114418264725	0.11303494072323139
BGC0000791	Saccharide	13	115	0.9138226739604175	0.91440711320532531	0.84652606591611079	0.039245306790636168	0.035174797309054595	0.05789905122407013	0.71141941578237755	0.69683227936735481	0.52724521037806604	0.14773976676025594	0.12409463203257594	0.21730390556115842	0.91644426693962833	0.91416294079203186	0.84567945836700609	0.037559343965203544	0.034099280438562231	0.053593128909826149
BGC0000792	Saccharide	17	111	0.89480700736075769	0.90020399626707759	0.79624803585832116	0.053771301308908857	0.043142942104648085	0.083151143655606274	0.84336363347363041	0.89514539197852117	0.61176597703262414	0.11455219091475148	0.064870485473461775	0.17379827301861683	0.88817793093645636	0.90344720787336086	0.78808168500126963	0.053364614614420582	0.045904543639621334	0.081202412970070248
BGC0000793	Saccharide	10	118	0.89362229211969757	0.90605479018800095	0.7908914997467289	0.054455086261584754	0.043833123275809308	0.084454045666963795	0.81828626323999065	0.83617690370329778	0.55387064444588752	0.11696841734185018	0.075621741599376666	0.15735039583702704	0.89196055714728861	0.91125156247668426	0.77396210436757218	0.059136256304761908	0.04459385297784426	0.093423580394571104
BGC0000794	Saccharide	15	113	0.79200279260642659	0.74825716771016926	0.59092836544628147	0.11891046050663984	0.088429763827096969	0.20053231813182981	0.66243093175799894	0.74619288735193368	0.25583346228207265	0.26006777837080669	0.14919503078319812	0.48064150108836179	0.77132029724896656	0.75604081441668747	0.53246650243619054	0.14583202028699191	0.09797146499308558	0.26123288349594975
BGC0000795	Saccharide	24	104	0.91668526737802003	0.91328583144598952	0.8813973475794874	0.031110446013266825	0.034288865105221999	0.037452144261732045	0.8595974426126507	0.88292229021418911	0.7152493593976037	0.072548365905415982	0.058720955707022557	0.11534651524410311	0.90763272389319505	0.90126237417204802	0.85460685152358107	0.038903395530404096	0.03833764576035377	0.047548101868826853
BGC0000796	Saccharide	21	107	0.75051297667604933	0.77683015516555398	0.51939346940148023	0.13598635638908607	0.10658740562535299	0.21380614202862536	0.76342342330617663	0.78763665886557888	0.47032061018273119	0.16477758407232904	0.10048530487042422	0.2392605731342986	0.73856759953292239	0.74827778348659058	0.52494449423618728	0.13484437155118587	0.11196453023764627	0.2110049182996343
BGC0000797	Saccharide	23	105	0.69422316822436037	0.68849442908583736	0.42444298313236523	0.1696243243561209	0.13701145949609347	0.32499390849809462	0.5415508555944043	0.51259601310635572	0.26688869850061714	0.22276273224022836	0.21227801923551176	0.49437173457092332	0.716796121122244	0.70859340513722735	0.44638408932052148	0.16344529428638369	0.12598997659009545	0.29936137923595763
BGC0000798	Saccharide	5	123	0.85972128371999668	0.85036792893197033	0.79348338569980548	0.052070519034318384	0.058199457047468296	0.086716642459532589	0.83766874995239904	0.82455016905666856	0.72146236484232518	0.085343398283241612	0.067250709984037968	0.087365910838990479	0.85814391776200227	0.84856020108389885	0.79142995463118992	0.053094259303176572	0.058891644381697764	0.088922576944532983
BGC0000799	Saccharide	21	107	0.81234394565073842	0.83860276111499532	0.63190838717975772	0.088037190609028218	0.078617234779164311	0.16872552691227605	0.69187363335695928	0.71119786007732788	0.51347236867188162	0.12632844929796178	0.13242306257792752	0.22845349134641735	0.7982086639646645	0.81511477081329664	0.59211136027057787	0.10112881143790602	0.085012637065082969	0.19247433762740307
BGC0000800	Saccharide	13	115	0.636102992931044	0.75919379945402432	0.15957381983087576	0.29445018204463924	0.16179884786398793	0.53406373621205161	0.54335204406341919	0.54020048261508791	0.11098726716765857	0.22094104324149036	0.21390038369305281	0.46434681569172886	0.63598388879022294	0.77664784606366044	0.15360185657070252	0.3050136532716981	0.16160538889212769	0.54594300037894095
BGC0000801	Saccharide	25	103	0.89649977604143294	0.90271635176532983	0.77718235323023399	0.058034669680881931	0.042541625871121758	0.08835547687135048	0.83798944448408041	0.86349226187806849	0.65535516622643375	0.088495487017854937	0.067223939061461221	0.13442079714146615	0.90625906502726661	0.90776555803600245	0.79880686790388977	0.052501689551244547	0.038470033102098532	0.077591582215883692
BGC0000802	Saccharide	9	119	0.62204812015120015	0.57571206864825997	0.22427846902333481	0.21858937869464831	0.16799922934829156	0.30625941888078412	0.52706180430623673	0.51755768000739866	0.080000504041537232	0.22857226668236805	0.21686540193753384	0.31408828067039085	0.62336786181747017	0.57486159513365442	0.23615891591923877	0.21990225601881877	0.16746762736982274	0.30632013731544283
BGC0000803	Saccharide	16	112	0.8931180879700763	0.89945719102540411	0.74171083871944388	0.073496066827296216	0.043968934540722968	0.099826451809201355	0.75937839325235312	0.83380025003365088	0.49253194319831167	0.17465646983999003	0.10286328070315207	0.29547529663559835	0.89991665350406702	0.90992192193457588	0.75673871382365943	0.068499136851495737	0.041081012994746244	0.085492605673315514
BGC0000804	Saccharide	27	101	0.96334899081724557	0.96547796139476172	0.92613755241030538	0.020408015938638061	0.014794729486037684	0.031589368885965086	0.94272772629254864	0.94023125199567104	0.89085687786780998	0.025993372599774762	0.023202372469502474	0.04041897343035894	0.95911322454906611	0.95331959219605933	0.92367909286130501	0.022066316496431908	0.016520665631358612	0.030961275668221377
BGC0000806	Saccharide	55	73	0.8852712952642241	0.87318003813277201	0.75505961683976264	0.074061212490588071	0.048345985671241022	0.1266700557786542	0.89441494761374096	0.89990852752028261	0.76056366015466703	0.076283119749012598	0.044517422369505198	0.12076684809845839	0.86492818917284708	0.85159042936518481	0.72272658972372472	0.082349488225416281	0.057034421275627675	0.14313256595337043
BGC0000807	Saccharide	31	97	0.74628789549164176	0.7343922522564742	0.53914778667864383	0.12855369646952089	0.1080521536635527	0.22201490228175758	0.67401808299374899	0.64783005623285173	0.49337649744835665	0.15315933121582515	0.14093029959832151	0.2165443153279788	0.73555998982073811	0.73006232297176576	0.5342728429086212	0.13852886633092379	0.11323833304712097	0.22317502940667733
BGC0000809	Alkaloid	28	100	0.82204211367285696	0.8507330573864631	0.58547921202128095	0.12386685230454351	0.074456981132439037	0.14172042545732311	0.71642753220929523	0.68374733348868055	0.43384694385910572	0.17439486461298478	0.12187072978651881	0.25413488464868372	0.82471900801056552	0.84941096498722968	0.5680439691351894	0.12364083432978033	0.073135227732467278	0.14331352994789648
BGC0000810	Alkaloid	17	111	0.79919093649326511	0.81174919571699866	0.61431195124330029	0.11908499177014459	0.084126039802668834	0.18078276975551133	0.7000606573879995	0.67767719666653026	0.35001041236934394	0.20490444535284533	0.12833599997772049	0.31493431327848476	0.80363837924992099	0.83546226972899351	0.64124736251601688	0.11315746431698086	0.082221236732458181	0.17982362551576647
BGC0000811	Alkaloid	11	117	0.91882416728982752	0.93848549919548985	0.79662365158576798	0.057580322135287666	0.033412776240877705	0.090451589776441965	0.92392139087805136	0.9240176483771938	0.86349069848587967	0.04072840623998697	0.030939625953997442	0.054436782354465363	0.91334482062233913	0.93674380989790806	0.77208572098545913	0.065451405413679692	0.035791683681313649	0.10164786920491808
BGC0000812	Alkaloid	13	115	0.88352203291026432	0.8842743984643151	0.78982125376483314	0.056751435102930424	0.047749410388843082	0.062955896983045379	0.90676525375205996	0.92226222270464497	0.8091557506634216	0.043608928341830312	0.038153936977170975	0.068457992431626757	0.87624851062847176	0.87791917967949051	0.77442821309415044	0.062220790505556095	0.050835639389681761	0.067924817029425766
BGC0000813	Alkaloid	14	114	0.97769014025673828	0.98083967497816626	0.94815338578097952	0.012931668750098048	0.0089710588373259625	0.014483831590208163	0.80976166416749051	0.79582976495010249	0.61914956008838362	0.099942176966133944	0.079403416954752809	0.10863822566183523	0.97854685101414307	0.97746712433726701	0.95736354473712648	0.010908240105053953	0.0086307103839890591	0.012031784613497076
BGC0000814	Alkaloid	35	93	0.90438366512974522	0.90267326891990041	0.83228316998844809	0.041068373849948769	0.039219238720919723	0.069259402514900814	0.78308813509774988	0.80607007632317851	0.52431869206944204	0.12007844461953815	0.091468844384907072	0.16972408774511794	0.91245188031755065	0.91383095113377932	0.84970535399722824	0.037553709979186847	0.035889566075700041	0.063184752039111003
BGC0000815	Alkaloid	9	119	0.93302883163134853	0.92306670174780658	0.88591450902639723	0.038720840626378775	0.027173344178375712	0.037107456690238183	0.89888156295396726	0.9145586954272128	0.78669661323620854	0.056464034641112895	0.041486051064253696	0.074949350805858961	0.93244947407594991	0.92409818177313929	0.88338545688874437	0.039556382538022815	0.027408995664575376	0.037778201073137008
BGC0000816	NRP Alkaloid	7	121	0.95088662232748811	0.94984581480962205	0.89622855220120856	0.028258293723722017	0.01990354940139687	0.041466208505858804	0.95535288793356465	0.9594901610752854	0.90039492419551814	0.025173951241339088	0.018120396809362616	0.033747037131910851	0.9491893853753639	0.94887686637118929	0.89418094094632627	0.029273485231116576	0.020602883809482008	0.044010276314768393
BGC0000817	Alkaloid	4	124	0.76088482167903793	0.74279757648382871	0.65295345869491994	0.078610722373234368	0.10157450348875811	0.15977116509062073	0.65039686300794286	0.67684093937800149	0.5238024405938404	0.079887213809168037	0.15194617117169523	0.18258133087007222	0.7562208654168846	0.74094642179824688	0.63529315772068118	0.08348841720482239	0.10366493964998272	0.16796453077304507
BGC0000818	NRP	18	110	0.93961008333877027	0.95195637824984114	0.86851605156659761	0.037862121850251423	0.024479390984590777	0.058019041063587351	0.94477808679601039	0.95146499562640385	0.87790611933271379	0.037773606422983774	0.022412327381434349	0.05315266562288179	0.93551200341159768	0.95201923046098336	0.86308929641038634	0.039939263791319748	0.02616701120882552	0.061307790906436566
BGC0000819	NRP Alkaloid	15	113	0.94466175852220857	0.97444641073047045	0.86915271614962153	0.047345319445593115	0.022389967689286139	0.065827441848596568	0.89655126172995325	0.93896215144739459	0.78924246168100887	0.074157202841126355	0.042289576330934706	0.10733322248582111	0.94815166288763242	0.97468956846953403	0.87655175061392454	0.043548644103503072	0.020965267017978607	0.060835236044175067
BGC0000820	Alkaloid	8	120	0.8639632435055683	0.87713710721242899	0.741320587209222	0.07185415542879045	0.057232555103955772	0.096184494703751344	0.61300781390251191	0.55894452046689069	0.32508906801070164	0.19448137866923562	0.17410460620104254	0.3104305151118657	0.86895013676690414	0.88962727398222374	0.75368698424674874	0.068804553300417126	0.054998848187073054	0.094362885220434456
BGC0000821	Alkaloid	16	112	0.94168448220324596	0.95060359388666038	0.89599362646725489	0.02459063264521848	0.023640649675917301	0.034711788368531504	0.76233927684390002	0.68807903305051199	0.60321993976188448	0.14272452865116717	0.10009241406548083	0.14578484848322093	0.94434027374636076	0.95088617374415207	0.90319042045304854	0.023016009951429182	0.02256696285451374	0.032358511907004339
BGC0000825	Alkaloid	15	113	0.96065748312816768	0.97694618285727319	0.90544453187617036	0.03240297689296058	0.015904806328087061	0.046577655042855048	0.90760544429765933	0.92367184044682271	0.76256083846902534	0.058533132695289938	0.037695620073398703	0.074517951468612398	0.96263407228682696	0.97574350254225595	0.91035732030127714	0.029809987816510022	0.015112237494236225	0.042816032083009659
BGC0000826	Alkaloid	17	111	0.88059118314256857	0.90628441122774994	0.72838222319651569	0.081441461405885499	0.049162453849184919	0.12746147381203521	0.79981622156251875	0.86618125976820259	0.55331381578269867	0.16245472545103901	0.083875286774575536	0.21999796951143891	0.88605937900190934	0.90601882039055193	0.74766158920267012	0.073327846216484485	0.046894566909335425	0.11661968423088898
BGC0000827	Alkaloid	17	111	0.96613208040939147	0.97389066920424661	0.89893496076785351	0.026932327967291191	0.013692325204527256	0.035013524335055446	0.88845251558487148	0.89890019719623604	0.78902961540370364	0.065750978591371981	0.045778730475892114	0.086892514731177317	0.9614896828603674	0.97390997916172162	0.88199608700617838	0.032399887031986319	0.015629489488782046	0.043360462339686046
BGC0000829	Alkaloid	5	123	0.64985498665157215	0.64419338546978477	0.35993176468201987	0.17974434361770322	0.15193673377744235	0.30260657303457428	0.48953304686968391	0.45803306144302169	0.15627667944570178	0.23680347063139254	0.23153558123831824	0.44598803710458934	0.65435006600050616	0.65461112858875115	0.36608718913362753	0.17842105915963941	0.14981094514230259	0.29793169421013554
BGC0000830	Other	4	124	0.77170574795760005	0.90082731948462935	0.46813799508741372	0.18569794965301675	0.095979782828945259	0.28883510080910935	0.57552532966969205	0.7808674897664839	0.13724488811238511	0.33503242306044845	0.18771477342349141	0.53599024844927712	0.7763487340276789	0.90244733935138144	0.47823707678938299	0.18027459661532289	0.093933283687564331	0.28097915960850106
BGC0000831	Alkaloid	5	123	0.74994840570541776	0.78215224388290128	0.5492143515550798	0.12353624899691053	0.10565198635609432	0.15109172002244264	0.53440987106993976	0.58109305550152146	0.038190176187152522	0.29157638938535752	0.21369037552289916	0.40314852251999855	0.75243668903677696	0.78529125731458338	0.56173941115594184	0.12120763934283366	0.10454047612290521	0.1486058045766766
BGC0000832	Saccharide Other	28	100	0.95737132187514928	0.95864541581240947	0.92762527118645899	0.018978738203726055	0.017274839760153517	0.025491470734858024	0.96309237345611121	0.96512614068448543	0.91348528198993018	0.021741010354684547	0.014922853640773948	0.032214545712956011	0.94984337001513253	0.94579333692287704	0.90462435882491665	0.022252019323478256	0.020352030196493075	0.031043511377083388
BGC0000833	Saccharide Other	32	96	0.96651660954719554	0.96672250955524386	0.9334983215039131	0.015402583212258233	0.013485626867617917	0.021998453351062874	0.92411946263392131	0.93385288636486419	0.86905428385558359	0.035521485945350123	0.030834346022394477	0.043867502023725913	0.97096473075552203	0.97503324368331978	0.93582212335533643	0.015676818933914326	0.011684183656809167	0.02380406740770602
BGC0000834	Saccharide Other	20	108	0.89431817359629984	0.91361337698664702	0.77992650346552495	0.063201798626845024	0.043308448193429404	0.09150292536992144	0.92670691174976338	0.92796239614195652	0.87796028932608605	0.033556031623181035	0.029781276975489556	0.052407037331330453	0.86949272348120488	0.89637301626065968	0.72572738853245489	0.083472030959765839	0.053751095860607868	0.12089636404542281
BGC0000836	Other	19	109	0.94068234659637573	0.94015435943386216	0.87808761522321965	0.041842888288300781	0.024023028912866829	0.058754689065253052	0.9090563232693093	0.93946636554036522	0.78976567208284154	0.07181730738701296	0.037066934313898778	0.10242197945155607	0.94270046566853671	0.93549321216938441	0.88071371092048045	0.039681351986638046	0.023197236162332692	0.05343396485141616
BGC0000837	Other	20	108	0.85749089158545133	0.94828037908011997	0.68117712897161031	0.13908869216310554	0.059136830327913462	0.17843336462258419	0.74249579147555045	0.82043214486930527	0.46594043565972049	0.2028786345898462	0.11105131055813525	0.26937634271430899	0.87175051740630494	0.94489046884915151	0.71944819520000136	0.12329315646580893	0.052967951015737327	0.15927815162225101
BGC0000838	Polyketide	36	92	0.7151708241390653	0.76189244469957407	0.36064666940522006	0.1955053378336695	0.12265065222550595	0.28939292558977903	0.65503290943677095	0.7127452948034726	0.20336381025500888	0.21206714316618724	0.1543053553931443	0.40147481874323188	0.73188888328232271	0.71972367378052637	0.45362661386665099	0.18508196854758879	0.11443653578449527	0.24769130360313363
BGC0000839	Other	25	103	0.93035677161070396	0.97301967263436095	0.84393296907263293	0.064348090301377198	0.028328876602106458	0.094228978538506758	0.88037082156203184	0.95885783721465578	0.72407065667955106	0.1117154349103963	0.049137908719774415	0.16374047742025544	0.93981623332221376	0.97373546892601515	0.86882058118906447	0.054010077857928419	0.024435185585690623	0.079554348099250882
BGC0000840	Other	14	114	0.95043334394747492	0.95022763156339929	0.89954127911062542	0.024807980926676604	0.020046871414983802	0.034358200340687373	0.95879792296880362	0.95675949203496824	0.93692977429770208	0.017574804960150198	0.016638770256567414	0.026793112616294246	0.94716037366255001	0.94720103290939861	0.88945109720322579	0.027217373959077383	0.021387336481437626	0.037616770959900236
BGC0000841	Other	6	122	0.90469643350789997	0.93546419837513795	0.77797530773206514	0.069286404348976413	0.03892671460112955	0.097469401534760691	0.75147694297555001	0.86489412907638741	0.46689418717319758	0.21856289880021965	0.10494326674058525	0.32984498020961817	0.9019574269165318	0.93181702668296706	0.76845370224244014	0.071044601488990097	0.040087783600988233	0.097471409166814293
BGC0000842	Other	29	99	0.88707210652716417	0.95531707914850039	0.70429806001782125	0.11020495562263517	0.046767233465961455	0.16834164965771392	0.71778347785781604	0.87562337209756891	0.36272821028097241	0.25568025533105576	0.12101599020584922	0.42274243627036667	0.91546578626499908	0.96359958331448115	0.77539188432329953	0.081645481020568109	0.034768492163359907	0.12287593124169172
BGC0000843	Other	16	112	0.90985767204251267	0.93537354137237894	0.80941379112842948	0.060382600605987248	0.036786677528888888	0.094379971646143979	0.88865061459141081	0.90728482895870144	0.78044934714683278	0.062092232525276764	0.0456121751073751	0.10213680447877527	0.90894617847159564	0.93322097505543655	0.80749094900820251	0.060753881920366314	0.037166388457652924	0.094702706614400278
BGC0000844	Other	10	118	0.89812474653375252	0.97705368420196159	0.74724065079314395	0.10993110822427093	0.041702226992950273	0.15431581906179059	0.8294294957921331	0.86490791609449502	0.63286399129291937	0.12187863126817641	0.070796379527311284	0.18765562510688594	0.899916227513339	0.97896407524440532	0.75269544692830614	0.10946039313515675	0.040962309427136565	0.15346494958105661
BGC0000845	Other	24	104	0.92168360851374764	0.96009165154687293	0.82399748365634873	0.066963630523245388	0.032027586241856219	0.1032261401879363	0.69276284832808144	0.77321517643036375	0.25826322089749626	0.2583347156060376	0.13187743034515267	0.39399020433158549	0.93548950760188543	0.96041213473203579	0.84710706112982959	0.054879551650256909	0.026225433022945464	0.080484771528369525
BGC0000846	Other	22	106	0.93832788867137107	0.9613621303376616	0.85960335835918256	0.049082605005520336	0.025033977495462413	0.073032883891188005	0.91922600800617649	0.94960189452481392	0.82026396917770539	0.067174914460340782	0.032886403868145987	0.096540919057390817	0.94038057893356863	0.96043751700825708	0.86522599909476949	0.045746399311558827	0.024195502754752841	0.068982004873961111
BGC0000847	Other	30	98	0.95225248898519244	0.95675002706240708	0.90845228819649604	0.024726739856058486	0.019329289501897828	0.041484754662942991	0.92658307314056676	0.94453814138468495	0.8026653569869151	0.059062275407064643	0.029837286077433457	0.080322499443517881	0.93437776543557793	0.95075216910318638	0.85219160761923141	0.044740853122908583	0.026655552561149286	0.068917643545764462
BGC0000848	Other	1	127	0.71347422780979597	0.70154247964666983	0.41811316620025146	0.17163782105049322	0.1230613954831659	0.28961906259289361	0.33661593939573864	0.17124987829653748	-0.13331259756228478	0.39149848874808524	0.32188174511087636	0.56393418698970521	0.7161938780344802	0.70639699611434748	0.42288849589256	0.16917221676911212	0.12183016447388902	0.28422083568918255
BGC0000849	Other	2	126	0.85310887519625955	0.86518108392693327	0.71925102304377764	0.068455996239516537	0.060634771998433215	0.093793284626870754	0.84578700928254824	0.85098292223698313	0.78039483452356739	0.042162287154997848	0.06387988327684728	0.079798896552320309	0.849155270494095	0.86269017896873124	0.71222600741008546	0.0706490830329667	0.062322465337205049	0.096155299248086967
BGC0000850	Other	3	125	0.78806476217339116	0.83312498731287787	0.61325803725243644	0.13468907093395233	0.089614120316797247	0.24536788899121875	0.66498788310251444	0.73488829577167691	0.31900681579313722	0.19169479502340786	0.14533580705106619	0.36136938682025255	0.78916635465219076	0.83127158663894285	0.61525810762430477	0.13281288066129238	0.089128171875426987	0.24233786119731282
BGC0000851	Other	6	122	0.66625109628627222	0.72678677073355802	0.25782760913706221	0.21997991173237755	0.14405150112889922	0.31864847996560763	0.74486661821478917	0.74170735296330015	0.59787812067112411	0.10456207194490549	0.10828891065611608	0.15600083074883542	0.65011925764568868	0.71703520660041098	0.21222857670153003	0.22983066490644227	0.15164970363261968	0.33385692361727826
BGC0000852	Other	3	125	0.8687101130270376	0.86294591103925622	0.78861581094886946	0.044494299205009732	0.054322141367397658	0.076671577719014561	0.70861151374747078	0.77286205551675868	0.40456147171837914	0.17031300630096299	0.12442342382408966	0.29373571420769606	0.86820223522761175	0.8637003122070348	0.78424352474650239	0.045955313132064857	0.054551214689420237	0.079407750445121161
BGC0000853	Other	4	124	0.91553824147579732	0.92776512583677118	0.84636171254925185	0.045562781695355957	0.034381583112922456	0.066229385623312598	0.80340374744458443	0.7929516637103079	0.73197465298114461	0.058190976858247791	0.082073938366931082	0.10911814053095947	0.91340754794675905	0.92930139794443656	0.84374272843508769	0.046551041094284908	0.035265022574362995	0.067754436928909256
BGC0000854	Other	6	122	0.88722850962238409	0.90277853979934641	0.76007884373405943	0.074995798569853542	0.046464104770218381	0.096951942745769348	0.79660078560912595	0.86718873747308245	0.50862850476025478	0.15136106386412207	0.085037836855570426	0.21263800450229242	0.88787109526824148	0.91220412134411155	0.75425177500741247	0.076977917126117748	0.046189419496264206	0.10367282580969972
BGC0000855	Other	4	124	0.88168355495749751	0.87348937704014595	0.8013796896017783	0.045990706484725398	0.048515834617125386	0.066834040594410449	0.88068761462061196	0.88350036797765075	0.80170687803670737	0.049921969749640117	0.048945797222639698	0.084867977363401126	0.87983013675631061	0.87229125945945241	0.80104704352422729	0.04628893620355732	0.04929620619442121	0.067631918834960336
BGC0000856	Other	4	124	0.84340881621016162	0.88069281012144174	0.69623179739335317	0.087750821884153729	0.064925432014466586	0.14290470698776292	0.72979755188030437	0.74329164656667213	0.43959224753307174	0.17884185422799997	0.11493858708225355	0.28374340692293454	0.84538027759537615	0.88243047218734794	0.7037385917712895	0.085205575655552784	0.064081570635960539	0.13916976095705524
BGC0000857	Other	5	123	0.6814709274529287	0.7264568085838119	0.37007242491816467	0.18835221517591891	0.13787367234678333	0.28089849115744614	0.55069667297025127	0.48140518929515214	0.20423037033855126	0.28688780423150029	0.20010682098889312	0.28055260864082465	0.68102847986979742	0.72507733536932228	0.37580397883846434	0.18705476755370348	0.13812848835185301	0.28146573169173272
BGC0000858	Other	4	124	0.81213181076882746	0.92992499889828162	0.53128786743018597	0.1909234590301129	0.078425554209576573	0.27766795793578414	0.77305263333771657	0.90295827848778454	0.44458191389672097	0.21883546517817615	0.095643519497008556	0.33041151121541401	0.81262840759588817	0.9299084630259804	0.53281906097634713	0.19027927717937981	0.078206340705617688	0.27662376573758207
BGC0000859	Other	4	124	0.76071804016582845	0.7456448914529461	0.58682645119789045	0.084788108135108092	0.10151264704163261	0.16297927806956169	0.513684730078935	0.57472551000966998	0.017685356604798412	0.27649649274585403	0.22512926611647907	0.34907517606333505	0.76676884498942655	0.75119333575803038	0.59495811708084057	0.082360144180767023	0.098811145986720472	0.16310116413040177
BGC0000860	Other	5	123	0.86697000913668432	0.87776795729068446	0.7233836649259342	0.072119103191170167	0.054861500673421063	0.12133971346184402	0.78051857917503065	0.81441537720153789	0.5435383023567304	0.13056971730518044	0.092039129617826079	0.19444544824217747	0.86835705229577198	0.87920506389320974	0.72790827753235743	0.071195596576758099	0.054280210809583521	0.12067731664847481
BGC0000861	Other	6	122	0.91397643623723579	0.91593290713809528	0.82074390439421196	0.041509610317619003	0.035040209083088934	0.057848049980860794	0.88498938021555651	0.88873291485011485	0.79359954608046124	0.049713794476256838	0.047271669670200314	0.068262938785498939	0.91424137294851326	0.91804673879821042	0.8184447075860225	0.042176216748602606	0.034930201330816549	0.058403689156990346
BGC0000862	Other	9	119	0.87619863356906103	0.89815362470372229	0.76598100406325442	0.070778312713587296	0.05092418882602865	0.10603608612000415	0.6911217804468146	0.69225336369393875	0.3792557222014673	0.15067663918039578	0.13325637717087657	0.26964705893845153	0.88233428515921797	0.89826485501424203	0.78917283667845906	0.064532050152316001	0.048324683737212215	0.097306486491991473
BGC0000863	Other	4	124	0.86500176012298124	0.88951031034156769	0.66918046361597461	0.090743180937424936	0.055562350799490165	0.10031342052771319	0.78240331809499764	0.82913893486794543	0.49100024824625049	0.17005922776511004	0.09161708488533897	0.19542844279157301	0.86679650186290513	0.89223185484397805	0.67550291505383209	0.089051407218145945	0.054805492007645486	0.10029158016944006
BGC0000864	Other	22	106	0.92203980876556424	0.9525939069058591	0.83721593020339469	0.053714079117750578	0.031699691288779829	0.082884482235282775	0.82235297871596236	0.82810884831102327	0.62119708546412689	0.098901159290629051	0.073858711667387819	0.15671359773556159	0.93410379779846642	0.95504499285083078	0.85638530700077664	0.045792632238180267	0.026727983068139172	0.069773835896677516
BGC0000865	Other	19	109	0.8722037056709524	0.85902085215766799	0.77429922223967107	0.057866797293208212	0.052523940158171079	0.074843161048300577	0.84174764417223591	0.82167576782669283	0.72527288905128651	0.074645999444457919	0.065505403309424962	0.097726062193578267	0.87604115357261381	0.86843348216223015	0.78288454198798618	0.055503047844235077	0.05090439626943781	0.071673472596200383
BGC0000866	Other	4	124	0.85092358417627667	0.85128274940934867	0.72629743539539859	0.079236533477124019	0.061582323594791141	0.11060839029724168	0.78942917708729177	0.79787588300586076	0.62876161657155627	0.090478497757985568	0.088270583801953142	0.1432285094664022	0.85075621639198196	0.84890250745430951	0.72646987034840516	0.079561523955367558	0.061651976349017291	0.11045433635504276
BGC0000867	Other	7	121	0.84359655046118553	0.88587148996266296	0.66335520201647369	0.1008155732413428	0.065021906633786222	0.16915014234475589	0.77065165614732711	0.82983759894502196	0.5378746578051663	0.14672943190669355	0.096433236436583109	0.23643082505927948	0.84351836113519596	0.87928746704825766	0.66290102631315806	0.098362132999680926	0.065076474397287296	0.16583681782871429
BGC0000868	Other	8	120	0.81861931667025778	0.84722816068191009	0.60360480114035753	0.10791264196447503	0.07568296229271998	0.17621716447247615	0.86979431838030519	0.89005227029683487	0.76403876062167764	0.063338205680935011	0.053649282042244659	0.090967692416598189	0.8057268194335796	0.83944713184317621	0.56259854045027746	0.11905227566211329	0.081260461924369753	0.1910651981836814
BGC0000869	Other	7	121	0.9871654434303474	0.98893081017801476	0.97496526832808206	0.0070559497377620274	0.0051493603572339893	0.0099930831962489197	0.92973781243113662	0.94883952990889442	0.85703358918804995	0.047705237941896864	0.028832188947421299	0.042256625611385212	0.98813236523415304	0.98995649071949843	0.97707123751320868	0.0064173806419270249	0.0047599989016178903	0.0094450130450469683
BGC0000870	Other	4	124	0.80885746620442744	0.8271703840126845	0.64673304017325473	0.094304416519626483	0.079912818298423186	0.14821825065324878	0.57320307445812624	0.51998080848769757	0.36036562480904777	0.21259548789684529	0.18940934743010424	0.31900766564192007	0.81042594368903698	0.83605144186275959	0.63768206114172032	0.094422414006013339	0.079242683472548522	0.14984555106632058
BGC0000871	Other	5	123	0.57097430120067183	0.65397154236482047	-0.061353316101075257	0.33813900892400528	0.19035934788391509	0.49718054157399361	0.4358724531936029	0.37505072836429076	-0.04856426571193713	0.31657748769076693	0.25939078382259428	0.53689528860304447	0.57371203023677653	0.65741413701765539	-0.061137801605447267	0.33831148023772661	0.18903677717324815	0.49522305216090035
BGC0000872	Other	29	99	0.95883408954088145	0.95602665269794529	0.93116645349597549	0.014591259087691029	0.016617739493291529	0.025709769978475516	0.94012206419305822	0.94106095521889355	0.90632963085858764	0.023827972594259696	0.024252675408761592	0.029949793680978276	0.95903701941770547	0.95918034117635431	0.93077533123221923	0.014134621139925578	0.016544184262718177	0.025724627096180508
BGC0000873	Other	32	96	0.89991388148304063	0.92515807091646984	0.76965460483371895	0.086852250814545257	0.040870765429677713	0.12112285133426914	0.92351806671427339	0.9171285899848034	0.87712386210214821	0.039375322552187432	0.031082827885296573	0.048179574616343923	0.88428274434227405	0.9310418068292684	0.72722786081502311	0.10807736153633127	0.047411563482698503	0.14973040151414363
BGC0000874	Other	28	100	0.95367733792782017	0.95891830038789672	0.91008603024887524	0.020630422642236055	0.018704156891277357	0.025427577451307748	0.92832792996155855	0.94089927695671771	0.83045778377888846	0.043599685694764627	0.029101720798708298	0.056993555525016837	0.94493924236827542	0.94811722002582455	0.89705511005193506	0.023895820801438789	0.022275221211102546	0.033976845854879811
BGC0000875	Other Saccharide	23	105	0.94369446918767941	0.94368340731049949	0.89859552391322306	0.022643990707237726	0.022799654795384948	0.031143631806854977	0.81156546010197006	0.81732325545695961	0.64130259398426448	0.082726962329799369	0.078537816972067714	0.1203658143893398	0.95253100776004873	0.95211727101548693	0.91253653781828648	0.020683744935896378	0.019188185785471833	0.032388229396288937
BGC0000876	Other	8	120	0.90389939524757956	0.91205736618390765	0.84013108769362543	0.045982041670596503	0.039245871246816041	0.071974946037888343	0.79651092902906739	0.7767723990194626	0.61802019387813079	0.10628236573577597	0.085103507483143145	0.14286450446496668	0.90618114975861042	0.91185779958390889	0.84091163467456453	0.044218283193841863	0.038289517645125205	0.067188856872130387
BGC0000877	Other	39	89	0.98335827277504495	0.98756768849464271	0.96859760789122173	0.01123392601867329	0.0066814852095076205	0.016488063201354541	0.97325778037573463	0.98223155395875872	0.9445979565188859	0.019071424318713105	0.01076701636869315	0.02653345083449421	0.98520809505533646	0.98716135336308197	0.97116272982285867	0.0087380650501865855	0.0059358317374423649	0.013241568731888975
BGC0000878	Other	8	120	0.68126217331143324	0.66887628153311773	0.50622662041763034	0.11948219851061265	0.13708241923041209	0.19638922580746465	0.74685949583934508	0.7778218974474651	0.52795362916141753	0.12837358986965236	0.10744926144644955	0.18657491352520283	0.66804644828716764	0.65699087140356349	0.47845448974566762	0.12485528106340404	0.14321355578624489	0.21390308376783362
BGC0000879	Other	12	116	0.9157694378650959	0.94517955275559906	0.81434974592022158	0.06200315261430335	0.034519369208251514	0.096162436580961574	0.80747050818336863	0.82017557317934942	0.6813554545830548	0.099514254768450314	0.080385594894068824	0.14452232231643791	0.915733737827505	0.95166202086498408	0.80984520810954419	0.067403750860814973	0.034586058903315765	0.10333458672612805
BGC0000880	Other	14	114	0.75048718850439033	0.76106867337601858	0.56121592161541844	0.10007024956351231	0.10538191564991144	0.14580332561872678	0.69631263735468951	0.6944813399633234	0.55871701261188678	0.10689980869629909	0.12997484745059135	0.17453588891305383	0.74744015050478962	0.76144317167404696	0.54518773912748164	0.10087912863485467	0.10675364364084092	0.15361614806225465
BGC0000881	Other	10	118	0.93897416005662959	0.95809454007185735	0.85316432206433768	0.042990351188062582	0.024736955232170121	0.054989310791806911	0.85033835142683001	0.86688493212796924	0.64280423314142943	0.094886312853780283	0.061783715918667673	0.13085878570980336	0.93876946683333107	0.95942592025619589	0.85508183615071409	0.040563157852982049	0.024825738464965229	0.051212243954633863
BGC0000882	Other	17	111	0.76767242651116607	0.92110835820622494	0.44566147761437119	0.22470371408670253	0.099126946173394237	0.28543830055355845	0.62747683687684408	0.76731158104066521	0.1791185410784091	0.3183829583025039	0.17587020887892077	0.35723160616129068	0.78606688115054113	0.91868478053382574	0.49758661524833364	0.20239816596471424	0.090375055912362431	0.26379129354902831
BGC0000883	Other	29	99	0.88050454900867003	0.85790243828823898	0.74625666261586843	0.068976782553968038	0.049212343707167053	0.085294374532422945	0.85646240124366246	0.86037887957527759	0.67245722395686347	0.090319207246457145	0.059578473175806737	0.13030599334168336	0.8830876456318888	0.86023136769178143	0.75946073197168518	0.065680804150208508	0.048084840505302887	0.087115331128825746
BGC0000884	Other	3	125	0.87557372228977592	0.88007539171952998	0.79577994742685143	0.046708186819778341	0.051200739657566906	0.075076010721848885	0.56804125868286071	0.87082847354511006	0.031801838323460181	0.44411045949230682	0.19109538374897647	0.69221659653661494	0.87651696241275445	0.88141247071864881	0.80036000267036833	0.046066993228823905	0.050787941946782246	0.071624232453220693
BGC0000885	Other	14	114	0.94063616114603354	0.94544822597966061	0.8914636332035526	0.02723570598841929	0.024039334227321806	0.041719970946941354	0.90120716717365357	0.89822743715058673	0.85271680369847924	0.038308906396820296	0.04035536477120294	0.070030007117656834	0.94084395597336368	0.94667386443566182	0.89338380737508116	0.025595722399833262	0.023955381896605933	0.039421720510876557
BGC0000886	Other	10	118	0.8885593371144237	0.91549572171605331	0.71472425749124913	0.082847040678288131	0.045643421204142262	0.086331808825378387	0.71252152775153854	0.72942660624181843	0.35603493096281541	0.19212238171248774	0.12304035463814574	0.26282736892076664	0.88853494150187839	0.91235316932665311	0.73020704087591992	0.079493707425473556	0.045667532376492591	0.080581221675766757
BGC0000887	Alkaloid	23	105	0.91736663724747736	0.92570701072931016	0.83370659051245799	0.040608222480358919	0.033657091435229144	0.047646982024806661	0.89223780018045562	0.90918477586029234	0.80045353519389983	0.049966063861360738	0.044123198308666331	0.072436467264135773	0.91605502867827204	0.92107597218652004	0.84038149336161594	0.038823895084696441	0.034206391502909342	0.05067548634059893
BGC0000888	Other	5	123	0.70722266876272355	0.7474809359195147	0.39791938924701642	0.19922014959558221	0.12843313595440353	0.25507984872229472	0.66077069931549259	0.68004604807133018	0.27306309509346427	0.19015737940103067	0.14809454932836577	0.23682115723812525	0.7070482284823737	0.74768184325776754	0.40425441393632872	0.19949931204229598	0.12856974163117701	0.25566806525359564
BGC0000889	Other	18	110	0.9260671963205267	0.94696817174396131	0.86208535960557997	0.042617160144775297	0.030226765225726537	0.076505275501964731	0.86116762756133181	0.86293097529494034	0.79827838579072208	0.042498413340844796	0.057448659333019479	0.083895742580691546	0.92952469603900778	0.95363180246288137	0.86133433509380541	0.045155443828324267	0.028796370965225183	0.077471244359751612
BGC0000890	Other	10	118	0.95972619744341681	0.95897328855240183	0.92636010732890017	0.019227933980325452	0.01624807949097884	0.028125200715390042	0.96866180495363596	0.96970468062744131	0.95208159846186458	0.013102313476529993	0.012620468686775221	0.017084419833400477	0.95686912529613755	0.95743989477136449	0.91904078346639617	0.021472608669774348	0.017410921130514345	0.031421634954651334
BGC0000891	Other	10	118	0.8945856676932179	0.89775595099652827	0.81980864756009086	0.046190625797575983	0.043280621086945061	0.064225743757853726	0.7885674593288905	0.75692000241309132	0.71045731837886672	0.086038808453418242	0.089079766724406387	0.13376197900167508	0.8935422966459029	0.8969232737783126	0.81530305667230107	0.048417234919742633	0.043697099325767173	0.067040627547753529
BGC0000892	Other	12	116	0.86738324946081424	0.86996529798511602	0.79662184604969222	0.043101109244770563	0.054545029257656849	0.088741602107407336	0.78257822840428459	0.83105030053426343	0.5945426730978991	0.14060795236325729	0.091223862011895654	0.22267245874959674	0.86275570079986197	0.87326198923854381	0.7888694076741456	0.041467426708270784	0.056506443967603494	0.085341559230985187
BGC0000893	NRP	17	111	0.98998882281767953	0.98921280286502444	0.98672179220674094	0.002522670462445066	0.004017255205054515	0.0056886766890891227	0.90690310249153627	0.92478015811476522	0.7982272121390307	0.058331938544251082	0.039108507276157688	0.092613890751597205	0.99157010065267437	0.99111906999535027	0.98897298873172257	0.0023069660005100153	0.003379295439896346	0.005216155103793807
BGC0000894	Other	7	121	0.92077397101364122	0.9193865030134809	0.82357971919615169	0.049806265845496168	0.032224831450019864	0.072578079067516788	0.81551161921980531	0.85111262401734455	0.62369991323214846	0.13472753292796247	0.076853537167626218	0.21352201698494921	0.92426338965769284	0.92492261356349226	0.83089838667268279	0.046992801331370244	0.030781244632298164	0.067770008886446909
BGC0000895	Other	11	117	0.81615657592079993	0.85474148697928165	0.58834592103839711	0.12031391411469092	0.076840446229227727	0.18014196117339165	0.65955755937337179	0.65816991284342707	0.33716060588319463	0.19319847020198788	0.14713876613164092	0.29497928924835193	0.81802843413471682	0.85882156207813165	0.60855919516798984	0.11581545620383953	0.076020997418933423	0.17503342523030185
BGC0000896	Other	22	106	0.96937550499652014	0.97074285170963948	0.94215524500810111	0.014445437346984417	0.012339196631747162	0.023005904545169042	0.9172768433089098	0.92736991254693191	0.84998885587644613	0.037365733332654784	0.033716628757911281	0.053881245480690731	0.97211006337514527	0.97082272916630685	0.95046311399584704	0.012507855641898555	0.01123139703324556	0.019697823835898021
BGC0000897	Other	17	111	0.84648352187619302	0.83865232908107135	0.75099395866846164	0.084064896608312581	0.063601797642636959	0.11696886306150789	0.53314065601527161	0.56206687583630455	0.044007742386007721	0.31155511239492722	0.21402133741314783	0.32245189268560859	0.85594913677140116	0.84951711116686268	0.74000547802736427	0.080776474475393101	0.059882207868155658	0.10924827881767918
BGC0000898	Saccharide	9	119	0.96680241812211865	0.97933799016650358	0.9300510305914611	0.021921311330542557	0.013370673033304126	0.033447995873531089	0.96402523436044107	0.96052139266317282	0.93942311494451447	0.017172377079258602	0.014536653586738146	0.020514600972403874	0.96359491515754492	0.97631250100321942	0.92325814261824357	0.023881646492795321	0.014671895812437307	0.036542608034843105
BGC0000899	Saccharide	13	115	0.93200493998095235	0.92480299625976747	0.86907575755943556	0.040290906906625928	0.027638699992406823	0.054826854997964136	0.85979669763133004	0.89739895563620409	0.63376938302950436	0.10366601291563592	0.058251675044220262	0.10850718612981158	0.93471302246155241	0.92993549071076709	0.87963149455153167	0.036482739572304017	0.026511981380978343	0.051409595434058653
BGC0000900	Other	2	126	0.93169671965954404	0.92154845878661107	0.88325984216630971	0.037069690470735869	0.027803701535218051	0.059098465444594295	0.87581954181487254	0.87261375240481143	0.80643439081441792	0.049259083312779672	0.051038212946829239	0.090123679242685384	0.93048949427829419	0.92167508998746817	0.87993705284361234	0.038138043098143622	0.02830602611400972	0.060711860129343376
BGC0000901	Other	3	125	0.95828088611680351	0.96611656165899606	0.91200629962855184	0.027914784905154807	0.016853789888278504	0.041287488751262313	0.91965168614178783	0.93337635152970477	0.81384091935194858	0.053006286847403834	0.032719079585301937	0.070912789106926999	0.95790870128585937	0.96530260147315672	0.91185251507016418	0.027860083982227796	0.017006874404286165	0.041172401589254171
BGC0000902	Polyketide	4	124	0.91644968088409351	0.91152022539995403	0.84319808006155272	0.037462001214044839	0.034018453031654586	0.059204494103595851	0.87985990078213538	0.8890202753281381	0.75280643821815874	0.068093081607747061	0.049717265803860003	0.10694620996837134	0.91483621729059672	0.91032665090781062	0.83799021054586398	0.0392798231591793	0.034685792554948483	0.061671308431986427
BGC0000903	Other	12	116	0.90019682915325416	0.9321932073575051	0.75868709902412124	0.065351780787937033	0.040782802768185598	0.084332940307787374	0.74377106291128903	0.87153121006469392	0.44831670627977144	0.21731555012829268	0.10846463225931458	0.32059694216653967	0.90781117290360247	0.92884899975626811	0.78478944106419024	0.056362305450589921	0.037615287198938342	0.066325993523389304
BGC0000904	Other	11	117	0.92390610293014352	0.93980975052943538	0.84535392268781195	0.051677482977848459	0.03104558711923433	0.079877815328148971	0.74087702944498313	0.75937611591701837	0.5285978276703891	0.13167866271459266	0.10985460379249204	0.18999013188524505	0.93061351757496524	0.94770093600855332	0.85444570699084244	0.048248553400358676	0.028285381270591946	0.075106003227929374
BGC0000905	Other	17	111	0.66524544840484667	0.64682181140242023	0.35205428494134161	0.19404085638734833	0.14435979363218973	0.25868884297231165	0.58345163600672834	0.649489390208837	0.17620038580536199	0.26634904306761298	0.18414848702015074	0.36495608495131882	0.67180161777565917	0.64710979093139676	0.3807423683059441	0.18437059331569791	0.14132678291818968	0.24688041548314643
BGC0000906	Other	16	112	0.906189104031907	0.8991910453358799	0.85216038544655781	0.038974303679494608	0.038282148316896338	0.054397214661470294	0.88711920628512808	0.89687867691836487	0.7919962990789865	0.048116911279490512	0.046252154335476379	0.06844489120600139	0.90573964281663444	0.89693167958370312	0.8566518722344485	0.039878115832915555	0.038469566349293015	0.055214552376693815
BGC0000907	Other	33	95	0.96462240368272545	0.966249958558552	0.94890500650317489	0.013797927797895309	0.014286759862510845	0.019998134806823442	0.90530220228177194	0.93064774691512686	0.79630850653739194	0.063432160908964336	0.038723997936180574	0.10148194709411607	0.96410837744411249	0.9609242783329911	0.93989530868047466	0.01780085976910168	0.014490485004157594	0.023219548802440593
BGC0000908	Other	7	121	0.80638473161647095	0.84281353090310063	0.62033963150558979	0.1258738973886607	0.080838393900871747	0.20393141385882196	0.75536966477304657	0.75931674549494843	0.66470968624138149	0.079150640076746756	0.10320759883488403	0.14487284198310901	0.79703618770121687	0.84448407178844831	0.59621897605076946	0.1378449264829357	0.084897374519834881	0.22163788083151192
BGC0000909	Other	5	123	0.75804667178106633	0.77195591682017572	0.45127464308168597	0.13649854532096947	0.10215125468239383	0.1917495107467182	0.46721500775023028	0.49152664035492888	-0.0009641394422228892	0.26414686882197436	0.24686449284127138	0.41904367591778402	0.75232095669284837	0.767766948281703	0.4443736219544524	0.14052942892775197	0.10475208078985299	0.19908856320856883
BGC0000910	Other	2	126	0.8824539191820554	0.88050447481870808	0.76710188100255572	0.077417670167204161	0.048288606668617361	0.10731197601365638	0.68950860616966092	0.70221511281388482	0.30601836105183838	0.20690764182733465	0.13314046671597923	0.24959519290177534	0.88259139129942954	0.88129321782009451	0.76709640723462547	0.07695696628709478	0.048236095112070276	0.10684428153045855
BGC0000911	Other	2	126	0.90902971447783831	0.90418625513522055	0.84461703816222133	0.042700029285247791	0.037148577700267714	0.071761153208088957	0.90941330301399237	0.90881894911563688	0.87750717396203859	0.025017835400561163	0.037029377493496309	0.042459689968322167	0.90806372948367486	0.9024361687614042	0.84221546781425716	0.04346642750480699	0.037550617787918059	0.072692896724161127
BGC0000912	Other	2	126	0.86131727245251422	0.86177875285686201	0.73543229755028006	0.072700864081793964	0.057228507991049907	0.10127577869963933	0.56561137681099005	0.64755257818395084	0.090063086471726561	0.24107561164764713	0.19250574445794472	0.4514152496775794	0.86324430354571557	0.86410838995870343	0.74191011337450663	0.071057489502607554	0.05640955221450128	0.10056713308198051
BGC0000913	Other	12	116	0.77685243124352188	0.81102335298959549	0.57247186936206795	0.10362482417175586	0.093822248234406991	0.17086323710844387	0.76431509352176419	0.81466266611799143	0.56841104678723908	0.12788256442790946	0.099234929765890281	0.22453590502105469	0.77491009759391927	0.81134283197588797	0.56990259678468824	0.10479209915982646	0.094697589373745797	0.16818074411751949
BGC0000914	Other	21	107	0.89254265400120203	0.92823518462393984	0.75087884265366733	0.086392156647757012	0.04443687832468686	0.13785241866154718	0.59133194912205334	0.81178414323811499	0.055784032205455553	0.38208827186716099	0.17999565395039249	0.58613212155210848	0.89761627683724043	0.95016228157990157	0.75124205942141475	0.092776137710619086	0.042479085206058295	0.14774150265087072
BGC0000915	Other	55	73	0.90960890083797818	0.90973202120647234	0.82202924759958718	0.043779877080081547	0.036947114944832674	0.053353751322864018	0.8335430584337894	0.86209473712877838	0.66161577300696728	0.09626803919797905	0.069104860708826571	0.12665661943867068	0.92971884708221464	0.92712462928133266	0.89295769310630335	0.02916346478312349	0.028601709280840402	0.033870064481923645
BGC0000916	Other	17	111	0.85621575435560993	0.82928923552663103	0.7390800208028675	0.084010617352830996	0.059573833646377541	0.12969815346211599	0.68298801629532824	0.82250191386992277	0.28866152645341053	0.27466484818184517	0.13615031885589682	0.41297145585128114	0.87419848861543681	0.84853285726209027	0.79288733042564186	0.068273299784052138	0.051912979829197667	0.092396284500077863
BGC0000917	Other	4	124	0.84443674876622921	0.85005554455914689	0.68920886634727385	0.073940249956449641	0.064506134637638796	0.11412120141543391	0.73270910062223549	0.72454832977774775	0.39319496866432635	0.15857366758854061	0.11360032779263156	0.2356228614784307	0.84528225313538763	0.84982589758880422	0.69530390956513821	0.07232118745204727	0.064149643912875448	0.11207611053376143
BGC0000918	Other	4	124	0.84859804854078935	0.87634816417501216	0.68082325695824952	0.087261671592528706	0.062528307423648205	0.11295824594950488	0.7852316770413228	0.73910870063793599	0.64957275241609136	0.11890561502204147	0.090027511857119394	0.14759362210760674	0.8463149825360311	0.88028843604127283	0.66608422773959997	0.090984264125239855	0.063503887520970248	0.11634512199500879
BGC0000919	Other	6	122	0.95725187756129093	0.96108280418928749	0.91996046389326358	0.019239854141603233	0.017257013128031871	0.029704695944512305	0.93386900264006589	0.94466416940329101	0.8669860982362344	0.034649496684537116	0.026819234140195693	0.054817374266195262	0.95721478465151466	0.96101371400694324	0.92154318431235327	0.018935118654877313	0.017272438018329651	0.029448390329238516
BGC0000920	Other	2	126	0.74012867148250416	0.77297681451701927	0.54024214890172562	0.11250798525818317	0.11031015988749993	0.18236977223623485	0.60937439435460428	0.60035847936879239	0.38587997907305549	0.1447105188969641	0.17253241434723801	0.26210643932649702	0.73711322465323348	0.76833144981625945	0.53278936645098562	0.11442326086161808	0.11168163753666545	0.18574786790248277
BGC0000921	Other Polyketide NRP	15	113	0.88019252462662811	0.93069112918026586	0.67901268215125699	0.110078749737048	0.049497497795981761	0.16461687022631388	0.79927991964189693	0.89503682907515569	0.45653846705475282	0.19837651553038782	0.083896429413728435	0.28383068029950409	0.87714399380563446	0.91859370674580254	0.67329080583179379	0.10790413686920723	0.050818914725711872	0.16224610470891843
BGC0000922	Other	11	117	0.93146315900494181	0.95140504919413083	0.84067674887758292	0.044423918503815642	0.027827152943736409	0.065071964959134365	0.85385650361957843	0.85786206907102369	0.75676438689133263	0.047028001530720037	0.06039512374487721	0.093693173900592508	0.93304433236276429	0.95422413135448081	0.84278869709556281	0.045023006711823903	0.027176235991393471	0.065568135042186615
BGC0000923	Other	5	123	0.87678227980098578	0.88010365009453217	0.80600992136047622	0.049368896861953414	0.051106971700390358	0.077044779062261926	0.78703432384614991	0.81489493284044046	0.55372700242965267	0.1260683747808887	0.089599068780563923	0.18678361229573981	0.87699631687435242	0.88081903505651371	0.8051115219985151	0.049112916621178178	0.05102550399829333	0.076162940159929082
BGC0000924	Other	4	124	0.73941735676496401	0.75400175065875796	0.57198466570859596	0.1172736909236663	0.11044809116013898	0.17280443651759225	0.60600274736436044	0.5662766842501088	0.31720365935155975	0.21743988538794953	0.17250043476497692	0.37452123726494557	0.73983197612781348	0.75566695368038439	0.57517432895685661	0.1184322164524558	0.11026810123163108	0.16750374171986804
BGC0000925	Other	15	113	0.78662487854909691	0.79372367254273546	0.59575230930987444	0.15035315637937555	0.090010153010462821	0.24336853607233266	0.7402958944151985	0.73887721382755711	0.51619818258990846	0.13653427008605584	0.11092609402787872	0.24778872894235737	0.78817976746478624	0.79397822125471296	0.60333025897109627	0.15193671749559273	0.089312889634172096	0.2440549306517017
BGC0000926	Other	14	114	0.8844308868043077	0.88548443168677293	0.80282332804062251	0.060613063280513947	0.047474296357171042	0.092772934109562111	0.71980215344196252	0.66511345171704317	0.61794127231921803	0.10058626257482575	0.1201584403893384	0.20867767611669086	0.89385749336571119	0.89579306653390756	0.81247337169585943	0.057924612770916657	0.043504569808397543	0.08942852152224201
BGC0000927	Other	3	125	0.81620928051594743	0.895834244220436	0.5730590624394849	0.14883898302349619	0.076453953831217045	0.21755581486318909	0.78467087235749999	0.78271386129840337	0.65624070756013841	0.079725451939931941	0.090254989978153219	0.1568871330136975	0.81478346220675579	0.89711749068903135	0.56729780298131194	0.15176062426985432	0.077071287006368852	0.22118168290687601
BGC0000929	Other	6	122	0.90961761908298855	0.92609364903574165	0.79155919651438711	0.069967864204086488	0.036944365773295941	0.10502149446004527	0.84900113598469584	0.86257468637440859	0.70375028020883368	0.077899792147516231	0.062649063848786213	0.098007201861909699	0.91029895432683872	0.93039214782495172	0.79367116454606224	0.071098448901770223	0.036660851918985181	0.10676754140159506
BGC0000930	Terpene	9	119	0.99250808293853476	0.99375383173595666	0.98345967118942157	0.004665585577747846	0.0030099332175436812	0.0067318844453498894	0.97489703047023535	0.99171370543517812	0.92415034602167401	0.025629427227033534	0.010162492123705213	0.035576605030404052	0.99189991348775963	0.99299430657832488	0.98233256198810703	0.0051062735135102453	0.0032549688764960559	0.007455755305945666
BGC0000932	Other	19	109	0.75575598240215647	0.75904826854468421	0.53684812960190109	0.12258020434831267	0.10318920278908106	0.17196380218638074	0.55581488684374691	0.61049125463505116	0.19904315522461408	0.27491700181060763	0.19722049081924317	0.30971707873555787	0.77152298552235599	0.78599365665438004	0.59001896019074351	0.11077109910698314	0.096197401207553421	0.15136551980575741
BGC0000933	Other	5	123	0.94801683693198147	0.96824427626218523	0.88748139617372168	0.038661452949041879	0.021018051575705222	0.053918814657404557	0.78862495790825859	0.77334595355400393	0.61644887771638401	0.12256640029194671	0.088760394656611896	0.16560943408047601	0.9458309232395159	0.96927061823950877	0.87662344315918861	0.042211841223177692	0.021912171797280777	0.058246417366882852
BGC0000934	Other	23	105	0.83556412161128168	0.86486827291866841	0.64885488318153761	0.11367102201784376	0.068162830022012427	0.17547434057299494	0.80656111647217554	0.87490730817609375	0.61191799071798636	0.13728071862151831	0.08071505979920332	0.21869527006651901	0.82311141001697175	0.83497073532098054	0.64918787195310834	0.10707412678600073	0.073516491616514343	0.16625849340696974
BGC0000935	Other Polyketide	25	103	0.98965189480251925	0.99122841128621453	0.98051127965464069	0.0053154353021362104	0.0041510908568978874	0.0068259356715743014	0.92201697680552797	0.92811884820272472	0.83223976003345423	0.053181903281409926	0.031911250923971644	0.079596119490049522	0.99250197147756103	0.99323071122211837	0.98531501318889969	0.0030056093684898413	0.0030040475098322751	0.0050282450185987759
BGC0000936	Other	7	121	0.86512880594696318	0.86053931027443265	0.72205290264874855	0.07372944799113644	0.055563724024524738	0.10409015172533242	0.81165838002958746	0.84305058123995558	0.59492139221001383	0.095827894719413095	0.07864748825518679	0.14443046969185269	0.85981583712206788	0.85331634645416776	0.70773578447108809	0.079166494738133378	0.057837560587108226	0.11167033028867179
BGC0000937	Other	19	109	0.84093155450521606	0.85108378871409407	0.6565522824804253	0.1163516925047834	0.066174636405280957	0.17927799709497549	0.72141084926645349	0.85947503122421387	0.39773568025803341	0.25419833726495128	0.11851198798247944	0.37310919289943323	0.8523418106160664	0.86135895084341507	0.69134565077752042	0.097997292332362235	0.061380903161306379	0.1469358019445729
BGC0000938	Other	29	99	0.88923850233952317	0.8789767851686886	0.78148611278099411	0.063788079576085593	0.045346133720977136	0.089326177027444609	0.89073931454665911	0.90034933426453312	0.81337745859460309	0.058334610216052268	0.044707038156578907	0.09529371292300981	0.88174117593684453	0.87463668765407698	0.76244408944033581	0.069408037440711778	0.048501533463649583	0.088404222714544733
BGC0000939	Other	9	119	0.96222999322829739	0.96263137124243126	0.92922979902442893	0.016516964831774207	0.015252307312751356	0.021123056489911418	0.8754670542757802	0.91507591785079589	0.67846259900963701	0.095846561374017966	0.051159531759998031	0.12702739026395971	0.96270402071711525	0.96139760635721705	0.9235079101271334	0.017720330109005776	0.015061686621555982	0.022528281306397502
BGC0000940	Other	6	122	0.97693953876320627	0.97402504044639726	0.95335584061294376	0.014378569791262653	0.0092806558213046168	0.020048228448842798	0.96639990355570193	0.96559745655077933	0.94190269039111041	0.014569609072983328	0.01353271011963535	0.019898191638074936	0.97602110461009328	0.97327539793535367	0.95277360154584123	0.014979343075594108	0.0096536433532132364	0.020737612974583319
BGC0000941	Other	5	123	0.97159862053558421	0.97381272484461845	0.93748087596336183	0.014100004521247511	0.011428217228448712	0.020407811617291549	0.94417446759266688	0.94477042809643108	0.89236988673542617	0.027077238695588791	0.022615589766623968	0.044121099952735388	0.97137565939371906	0.97318094997764204	0.93652518635019577	0.014437406880462248	0.011518369890696146	0.020517110488761925
BGC0000942	Other	6	122	0.88967413983915511	0.90537524991329765	0.76395936849803048	0.066086528747122023	0.045168840844834655	0.089670878100442941	0.81607369100623051	0.82873564412566059	0.62452699691105196	0.093422735702052367	0.076604084370325037	0.13553159146647931	0.88536413223508215	0.90246108826021998	0.75705148352512275	0.070053138869770923	0.046972682498100313	0.092530240817747522
BGC0000943	Other	12	116	0.69787327661635223	0.75899055215058575	0.31735858236903397	0.19211192731885224	0.12977728537250513	0.27442286949140726	0.60483039885071632	0.64481070030608412	0.27381845289678663	0.27074499040350231	0.17317055107667828	0.45106571605908874	0.68719015024522467	0.76186558282973127	0.28303042594813543	0.20709059007242975	0.1348130119284639	0.29700998988512106
BGC0000944	Other	4	124	0.81367198466795698	0.81879923314869274	0.65655283691404454	0.1109688408993115	0.077599592353049432	0.1790656265937941	0.67203788372958662	0.90084801129795533	0.22446660147821737	0.33125886953979933	0.14192978592577657	0.46095226747270013	0.81437221550386274	0.81382386212684799	0.66081570194188977	0.10826800414935349	0.077292168565315914	0.17408641482928633
BGC0000945	Other	3	125	0.9568083665058571	0.96538332258506487	0.92847639895122136	0.021085681375677765	0.017439916486954997	0.037779348395160062	0.80344313720301463	0.81253404155418152	0.68454433684671001	0.077846371152280172	0.082430942889023334	0.13336672907289571	0.95641720507188466	0.96578375007451778	0.92854098958902287	0.021154634704780191	0.017598933204753454	0.03809862198604852
BGC0000946	Other	5	123	0.86496956480824083	0.86228377368182785	0.75200923931465202	0.061899022921643822	0.055649512812861436	0.10678719982684171	0.79725026404485266	0.80384506477461248	0.65198102455036289	0.093117214573107482	0.084739915491867018	0.13821567834691562	0.86179668227141804	0.86228532745350883	0.74024773939897981	0.064209436323722183	0.056996393906709519	0.10913610996369316
BGC0000947	Other	11	117	0.69476539809557714	0.70677722727628134	0.42420241839956491	0.15874714658971506	0.13299548981959894	0.29953115724806223	0.54119651913931688	0.56565154335867074	-0.011509767593607563	0.2807158977251315	0.20470477335612722	0.47101161482248632	0.70642252952782836	0.73242616813116967	0.46522681188764436	0.15213167624653001	0.12768754015170536	0.28243991180082462
BGC0000948	Other	2	126	0.85749378363165396	0.86676241944573285	0.71389928386436874	0.096198446712601027	0.058830397935290567	0.15075762003592641	0.75763235070807111	0.87870350684110887	0.45265632546940288	0.19601403259623504	0.10217759132788132	0.30193698508727507	0.85834134565417508	0.86583215452272921	0.71686932102874112	0.094837802710019403	0.058471406476175727	0.14866880885399003
BGC0000949	NRP	37	91	0.97249762275239693	0.97192498880658951	0.95732157587722932	0.011798990025575329	0.011139014755787335	0.020001063808227748	0.94194887539458549	0.94271577118011773	0.87454388875927047	0.039762031007653485	0.023915202657314859	0.062335066273015216	0.96424628502302312	0.97263756867178863	0.93187133429459079	0.021668039035659059	0.014497421592811376	0.030255494876586631
BGC0000950	NRP Other	29	99	0.8944576667393852	0.92290260018110071	0.72550330004808505	0.069925223103647308	0.043506003913024102	0.099866709052333302	0.76481094978989905	0.77638285010468855	0.50324855885327757	0.15806846255077059	0.099063120340023222	0.24087939631874111	0.90832652604648501	0.92705794299499711	0.76911040649230589	0.064454141431246226	0.037814723636238903	0.10124416111938239
BGC0000951	NRP	22	106	0.96211860392494342	0.96657319496469085	0.92320398731963715	0.027020025338734755	0.015327274387182666	0.041176995155653207	0.93533681833455895	0.96806233883007464	0.86283372691251226	0.055477039038385079	0.02665134804454574	0.090446593433615607	0.96500350635834775	0.96551930541808595	0.93120194643328735	0.023060379055673697	0.014128119613273472	0.034085940000522896
BGC0000953	Saccharide	24	104	0.92445153283805248	0.93796545420313859	0.84195940332596853	0.036414555759142458	0.03072390192028096	0.044351613738476625	0.88503160957325844	0.91477132545524742	0.75883217503732703	0.06943046003490741	0.04715882341804338	0.090342157059470241	0.92547984969482255	0.93318185287791455	0.84903816596140014	0.033641015124654214	0.030302927017346649	0.041322957000336391
BGC0000954	NRP Polyketide	13	115	0.97866302706660624	0.98486271287193283	0.94586429777308356	0.016765704761145458	0.0085761590364474387	0.020915292387787332	0.97918062274578332	0.98438866019186078	0.95410516724552208	0.013347083724885403	0.0083746020672396775	0.017635365247542167	0.97638618674243371	0.98327744633400971	0.94348933308155081	0.018338513657943888	0.0094974244731349973	0.023079279427828392
BGC0000955	NRP Polyketide	6	122	0.98111979270068483	0.98327885369045442	0.96732449386349029	0.0085034616450081497	0.0075851544567646419	0.011379327472776146	0.97243570033713278	0.96989981801797609	0.95337018879367796	0.013003303731693222	0.011144012164493322	0.019050734058293828	0.98075127793664119	0.98268073635470754	0.96658978221281022	0.0086812725676610608	0.0077332434651808503	0.011754102322462101
BGC0000956	NRP Polyketide	21	107	0.97483257852883387	0.98130290822617772	0.94433568364182274	0.017072568999917055	0.010121255384627315	0.022239121019724362	0.96836135530282985	0.97306316087626032	0.9227237039641305	0.022224128958843757	0.012740300891963652	0.024138725941100891	0.9747999666542434	0.97952792446900239	0.94650300549221222	0.016488012936392394	0.010136367984068806	0.022027733035345332
BGC0000957	NRP Polyketide	26	102	0.91716376688215751	0.92026520800224754	0.82481543069259722	0.042840424637154879	0.033789341954977778	0.051580947223325069	0.79063069338126524	0.76029647508887666	0.66581587486079141	0.096941610289003777	0.089313051610513838	0.14785050668542754	0.92129565880260922	0.93051460086778004	0.82692206449507211	0.04274291408607455	0.032009375760759774	0.050736488862564322
BGC0000958	NRP Polyketide	15	113	0.95536768135320249	0.94564243835408268	0.92753630942072141	0.028672732725813381	0.018058146954535625	0.040943226847461656	0.89963925914773601	0.9126360008423815	0.78868664383482234	0.061433794395454724	0.041408187913372509	0.079696953820462713	0.95876666530999777	0.94837103112298493	0.92904278601466506	0.026416795649720853	0.016676659283328132	0.037548331639826182
BGC0000959	NRP Polyketide	9	119	0.99020399333003439	0.99071242126018211	0.98644620323054688	0.0032445804732627917	0.003928278105066507	0.0048812888621528883	0.98799599208934463	0.98930081063512931	0.97734995944842673	0.0061439763162057827	0.0048161153488946121	0.0081821071429298842	0.98932043770740297	0.98944144420848912	0.98468120346249177	0.0037476489300621797	0.0042833684136684095	0.0054674701910705226
BGC0000960	NRP Polyketide	47	81	0.98202600825002517	0.986403836350221	0.95548742271756237	0.014009199187614859	0.0072250562179848824	0.015311348064152575	0.94325948142580851	0.96720792005363698	0.84237604800993404	0.054988218845773408	0.023118856393793297	0.064060626224954786	0.99089795391184121	0.99080175931504444	0.98016926352490197	0.0053916487221103522	0.0036483105073099819	0.00663483529253861
BGC0000961	NRP Polyketide	21	107	0.98402588055258966	0.98565584693018882	0.96995900533914825	0.007387814840043124	0.0064311063007764123	0.010852743372067875	0.97178435280741549	0.97637656935768691	0.931616306187113	0.017306769172280995	0.011413625298062891	0.022502637095160427	0.98213831682018138	0.98477187341822603	0.9695378083467503	0.0070372786416314807	0.0071979220643548555	0.010934678659365038
BGC0000962	NRP Polyketide	12	116	0.98276789129281528	0.98958898630058978	0.96362297118647855	0.012861870969758831	0.0069176851056427678	0.018535833387158918	0.98642214718641308	0.99069904377770679	0.9719858825002371	0.010336027574839446	0.0054519754255763827	0.015295320929525569	0.98140929910150965	0.9885752001244269	0.96043900355207201	0.013775214529304334	0.0074652486378210094	0.019677290301586603
BGC0000963	NRP Polyketide Saccharide	32	96	0.98841772043845544	0.989482939838775	0.97162194894808884	0.0084670630706375014	0.0046447863074850163	0.011274595460378234	0.98211575018225372	0.98402930299964009	0.96732994459956978	0.0093559292917320992	0.0071861479640354274	0.012671211193923115	0.98413539275910433	0.98830611448612249	0.95318364801874655	0.014030308063353062	0.0063669528312604081	0.017164615273352668
BGC0000964	NRP Polyketide	13	115	0.98794786798357737	0.98709917644541589	0.97729834816243089	0.0078363277547758362	0.004833193847705264	0.010144802967649524	0.93353422540579789	0.95101265519697731	0.82514374108406341	0.051510317917109263	0.026974435106450634	0.055355080094475095	0.98982574514424559	0.98959776238954689	0.98143368806329856	0.0063442050577991842	0.0040781872489855427	0.0083582123490335558
BGC0000965	Polyketide	66	62	0.98270386562724599	0.98696719636760377	0.95930741164522093	0.010841569809692342	0.006944511186297686	0.012355492688855718	0.97485214511156604	0.96829982598101583	0.94891284132169729	0.015859105966503358	0.010113729670559835	0.016613525800549644	0.97491361691865541	0.98135215571388901	0.92741520664437205	0.01993177771329134	0.010090805414458703	0.021225582836989276
BGC0000966	NRP Polyketide	25	103	0.99689936262184831	0.99742250325302995	0.99309449250141268	0.0019544742746863734	0.0012411294448135823	0.0022720289710302932	0.98773707402832467	0.99037412217913667	0.96637059741815157	0.0096958393279025033	0.0049232554548040543	0.010895868130301856	0.9951581409776441	0.99609775770489573	0.98882826686144465	0.0032921003300520062	0.0019392130383729888	0.003507490567383531
BGC0000967	NRP Polyketide	25	103	0.91362293901027969	0.96199227514342556	0.77342717137143091	0.076509600781758516	0.035349562780097335	0.11267779836502401	0.94900982683528734	0.93786369409005621	0.89452890113392447	0.033418715477840748	0.020781510034288207	0.049705189122750792	0.89125865192454101	0.96015040815827724	0.71023475871051456	0.10264663279629177	0.044732296540920771	0.15113104794537657
BGC0000968	NRP Polyketide	7	121	0.97603301462409819	0.97591811485257052	0.96088877181428867	0.010740390225980914	0.0096387028409203879	0.012848193894531401	0.96480569601555943	0.96643455951986323	0.9342406029690673	0.016002989791544926	0.014200062156148441	0.023878212967461176	0.9757411614093231	0.97431610249763723	0.96058939267906507	0.011040627620450608	0.0097564055611845113	0.013455476162365865
BGC0000969	NRP Polyketide	13	115	0.95323596003998878	0.96555031586366225	0.89935232840607437	0.038932246363831233	0.01888534494802472	0.05448705324226244	0.95892895224675301	0.97373127852336427	0.88295922746462063	0.035673578087464866	0.016584580134717818	0.040682853414084175	0.94969907169386314	0.96466375338895594	0.88406330325069782	0.042640681445075442	0.020328899006355351	0.059595762617490222
BGC0000970	NRP Polyketide	18	110	0.99163622839649224	0.9943992729676101	0.98062326402466893	0.0064803273255771877	0.0033520098989686222	0.008809978887022063	0.99414494100409401	0.99473931341827471	0.98656837398657549	0.00322920305018472	0.0023450197905209524	0.0045668257289378511	0.98940364406213244	0.99230994503352687	0.97485525540457763	0.0081783093655488463	0.0042492059956496849	0.010933887865183012
BGC0000971	NRP Polyketide	22	106	0.97525383561069867	0.98220088082591694	0.94687457890789806	0.017161920689592113	0.0099495985648008871	0.025715379460941268	0.84884469147461916	0.88062056847633008	0.68658595099311337	0.094119673286714001	0.062966027241800046	0.12068248544162219	0.97315902161517953	0.98340238213956299	0.94021323010739832	0.020321452737430936	0.010803206087005269	0.030154893681473616
BGC0000972	NRP Polyketide	23	105	0.98992698102490073	0.98971436424772619	0.98022044743351266	0.0055026842181192248	0.0040376022897999023	0.0080435476099299796	0.99353084154002003	0.99558512112252573	0.98772023829664368	0.0037948965712367938	0.0025921612132478343	0.0055619862966722611	0.98828055587610764	0.9875823623463299	0.97754817841279829	0.0064140127007284112	0.0046990148706344218	0.0092112141262680192
BGC0000973	NRP Polyketide	27	101	0.97372220997021197	0.98240294817810936	0.92412987389453172	0.024820247654587034	0.010579834199280391	0.029402912119877556	0.97646906094366304	0.97843213681510655	0.93966682139979718	0.014771255644282106	0.0094717409706125411	0.018280412677566305	0.96955423333755186	0.98150934009655666	0.91801178099588743	0.029031594430796667	0.012272389609185197	0.035500580385847025
BGC0000974	NRP Polyketide	21	107	0.98396450814272785	0.99048795835838277	0.96356188302100965	0.014488909769508689	0.0064734058542240238	0.021098028820900283	0.99535148571401477	0.99597844300204574	0.99108347242120998	0.0030371649714765149	0.0018624135090913763	0.0045582358600254613	0.97946975280397319	0.98769737286386805	0.95310903209666142	0.018855612179060212	0.0083112984784854856	0.027776042011566027
BGC0000975	NRP Polyketide	8	120	0.97595498843422956	0.98769256070442735	0.93846014570331238	0.022339801652989304	0.0096864475862809656	0.028402715589565086	0.97961276483045767	0.97900926309482217	0.96870354561683891	0.0084863767748642963	0.0081961251805634967	0.010027274361080529	0.97438841256073094	0.98766826732293611	0.93467700036519097	0.024225667825765726	0.010323625301027905	0.03063888471976739
BGC0000976	NRP Polyketide	15	113	0.97483028999426991	0.97668912605792302	0.93633654450632109	0.016379577435372921	0.010136397476275372	0.021269221253681025	0.85573264174722485	0.84359678294957918	0.6855644990255273	0.076546126779660856	0.059902424504310534	0.10209698731387917	0.98080189690461539	0.98065424410692703	0.9556234443512982	0.011328829104711826	0.007718676464888663	0.0166241875450579
BGC0000977	NRP Polyketide	7	121	0.98944412394499182	0.99159797907681779	0.97795299965484472	0.0069496607568627512	0.0042406874363208665	0.0081217787338659919	0.9948661113792705	0.99486916241216405	0.99097510473563521	0.0026820417968723169	0.0020560571356655899	0.0039901875649214213	0.98882907235527229	0.99082193539138319	0.97681810118225987	0.0073230692050237668	0.004489234565875422	0.0084793338007931318
BGC0000978	NRP Polyketide Alkaloid	14	114	0.99071791091757166	0.99278866080554473	0.97874170118078352	0.0062235522517150831	0.0037205980687680996	0.008846545325149946	0.9596731204931267	0.98185865102446157	0.89621568992928169	0.035823303798549581	0.016265222874802608	0.047491955595270752	0.99114758219213939	0.99309445001414565	0.97922025805578927	0.0059962932442095733	0.0035484700162514036	0.0082924592353247339
BGC0000979	NRP Polyketide	3	125	0.9811622958899241	0.98191041096694698	0.94704699162735939	0.014123040495310208	0.0075856631542615014	0.015199806281730566	0.99213919641241488	0.99145898871392113	0.98393190949890741	0.0050194866831966825	0.0031533467587168797	0.004347269847801094	0.98058274981765903	0.98145410715210324	0.94503397582980497	0.01471245602910827	0.0078209356349314245	0.015793713508657325
BGC0000980	NRP Polyketide	3	125	0.99164423367818877	0.99258409593107821	0.9853872522860182	0.0035326705799952661	0.0033482741634278668	0.004603902618283584	0.91135525215867974	0.92205295465616133	0.82589130375350506	0.059821706765670592	0.036140876763089899	0.07353982181164842	0.99223179122178951	0.99305207025177156	0.98688498803030644	0.0032279629273480005	0.0031124662862672902	0.0043702625729411526
BGC0000981	NRP Polyketide	25	103	0.98460560886523996	0.98517636921970808	0.97129358449833858	0.0076800929616703236	0.0061846440368175546	0.0095906536917742535	0.99007142948543536	0.98989213588307456	0.98391883337580399	0.0045091848757768871	0.0039813083854313373	0.006280294490748739	0.98281758481668435	0.98399094235886941	0.96734926212233596	0.0086737982106395561	0.0069074442554989627	0.010569777320109885
BGC0000982	NRP Polyketide	17	111	0.99154540117198964	0.99461162666172465	0.98141803362157154	0.0064890926095264824	0.003388746746059601	0.0091712657825085975	0.99131758795658287	0.99384623080439183	0.98021145492229844	0.0064900077003126871	0.003480865699216751	0.0092076359645076877	0.99071546726761694	0.99321246731724555	0.98090825096704637	0.006398108722940412	0.0037220033358009719	0.0092983450411160407
BGC0000983	NRP Polyketide	13	115	0.96848738905795739	0.97577879346992202	0.88807468403646272	0.032083969979033962	0.012685718709960181	0.030901978515899042	0.96649930376893689	0.97486955475272707	0.89324398632796376	0.030515235057951319	0.013504439463029972	0.029316198238454994	0.96835555205399704	0.97559956865677178	0.88697911539720531	0.032379599040036462	0.012739085366689596	0.031227603785651037
BGC0000984	NRP Polyketide	20	108	0.99315743489929087	0.9925926412527204	0.98852298520657877	0.0029472001742338332	0.0027415650803159775	0.0038315407371887211	0.9880211914662802	0.98898194130994566	0.97353368011496133	0.007421213490447112	0.0048040924205543954	0.0071176332794302688	0.99296993298271197	0.99285877521149102	0.98910733944345752	0.0029774611081710952	0.0028173647032397665	0.0037786560664992974
BGC0000985	NRP Polyketide	11	117	0.95792520685559224	0.96077667100433373	0.86844900351819077	0.034249541000798037	0.017047465412146256	0.0375127512172162	0.96445076573267718	0.96086905505024511	0.93438458720129536	0.021011161891096575	0.014327254712030979	0.022862739728239934	0.95286421084363071	0.95644691509846846	0.85170886304807536	0.039168044511417567	0.019134961820174934	0.044287655889343691
BGC0000986	NRP Polyketide	17	111	0.98740656220600764	0.99407627282297262	0.97309468256344933	0.011428438890804965	0.0050513292268522525	0.015581211493056024	0.98449303174684422	0.99282722918580957	0.96289657201301726	0.013737891873407317	0.0062307718810696413	0.019567186694607552	0.98509341994680355	0.99471177997467941	0.96611231631521077	0.014814408863973103	0.0059815460408710443	0.019651297564070358
BGC0000988	NRP Polyketide	22	106	0.97976603888739577	0.98596662292853809	0.95314274738708105	0.01455447833403167	0.0081347397816249785	0.021541755801962159	0.98813407454968893	0.98984395517599277	0.97847412478621898	0.005720656157192994	0.0047640652751937077	0.0087099518264177611	0.97411700943699808	0.97944798203798089	0.93223443990573862	0.01903708514816866	0.010416018074870203	0.026020344088498071
BGC0000989	NRP Polyketide	7	121	0.97177372293989406	0.99352319835200209	0.92746549206268358	0.029705297982996016	0.011360145235503948	0.037989013776816183	0.96302383677536485	0.96927606178407477	0.91404318528601614	0.029443115309134918	0.014906910329183832	0.039306339633418785	0.97084285456856212	0.99243884308284036	0.92503382222960673	0.030005169974799205	0.011737684715674646	0.038470036732969226
BGC0000990	NRP Polyketide	24	104	0.99053980911290884	0.99269531191636029	0.98010670163101776	0.005993889781217723	0.0037979730569126513	0.008404120390223091	0.98149011062170233	0.99079787321549651	0.95779915384822378	0.015974258674414068	0.00743911262713246	0.022681089976768654	0.98774151233749274	0.99365601168021578	0.97166651138417459	0.010211377223249076	0.0049256255349765746	0.013241872078329386
BGC0000991	NRP Polyketide	10	118	0.98405896671439108	0.98551337826551555	0.96734149779473333	0.0084206908448889884	0.0063995844904279012	0.010979704682464897	0.97863558030704501	0.98212055011288379	0.95313880934056838	0.012994836044791827	0.0085835329079087426	0.017250594410230136	0.98372826254865531	0.98507070257005569	0.9679916677251007	0.0083615685412403162	0.0065333520104157604	0.010623655715941038
BGC0000992	NRP Polyketide	16	112	0.98927811822409151	0.98999614341287878	0.97928953731422297	0.005665296700057481	0.0042987995598422705	0.006326518113704771	0.98748637632078462	0.98948210271189985	0.97200047262206524	0.0094917525228325524	0.0050276991946017532	0.010236352157504403	0.98802998605473835	0.98766770026852968	0.97986624337946937	0.0060400268120463048	0.0048005904850070055	0.0071204896663712436
BGC0000993	NRP Polyketide	21	107	0.98098363382038423	0.98104226614063839	0.95556546155258104	0.015128149901961841	0.0076580996359952858	0.015947041093894332	0.98516179834863227	0.99196778758588833	0.96225123720748185	0.013247982495811193	0.0059551001889303293	0.01658709421869331	0.9759556655690963	0.97874941979394126	0.93997935312222025	0.01944260728734859	0.0096985540425351454	0.020351489763339559
BGC0000994	NRP Polyketide	22	106	0.99039733002776775	0.99018932082286693	0.98324807041681062	0.003907286237450007	0.0038527581878658791	0.0059559577315944079	0.98075453934556178	0.98224187660669293	0.96511619683065675	0.010823341874388052	0.007735505594500691	0.013954254267795729	0.9866429997017212	0.98815494329750431	0.97188317776591238	0.006874103713126193	0.0053644756105601932	0.008142398660685779
BGC0000995	NRP Polyketide	20	108	0.98171553964857439	0.97683051186234882	0.97057412928496822	0.0097550705291439364	0.0073511268047829811	0.012895355981926926	0.9838325125890004	0.98952146926295814	0.96037200557225544	0.011622920900985144	0.0065158494180677096	0.012404219834368679	0.97903771675401663	0.97529712682049519	0.96609985753511984	0.010656329351540952	0.0084286492803691496	0.013315803543391347
BGC0000996	NRP Polyketide	7	121	0.97946422966122315	0.99013691749532318	0.9389048765463307	0.020075541565265507	0.0082727128452006367	0.026972254260950956	0.90655986449768411	0.94177748408312167	0.78542514970931931	0.073318137742547196	0.038119714352169917	0.10201559995703691	0.98139904442408921	0.99035626385566178	0.94381038649211757	0.018100508281200557	0.0074905926558066719	0.024096307907376602
BGC0000997	NRP Polyketide	19	109	0.98130472739031693	0.98012005808497782	0.97260010700843225	0.0056327540862985371	0.0075219281912852097	0.010066294798349418	0.9842305378857652	0.98650690790013584	0.97101132226038944	0.0075298849069211403	0.0063302854439821529	0.011611368032114155	0.97804801962272914	0.97707032708570218	0.96350663427262784	0.008063325771067725	0.0088471723198336513	0.013452332664948607
BGC0000998	NRP Polyketide	26	102	0.98255887667804376	0.98573510941898379	0.96158979910487496	0.0094535200706018663	0.0070058054042647644	0.012769597604507243	0.98476712737307892	0.98562517268486616	0.97438559916262457	0.0071835767466969574	0.0061178697420976921	0.0096878719329155372	0.97851315080118639	0.98065095223576315	0.95391763158942788	0.012146010418406473	0.0086390788407244342	0.016910828278727141
BGC0000999	NRP Polyketide	8	120	0.95695715545936344	0.95364138413027921	0.91953921664902927	0.021115750206285797	0.017369796321419682	0.030806539332132288	0.9363746490153686	0.94237305759579559	0.86337881806814043	0.03306314765010316	0.025835811191391798	0.048282934749503292	0.95674971680403542	0.95349567049392436	0.91689421788367442	0.021267418490618997	0.0174545782946663	0.031226701110607769
BGC0001000	NRP Polyketide	8	120	0.98788829546304524	0.98928328000813726	0.97639420484236339	0.007193012508343857	0.0048642259602982964	0.0080251345157670295	0.94479256533343392	0.97096546824858199	0.83279045343282354	0.055678334345973843	0.022339774131164725	0.065301062986077962	0.98763147267567608	0.98911581487932998	0.9746142677308266	0.0075398364957419781	0.0049690170121974965	0.0081403365472064726
BGC0001001	NRP Polyketide	26	102	0.98961232581269631	0.99129047008610871	0.96878855213057213	0.0087898899420460856	0.0041674993127292391	0.0090221791038286314	0.98670914299689672	0.98907142414064508	0.96849588005175402	0.010077495777632129	0.0053343187710469305	0.010728081656052879	0.98895876570044761	0.99191501403210836	0.9680669581798772	0.0088431571817774845	0.0044297178484052901	0.008927372142986556
BGC0001002	NRP Polyketide	9	119	0.97333018919326675	0.97858057562743139	0.94245884443543826	0.020458953285750744	0.010765872854542224	0.030737924509024794	0.93263623594597966	0.9417173773317381	0.8660390673674575	0.03923371927186909	0.027334399460269432	0.042943099168548549	0.97311677584391931	0.98040464035329511	0.94011199226403719	0.021708325836513571	0.010861490525343308	0.032401984250716054
BGC0001003	NRP Polyketide Saccharide	22	106	0.98592073163010885	0.98783081398526185	0.96250890648041698	0.0092052798887193327	0.0056524205863951018	0.010218116075379924	0.96030925247900201	0.97238726783375795	0.89262819827574524	0.033636876101919878	0.01606857768104588	0.039162137388645712	0.98706234972979723	0.98763803982772402	0.97175635534793625	0.006646458846228831	0.0051913525404974513	0.0087403907270787728
BGC0001004	Polyketide	36	92	0.9753044829897316	0.97760877713200212	0.91997728282761171	0.022752518252114988	0.0099478508669028406	0.023479781433382141	0.93156284401954859	0.95643473208641949	0.81098902347129465	0.062748100960352479	0.027904511116449603	0.076856427799485205	0.98364557394554775	0.98887941944791868	0.94992697357205802	0.014156631157238036	0.0065773883696947921	0.015648540207142903
BGC0001005	NRP Polyketide	14	114	0.97112889272156233	0.97231717241812854	0.94598492174017856	0.016399863762316984	0.011646956691860888	0.022093188799853336	0.87048314906548308	0.90243454808244894	0.71611497302582772	0.079184727609510674	0.053308338316893078	0.099281658144578233	0.9759198471075855	0.97520437262590054	0.95732624264642074	0.01294832475926116	0.0097015262478532763	0.017578153496683679
BGC0001006	NRP Polyketide	12	116	0.98897428910329432	0.99290284477398627	0.97568509354464927	0.0080124732942098396	0.0044215317925553107	0.01104725747739721	0.87835037958117523	0.86432748944926918	0.78780572926341108	0.070602225140208655	0.050204036768120838	0.090879737578428377	0.9868842155755807	0.9914004082708705	0.96857583634873667	0.0099719560282207961	0.0052613449546302874	0.013251096856643829
BGC0001007	Polyketide NRP	13	115	0.98774427909494844	0.99142216754840484	0.96970617379396973	0.0079142104933992395	0.0049149626939676509	0.0087281185321835819	0.96102728127741321	0.96314680303864897	0.93615992765711109	0.015994679338683634	0.015757720857518875	0.023456252621714135	0.98653477693250413	0.99008875998871582	0.96900978773390656	0.008608711178793008	0.0054028815723503598	0.0094169967277643041
BGC0001008	Polyketide	43	85	0.97568962932219061	0.97576841810356318	0.96125491722098322	0.010449998446551725	0.0098009506607899428	0.018876732817711517	0.95671331656422431	0.96106826842545656	0.88047734766181385	0.031978966830610661	0.017641032024053781	0.041223121470703283	0.97585721590161933	0.97529118689878436	0.95915833549131457	0.010607165819265629	0.0097117421380383817	0.015969679852960939
BGC0001010	NRP Polyketide	19	109	0.99069205201552979	0.99349490276875496	0.97262113076670753	0.008214814254275879	0.0037301822875481115	0.010067780698174933	0.98639452902305091	0.98894189176083636	0.9633589215527526	0.011889169157641525	0.0054571154820727275	0.014749912389848019	0.99121316798454573	0.99392125689607247	0.97403383349411943	0.0076853125988030476	0.0035210084566800193	0.0094060444692468659
BGC0001011	NRP Polyketide	38	90	0.96781951767854868	0.97142248745665871	0.91275606897043915	0.022356120298704422	0.013006835893614089	0.02880615935641373	0.95757460200260081	0.95599565683526744	0.91315891150185446	0.02884957924190816	0.017262380756906538	0.033678068026260388	0.95842661233249671	0.97231258048523861	0.90826929486215557	0.029157903371558807	0.016841223283447969	0.028578781935454933
BGC0001012	NRP Polyketide	5	123	0.93758179839930322	0.94384815871188166	0.84843234735251649	0.04133404491940252	0.025415208596883822	0.050766897323555438	0.96359382890484269	0.96102431591097304	0.93267723918911771	0.017064450973712862	0.014753455217617551	0.028067378223734285	0.93477664389854243	0.94015350091472372	0.84226455042580539	0.043235099204694691	0.026572890065969034	0.052734824467430053
BGC0001013	NRP Polyketide	42	86	0.97490541876244752	0.97793450010044836	0.95082059398665431	0.014176297087247032	0.010096709702407104	0.018956827392967224	0.9440623188529228	0.94309771271375187	0.89831667580177266	0.027390391936333566	0.02274911292507862	0.048031010165721644	0.96807509548461557	0.98595873562390546	0.92192138021047609	0.028996869645442045	0.012862775940652637	0.040689581150505805
BGC0001014	NRP Polyketide	10	118	0.9839319373648463	0.98700681465643614	0.96642962128402077	0.010567319154994696	0.0064587651105196819	0.014665420035511856	0.94007716875341207	0.94400522639536777	0.83353452418803298	0.046443929233475754	0.024283603532719765	0.051894539480682678	0.98367247999831275	0.98676136141171356	0.96605841500040535	0.010145489335016996	0.0065640900953826799	0.014329400109872159
BGC0001015	NRP Polyketide	9	119	0.99086966784909802	0.99092515440673923	0.98383152711716226	0.0048299830257101124	0.0036596985003041647	0.0070296741652952077	0.94667925768688865	0.95033380479195551	0.88549043401062844	0.036349240663133851	0.021667320413408419	0.046007653556898176	0.99080496000848517	0.99200313519896022	0.98119711643684904	0.0055726981468771399	0.00368525131644466	0.0077521937445929057
BGC0001016	NRP Polyketide	13	115	0.93637905584231673	0.97525406138883275	0.81346224257581301	0.065505217664992163	0.025781984818782865	0.084685206952190728	0.9014947824412749	0.93495391096201308	0.79306955161761827	0.070257348856657839	0.040841825610883051	0.11949455163513545	0.93403305003760462	0.97474634461794074	0.80222350711505941	0.068565901723574449	0.026746696845185249	0.086968413774802689
BGC0001017	NRP Polyketide	17	111	0.98725547505560984	0.98878811297696267	0.97118842102753722	0.0083975516679257647	0.0051152728719042308	0.010566048693073093	0.98714175144249661	0.98760087871092961	0.97359478493325702	0.0091687152900050764	0.0051672303799412235	0.0098886299806953959	0.98580781510118565	0.98719808070175996	0.96784818205085177	0.0096347818093058847	0.0056972125331161694	0.012584076694046931
BGC0001018	NRP	8	120	0.92643977639604991	0.96822333583604914	0.82613454007733111	0.06564355556682093	0.029900907684547763	0.092319667812210349	0.70314650780406107	0.84149507015467839	0.33568067179882849	0.27388341509961855	0.128209967798639	0.45166629510703249	0.93090453481367597	0.96762380246717195	0.83773330513264344	0.059385043125217973	0.028066628551513272	0.083155910548701195
BGC0001019	NRP Polyketide	11	117	0.98888803534422531	0.99195645049469561	0.97048110295691858	0.0085567920465627542	0.0044563535593849842	0.0084675405182540464	0.98344257340714891	0.98558912665418696	0.96960485286644849	0.010212516233457739	0.0066560459880533607	0.0088690392991956912	0.98687768879784588	0.9922566582964385	0.96387066943066801	0.010436306646223024	0.0052649327652761983	0.010636642747514857
BGC0001020	NRP Polyketide	38	90	0.97201205542811964	0.97431206065444154	0.94937801750686224	0.012974862852561921	0.011277619805414307	0.020898657074242766	0.91492389174568167	0.92059388690575505	0.84281406970166162	0.035962031352449159	0.034784852199873664	0.063393605047156298	0.9749754302376068	0.97614771171825299	0.949012803601056	0.012594418338477338	0.010085880327421437	0.020067010993129353
BGC0001021	NRP Polyketide	10	118	0.96524033637055751	0.97126016288415351	0.92884433145178047	0.020319232132430327	0.014101285597628599	0.031139024499464707	0.87095426072263149	0.82396720131141943	0.77727603893577624	0.09010058929691081	0.054810260679184639	0.10196293378265497	0.96731176871832125	0.97300495087124639	0.9343922035565958	0.018706307832623413	0.013238896135648725	0.029134660193566364
BGC0001022	NRP Polyketide	11	117	0.98550484812289363	0.98775251560369204	0.96454550068981726	0.0091327852315056194	0.0058171800016394879	0.011543994014927672	0.97411473210613553	0.98821994716795092	0.94305721763865313	0.023601327271215354	0.010409865132546669	0.032714594343203229	0.98479556725012307	0.98741910316738601	0.96099412244296623	0.010160748443998035	0.0061027717584921206	0.012566755187740752
BGC0001023	NRP Polyketide	3	125	0.98818515415610153	0.98988171127600721	0.97367558902854334	0.0068780649078596188	0.0047389800357479969	0.007541855067483838	0.98651045433114815	0.98529306329333344	0.97737637526940424	0.0069217317239322227	0.0054128300467194187	0.0077767348271794434	0.98808908631922088	0.98992619972598872	0.97348979990287821	0.0069327165943365342	0.0047776543649032501	0.0076869038710770665
BGC0001024	NRP Polyketide	7	121	0.9924012242862561	0.99378102700425908	0.98700883043284959	0.0033709667151629553	0.0030462221470729744	0.005020567923246233	0.98249252226799888	0.98759243551359188	0.95673736112360053	0.012965796109740751	0.0070324862883364373	0.016939294080516087	0.99175112899614337	0.99373785743068921	0.98436985442921188	0.0037752765376303584	0.003307429770312531	0.0054700199359074553
BGC0001025	NRP Polyketide	23	105	0.97466443875877273	0.98020326148379455	0.93621325272111111	0.018363648927881636	0.010196649791192369	0.022148637541631322	0.96763595491284637	0.98268160290305984	0.90286652162344305	0.029442283250446556	0.013032690626268351	0.037653212003779468	0.97413503443695926	0.97801240854932703	0.94300901503957435	0.016786392837074955	0.010422074806282766	0.019259684326747295
BGC0001026	NRP Polyketide	6	122	0.96454652403744667	0.96200432772213318	0.92925021618844583	0.01902073155687084	0.014314737843767911	0.024694418397419482	0.96279125150004563	0.97678090111562033	0.90461581436508032	0.030948627111314707	0.015092778921556383	0.035832796801074207	0.96320152635315048	0.96013431534416227	0.92761162307419265	0.019387296279084445	0.014859922817794646	0.024733390624035234
BGC0001027	NRP Polyketide	8	120	0.92551523684984116	0.91867782102143891	0.84784168145292416	0.049353751090712827	0.030333685988104798	0.066539922956179498	0.90150943994500832	0.9447533726614894	0.74554190216634442	0.080264475870170451	0.041278468142270229	0.13327559826904145	0.92373663546036744	0.91723003619737309	0.84284467235734029	0.050980301264507644	0.031062073509574128	0.066390060233865733
BGC0001028	NRP Polyketide	8	120	0.99658792324631362	0.99663518296399445	0.99498111740920248	0.001212127802744633	0.0013660949830781143	0.0019513172978866677	0.99447780197591717	0.99571104587858672	0.98855535757312252	0.0032368322975247091	0.0022113871969058783	0.0049758061805000864	0.9965208896537604	0.99660931696885813	0.9949220714211644	0.0012237542096229955	0.0013929983679749291	0.0019835928945038939
BGC0001029	NRP Polyketide	11	117	0.98587934835068225	0.98775045307112042	0.96543319946296302	0.0098353403506908649	0.005669629495438722	0.010891853608701485	0.98954667096673499	0.99001862640440064	0.98138878616722269	0.0051603998757007614	0.0041903405925314049	0.0063777495082173452	0.98518492946685954	0.98766399713140063	0.96210990963383147	0.010707669652831377	0.0059502647995634426	0.011762864040459675
BGC0001030	NRP Polyketide	5	123	0.97837930487043079	0.98690572393919673	0.94791188139795557	0.017325571757766535	0.0087180172197385726	0.025100532111215768	0.97427646390633915	0.9804987614777545	0.93994182881354449	0.020129767138327523	0.010383469676971169	0.027086742146000375	0.97830653872904971	0.98678545677354723	0.94775475622691097	0.017224046866625955	0.0087474134383777706	0.025039984035907459
BGC0001031	NRP Polyketide	23	105	0.99625794585131899	0.99614404661842171	0.99342635209997443	0.0020226660858307785	0.001498245284349653	0.0031479374120397807	0.99190079920273821	0.99709041020079536	0.97810111921022891	0.0083660620006024804	0.0032521160632335232	0.011378493836017856	0.9962991465302824	0.99598734407701484	0.99410347931546073	0.0015871067477859224	0.0014818318932452224	0.0022349147690633453
BGC0001032	NRP Polyketide	23	105	0.98014372237194303	0.98709481644352182	0.9421654058765202	0.016895004830832429	0.0080098569821858371	0.022778325345995665	0.98151349908141561	0.99082848468329066	0.94459707288872019	0.017756666081798957	0.0074253280069209284	0.022859891145057598	0.97838095668669445	0.98572928407045168	0.93855846933386056	0.01798125478297494	0.0087358729397093889	0.024640312427573363
BGC0001033	NRP Polyketide	14	114	0.99141618493593453	0.99131309879573404	0.9884645252135269	0.0022256683748393038	0.0034413133464231251	0.0041264878928699567	0.99185909267806893	0.99054435114280115	0.98489986357540815	0.0039339282913410821	0.0032632199143406205	0.0058401896043728252	0.99091796576578639	0.99161427230718502	0.98680313160149014	0.0023904937507824324	0.0036416266091263915	0.0040757728991727138
BGC0001034	NRP Polyketide	12	116	0.97843537459037577	0.98515432095511835	0.94154851034670917	0.017364606463971633	0.0086654650910231498	0.02233305093769411	0.92370189575018224	0.92677043475277676	0.76239046023523149	0.065038316448743375	0.031250898739778044	0.081131913951806411	0.9777460835896955	0.98810416044095506	0.93393773092421439	0.019872970611040756	0.0089427588479781932	0.024607624640062498
BGC0001035	Polyketide NRP	31	97	0.97410727993912027	0.97797383815974215	0.94232783432364753	0.017509058682080223	0.010423944499826244	0.016936788354318666	0.97062449466921863	0.96781248522241614	0.94597582161092297	0.019125089125442182	0.011833306404470955	0.023877830499931307	0.972765815476623	0.97659512734519272	0.93757087499623293	0.018523783253754263	0.010965895667835301	0.019639408961137139
BGC0001036	NRP Polyketide	37	91	0.99299366830366209	0.99428307111645919	0.98455887022397881	0.0048363936761585957	0.0028088576389669216	0.0059881268043949776	0.99252408613610732	0.99249170459437797	0.98709146827652405	0.0037234582554472569	0.0029967519989005931	0.0059444770573910954	0.98954991208894261	0.99238873020539486	0.97134395347528957	0.0086442240272317662	0.0041914744615990209	0.0098283138162833517
BGC0001037	NRP Polyketide	5	123	0.98896420790312745	0.98976060790402631	0.97771795227005054	0.0067529888275571805	0.004425742563795354	0.0088222872066131552	0.98632351264563101	0.99366644607639198	0.96709066683071843	0.011653589861862074	0.0054887027217356945	0.015563125247774701	0.98866655366108969	0.98927778642494713	0.97734264162132645	0.0068414217969744104	0.0045454144548482626	0.0089569788640466719
BGC0001038	NRP Polyketide	27	101	0.98665150280081593	0.99053680522840926	0.97052360353998379	0.0092061656405402724	0.0053558120793300908	0.013018217006273591	0.96513873257344096	0.96578900577098414	0.93902173857204663	0.013126596387594332	0.014053837439579154	0.022487538676189245	0.98572832364256757	0.98741874628571358	0.96705023745110208	0.0097569029370771498	0.0057301662485840675	0.012972703455873202
BGC0001039	NRP Polyketide	26	102	0.98464270961388922	0.98642040221545502	0.95821067865475584	0.012218766575132522	0.0061862869802520089	0.016649387919902003	0.98493653886996169	0.98778772314376351	0.96901560063671166	0.0088125114485414369	0.0060663003647447589	0.0093838955729630413	0.98259630178616675	0.98572609097166786	0.95480194426721554	0.013577672872051357	0.0070160119930281258	0.019356662829727922
BGC0001040	NRP Polyketide	28	100	0.98220402038766852	0.98386826254827797	0.9593283346007363	0.0093893475100473144	0.007150387985250339	0.011870065355330639	0.97618330765101358	0.9851610876181498	0.9456568074287196	0.018272920207951369	0.0095760440395896256	0.025992908028863893	0.97919795896396722	0.98212801714666176	0.94710015880537457	0.012882367759678055	0.008363372666587909	0.015439803733035329
BGC0001041	NRP Polyketide	31	97	0.98516252447990138	0.985634202262896	0.97100529259439439	0.0060858405825632116	0.0059566990034554124	0.0093140207557902421	0.96327825740850914	0.9621676831464796	0.91414972396350769	0.02548276855334352	0.014808997861078166	0.034811850089454754	0.98809241798604841	0.98795669690560239	0.98238896382301433	0.0040011932064768661	0.004777053827994893	0.0070071288344428773
BGC0001042	NRP Polyketide	44	84	0.98852692404248332	0.98864103442571272	0.97387292458185259	0.0071496418221171504	0.0046066643976903519	0.0084740292758606062	0.97721541800471567	0.98075979176489836	0.94828165064191661	0.014854121062798186	0.0091596801139301135	0.016692479331464227	0.98818373542006932	0.98808791121096173	0.96554468971450735	0.0092075727984122033	0.0047489748419564885	0.0098422226092788057
BGC0001043	NRP Polyketide	6	122	0.97725326163598025	0.98566552089458614	0.95344456349328655	0.017598743993815263	0.0091671933317785115	0.026614673122146604	0.80968503171859285	0.94234293782268552	0.5252073987865844	0.1905151583578639	0.079338215294446984	0.27522934431215207	0.97949064407227182	0.98590047790206325	0.95851286081609366	0.015198995535760186	0.0082596378831529364	0.02305447578959563
BGC0001044	NRP	18	110	0.94738883526825757	0.95332138781537368	0.90310531601674426	0.0279681108105614	0.021360256496832354	0.039611542089974527	0.94072314458947981	0.94934064838538568	0.8871267069501253	0.031842380155690402	0.024045790073516593	0.048036595751277722	0.94366555461340396	0.95048504572825809	0.89457980118722158	0.029627856905114349	0.022912091375292775	0.040705398812553417
BGC0001045	NRP Polyketide	16	112	0.96099884868869945	0.99026230692244543	0.89749313798031571	0.04254716641286789	0.015809455708696584	0.059815315665077917	0.95220455762212064	0.98854969643651436	0.86912569487982738	0.052336263653536802	0.019443405061669618	0.074151072675828544	0.96058836594198826	0.98837845507393429	0.89906845632060628	0.041895919838652679	0.015973014528877803	0.059219486343960015
BGC0001046	NRP Polyketide Saccharide	38	90	0.9663389933383757	0.96777757075962123	0.94220187455154358	0.015531289867666435	0.013562597592511128	0.019662926193700025	0.91223291500069337	0.92976768181053226	0.83737648266490927	0.051053222114497247	0.035843648834305575	0.065396691355128489	0.97648966166768614	0.97745734694686215	0.95985907106264956	0.0088272044852123858	0.0094518120707173022	0.012425211650657131
BGC0001047	NRP Polyketide	7	121	0.98713098787306675	0.98912925491073911	0.97990152169143863	0.005142029296876305	0.0051763426770939256	0.0080183564097277005	0.97889773014564663	0.98093511243515041	0.96028472945715337	0.0089731039331241245	0.0084798145203434094	0.012417857143369404	0.98675932870743155	0.98878977146363933	0.97947672266407815	0.0052109487926082949	0.0053276378145847179	0.0082527158320517824
BGC0001048	NRP Polyketide Saccharide	40	88	0.99190810960549558	0.99288676581704394	0.98073307876156068	0.0055480901914182357	0.0032450507683781994	0.0061698745323214288	0.97620427171642155	0.98046126073376816	0.93812707873216572	0.018543431572264832	0.0095771801444582746	0.019612820859653546	0.99245328470721628	0.99324780847247651	0.97929189531043914	0.0052150656364061401	0.0030267182549415851	0.0057206167790202489
BGC0001049	NRP Polyketide	4	124	0.96729669848232935	0.96859690428831879	0.93778606966231848	0.015064532446826357	0.013184315699099725	0.021176944732572256	0.92807982046251958	0.94794181009126821	0.7979897454947027	0.058848348320287888	0.029218667672178532	0.073222752118582646	0.96641603003232857	0.96839472061245269	0.93641761834856074	0.01548345870934064	0.013542405077690334	0.021961634904186789
BGC0001050	NRP Polyketide	2	126	0.69985824988545831	0.69172195764177202	0.46559118124399934	0.18834813030749903	0.13269584417041824	0.32947626677864794	0.48690594456075809	0.52917975575512877	0.12101060856462816	0.26203570987848079	0.2389561062875766	0.59313338678069094	0.70070800438572478	0.69643780813458678	0.46669046953577314	0.18789789818289152	0.13238623445248696	0.33056645606269752
BGC0001051	NRP Polyketide	5	123	0.98271493984650959	0.98483472181936582	0.96054975653741692	0.010115786934262226	0.006939227995523556	0.013055829647136585	0.87032093884913819	0.89451842525381342	0.72107322084401049	0.070736188417410015	0.053390243792376224	0.090847120941124015	0.98302749525378075	0.98422086074227177	0.96195592393713347	0.0096120218527412527	0.0068130920836938945	0.011854858511717858
BGC0001052	NRP Polyketide	15	113	0.99257701438003654	0.99411612006839523	0.98400861588766153	0.0043119547035329617	0.0029744647883813481	0.005916717833146401	0.97702887356928336	0.97654295876449759	0.9562913808274488	0.013291769114260558	0.0092333589152089109	0.015508400294329983	0.993008325497026	0.9939455925380416	0.98283301942632673	0.0043946085366384962	0.0028013660082032432	0.0056844014654147124
BGC0001053	NRP Polyketide	32	96	0.99770741499976678	0.99823666993552473	0.99632251454319154	0.00088507744818313141	0.0009175660033585054	0.0014159406340417124	0.99453021402975228	0.99547114007963644	0.98693826121611195	0.0037359941021270463	0.0021905831219688255	0.0036676554371541936	0.99708167553009264	0.99743799430196034	0.99427371051444069	0.0013399384461832457	0.0011682272314991193	0.0021078367152383981
BGC0001054	NRP Polyketide	14	114	0.96668625405932185	0.96846817270861063	0.9391595535438646	0.017322039843625771	0.013448297799521503	0.020038630286797865	0.93318477594567872	0.93881595373763338	0.89109236746874643	0.02849300944382761	0.027237195788400826	0.046482555353445143	0.96869189043593362	0.9699817354751914	0.94195978049356621	0.016859935754797856	0.012629926006065117	0.018367875545420409
BGC0001055	NRP Polyketide	68	60	0.99677044746778254	0.99718399513965861	0.99142966470781513	0.0023465616278156116	0.0012936755253308619	0.0025456902916244362	0.99827818019344061	0.99824186554945704	0.9960706213268038	0.0010659079874367297	0.00068929459138618028	0.0014304081695531989	0.99212749649700172	0.99417025730342468	0.9795323453765451	0.0060132090998045026	0.0031590259804068046	0.0055476904944020689
BGC0001056	NRP Polyketide	23	105	0.86906931398888199	0.96578750448321427	0.65443206544773735	0.14187882341837577	0.053907425417182298	0.19820454226028594	0.88042269339361812	0.96455803248962213	0.69012818304243917	0.130716741493414	0.049127343924640597	0.18194788678787976	0.86380314248634149	0.95751458289883284	0.64249164899849065	0.14470326478415682	0.056137217579949536	0.20349191200622718
BGC0001057	NRP Polyketide	11	117	0.98614760445530103	0.98931178075529436	0.96903427493124084	0.0096365599093893063	0.005557463079414582	0.011042315788139412	0.98216282807486477	0.98609048481636274	0.95651441274454174	0.013248067979949403	0.0071619329419408293	0.017961623246555147	0.98572328556403144	0.98901032237597375	0.96923086059944097	0.0093932561350651231	0.0057285000092658798	0.010583594511176964
BGC0001058	NRP Polyketide Saccharide	48	80	0.97825889649279141	0.98104535201170995	0.95579364019019164	0.013107799946380566	0.0087391803758525947	0.017275234625137137	0.95808439644914445	0.95234996341328848	0.91939767471212863	0.023508336777614578	0.016941118765990425	0.030613081724948921	0.97449269640742886	0.98246461646862637	0.93943059943279317	0.017398575074335097	0.010268169055797749	0.021334415031713405
BGC0001059	NRP Polyketide	27	101	0.96714631441523802	0.97380288531114445	0.93699798797663769	0.020555831913354177	0.013235308303661042	0.032188188943383378	0.93174680272010268	0.94511707457654226	0.85559203584671539	0.044097335711928441	0.027773100839688959	0.069561533564629463	0.96903576785294732	0.97533843078473326	0.94351751063277134	0.019981159959839272	0.012468239227823807	0.030261417317862804
BGC0001060	Polyketide	59	69	0.95606742160702873	0.95997121831952104	0.91763169307028358	0.031689885734763411	0.017789071505017674	0.048023648477332759	0.94234242510415422	0.94222868628983525	0.89909051189575517	0.030923802783767895	0.023362798382936423	0.04928280840157051	0.94695507894176811	0.97939638694339226	0.86264466900707559	0.053774763613877861	0.021639249777062729	0.07889047112683778
BGC0001061	Polyketide Saccharide	43	85	0.98284806364609367	0.98385015386795471	0.96857295917627417	0.0093241819924495001	0.0068961330972082237	0.012758641550568273	0.97779326694897739	0.98098005635886698	0.94887488953696797	0.014357137678496241	0.0089371866103063365	0.020447791380246438	0.97587916574789679	0.97816778472397536	0.95804624265606264	0.012880795774752013	0.0097096131383282332	0.014111733456258935
BGC0001062	Polyketide	30	98	0.97922623163286338	0.98379146667626793	0.93492512255779625	0.01917278895354475	0.0083712079739956431	0.020891604490353988	0.9843895903066826	0.98349502728117899	0.96536228933095769	0.0085480800085312603	0.0062647056205968662	0.011395295314316378	0.97313966794343654	0.98042667629499203	0.91074204245472701	0.026404971006264655	0.010868234510252806	0.027405404770315167
BGC0001063	NRP Polyketide	22	106	0.95832197441111122	0.97585435599460757	0.90351899095215704	0.033365150426074339	0.01682816258129367	0.048173035977835621	0.85324683217351449	0.90312423284848542	0.64195009884924148	0.10845997994479885	0.060574903942911741	0.15927210872724162	0.9632425390613808	0.96425089406455766	0.92162609308066945	0.024001297481411304	0.014825152749929149	0.034545185651188248
BGC0001064	Polyketide	12	116	0.94222910514450775	0.9493218343059191	0.88286096730956343	0.034180697513296533	0.023391510104579273	0.040476874900642668	0.8807099200984625	0.87497190376131284	0.78975372792500764	0.067889325067798961	0.048934120029252529	0.075538722067731046	0.94219032967923044	0.95042906034683283	0.87839354099222622	0.035089795817724104	0.023407923685393194	0.038948615064761105
BGC0001065	Polyketide	7	121	0.97399633896096049	0.97971178964470873	0.93898076448197376	0.019334245894818525	0.010458829750951203	0.020513351890564024	0.83150196407907839	0.91692826772638036	0.59003353963220717	0.15735156338598985	0.069867112339445939	0.22791951804527166	0.97402951668729831	0.97838550993072004	0.93553899922244665	0.019679100603158528	0.010444300069186997	0.020810717922561173
BGC0001066	Polyketide	20	108	0.94212240175238793	0.94842584483890002	0.86355337006752608	0.038938005718593918	0.023570052635935767	0.037472941326577969	0.93345311480166016	0.9596972090526219	0.87261514465936341	0.046159868974670157	0.027167658514661498	0.043063092246430901	0.94023265648964871	0.94798826967737526	0.86380458152524986	0.037736882573251217	0.024347212780803585	0.039959032196453026
BGC0001067	Polyketide Terpene	15	113	0.98365886294413318	0.98727270152981583	0.96644608071153715	0.011688850436402887	0.0065641341556201159	0.016159786199084092	0.97584167167147551	0.98328329814845516	0.93467738262864908	0.020621217448042392	0.0097287879359500892	0.024320400308944667	0.98378601902235085	0.98682234978628536	0.96901301311178845	0.011314887873331443	0.0065121757083188127	0.01570416744835379
BGC0001068	Terpene Polyketide	8	120	0.970213139270516	0.9731631695437899	0.93269299996948352	0.019639919009906314	0.012006000319781118	0.022549743736873018	0.98437710018109981	0.98786990718341883	0.96928006668900768	0.0099473513691229511	0.0062805176228454048	0.015206294692117206	0.96788659145070177	0.97046321625850129	0.92927938159761392	0.021308958010924209	0.012951285302830341	0.024460623340780918
BGC0001069	NRP Polyketide	9	119	0.98522620400604288	0.98735218505538902	0.96764329434121255	0.0090785951620105266	0.0059291172239594346	0.0090891141761904048	0.93768051354985948	0.95351667451595268	0.83462835705095184	0.046171379123004272	0.025247782656146911	0.046197877558541989	0.9864041761154374	0.9874881495350416	0.97151534217019653	0.0079758311930923764	0.0054552971200236833	0.0084886861436870298
BGC0001070	NRP Polyketide	26	102	0.99068304113460981	0.99248357571386225	0.97877581808433978	0.0058687230357124323	0.0037448215999140722	0.0066916688087073073	0.98024430828078857	0.98109964241073266	0.95800446839872611	0.014309645780299128	0.0079641230620573159	0.020296856384462325	0.98897968083383125	0.99210655235511336	0.96604773189776116	0.0093034322662612391	0.0044350416249506084	0.0097457267610688847
BGC0001071	Polyketide NRP	13	115	0.98116277716032518	0.98023330104321627	0.96730209245790066	0.010472319542608416	0.0075820690519948549	0.01568042676195569	0.97419651789641115	0.98018991577383718	0.94545158441082444	0.01477090062745549	0.01041750321801067	0.015069569474205458	0.97991139895210699	0.97779459313057437	0.96360485875586943	0.011818131035400272	0.0080895142584253236	0.018306827437359674
BGC0001072	Polyketide Saccharide Other	50	78	0.96007221378420249	0.9683590313574022	0.92665704427117934	0.017939145207610269	0.016104034985513337	0.027677529549421376	0.92546105139703927	0.95510828297755757	0.81915884770988934	0.058901896362959685	0.030304296211901227	0.078322846913956523	0.94181662494239105	0.95580911586232731	0.86159815189190303	0.038312826200163269	0.023565856842065157	0.053152261010954938
BGC0001073	NRP Polyketide	61	67	0.988438209815649	0.98790726507836957	0.98129997761875476	0.0039277087054276766	0.0046400425986116156	0.006461787319765655	0.97785490124796515	0.97966271959319329	0.95943010047553157	0.0092119020726236667	0.0089122273071646548	0.014636139060396736	0.98485711844828927	0.98534140223255795	0.9765363502680775	0.0058718787448110311	0.0060805820629160848	0.0095857887064443315
BGC0001074	Saccharide Polyketide	40	88	0.98979596644925694	0.99277239692594343	0.97364468668352389	0.0078692724410321484	0.0040925712143254469	0.010276726376079348	0.97841576637000005	0.98338984330306434	0.9475079514407545	0.014991899269160697	0.0086724010320108798	0.017740742997757741	0.99255281084992109	0.99547619407032273	0.98310102127582988	0.0052260037632055239	0.0029858047618967374	0.0073714594602740657
BGC0001075	Terpene Polyketide	11	117	0.91197081219210163	0.91470741527389821	0.84025458102833384	0.049532517752837762	0.036107238962819088	0.082214794460017004	0.73980607980717061	0.74110122654755162	0.49381380356472671	0.14943929991321545	0.11171030333512441	0.22065381367953396	0.90818426796880625	0.90768135686438367	0.82592604742005737	0.05166089270199746	0.037682449788616748	0.085271932505138204
BGC0001076	Other	25	103	0.98468284754853097	0.98503785246019593	0.9711893886368651	0.0078254501897265447	0.0061461233623615772	0.012409188458979425	0.93412727229867065	0.94497898390932367	0.87024231164505617	0.037257827777029399	0.026727904417764226	0.052503727068155759	0.9855680305603981	0.98637731418988328	0.97733245372884514	0.0058965316954427303	0.0057900800845344103	0.0095796176055605864
BGC0001077	Polyketide	7	121	0.96891740726881914	0.97611374965240083	0.92552213037019404	0.022848971055903531	0.012516990771049886	0.031837763122751772	0.83032694499324422	0.83600700653783622	0.71896579421729057	0.068726586698843531	0.070638861284680582	0.08821106585623717	0.96925001673321698	0.97677766156346424	0.9284553003980075	0.023108871600313156	0.012381911933553025	0.032028387914379675
BGC0001078	Terpene Polyketide	23	105	0.9783756213018554	0.98024204523669323	0.96054804458261056	0.0084138383799866323	0.0086908730824075235	0.014089052013006143	0.74888779439412101	0.77621613791200339	0.50408551631517484	0.17069653003842911	0.10688692967552446	0.28392933885185534	0.97301255284120636	0.97675653301164878	0.94623723261892045	0.01325324484370456	0.010871277289316361	0.019743884136112055
BGC0001079	Polyketide Terpene	31	97	0.9532280088056766	0.95455559950209667	0.90536314983235444	0.022103649719125665	0.018990439797914083	0.036738405056418899	0.87759275678323012	0.89102271187406978	0.7365221704345335	0.063868052915900558	0.051266550353707398	0.10920733644981429	0.95096195570692343	0.95721980139579743	0.89513470273296114	0.030645446051989732	0.019909019406105254	0.048649788404550476
BGC0001080	Other	18	110	0.91860111601140471	0.9287795016024748	0.86474855600095002	0.033796675029038874	0.03311638308004463	0.045479719506448579	0.73996882275506737	0.81916650144419745	0.36134021154799939	0.21035127918659322	0.11007822859744618	0.27826011960784702	0.90351979983167541	0.90732786724003134	0.8493670502208619	0.043034371538496485	0.039381309244991704	0.049083462899161434
BGC0001082	Terpene	8	120	0.95853171133796988	0.95971478524095644	0.9276315751630364	0.014973581743603749	0.016802586514352846	0.021400771651847506	0.92205146618734113	0.92051602513316166	0.84103409383530137	0.049435916919047362	0.032130326720889515	0.080896487393773864	0.95652083863062098	0.95715891687330124	0.92186704530472108	0.016925787889034503	0.017625706648441809	0.022556443089635225
BGC0001083	Polyketide Terpene	41	87	0.93350445580904184	0.91918908032531976	0.89247897643594087	0.037138127802357354	0.027052274346574513	0.040334107021636312	0.88938232253615346	0.90240598600135224	0.79617557715718412	0.064745919726525269	0.045611160458338393	0.071345005824758334	0.93192927463026209	0.92184812870193289	0.88862005509395547	0.039731276637269573	0.027665251840236625	0.058873678656335082
BGC0001084	NRP Terpene Alkaloid	18	110	0.9643850848912543	0.9636674749596974	0.94890103968519035	0.010528296675704506	0.014361947913040241	0.017528429016334002	0.94868330891165464	0.94936839838308329	0.90619374930825924	0.022759883306505711	0.020790362971094534	0.036529047270790427	0.96492249159446053	0.96408002524872249	0.95206773047466642	0.0099506024172950295	0.014141840230515679	0.016793376952304984
BGC0001085	NRP Terpene	4	124	0.73019562766571566	0.73804959075882359	0.57049595733425307	0.11391617896224557	0.11551569310487424	0.18261026406491243	0.46531123061824492	0.44278231087655046	0.056057615835433568	0.27572236607401807	0.24522827681447171	0.46230099011475312	0.73421854098610262	0.73733902281066688	0.58673049533936339	0.11174661525228435	0.11369470121916884	0.17640898831339935
BGC0001088	NRP Polyketide	20	108	0.98133179683246863	0.98284216542910641	0.96074328373342477	0.01060556632017318	0.0074968288690143714	0.012412948885243802	0.97430737789048949	0.97681041050915463	0.94536612958566735	0.015949243847934308	0.010338782025544325	0.018873768997519802	0.98183477789154328	0.98342214296338371	0.96235917040021535	0.010060242645371578	0.0072937970374854942	0.011741572211598217
BGC0001089	Polyketide NRP	14	114	0.98256023245491697	0.9825480326306929	0.96299540252968296	0.011485179978568001	0.0070023074237150155	0.012408390932516444	0.99313451981173895	0.99415967774540448	0.98400502962079384	0.0045003086122564233	0.002750346323081554	0.0062956998388664642	0.97948467184693744	0.98196398108800098	0.95469122581877364	0.01430122667790568	0.0082428189448234372	0.016012192456635543
BGC0001090	NRP Polyketide	10	118	0.92445184377014811	0.9436181685487447	0.81172155216057895	0.070614751893165434	0.031092629819425198	0.10152324604454743	0.89882179271247331	0.96934233842694406	0.74514960431895227	0.10682892710565611	0.042710960632209895	0.17149874936446263	0.92335733397555886	0.94343804364705819	0.8067626416264787	0.070243276779911254	0.031503309391395409	0.099490755657252294
BGC0001091	NRP Polyketide	16	112	0.97066058412448175	0.96720951477198647	0.94646974955934127	0.017319120754673071	0.011837927782552993	0.023194119753027875	0.90644271628276041	0.92794555645454824	0.78243346998474594	0.084396802572864874	0.038494156208512841	0.11971297209581977	0.97205330836593851	0.9677668626527216	0.94993739804400634	0.015923019613488774	0.011263356873483987	0.021850179747776033
BGC0001093	NRP Polyketide	21	107	0.94950647843620861	0.9563480407340581	0.86410428311662957	0.043028666484516753	0.020411041081244075	0.053844214749683372	0.83592505727647204	0.85417670444388794	0.59360255675572848	0.12994315058572417	0.06956786439042191	0.19339702166973738	0.95486161901529187	0.97062087623813498	0.87820135211034844	0.040548569410176601	0.01822682396243782	0.054172259482275886
BGC0001094	NRP Polyketide	24	104	0.96815079631329648	0.96798375087704569	0.93170699557094017	0.020792932648768258	0.012839207283318221	0.028221626963975122	0.95055559516716204	0.95644136325130824	0.84817694713874436	0.03982675986281857	0.020064727646635628	0.044190137546316621	0.96391218107456422	0.9726881070093254	0.92427264241432994	0.02670705189095323	0.014553487908335239	0.037775541112504585
BGC0001095	NRP	15	113	0.96649328550730207	0.97883862716672898	0.92126827921183962	0.025539304707038388	0.013517179804052204	0.037270629418665102	0.98813737956852665	0.9874341606585364	0.97947516297720005	0.0055921018583266879	0.0047566466415586593	0.0081109182778565936	0.95617634364785098	0.97329481628402847	0.89632800906640731	0.034156390286819265	0.017728273532258764	0.050073873846825379
BGC0001098	NRP Polyketide	9	119	0.9935383880928621	0.99570801265400632	0.98741355325410707	0.0038492827965327654	0.002588766749058924	0.0060519671569910782	0.96986705114937455	0.9822110218636253	0.91531683641177297	0.027241570112731421	0.012143377603107953	0.036745761127029541	0.99270613034712374	0.99565310334625534	0.9858467786141667	0.0046509995098963867	0.002923215825524328	0.0072937489301309055
BGC0001099	NRP Polyketide	29	99	0.98928462268522122	0.99058264708851418	0.98191207844784045	0.0045895030724152474	0.0042988923301187313	0.0064224663999862264	0.99127959847581215	0.99062481400742708	0.98389098955780385	0.004360043648967085	0.0034952929633429884	0.0062085364639657969	0.98699163051005223	0.98997620617805815	0.97588946053793302	0.0063531799117844765	0.005222203002768766	0.0093603438653607762
BGC0001100	NRP Polyketide	15	113	0.94943951302064722	0.95605477828766605	0.88711491555655908	0.03360826353717114	0.020449551004488909	0.038691224338084917	0.89783277585883936	0.9476516275143041	0.776416604031127	0.077211462020482	0.04240245619986438	0.13106172689430884	0.94769171598154711	0.95806915254464231	0.88396513304688418	0.036410475117379132	0.021165584191351193	0.041407567036224502
BGC0001101	NRP Polyketide	71	57	0.94695352111882247	0.94907185991235998	0.92368869549108135	0.020405336272934262	0.021529914692998208	0.033002265179895796	0.89921654043600285	0.89530646436429062	0.8158253583355225	0.042706280424563245	0.041714717947855681	0.063211467089479001	0.96080798952179802	0.95966791619696101	0.93501634400729905	0.01868888574935525	0.015819528581608754	0.022953686809102258
BGC0001102	NRP Polyketide	14	114	0.97725823136627121	0.98086992741701606	0.93934548544309593	0.015958347844712686	0.0091416472934329647	0.017923986547675685	0.87055729154514538	0.87150960311155645	0.72127505619619803	0.075234954066282542	0.053283788213621966	0.079550652691655732	0.98040417380825973	0.98317208091922881	0.94521664367193414	0.014215517868076516	0.0078718181511996388	0.015077647333564426
BGC0001103	NRP Polyketide	10	118	0.98547649356904277	0.98662626209629734	0.97573048994355382	0.006050865711924351	0.005832292732977651	0.0088375297006432207	0.98402494189297385	0.98749175649261667	0.96316670336783883	0.010785832863810022	0.0064110554132994265	0.013085739774023941	0.98424571006255357	0.98561121416126718	0.9756032884957182	0.0062823004125864609	0.006329205012838313	0.0089500847506113201
BGC0001105	NRP Polyketide	10	118	0.95700013643788628	0.96306897953401982	0.90408082935210754	0.02507548026988999	0.017373548768035939	0.033599296742482188	0.94948702221034931	0.9528056745578567	0.9112383976116909	0.018524939449004341	0.020422578726515074	0.02588900318177334	0.95638469948136717	0.96155960587326739	0.90317981899207223	0.025557172048395142	0.017625791097573274	0.034574575403551244
BGC0001106	NRP Polyketide	33	95	0.98155703651786863	0.98471060470193517	0.96162566635139557	0.011957680202443451	0.0074076133431482116	0.016562641839961256	0.97228862749134159	0.97622417507935155	0.94702999491049111	0.01506828631964306	0.011168923943283459	0.023103794193463423	0.98132925577383556	0.98364035833840613	0.96084989496448137	0.012424721084274813	0.0074968940148040899	0.014842553412200754
BGC0001108	NRP Polyketide	16	112	0.98783965140717189	0.9888308473174714	0.97905481327876065	0.0041990586387576894	0.0048770867875609584	0.006475883280648298	0.98586935085561134	0.98637540881650354	0.9722659795371974	0.0071870024252257683	0.0056711390479546432	0.0099824610061124419	0.98723137668533734	0.987962991178295	0.97743496670489127	0.0047887280604872306	0.005121808342137801	0.0071392838805898196
BGC0001109	NRP Polyketide	9	119	0.99241267282075363	0.99444469840339078	0.9813839273137952	0.0049754346888744297	0.0030415701149311357	0.0070910776198873648	0.99050929230378926	0.99058520245298021	0.98259870750725176	0.0044995178874692029	0.003807394896768357	0.0057566989806361324	0.99181073118912866	0.99368101805378917	0.97996701099766714	0.0052057709632078921	0.0032835721368642103	0.0073434433852149761
BGC0001110	NRP Polyketide	19	109	0.94511420567972393	0.93997624306846905	0.90707331857396278	0.02210985885054062	0.022219874626392078	0.030344030070373562	0.93181789081853217	0.94891341838044307	0.84890017271193907	0.039426554770256125	0.027763482037022037	0.05510630250865578	0.94424511429960012	0.94074787104007107	0.91377711492121527	0.02259877695768121	0.022576966794585339	0.031174943149796186
BGC0001111	NRP Polyketide	13	115	0.98270136224541904	0.98376435984895705	0.96729526204579797	0.0092598410943965977	0.00694731614625248	0.012360874751436768	0.94706776163767192	0.96904913136633519	0.86773276690178436	0.048804205012814406	0.021494364360612049	0.069243873126512256	0.98128643372237501	0.98427899853265299	0.9603052564914808	0.010991177541470361	0.0075162907961578542	0.013147437053680266
BGC0001112	NRP Polyketide	9	119	0.93719066998118516	0.94281870842020843	0.85471087243674437	0.038903892769771103	0.025469168220928418	0.05166103087358298	0.87745548881497637	0.86789477327390263	0.76448403819888688	0.073490179673244033	0.050641862747665266	0.10821069932508587	0.9374265328945699	0.94492637993738615	0.85296050082683172	0.03940823551542455	0.025371207027361131	0.051760428785730728
BGC0001113	NRP Polyketide	15	113	0.9757342759895975	0.98125157190864609	0.93710747472845801	0.018309319531064835	0.0097986131276148521	0.018952453896016963	0.96689425753034774	0.96867559718246043	0.92845239541359881	0.023376351675415057	0.013356812196525269	0.021468139703828881	0.97625209749591702	0.98135575435858957	0.9380373316923547	0.017740663990566386	0.009591345100790561	0.018945135273913727
BGC0001114	NRP Polyketide	20	108	0.99215003369967003	0.99240042136472728	0.98811932601357899	0.0028458322137598175	0.0031464756334542488	0.0047908277247113995	0.97206883856467352	0.97074045206633519	0.94144370158493917	0.016080821392729035	0.011257911497839413	0.023960982396558084	0.99274809425102384	0.99219613656012062	0.98916948137559979	0.0028918856595972664	0.0029058062223117354	0.0046787065649229742
BGC0001115	NRP Polyketide	37	91	0.96159578607577567	0.96451538996086705	0.91069654059846783	0.028070662043646992	0.015482480195061221	0.026973934974799607	0.98055523808489597	0.97903447645948072	0.97049271980968432	0.0083793706698336717	0.0078133375217435356	0.0097695174027286891	0.94334182753285067	0.95113417659897803	0.86638277995965096	0.042687706150776161	0.022927116010377158	0.038043430250721877
BGC0001116	NRP Polyketide	18	110	0.93244612754163092	0.98396973668144949	0.80938334783775945	0.077932681276166538	0.027428818372181606	0.096468764487137704	0.91528528612222426	0.93760802566466817	0.77746555490236036	0.074640586192490102	0.034495540058929873	0.084056853523915454	0.92325914533330056	0.986269137479164	0.79421567032014817	0.089578866806203861	0.031212344774756162	0.11249536554167383
BGC0001117	NRP	25	103	0.96591538822294964	0.96893213230438247	0.92198305386362744	0.019375083026432947	0.01376802927212919	0.023525885260533896	0.96996150400782155	0.96640890851309047	0.94372379523665528	0.016904187325413742	0.012101820579211275	0.021302078788469792	0.9589349365163008	0.96504160858307408	0.8989200124003488	0.026148444852122719	0.016624447691691514	0.035643223150159775
BGC0001118	Polyketide	9	119	0.92596957264964774	0.93138017856879907	0.81433168063809469	0.052834451878405561	0.030175965947666493	0.064707308070062752	0.93295525651949662	0.93325408017819544	0.83062414918296201	0.049442036391823749	0.027234121865711523	0.06483183795356473	0.92237887353619852	0.93332555442604259	0.80349830707600478	0.056156436751790273	0.031660391298828652	0.068443065923506907
BGC0001119	Polyketide	29	99	0.96682983175073223	0.97865052365225413	0.93528408377453376	0.022407011440413752	0.013379451145087628	0.031975741434393301	0.90261494118833652	0.90021009910100491	0.81773095359720926	0.061212147336962779	0.039757066876976485	0.088523590949191155	0.96040285523813629	0.98197777800541841	0.9095300874694402	0.034683100506609138	0.015998414900768143	0.045645227518409492
BGC0001122	NRP Polyketide	16	112	0.98542581751407088	0.98592185406523059	0.97209699632473601	0.0070721084481677101	0.0058505369745900596	0.0087994172150774874	0.9847476877402096	0.98760742505752219	0.96134063438123718	0.010195636428984942	0.0061222513719121577	0.012284033410005279	0.98409878288302122	0.98565510778982912	0.97143340177450677	0.0078249189900943868	0.006386814206043501	0.008863501458437395
BGC0001123	NRP	22	106	0.96097614887407357	0.95738146866353224	0.93021735019077811	0.015751493750868671	0.01574174615741819	0.023386789766207894	0.9654883646679151	0.96723555379852533	0.93855346302305809	0.014590405938685711	0.013927389851960958	0.018315937174255947	0.95576643375323334	0.95475136081315792	0.92508512040183288	0.017173310993599544	0.017867438540677162	0.026914907972369617
BGC0001124	Polyketide	8	120	0.97983168564406409	0.9806495006203988	0.95544487328439476	0.012351180432370443	0.0081165645770254757	0.015908693803728502	0.9800337750257343	0.97966671156091834	0.96547223811979521	0.0097629246143383173	0.0080285591459675846	0.015770212372315462	0.97786242777613364	0.97953850238586082	0.95032127122051058	0.013686727278525466	0.0089161824669575333	0.017447681730817566
BGC0001125	NRP Polyketide	10	118	0.98189417129471779	0.99145780789273474	0.94886740556043103	0.017568893889324522	0.0072688414978023582	0.022188103028611628	0.98688000053500691	0.98729561266503318	0.95768987585520748	0.011354993012895406	0.0052635416720340448	0.011827126756910555	0.98060946348558031	0.99008325648753359	0.94347403475348779	0.018812481616653737	0.0077867257606789586	0.023563345653283996
BGC0001126	Terpene Alkaloid	32	96	0.91940730155608752	0.92044170270756953	0.79568294116784544	0.058689137553625648	0.032845020223797095	0.075738060588592448	0.92294556136118988	0.92980936118560298	0.8178911603833352	0.050919178062091439	0.03136056167007846	0.070475687416299948	0.8916995541236854	0.89058511440308308	0.75749927873395551	0.07043230133012196	0.044587298371648251	0.097915333333505217
BGC0001127	NRP	15	113	0.97677351637897003	0.98642474919399226	0.93776563324401307	0.020168390531276399	0.009383109588546646	0.028356523719847648	0.9694134146275839	0.98435142609605564	0.93133670294170345	0.024491712579910372	0.012380827134881579	0.038054146129781974	0.97649436988983085	0.98458269570375445	0.93798201922323876	0.019581420467611629	0.0094957171317483942	0.027486683303587722
BGC0001128	NRP	1	127	0.98859749007722575	0.98950071085075031	0.98064734475066628	0.0034729211964918188	0.0045723061270659393	0.0065294830928526171	0.98235717769620512	0.98802848192539205	0.95973110870604983	0.013867922198378626	0.007082359550922979	0.019324658189919686	0.9884333104484142	0.98931357792008168	0.98034542197346175	0.0035348374435563625	0.0046383188426577073	0.0066124585641351707
BGC0001130	NRP Polyketide	14	114	0.99345590043067866	0.99447473597945679	0.98785395153292188	0.0028415324684096296	0.0026227320223192853	0.0041104640741416176	0.98635667110198944	0.99584072160316106	0.96619809540434587	0.014035105489315936	0.0055132597044048604	0.020237956899189391	0.99257116980999704	0.99397683788440805	0.98663257136792315	0.0033215473982608299	0.0029772041982387919	0.004698517326508278
BGC0001131	NRP	8	120	0.97361318887627968	0.97173730464666475	0.95588288536367672	0.010123595721164226	0.010648813705459625	0.017320213678250984	0.98660318455673157	0.98579784218870214	0.97849058761610086	0.0042599177577877321	0.0053761814263704631	0.0080300955579136746	0.9718082063772675	0.96973018666758959	0.95306352023370455	0.010899075069041676	0.011388421850969953	0.01837760531136079
BGC0001132	NRP	1	127	0.98538423657781404	0.98480618041922907	0.95590943870132516	0.012192113474194907	0.0058655542041214257	0.012578334178728334	0.96485900910053279	0.96893168255498119	0.92674273529613616	0.020907406485183182	0.01415879793821544	0.025782291348510622	0.98535644173592341	0.98487009307586448	0.95586351430780048	0.012201738544404168	0.0058768033425814718	0.012628313460766205
BGC0001133	NRP	2	126	0.98357954841517403	0.98712344652497497	0.96501778737577093	0.010087575602774694	0.0066019754192402358	0.013320112504951576	0.97356285990256863	0.97023332000330664	0.95235494390530617	0.015562087704698696	0.010631862484314091	0.021802315809041795	0.98338161570307747	0.98701722423919769	0.96464756593812062	0.010302328584323511	0.006682382097863049	0.013592431274557892
BGC0001134	Other	1	127	0.76723765006007061	0.89071659628458888	0.48072671868029915	0.20773986900191521	0.099570996498178091	0.35252703935549534	0.87617342631612494	0.92390138093173624	0.71763235604000886	0.093613214712343407	0.051022530244337269	0.14142686578868313	0.76407490679859114	0.89003837854314494	0.47172370380752821	0.2110851117661825	0.10098982985228902	0.35817138777361113
BGC0001135	NRP	1	127	0.96059703642571159	0.9614282489455851	0.92330482565861327	0.0216120610757485	0.015919948050611921	0.031730313087895867	0.8836382463518534	0.88812390922277062	0.82503237648113636	0.040356923705181381	0.047932120546692894	0.069850959551866598	0.96068912963631059	0.96169133921207217	0.92285817509878287	0.021629337132909533	0.015883673987221392	0.031736666020083737
BGC0001136	NRP Polyketide	5	123	0.98701400365546976	0.98830467495721774	0.97414157158929526	0.0052231375557622679	0.0052090028956985005	0.0078586329828398416	0.94379536441353873	0.9574951542425576	0.84724382004495291	0.04522027938645453	0.022900505260878945	0.06482822323758719	0.98682384439595161	0.98824738342830964	0.9733146169901522	0.0054881562386921781	0.0052855844068191212	0.0079025601771977039
BGC0001137	Alkaloid	13	115	0.80784970469162842	0.83246912894406289	0.66559526179366457	0.08189374198680853	0.080982103097136424	0.12141403003288942	0.80038097619085824	0.76550536411193915	0.69166819235080534	0.099733698415511204	0.08444314172513559	0.10370500327053911	0.79854284900463912	0.81700667207805733	0.66394693056765941	0.082993046254813685	0.084926419203053577	0.12878984017263895
BGC0001138	Other	37	91	0.98239883759783297	0.9904906719375639	0.96174717925602149	0.013446042674571479	0.0070751553898162232	0.020205075771461356	0.94348958458366394	0.95803183703679751	0.84446711080713277	0.046592001971986569	0.022876317971768079	0.055948365058371419	0.98806696272113326	0.98916821026241286	0.97646175705384974	0.0065824463211831084	0.0047906776794864438	0.010640042984921383
BGC0001140	Terpene	36	92	0.97399071403852877	0.97995064256709918	0.94722604357632278	0.017049904624997971	0.01047639817455579	0.026992538648782372	0.91965072477985377	0.90962981378341634	0.88492437365442045	0.032744351069115114	0.032737895045451215	0.052306333748205258	0.97282302258797571	0.98609861265417109	0.93318707962506686	0.022050471291047827	0.010974688945233235	0.032966470210654464
BGC0001141	Polyketide	10	118	0.94847514858537108	0.96917862941476673	0.88540755716969355	0.045870884076775205	0.020869210885624968	0.066336248020618438	0.95437901548444692	0.96434144331692206	0.9108698450701449	0.025004003354189543	0.018428591903656154	0.039824378760061507	0.94574330818283614	0.96840701297276166	0.87715331317887024	0.047969907653427658	0.021993290269178734	0.069816807365509659
BGC0001142	NRP	22	106	0.9864269805807856	0.98678556243645266	0.97789005727542488	0.0062074996401404051	0.0054471825201007681	0.010422081640843683	0.98556386488827052	0.98485506213841556	0.97645491312246635	0.0068070934825079279	0.005797122365544749	0.010935902468554692	0.98566209642890468	0.98615569297052774	0.97689958719170011	0.006803999645447343	0.0057547492332671755	0.011321108875707364
BGC0001143	Polyketide	15	113	0.98990327612645734	0.99061153070913854	0.98204506357025256	0.0062024354353998178	0.0040486892072309159	0.0086262230533044049	0.97420699130809518	0.9923065659185426	0.93428292588755202	0.028060825353050944	0.010378155597478612	0.036655341193235991	0.99030209412747006	0.991700441827993	0.98203624654837118	0.0057046866055710755	0.0038892975180535583	0.0073070294291729398
BGC0001144	Polyketide	5	123	0.98082836512800742	0.98299252511442003	0.94293291679373437	0.016212229154735292	0.0077047097066861078	0.01968017253604637	0.97007675832544327	0.9850237062259406	0.92628766180197841	0.026849387226686172	0.012046251772450379	0.035155944915857829	0.98034341400299141	0.98255182140880315	0.94133554528372887	0.016635902157050901	0.0079001866487091957	0.02014984022392996
BGC0001145	RiPP	10	118	0.99577404658717283	0.99619182909049275	0.99154651271242678	0.0026471429849820095	0.0016926431919993324	0.0027199800345686365	0.95741479527631146	0.95587996387359431	0.90846296888440059	0.025074226390210008	0.017300478558130394	0.040147359713915476	0.9962112735301627	0.99698985698772624	0.99152813830302033	0.0025722880992943894	0.001517562443886189	0.0026585620476632377
BGC0001146	RiPP	7	121	0.98355184838518606	0.98175752130019722	0.97152690509949702	0.0092060154618271821	0.0066512781761774772	0.013451430888616112	0.97953137829654668	0.98388997002889544	0.95613514117615683	0.011742365692562285	0.0082356636352573839	0.013924830088485107	0.98278255729573138	0.98112050194518075	0.96944063786502699	0.009991108338014967	0.0069691355249248185	0.014260954232546807
BGC0001147	NRP	21	107	0.95795250774836482	0.94990412056652773	0.9223833862502745	0.022289670663765491	0.017043314086906913	0.029475571401953116	0.94255295791795946	0.94643360457397907	0.84654416274646394	0.042377789196300641	0.023252872066982101	0.051042102319325489	0.94845449554125616	0.94502005237614206	0.90849100950876349	0.026845957706456019	0.020977622980747103	0.031952628399186001
BGC0001148	NRP RiPP	21	107	0.91661817788532729	0.93189119578165847	0.83003703505671522	0.051798928662227121	0.033945809989038886	0.054756620474258888	0.79777307198760705	0.78836387634010907	0.60446633743270251	0.10845032629292355	0.08546183384605302	0.1521159733012849	0.9226216941819414	0.93638700643535344	0.83961952461046963	0.046964317568536876	0.031458298876361958	0.043303862213414757
BGC0001149	NRP Saccharide	5	123	0.9733345299157421	0.97509896530205598	0.95555105779128724	0.0089916635333816709	0.010746609290818743	0.013891943213237612	0.96857192090824074	0.97285258766282112	0.94878745003597054	0.012884728861196506	0.012660187219744535	0.024017952964462519	0.972555288336304	0.97481331593845577	0.95338375682652776	0.0090881414788851096	0.01106443392647447	0.014831504898562775
BGC0001150	Polyketide	20	108	0.93567066067574811	0.93199115348463679	0.84279328407041465	0.046064889542415451	0.026100590014197067	0.055237361349972369	0.91579675037102393	0.93279910614135431	0.79812997502416183	0.062121535538808011	0.03514720969859262	0.082496156365604367	0.92133817490815217	0.91286605680618593	0.83282001510738746	0.048816534099702526	0.032008589663261741	0.061637426266628825
BGC0001151	Other	14	114	0.92120603539549761	0.96527507474163543	0.77881570054558968	0.078441278007124998	0.032057894342969059	0.10664464997212486	0.84775600486497704	0.88494351681299288	0.69727663173397381	0.088792324732469688	0.062962153796640413	0.14031591007115396	0.90954272419063342	0.96516938085347048	0.75580619779905889	0.091147860319000101	0.036912167297100562	0.12581303463628368
BGC0001152	NRP Polyketide	8	120	0.96866668755279195	0.9679603960182499	0.93393394994779633	0.017153150449027002	0.012669270738761052	0.020944169291586379	0.99404598109614817	0.9943975985121456	0.990878240899979	0.0019399618352858551	0.0023854573239761923	0.0038082840737978518	0.96450162638382098	0.9637016950270918	0.92499225767468007	0.019527331371464698	0.014377273203365792	0.023848732928599792
BGC0001153	NRP	5	123	0.98675887392190198	0.98886710765200725	0.97534430232010716	0.007033093330215295	0.0053220130974141796	0.010499766680888145	0.9840194701932401	0.98203080545778088	0.97641236098743067	0.0068792552346655317	0.0064153939420518837	0.0098149667304714416	0.98651497739378757	0.98866824859657543	0.97511838951277097	0.007019966134436539	0.0054208924905487562	0.010591538191417449
BGC0001154	Other	14	114	0.81644144953952646	0.82077281800396906	0.64311119570508413	0.1102322852676777	0.076444819220274823	0.16978387954005636	0.44569727659790026	0.41984675061906596	0.17708164445073987	0.18243786887841798	0.2554296127751457	0.34776148019241604	0.83821298841153147	0.8451324914776932	0.67673585119376212	0.10109883135342261	0.067024635141769887	0.15298857078294847
BGC0001155	RiPP	17	111	0.96923616833813109	0.97051552970805988	0.93784622666292738	0.020004403688757538	0.012416096448727432	0.029885731998335885	0.9358814541900925	0.94154099634162303	0.89719517574416696	0.028881687841726133	0.026048433215284585	0.045046269826259366	0.96866418247917707	0.96858075926140597	0.93765194757931292	0.020207842350388295	0.012651037043721702	0.029802265887619361
BGC0001156	Terpene	31	97	0.97816062689881755	0.98216155142731176	0.95782518113446979	0.012259579668962477	0.0088165924312824558	0.011935089951649824	0.7840795439577517	0.82180644539253556	0.5955165396555081	0.1082653163679599	0.090754156215192533	0.15044734680098415	0.98334032375062874	0.98507528150159018	0.96083831468562286	0.011509215569810834	0.0067275099236498992	0.011666639602552875
BGC0001157	RiPP	13	115	0.98752832534130996	0.98820357802837688	0.97782145503216322	0.005519516725360038	0.0050073469979078356	0.0083836971349043887	0.86753096435888877	0.88577159798772642	0.76961591158385467	0.059047882169079489	0.054630066940280053	0.095162706676346964	0.98825135327349045	0.98759764801196881	0.97841304792795725	0.0052962934989080014	0.0047200754729080693	0.0078134900995904255
BGC0001159	NRP Polyketide	25	103	0.98795142338789987	0.98873498844568841	0.9784284804495933	0.0055033430819640605	0.0048314987271086407	0.0065607380441126129	0.97234929347932209	0.97193000117722284	0.94030801998057412	0.017822085769336696	0.011127342973426435	0.024314836912386339	0.98968901354481298	0.98986646100761644	0.98275545269201137	0.0042360455501638267	0.0041332905539862349	0.0062911931157962897
BGC0001160	Polyketide	1	127	0.8700931993042863	0.90007793830012262	0.67392130423727492	0.092341270227582872	0.053679794203654964	0.14307888046408346	0.67075319405612455	0.63982201373153158	0.43786291503712471	0.15749089785263065	0.14641782068790168	0.22489481097836483	0.86890665526763777	0.90114767965549936	0.66928942178240358	0.094305548306733156	0.054199480560491661	0.14637795409728016
BGC0001161	Polyketide	2	126	0.97659167088423904	0.9796816298262363	0.95471681614484238	0.011373937770747997	0.0094182577586295006	0.01522347834380422	0.90559410551689934	0.91615632810552716	0.74757497729590083	0.065584332773105908	0.038681183073745948	0.082982439589567192	0.97668004103302974	0.9802006253671518	0.95531131152594795	0.011154079658213231	0.009382025331578215	0.015036081974746818
BGC0001162	Polyketide	2	126	0.99089205654627399	0.99351235815198458	0.98045641969317132	0.0061163279025304596	0.0036509225250994869	0.0077760651614044995	0.93406735026099452	0.94041909641942834	0.87988205546804654	0.030131940996946858	0.026889275287757086	0.036843355398070599	0.99074862268288943	0.99335540162602665	0.9802273590326005	0.006230644525223406	0.0037083736361251951	0.0077157404969239174
BGC0001163	Polyketide	2	126	0.95779606103863446	0.96351320979783872	0.92296720227377227	0.019336814541987782	0.017037027316295437	0.027582203457814036	0.78381074949803842	0.77574436081687437	0.54293253099809113	0.12251936454334666	0.092091512547604504	0.16146084267235206	0.95931980523359406	0.9641929852800557	0.92369294712946204	0.019065407169612573	0.016416937401301523	0.027343287580902431
BGC0001164	Polyketide	1	127	0.98462968358201297	0.98758121258234666	0.96097301569760785	0.010213514278882596	0.0061677327907824877	0.012533462796910144	0.91618051417390611	0.96063911821638115	0.75713874241635859	0.086007729656768769	0.034734734308188811	0.094419625798599971	0.98473558064579314	0.98751742396229747	0.96120897845361408	0.010106393090254146	0.0061251218203959516	0.012236987179377601
BGC0001165	NRP Polyketide	14	114	0.95819730765937794	0.95877636750472572	0.92241498773729302	0.017774985876653326	0.016892009163788989	0.023927215049033501	0.73957846070038924	0.79981620724297553	0.53601160590873964	0.14500389322341845	0.11208202730893628	0.2610750956966561	0.96874968476103318	0.96975341467106346	0.94321385067985875	0.013521361485472127	0.012589405352473038	0.017625913908077662
BGC0001166	NRP	1	127	0.89450103179512352	0.8977366738775534	0.71429882196829042	0.080783567542773133	0.044024803092883723	0.11471732698454262	0.77184284405323988	0.88442635470459074	0.44795843964671644	0.21060948777061078	0.097172547811894633	0.34239319003615643	0.89479029551997247	0.89850474243780298	0.71533808094510298	0.080288666129724545	0.043907338408800012	0.11360079438339654
BGC0001167	RiPP	12	116	0.89087266607075399	0.88858200663092579	0.8206800555318654	0.046389538038961994	0.045111308169884665	0.083477693197644642	0.64711796996652904	0.67573379583023785	0.37072500175388556	0.12926777472724427	0.15977145898630046	0.26701563647970283	0.89556360989995021	0.89301252503522943	0.82534714400060538	0.046005444852539351	0.043094397214847133	0.076143844642179603
BGC0001168	NRP	3	125	0.91538707532207098	0.96337561589306653	0.75682113249141814	0.086902474417958828	0.034668089692079795	0.12381365215314077	0.8005073761261059	0.85075463483272706	0.57984002509279098	0.15433741532997339	0.086733370305418472	0.27266760818045344	0.91704985585684917	0.96349621221940651	0.76103835089297478	0.08497094890292313	0.033962554014801284	0.12081881024743191
BGC0001169	Polyketide	12	116	0.98668470122026597	0.98580622165339227	0.98007411923651355	0.0045097497596927804	0.0053422096209062801	0.007461534234288747	0.90989961106911621	0.90389689120221695	0.87661248743428788	0.031422021029618059	0.036833108122266055	0.061289867520087804	0.98762025792951547	0.98777348739207471	0.98118287430081452	0.0044217948192443674	0.004966303107650805	0.0075634422023517223
BGC0001170	RiPP	9	119	0.96632127225272113	0.99251798189180152	0.90555149608080543	0.038078159511536099	0.013820928293489155	0.056006166399844237	0.7240582441279807	0.94903276835263894	0.29471906994798497	0.31883411074494056	0.12204766026012517	0.53587870769611934	0.97096757418839874	0.99261313273733998	0.91884787110502009	0.032167262347371758	0.011868358188708728	0.046919271246276262
BGC0001171	RiPP	8	120	0.78395791648571189	0.83892949324569877	0.5230634934864451	0.16130166250056791	0.092289507490530442	0.28179848549658171	0.55282975028944858	0.62270926771784674	0.2192861351455446	0.2269049160795216	0.20162867780233462	0.43916962880859145	0.77656313578310354	0.84370224767613256	0.48842727934743752	0.17778904401541121	0.095793429720258422	0.30671864378922964
BGC0001172	NRP Polyketide	26	102	0.98194603629929067	0.98406379351563045	0.96048988627005416	0.011537039532791912	0.0072490108519909667	0.016794419714819209	0.9198506720168933	0.9572480850926175	0.80173908724012433	0.074657600854994829	0.032631189901758506	0.096435427596663015	0.98710239921409304	0.98854138600081409	0.97727835216954828	0.0066174660660255086	0.0051736101581500325	0.0070620007113506578
BGC0001173	RiPP	12	116	0.87314664829967337	0.87330778561547939	0.80097971037944693	0.053476482041449773	0.052971116491325868	0.083342088916207979	0.78872718464974789	0.76274243600746505	0.71954478016100332	0.081469124804106841	0.091374144105410518	0.14037272869358652	0.87478773533705689	0.87419841856462477	0.79916927670551186	0.054390996952961415	0.052189989309907057	0.085193685929071172
BGC0001174	RiPP	7	121	0.81968887771177212	0.86208010582270034	0.62462614762621393	0.10005817954556619	0.075841660328757346	0.14783940390163264	0.85294177042605546	0.83989672381476976	0.78112441840254609	0.048170271718169747	0.061111437083009833	0.069908677950609066	0.80971859368940857	0.85140643236115687	0.59739134388313986	0.1094585949572381	0.080220204609692078	0.16484742860064094
BGC0001176	RiPP	5	123	0.95702113202857131	0.94571197148361463	0.91609733201652277	0.029756160555411311	0.017383962173861157	0.027895391122928492	0.93054382772694066	0.95522397218507926	0.82628548083503084	0.060784016025742321	0.028185417925546807	0.080687150455327705	0.95672118391953309	0.94385400939002562	0.91767816326426022	0.029596333112600588	0.017508901860421734	0.027296108143039288
BGC0001177	Polyketide	26	102	0.9859250974534689	0.98628824530260839	0.96597429787454703	0.00888092524985481	0.0056561586682678747	0.011314810400750774	0.96278338468334435	0.9638563591039484	0.90681361586945286	0.027050242804906144	0.015019661568417742	0.033219368710413644	0.98433166613112932	0.98460777319916071	0.96359501388253399	0.010969778030510876	0.0062977773273150458	0.013665465617237138
BGC0001178	NRP	46	82	0.98053806943934807	0.98540833383093795	0.95761768854546236	0.011931741357872793	0.0078190690174348987	0.013337929547509342	0.97829820659215849	0.98293437681016238	0.94586766096179764	0.015051752532751784	0.008738627554172318	0.018541105972497252	0.96779317226711759	0.97300995513714439	0.93816986246025547	0.018732369999508218	0.012982350799187992	0.022178990419150835
BGC0001179	Polyketide	28	100	0.98103514440884965	0.98355183967033355	0.9559934384974863	0.012481087864287822	0.0076329042332900611	0.014047065014151427	0.94317447044468283	0.95718591998356484	0.86033242870098636	0.036131457080946359	0.02306320797428052	0.044139243031873332	0.98433751602174446	0.98906985197940389	0.96378796222272822	0.010330496038697687	0.00630223583183942	0.011484452066892858
BGC0001181	Terpene	1	127	0.82589496251738215	0.92761905537741174	0.58451475621755544	0.14994035746462392	0.073379244450166636	0.24140864930744965	0.30409996012763968	0.12124116196416458	-0.037957881186137354	0.36962554421403471	0.36771093469750787	0.53417850500771213	0.8263802764888053	0.92727753306845773	0.58867829155725326	0.14939941383223623	0.07321151159150896	0.24118595486233119
BGC0001182	NRP Polyketide	7	121	0.69453978082805212	0.71884250505389491	0.46858569807507289	0.11735462131621968	0.13100631354655715	0.24171503500090219	0.58805101677128613	0.69112592371377257	0.2381561118315296	0.24343373399085397	0.18613251266554071	0.36171090369600445	0.69548174221253523	0.73480875154513781	0.45920948275952034	0.12382731045304968	0.13057922320072696	0.25136480231277902
BGC0001183	Polyketide	60	68	0.97401972746780119	0.98219963451440728	0.94502097355481018	0.021187973770756166	0.010449488446746601	0.028927877626519827	0.97773809041368787	0.99464448416449958	0.93943667989080704	0.02422031889533292	0.0089499274539623693	0.030310502867254896	0.96142480973008804	0.95521380136917422	0.91924526367543669	0.024134676492276335	0.015554575609668841	0.032416211728170663
BGC0001184	Other	7	121	0.67193312227102098	0.64677771786948557	0.47357375276058628	0.15729459297066428	0.14181237386552653	0.2828675053255213	0.57685246632420639	0.67004742617413826	0.23788463230351553	0.18732147899286533	0.18955837221854641	0.30635527568335064	0.67365382877320834	0.64313154519955351	0.47662779532883215	0.15910368093057875	0.14093375547083864	0.28422663485033051
BGC0001185	NRP	5	123	0.97706197265107075	0.9735778508353341	0.96774335515171095	0.0088719403507750913	0.0092242836732556507	0.012805544913256917	0.95893795771376167	0.96388905014307358	0.92404581332290192	0.020301537557243326	0.016599136413512607	0.029711737728283727	0.97711270916970672	0.97375920539730787	0.9681276003337751	0.0087367557529871662	0.0092035534245711766	0.012680264595079982
BGC0001186	Polyketide	25	103	0.98262663039100462	0.99019532596322946	0.95806275031984978	0.012664827624678705	0.0069796733091465057	0.017222373300338156	0.9858834896995663	0.98820151452673388	0.96747492561813231	0.0085907152718440721	0.0056638717975670879	0.0099467208320368483	0.97991579658664585	0.98791374093047413	0.95509923387479356	0.014643305800489519	0.0080741030045657254	0.020158964408882651
BGC0001187	NRP Polyketide	2	126	0.94931527677046912	0.95711031553279247	0.87770059659775268	0.035627958448467605	0.020566231957408209	0.040566004900033814	0.91936333184793573	0.94044697771360986	0.76781973858521124	0.063246599731380554	0.0331556114467342	0.083645349618987397	0.94906211940906116	0.95750177847707285	0.87902347654108781	0.035376010169845803	0.020669258969271985	0.04021059761192447
BGC0001188	RiPP	12	116	0.89349662638777561	0.89158904411920137	0.81185077839087261	0.043422725208134637	0.044093415826937953	0.070051061717001151	0.84516567364741824	0.80988284505493091	0.76516839468681108	0.07775540947426178	0.064389676962154807	0.10172457528488688	0.88128732563433654	0.8843497864393467	0.77244901179290981	0.052275640927951381	0.049422697640106185	0.090123577638297592
BGC0001189	NRP	18	110	0.98260629009269618	0.98519470134111753	0.96180227307779864	0.0094419146193991214	0.0070134549884414586	0.010953339742198365	0.98067739347612048	0.98154590085615023	0.96712530638164906	0.0085151863431986666	0.0077868896111096932	0.011188319642117084	0.98113616280000127	0.98462718349887479	0.95818129194281154	0.010455421722615174	0.0076188852474352144	0.012780784376212329
BGC0001190	Polyketide	20	108	0.98096471930356266	0.97712262130033911	0.96279842092825729	0.012065833291005723	0.0076486092593089916	0.014840366203120792	0.97988478407683155	0.97208144670623897	0.96524832472612276	0.013833483663031528	0.0080967487731505201	0.013857098183852945	0.97998429199645121	0.97621298306512605	0.96145386525592147	0.011985255890263677	0.0080427912438102659	0.015162379635433543
BGC0001191	Other	15	113	0.85634588057226968	0.86191077257835302	0.74033581394891235	0.061278624631240654	0.059453556996571802	0.11570226080148349	0.60316034902397297	0.59475414489374145	0.38448283448422754	0.1881238774933264	0.17554566990305065	0.28692954123426584	0.8526382892042832	0.8709451413934185	0.72469238268578384	0.064356077190542746	0.061016272582128807	0.12100721505882728
BGC0001192	NRP	5	123	0.9817762599307297	0.98234551114618385	0.95556518680166491	0.01011510706774558	0.007318321613494461	0.012814446092447196	0.98458802401458168	0.98561930842480372	0.97480237130030822	0.0061114103160346154	0.0061841120605053753	0.0083774192127132885	0.98082510357095054	0.98142870373160207	0.9526382174925313	0.01093830368520337	0.0077020430923034231	0.013797300274066893
BGC0001193	NRP	25	103	0.99140512214769549	0.99216333685650093	0.98446092692132636	0.0038307909041500488	0.003446477323968944	0.0061361016964750492	0.96659882330175506	0.9712406933206531	0.92927658509704536	0.023666893988400366	0.013509497840790674	0.034857667930470626	0.99204197893267465	0.99207973645481262	0.98385434561866048	0.0040065449676334221	0.0031896036781179802	0.0059166990285834942
BGC0001194	Polyketide	22	106	0.96331559692000623	0.96307251909834979	0.93631079731989841	0.020911274787500222	0.014796054116480328	0.023686975234300078	0.91105624067770807	0.91913702311244216	0.81780394052959582	0.049276598963969367	0.036266677996654548	0.056873996863923026	0.96027951624622232	0.95124757617621836	0.92501812278040263	0.026418670335270403	0.016024956661971013	0.026390314661638881
BGC0001195	NRP Polyketide	19	109	0.98931491336669575	0.99050094614760797	0.97463637980413342	0.0063174105410827505	0.0042865229807404152	0.0069434464342145175	0.99012155783138778	0.99331472995507308	0.97104605569987135	0.0080657487157955853	0.0039598224869046962	0.010032815874823853	0.98667882720096201	0.98801766534273205	0.96476619450063705	0.0089054807075060853	0.0053487255891261128	0.011330223791456207
BGC0001196	NRP	22	106	0.98492570913590605	0.98716975338203583	0.9676233996106729	0.0086476349388333994	0.0060507061720857184	0.013363879865618045	0.97928393097758892	0.98047996805197168	0.95026047666009794	0.012005863553236455	0.0083280792108260566	0.015890590343902167	0.9831595985218321	0.9877167467821717	0.96137446688851946	0.011301594418825162	0.0067636175301383217	0.016847310219408773
BGC0001197	Polyketide	14	114	0.96383469755208073	0.96813197085273894	0.93211914518831074	0.021375866225548809	0.014657539751155779	0.026118931243996446	0.83591509100175421	0.92110145532163124	0.59545568742092292	0.15159180746073403	0.068024989607211012	0.22116619756375044	0.96572910343341578	0.97106872580195813	0.92872190206843908	0.02183056966768784	0.01387781137868933	0.023975888620467178
BGC0001198	Terpene	3	125	0.86675610456888763	0.88815769320761406	0.79005291712103243	0.058105519666564923	0.055174283453895211	0.099211595227598259	0.57629086972923083	0.51153185650000743	0.26001086722125305	0.25016371713095087	0.1872532514476023	0.31708703287070439	0.87233939095682067	0.89359487532397974	0.79711669326329015	0.054475905029345656	0.052804545872033093	0.09356377874722821
BGC0001199	Polyketide	25	103	0.97806955074992352	0.98449220621477673	0.94518068291179791	0.016450047109057776	0.0088355336589525987	0.021327165591577102	0.94126568621070805	0.94588352035611289	0.85522592022126376	0.047085404152434729	0.023929371050364145	0.067145843405922556	0.97918639065189583	0.98035049797197127	0.95134793463368039	0.014279874452681106	0.0083770234229568752	0.01686855068426707
BGC0001200	Polyketide	21	107	0.9737624386171605	0.9805625905164066	0.94481833890835665	0.01628807151119464	0.01055861183981186	0.02120046818810839	0.9107251878896232	0.92163663951871333	0.79634412945851496	0.049766126676114283	0.036403724456866439	0.062043416946309327	0.97537655886966523	0.98358030549648823	0.94352061641658969	0.017701802858357416	0.0099086668000427647	0.022400773058312118
BGC0001201	Terpene	2	126	0.78326386158067474	0.83775235341483356	0.46806870629339803	0.14782588014376227	0.092854660094927197	0.17209044710601418	0.3941924400487441	0.30558288700872871	-0.14098896175073392	0.32442659191855799	0.30828704029934018	0.42703433705120308	0.78649194267613098	0.83685634986585944	0.47985747188074002	0.14392262694600363	0.091361852518791725	0.16742948365801202
BGC0001202	NRP Polyketide	18	110	0.98140356226167147	0.97938086037648076	0.96664369435366448	0.0085605327018003791	0.0074739703688510902	0.012481027175895831	0.94231130452569878	0.94624765487917872	0.85605644254283664	0.038657202200134161	0.0234360885845168	0.045911196824180101	0.98216452073016536	0.98251186475156416	0.97026910084664686	0.0090303678370527579	0.007168418137727439	0.013987657990823577
BGC0001203	NRP Polyketide	19	109	0.98568633906997027	0.98626398088780221	0.96980159510857833	0.0089428214273970033	0.0057572389892499576	0.00893891533212543	0.97891544779576467	0.98865681858116194	0.94689358026032222	0.018379996739797313	0.0084927126973267427	0.025953894642867237	0.98357237246758056	0.98609231100342409	0.9657899766970639	0.010831315746137254	0.006615143107508414	0.010195052705232688
BGC0001204	Polyketide	35	93	0.98864036390133114	0.9890448250335554	0.97918175991225098	0.0049190087026330202	0.0045558107206048696	0.0073318044705090735	0.97700262955522754	0.98016780875283738	0.9421714030884627	0.01604147825294458	0.0092503502374692743	0.022472674313893326	0.98684480421529341	0.98611307494053047	0.97848081234857687	0.0065036966985652801	0.0052771851166779184	0.0080373386113598011
BGC0001205	Polyketide	16	112	0.95971325956240783	0.96464255530656939	0.9278146598168483	0.022096624351652491	0.016273558041540646	0.024591288167260084	0.95340905857517944	0.97632468896704216	0.88829829050513531	0.042508786805024089	0.018882431840260439	0.061453860046762232	0.95673994008975582	0.95968935299573355	0.91422056888455272	0.02429903557464232	0.017479000562162183	0.030084872977684585
BGC0001206	Other	9	119	0.9049415144599795	0.90061118538167184	0.80321137174113866	0.055645287892011251	0.038825597719540972	0.084629110924909656	0.49396491859886227	0.61478138487580791	0.091950532400163779	0.3361534111384416	0.23785578256549672	0.48044691911599269	0.92626011062809588	0.92392061139930737	0.8517826013241665	0.039411816322674965	0.029975329819748976	0.055947847473645784
BGC0001207	NRP	10	118	0.97961309530330298	0.97896048552841042	0.96319399860985078	0.010716454345499782	0.0082352795505852509	0.014311072408289771	0.97888610173306745	0.97611944759582336	0.96582961173107995	0.0090507742069644292	0.0084950779451138381	0.013112717995758638	0.97894764714770877	0.97889353443610583	0.96189376119010117	0.011378590390529682	0.0085102131994527763	0.014657640857541621
BGC0001209	RiPP	4	124	0.89109806451107598	0.91670792640113152	0.77144962098116654	0.073636769841774877	0.044685373806621319	0.10738302012555612	0.70622774679676348	0.704460414314663	0.56705699944583743	0.096580136059819632	0.1272958340238223	0.21021124536294833	0.89142196283687714	0.91882471519326336	0.76873103015173427	0.074725855487115259	0.044542792877384697	0.10897702830058131
BGC0001210	RiPP	6	122	0.98224432893481617	0.99325793194902734	0.95704607181836032	0.016929964410423694	0.0072319736799163255	0.025770710809396191	0.71873800728071813	0.72356031538534604	0.48303314768005501	0.15592551244248565	0.12112163465078125	0.26563142753056868	0.9842697208237372	0.99435888660453275	0.96149881978346141	0.015134946991641252	0.0064060281589030984	0.02298515048153682
BGC0001211	NRP	10	118	0.98842338994919154	0.98814411673415647	0.98207224342386001	0.0048101375643914788	0.0046467116512955544	0.0082627616524791891	0.98072038138517814	0.98372774232715066	0.96112640237158087	0.010926269624023922	0.0078249047072348477	0.019223730140903839	0.98769594870562183	0.98773482847917782	0.98023235246134255	0.005246015335559167	0.0049393888731551925	0.0090227273208560721
BGC0001212	NRP Polyketide	14	114	0.99211731150447702	0.99312368964867948	0.98129117973927438	0.0046086702761799587	0.0031638264863341091	0.0051716283156080234	0.99068623581834425	0.99042647109861748	0.98462574235389755	0.0034997336126450507	0.0037361991367530932	0.0062278568596133566	0.99174100653017749	0.99273839609462444	0.9801652450791537	0.0049762982893990573	0.0033153184213033926	0.0053007909955846699
BGC0001213	Polyketide	27	101	0.96961531462196116	0.98455003941929864	0.91138004036119014	0.02840132387951105	0.012236681244367453	0.037144984888206389	0.93060154667435346	0.94639456982384584	0.85669901393770242	0.051168446740960272	0.028206430754640577	0.073972778935414762	0.97086120349981742	0.98038685203703468	0.92015228901316293	0.023246382228590774	0.011732748858853869	0.030042570197477136
BGC0001214	NRP	24	104	0.97161279420554225	0.98109934697745826	0.92941107806894763	0.02370159480273917	0.011574656416705919	0.036245107420755929	0.94815889644292084	0.98282440110123748	0.86867415114564106	0.052124488631127314	0.021440800265119762	0.081124983176338317	0.97289385186709365	0.97561405434912607	0.9371993145694073	0.019444849200589771	0.011029084079496255	0.029940524895098686
BGC0001215	NRP	19	109	0.96386954513991741	0.95801570808286474	0.94137659499311965	0.020403100381036477	0.014572847853771109	0.029998050051732172	0.91488467769550696	0.91521131470510064	0.83090198059102005	0.046354242379304168	0.034821606870812261	0.06671483060753769	0.96244895815527887	0.95455181231479358	0.93862581203951501	0.020806861025951508	0.015158568604390932	0.028687362428146179
BGC0001216	NRP Polyketide	16	112	0.98732627010571805	0.98836378668155045	0.97457751569001505	0.00689428762299126	0.0050830755376620514	0.0074606326601867057	0.90418998652642002	0.9076571423492017	0.83297106384702491	0.052042102041161088	0.039112976936652347	0.071357862264397776	0.98916795495071919	0.98983871310057114	0.97947456798956445	0.005872140196988976	0.0043430045876748698	0.0069165921829503763
BGC0001217	Other	3	125	0.89956055725951212	0.90457641353498253	0.8060711052155598	0.058251856309519651	0.041059061258567439	0.090793962115435445	0.8235000867397384	0.82150287188453475	0.69605368406656365	0.089790024384401534	0.073643158511952606	0.12253271626522222	0.89894146419925069	0.90339842471302956	0.80612246901296836	0.058193996160270337	0.041320870513741469	0.091029653757237372
BGC0001218	NRP Polyketide	6	122	0.95813287339894371	0.97754214212626711	0.90441102235308646	0.033741657354746171	0.017019259945079246	0.052376017455320945	0.94934123685427263	0.95461922651826958	0.88312424060436301	0.029694602714955103	0.020651266057213548	0.037158017951684497	0.95590543608907552	0.97565005202252253	0.89863889293131383	0.03599754683634062	0.017933092820038233	0.055668595382785679
BGC0001219	Polyketide	7	121	0.93104562954255488	0.98877256400835845	0.81851432230195809	0.079838001663433952	0.027974410703124099	0.10396216826321014	0.94571636495196054	0.98551608332098661	0.86965038989469667	0.058216101917574065	0.021960600666938789	0.07583315795251	0.92910570897842426	0.98800825223055599	0.81120200362567296	0.081746282405645271	0.02877347066482654	0.10662869543245679
BGC0001220	NRP	15	113	0.9836720010623653	0.98154325975050893	0.97031795220668238	0.0080014566736747641	0.0065617221223674745	0.010291582279487566	0.98857021897837039	0.99036942670471761	0.97971597848152014	0.0062627566046684069	0.0045829706255456903	0.0080205652533472671	0.98209239933471415	0.98099214785073952	0.96706559784478252	0.0088201150449275772	0.0072015516356039424	0.011866098315845064
BGC0001221	Other	26	102	0.94546588352450056	0.94801563603850469	0.8957278132123232	0.035888603486576472	0.022091139629348389	0.051495769150018855	0.87040077602332888	0.86327363119220979	0.79997591278529889	0.056436067617723011	0.053331516734284046	0.090826915859967716	0.95193850592944629	0.96329292336175198	0.90298122639560485	0.033629021790566281	0.019433348216216027	0.048533563765126408
BGC0001222	RiPP	7	121	0.62890437693837364	0.69952745810052819	0.26671460634757171	0.24440780963086886	0.16706604892213706	0.44866118798145771	0.56673957841595746	0.65250470212365608	0.0064382513492591354	0.33561605303821579	0.20053054456625494	0.62457846977133369	0.61870923476574446	0.65946818870628854	0.27581530114923419	0.24090404416295522	0.17190528969626723	0.44133886038054015
BGC0001223	Other	6	122	0.85758129146925555	0.85968987415671361	0.75102100140761163	0.065037598978354177	0.058747115733305266	0.086293617449100468	0.80832916008405076	0.79716831497138818	0.72638764490009977	0.058663092037340318	0.079988871221555319	0.1193595895663061	0.854311483547049	0.85239515653070552	0.74207086409760836	0.06794177298662693	0.060157998592922965	0.086241829868792919
BGC0001224	Other	6	122	0.86023960447643266	0.94990111823101708	0.62570671937079925	0.13931685909875927	0.057702319769981122	0.19841543179543986	0.55837457441600713	0.53287532294864037	0.25784192499844044	0.19935810874703316	0.20516179606983029	0.3581081566745038	0.85815287326568812	0.95129025184842098	0.62527496495424206	0.14193014225787257	0.058650658002763367	0.20545648503897829
BGC0001225	NRP	24	104	0.92592639943231825	0.93482541750120607	0.86228020594745169	0.031741254526950619	0.030193815782447821	0.054000123247785692	0.84650283903394286	0.84894026849631987	0.78458696331209665	0.03219361884953803	0.063572610600362706	0.082878147709231187	0.930774167025468	0.93752794940558337	0.86135984161380241	0.035938289194202819	0.028184338498553174	0.055745790085787505
BGC0001226	RiPP	4	124	0.96341985672711894	0.99157499899198742	0.91225771705357361	0.041149100250212053	0.014927242760116078	0.059876415201045807	0.95530870847390226	0.96037923378827061	0.89986082835189651	0.035620900481191188	0.018378572269193861	0.053807329233206302	0.96329319095601496	0.99174320406572836	0.9124296167441982	0.041414411987537487	0.014978862665101423	0.06022343510034589
BGC0001227	Terpene	11	117	0.9117598803283451	0.94318909333707812	0.83149765626577532	0.056349609023267855	0.036145616000509584	0.096710487142633639	0.84258052508007864	0.86989484943168338	0.66942975876828015	0.078366427550323872	0.06525419681248068	0.09611804507044297	0.91275971301907721	0.944581346241681	0.83733133350056721	0.055628715152680419	0.035745064910933169	0.095771150281491635
BGC0001228	NRP	23	105	0.97221850737385562	0.97903253818998159	0.92909811976053347	0.019448128928502475	0.011187839845497672	0.026032429312978445	0.95746211767364264	0.96741914812737473	0.90285299943233244	0.025247270825343511	0.017174728908168135	0.036501844919508919	0.97268909352108679	0.9771570520610745	0.93375751519139216	0.017825486779794269	0.0110019054119741	0.024141685132677226
BGC0001229	RiPP	4	124	0.97633937639550228	0.9796075027379485	0.93848419626669388	0.018275593195087113	0.0096403911853297775	0.017582514911249958	0.98480092920461892	0.98597782088671126	0.96343634854735971	0.009093046838416113	0.0061419909971129009	0.010779882351863113	0.97504469066791333	0.9778415428022118	0.93504517104054163	0.019347831845209506	0.010178887988432384	0.018417210910873005
BGC0001230	NRP Polyketide	14	114	0.97087704768264094	0.97532263146957632	0.93998562678180331	0.012833355140444353	0.011749360916587048	0.017276412857738954	0.97744248247261079	0.97690497554127242	0.95978777558156814	0.010738303346873838	0.009120438092280159	0.015057440622645246	0.96362480609184009	0.97059843310399885	0.92315929701939314	0.018103888153491982	0.014697286149900757	0.022951018481394359
BGC0001231	NRP Polyketide	14	114	0.97848686213114444	0.98550651340892437	0.94945646569122122	0.016784039483713351	0.0086561167981718638	0.018789436748128163	0.96155167233616834	0.96150844160994364	0.92178168845585229	0.026271543385092896	0.015500443301699706	0.036325842365765082	0.97836484067060725	0.9844660592527662	0.94861811253693762	0.017377846461964813	0.0087091636319705616	0.018961245736521359
BGC0001233	NRP	19	109	0.95399831383089639	0.95595963970681219	0.86708492504649715	0.037158511114593056	0.018592455503470284	0.042054871324337828	0.92823582300894503	0.93543182540932635	0.85699416706221943	0.040797952593956639	0.029207650832049591	0.049397278750635598	0.95474580326537917	0.9562070059777783	0.86786877810215357	0.036707494386524119	0.018285615014956669	0.040751058119305239
BGC0001235	NRP Polyketide	11	117	0.97166364600106636	0.97592339854668342	0.93808651653769803	0.020042187398482018	0.011435894277597346	0.024587593380430373	0.96516141551353218	0.97472772049867684	0.92791526814151182	0.022305336569876912	0.014123908200004776	0.034098499391861492	0.97054853364421301	0.97599634152517034	0.93129419568631522	0.021542432920325903	0.011887486576844287	0.025940395496110491
BGC0001236	Polyketide	17	111	0.9707312399476109	0.97628456924972506	0.92183983314483242	0.020809872187086926	0.011781155757726692	0.025623614663910166	0.9178821645759756	0.92943171045795292	0.88014211235911211	0.025496279674834268	0.033420218827343098	0.041555403897043042	0.97034326630456857	0.97518331824006854	0.9155266633293917	0.022356527750349936	0.011939591848006503	0.024740839460725361
BGC0001237	Polyketide	10	118	0.96736003609366228	0.96841685916562936	0.94530061368548013	0.012954796708418367	0.0131447751394967	0.0168303027309058	0.90584015116889982	0.90220089934907399	0.85040578274540857	0.036300479891334128	0.038564048023544274	0.054612076746349603	0.96575749411980527	0.96805018909771712	0.94598941412240689	0.014324592316332275	0.013794475981798971	0.019550650406416348
BGC0001238	Other	3	125	0.69467736550740533	0.64211187551205318	0.45206254958361225	0.16483925068861774	0.1310760417101389	0.28096141773917271	0.61081337377836142	0.63970316972274277	0.18860753075874781	0.21693490220482656	0.1704362479164164	0.34318658720154249	0.69369762710994542	0.63830427490212671	0.45431306307680425	0.16577103873436752	0.13154866411272453	0.2828875827726155
BGC0001239	Other	3	125	0.87423680902477086	0.91433144711815206	0.72859302637659029	0.083371725418276407	0.051729673293349501	0.12418026656313741	0.61056619096074927	0.83877603059035621	0.10829626210830275	0.3715864373661491	0.1719999468752757	0.52128882960136025	0.87923904296961608	0.91491844906400865	0.74173014578897467	0.077399208308163658	0.049620530996844894	0.11598114799026604
BGC0001240	NRP	1	127	0.95675975817469183	0.95172992628445119	0.92945397485959291	0.018114383251747173	0.017556702712617823	0.024332363860564921	0.94101592854164695	0.95033349283629265	0.88971665577035974	0.025982335330036455	0.023966846319748991	0.035556951665884129	0.95664477397547221	0.95186974523899437	0.92929042691978458	0.018135201889797684	0.017605317710352054	0.024254704308023456
BGC0001241	Terpene	17	111	0.93141900980202585	0.93523371553218571	0.88984162499349495	0.023423833584311864	0.027918485556488303	0.040096189613503364	0.92558345510014939	0.9417363840104348	0.83892475032553571	0.043642271500785708	0.03031094371487033	0.053359007756863752	0.9292204943640181	0.93146181922318694	0.89484960619009257	0.020253639374359159	0.028829920961000323	0.038382221714418963
BGC0001242	Polyketide	8	120	0.93625846869040608	0.98567007796363759	0.82331171314400042	0.07236077661313732	0.025900986537603976	0.097886612561181918	0.86991036174148173	0.89562009707533996	0.6714300227520269	0.12178495588656546	0.054121725219994657	0.16790633230534513	0.93814070839757358	0.98574164240997941	0.83169102585495125	0.069483832702421575	0.025122360135810529	0.094368211324977858
BGC0001244	Polyketide	1	127	0.9565008764551084	0.96416362893298924	0.90288543927961518	0.024532969346256376	0.017580427847591795	0.028280083207609108	0.8593840716025587	0.86618927378372379	0.66885196861594487	0.082844094301518401	0.058318761703610854	0.10847416544712429	0.95655401796431916	0.96483502361286133	0.90174358364012419	0.024663128110844104	0.01755851501667709	0.028125156502455617
BGC0001245	Polyketide	6	122	0.99302866483676167	0.99472543627323873	0.98570869460782085	0.0045470887562001575	0.0027936688409138989	0.0069543137985760284	0.9912593938585712	0.99303529200930463	0.9808827634806907	0.0051238097851709751	0.00350620848346177	0.0078053819804041469	0.99300295885804835	0.99461471546665914	0.98530842617479442	0.0045919022720226164	0.0028039335320160898	0.0069538893965337412
BGC0001246	Polyketide	6	122	0.97040625666693536	0.97435659886054948	0.94278204472407223	0.01633109528071601	0.011913677232466103	0.02133436700712088	0.97654319188652194	0.98045358091192902	0.95236213151416826	0.014780118606718228	0.0094336872988453942	0.020574738569645534	0.96946376877766094	0.97388557255619712	0.93877898089340295	0.017111706976348274	0.012296130648813186	0.021989197119659298
BGC0001248	Terpene	1	127	0.92078834170101254	0.92114643947485852	0.85379368503730713	0.039954614763143964	0.032862056001413301	0.063152097547408692	0.75407313178777846	0.90183263240947575	0.39875923359785148	0.2345817639384544	0.10605197138321662	0.39400706733137436	0.92088752409487618	0.92078111926416728	0.85572850074741791	0.039509218324274765	0.032816973761831146	0.062089277333325477
BGC0001249	NRP	1	127	0.93827787853049838	0.92744187469390615	0.87787933042415056	0.038962039829946574	0.025133243228366475	0.050596994503444237	0.79169118134821859	0.82817505726217511	0.5288380855978787	0.12737105478361024	0.087879111736603482	0.18673791973011	0.93881164545034568	0.92790471616695691	0.87957411487390258	0.038462560869575876	0.024912390994446486	0.049903338576301137
BGC0001250	NRP	1	127	0.93343709965998867	0.94167742223307871	0.85295402555403887	0.041740547107327386	0.027077583941041004	0.056986449963293162	0.83825097237063884	0.8789749803086101	0.60291604254776576	0.11653455745791245	0.067978113745140692	0.17526089441479609	0.93344411511128378	0.94160050974763898	0.85391283386597783	0.041498606198680191	0.027073298919765752	0.056448227924229544
BGC0001251	NRP	1	127	0.94749866584900122	0.95319520377740075	0.87316069928793349	0.031079599626851619	0.021271651849225505	0.045139448938960824	0.59000048481145018	0.65020411680003543	0.18563339997985237	0.25033213112582403	0.18600617130096905	0.50000616066490422	0.94783246338183746	0.95357188043210561	0.87383216133762809	0.030790452745801489	0.021132071285610787	0.044329695325941332
BGC0001252	Polyketide	1	127	0.95451364949360273	0.98281976781864611	0.88795022211326269	0.041350427452683081	0.018390959048030564	0.058854896337686036	0.85535332359786087	0.89026602701293855	0.70481960250337206	0.090557702581970323	0.059850036345512024	0.13624628666852512	0.95395622628128973	0.98240249990726647	0.88730995717833949	0.041733055332346183	0.018619582254661336	0.059558101767390625
BGC0001254	Polyketide	1	127	0.97379765702290688	0.97980543190775526	0.91866893979233988	0.023198189134386142	0.010543642018090726	0.026036772203131719	0.70558554643799998	0.69645346672789432	0.39140565040458974	0.19755377903133264	0.12925930779513464	0.25803763180932693	0.97441996450616508	0.97960005064913236	0.92028555796131661	0.022665307094114396	0.010291760329546928	0.02541578213258322
BGC0001255	NRP Polyketide	11	117	0.99338011803592186	0.99463961245186328	0.98915129315543604	0.0027748417295938542	0.0026530127678614955	0.0052116118288391133	0.98485956088309057	0.98746105180578259	0.96302416839726412	0.0089984942206495829	0.0060776079724516267	0.01182362135884818	0.99272959226372559	0.99426778402773763	0.98653093277547255	0.0033444103336880398	0.0029139952889914332	0.0058248727850036541
BGC0001257	Polyketide	1	127	0.98553026341015071	0.98674714636664418	0.97403897981312715	0.0066927605861288719	0.0058066331001983551	0.010643728654416762	0.9677556029049279	0.97205539327007684	0.9379954491949628	0.01508059613541843	0.012985995291820563	0.019101617058545295	0.98550473465014377	0.98680411312410232	0.97385620192127675	0.0067731486853984798	0.0058169139529856253	0.010765790786954499
BGC0001258	Polyketide	1	127	0.96578869092580555	0.975638080674466	0.90919469696666122	0.029667463688462747	0.013786261607690831	0.038919577421476781	0.87354785414963021	0.87948411748068422	0.69832169925564103	0.089921856047346635	0.052087707889043378	0.115918245750815	0.96587165717212287	0.97529021970553043	0.90958919722489562	0.029476111363754894	0.013752467864643857	0.038563680619289276
BGC0001260	Terpene	7	121	0.96348659306315254	0.97106210176015284	0.9094084767801992	0.023861702720483168	0.014803192376103436	0.0333603556715939	0.881942427647607	0.89843497815131457	0.74937827528200562	0.082884895208956949	0.050409572555061774	0.11689748592881388	0.96136817414143105	0.96632922539855204	0.89861119657380228	0.026820221888795414	0.015687918648455847	0.037336491824064955
BGC0001261	NRP	1	127	0.96358896110781322	0.96291738652812775	0.90904578953066262	0.024752318985765444	0.014723660007494832	0.031663182249918487	0.84273060344131567	0.86946395077470617	0.68403901077911833	0.1133017797196466	0.065428506167831718	0.15717867107365813	0.96374375850717386	0.96311031140197589	0.908953424205727	0.024745720909734002	0.014660959277457208	0.03154585339411009
BGC0001262	Polyketide	6	122	0.87888361679867621	0.87884837134259319	0.78625001678015105	0.061185281634059868	0.049728566875293347	0.063376509996589836	0.77397208476568535	0.78695348920880592	0.5955358525198976	0.10956704659836013	0.095332435884458389	0.14713799080780821	0.88066745837790439	0.88172721191990533	0.78989897433840217	0.061341267497183799	0.048976415031840449	0.060627309646412497
BGC0001264	Polyketide	8	120	0.95567306690900966	0.9674088114675059	0.89985297699101918	0.035320609085662806	0.018073375521982848	0.052418602078236898	0.95430337623653505	0.96487215190725206	0.89818019227889412	0.037202838985401852	0.018618912847821755	0.055913720227769748	0.95520400114924153	0.96705674556266075	0.89893512952750787	0.035619267425449651	0.018266600618391405	0.052841149925248243
BGC0001266	Polyketide	3	125	0.99243252925522474	0.99322583368784323	0.98463306417558372	0.0045008579761554798	0.003032494906511851	0.0062860452553842316	0.99025515649110729	0.99210692714919668	0.97370258126408871	0.0067901848010368422	0.0039057947040195494	0.0080244681160260845	0.99241749113721833	0.99319492521766617	0.98484193348249793	0.0044668175180163205	0.0030385608849511359	0.00625920368404842
BGC0001267	Terpene	13	115	0.90716451674152254	0.90951679372913974	0.8565186070632409	0.036084395139990517	0.037980017598504688	0.06999933174601114	0.93232689081096787	0.93226341928373724	0.88805643302201864	0.028256727231924732	0.027714054552997646	0.045568554059403965	0.894863718004966	0.89116679578541569	0.84206536108970786	0.042282690801271547	0.043128613962243899	0.079654690381192772
BGC0001268	NRP Polyketide	1	127	0.96396354793575401	0.98144094733159437	0.90638695335820363	0.034043791223027239	0.014520335140996932	0.045202777883178835	0.73977634329046416	0.80391757686623366	0.30975942578153898	0.19384961910856707	0.11022621517928814	0.22923567831995273	0.96460207655402908	0.98181917217419601	0.90889333519526549	0.03345110215845698	0.014261171880207323	0.044475902953531432
BGC0001273	Polyketide	1	127	0.93541264668203417	0.93176628604112777	0.85307686213113132	0.04779500369178967	0.026246114654520959	0.0601566144340695	0.82113116519357143	0.87391070189976905	0.60695781764916157	0.12560864510211009	0.077197997265840756	0.13424430382599206	0.93591263329391339	0.93152329058027128	0.85494675049386992	0.047060318288929447	0.026037714440251759	0.059233354778643332
BGC0001275	Polyketide	1	127	0.9772431243825197	0.97528169080227012	0.96274684720426196	0.010806502151143838	0.0091556399290394948	0.017451018039334909	0.85072027900250513	0.85633040721706988	0.67845191371523506	0.086117346154295532	0.06182507000310393	0.12518682312031115	0.97752676513156767	0.97579609946196322	0.96282657379779157	0.010790834795811714	0.0090406967001394507	0.017315725911406732
BGC0001276	Polyketide	1	127	0.95213514392079723	0.9527285626387797	0.89508005863324014	0.034446027557352155	0.019432126504703318	0.043476319774044203	0.80645585512853268	0.83064880421712739	0.56445628864020869	0.10539196878163938	0.082732097627215409	0.18147794463023192	0.9528151660270614	0.95391270985364318	0.89658658742271524	0.034175769065437817	0.019151719679073521	0.04320958627995608
BGC0001277	Terpene	22	106	0.98172979757334955	0.98579443754154672	0.95599850476058568	0.013984468069822941	0.0073792059024993199	0.020707225601984791	0.98800288643440681	0.98797278600916072	0.98092998919498497	0.0044763217894700381	0.0048119754191294547	0.0082262053092649889	0.97644070269994931	0.98280083240866811	0.94179071444774132	0.019101653740439723	0.0095485339681957489	0.027970370365954067
BGC0001278	Terpene	24	104	0.9674097394409864	0.96894901963795121	0.95240024931701761	0.0086841211546450341	0.013157182479719753	0.018549929525052522	0.92456184154828658	0.92223409241408882	0.87522695600900347	0.034399394823073991	0.030820129462769554	0.060974476946274114	0.97068692790096345	0.96860649006799004	0.95817311335391486	0.0083750840804182828	0.011833341049247026	0.015804890795388715
BGC0001281	Polyketide	114	14	0.99671883948936768	0.99890860280712057	0.99165190278967097	0.0035477658748017562	0.0013140471058121993	0.0044434861325960417	0.9967620817987598	0.99892276913884115	0.99172101382572753	0.0035307783767309147	0.001296619914280317	0.0044279521890359108	0.98243137926985324	0.98164322387097125	0.96578394391355205	0.010289052104320753	0.0070604757815820873	0.012793100654404643
BGC0001283	Polyketide	25	103	0.98245747812887063	0.99031788095932394	0.95850681492561274	0.014455270405363631	0.0070463457640416172	0.01905117521908728	0.9625109637360163	0.96237055683637074	0.90597213121769637	0.027431971014986629	0.015118680670132579	0.034584465329655201	0.98410339686093473	0.99025799201531939	0.96393266126979171	0.012483433438281261	0.0063825066079072233	0.016533724644125058
BGC0001284	Polyketide	1	127	0.93827612704170882	0.94256227743742693	0.79454502486238199	0.054961459148138839	0.025173094446321941	0.061249580731616793	0.94619363126538458	0.96452964560612686	0.88130839965828844	0.032589554901592412	0.021878730447641125	0.055182861289080676	0.9380920616805174	0.94240450011313048	0.79370522274157496	0.05521072694925918	0.025249300387802022	0.06133593990809183
BGC0001285	Other	16	112	0.96916505228318306	0.96964356391943674	0.94681938129908527	0.012842155716265489	0.012420821851532194	0.023032459727293841	0.94465985645999007	0.95496176873415961	0.89648513737531987	0.032133762768336196	0.022393162510400244	0.051947231664225768	0.97013747367757319	0.9718132020136655	0.94827364062975994	0.013252677839347493	0.012029040930120138	0.023523917292795904
BGC0001286	Other	7	121	0.85230813688471829	0.85898583166801812	0.71488890119769333	0.095999186323931812	0.060972541456841015	0.14849116947767493	0.73014050381587814	0.7501445365784456	0.36015981822902776	0.18455230721298954	0.11571472368905951	0.23971336589502823	0.85898866486040704	0.86046377933930684	0.73097030805760321	0.08930740355743251	0.058148546640924989	0.13825793384408402
BGC0001287	Polyketide	29	99	0.98361386025816699	0.98562763171340939	0.95663097229329297	0.011614760928127264	0.0065789033614836786	0.015100216767196084	0.97296297339290216	0.97825401193466233	0.93972677956828443	0.017635701918313838	0.010893464999589009	0.024884038029111433	0.97988292718607273	0.98102992270303613	0.95485363220366903	0.010971250306131212	0.0080835706975925566	0.013598268373736344
BGC0001288	Polyketide	46	82	0.98798206276908151	0.99205894886328061	0.96877989621979366	0.0085148551189379255	0.0048209574417934723	0.0089296440621835504	0.96927854157564775	0.97280702052507007	0.92192422825124998	0.018386777428307799	0.012410508984974644	0.025097033131452284	0.98785059536600084	0.99308910269903483	0.96644405642142905	0.010563859582164997	0.00487238491569153	0.013480203366770582
BGC0001289	RiPP	9	119	0.98349175306575654	0.98515830181779596	0.96216081778395013	0.009824665309657853	0.0066372035710906326	0.013061935892175414	0.96721662797079033	0.96393240956953274	0.94679131845347908	0.013890258878822333	0.01330249649324231	0.024821132259620127	0.98377013631108845	0.98575054238759097	0.9618474531550073	0.010124470705280698	0.0065232408140390328	0.013408579626994821
BGC0001290	NRP	5	123	0.97946762942806453	0.97856977765637421	0.96177032234463655	0.010843662514248597	0.0082600179954743121	0.015024833111087599	0.96507993906620437	0.9666144464424925	0.93475136098114797	0.016205710142384304	0.014102019887124428	0.019498034508743989	0.97931095524524403	0.97811091904205405	0.96042307566370999	0.011118352334359283	0.0083241196260516841	0.015477513843361823
BGC0001291	RiPP	10	118	0.92103301472936305	0.95234739156978154	0.81691548386711055	0.067864278762446884	0.033051835111194292	0.10836610039508254	0.75494111709260325	0.72703863654742251	0.55870362465005807	0.16984021804475533	0.10591154695126739	0.27696123109054149	0.92467318091957451	0.95282100642811907	0.81953741089697785	0.066367567933267285	0.031550196078847195	0.10519677738945998
BGC0001292	Other	23	105	0.95574583661675183	0.96652984026612465	0.88404706760461182	0.031568122909453725	0.017866263909095827	0.035212240991217669	0.85155862761725754	0.88894383994288506	0.5844629024668061	0.11643336707867762	0.061302212074649517	0.12969119584272293	0.96725628309707667	0.96963880946271797	0.92413128631100983	0.019896788629460194	0.013187817616790488	0.023952719630940922
BGC0001293	Polyketide	17	111	0.99130074948075797	0.9918477327909041	0.98721307666529112	0.0030980261404128214	0.0034858490754301032	0.0050173794308148167	0.96571600612404607	0.96744091152717304	0.94080440275632216	0.014349259711591946	0.013816529029460822	0.021052055487166266	0.99042312647887931	0.99055340038792039	0.98390182282859995	0.0038982488358263131	0.003838303796612741	0.0058610460142022314
BGC0001294	Other	6	122	0.97602550904765906	0.97656053237846208	0.95981076408843602	0.010158435822026935	0.009644280829177232	0.017451789015329733	0.79904437790649996	0.88011494409611157	0.56032444253099256	0.15293319047421453	0.084116546489899038	0.24353084540337366	0.97613181194813736	0.97626592105665844	0.95849355859132068	0.010700374116526936	0.0096018890784123068	0.018612198418457959
BGC0001295	Other	14	114	0.90095431827231942	0.91871945094820373	0.82251953091157926	0.049832751332147651	0.040647906424643374	0.09419347902863473	0.52849397664352915	0.47094311498016417	0.11632271106573451	0.30922444388016307	0.21117710763938913	0.3184393328355094	0.91382840598256121	0.91708856347526713	0.84919242033420927	0.033924544483082741	0.035270521642357222	0.065063039223347219
BGC0001296	Polyketide	12	116	0.98780746149635745	0.99032694451265413	0.97831053473795559	0.0061442109195681601	0.0048894086578181286	0.0088844895315040029	0.92886932862837246	0.93712994609507239	0.79428113341766216	0.054739381953438873	0.028939803269814622	0.068453154406899586	0.98865515322962394	0.99038828783470656	0.97885557808650503	0.0064456784038874528	0.0045486434732516347	0.0097220979476140279
BGC0001297	NRP	40	88	0.96153970299754332	0.98330321630098916	0.907520958621714	0.03420408483995592	0.015762731693009659	0.05426121763486047	0.82313964968665965	0.96535536184841764	0.52353151722095526	0.20828434116065764	0.076197629272694772	0.33285627101417148	0.97599442029178751	0.97956234001480524	0.95548482385029465	0.011952731434487003	0.0096982345820868961	0.019621396172626149
BGC0001298	Polyketide	9	119	0.98234778327009398	0.98227688418119974	0.96824627489141735	0.0081010301382087938	0.0070863241467997492	0.011486491254886766	0.9185834112790614	0.92380768510375644	0.82960761607736844	0.044045295173468536	0.033312226508474499	0.050276051232239216	0.9833482575723711	0.98363383632124557	0.96986026853978557	0.0069687682691584856	0.0066834302594010794	0.010427059076162037
BGC0001299	Polyketide	19	109	0.93388940240806517	0.97245012395088248	0.84469572531780934	0.064744211438585331	0.026953900927338868	0.080704414808036362	0.92460134941054317	0.95560284112168858	0.82781279165507193	0.061180040508277383	0.030934467443383372	0.076269166701286584	0.92920981157640159	0.96736115478052698	0.83423646486273628	0.067333357352106923	0.028869603172440493	0.085036480832746841
BGC0001300	Polyketide	15	113	0.95735550052357943	0.98432140205524632	0.90211636121262617	0.038283389785788831	0.017236985300888331	0.049350789811495099	0.89671476493753755	0.91970838981047931	0.79113468166748224	0.077580799060614075	0.042455725643787322	0.10138161795957035	0.96215720571764451	0.98483926817572343	0.91113818097388843	0.033767726745510866	0.015279944286791868	0.043430717686933296
BGC0001301	Polyketide	9	119	0.94862845461361134	0.95401255058069401	0.91140405631414645	0.02023384472899557	0.020853265879420581	0.028385032903719187	0.82470251847178866	0.81503549651767226	0.71825472316342309	0.088084112691330221	0.073057745334490429	0.089811870599405763	0.9522233917640307	0.95919806749357328	0.91879605289350941	0.019018041208103915	0.019379541375768406	0.026408642710296082
BGC0001302	Other	23	105	0.93956211467342254	0.94524436779753962	0.86174595802651355	0.037572216878130713	0.024493071365967279	0.052745122467098171	0.80468350611138462	0.83600042249508499	0.5570647989939147	0.14771932089582554	0.08152825745020327	0.22117544729650707	0.94582152414928622	0.95224864343654847	0.88207290518677772	0.035348075032311466	0.021929454579805774	0.05004467103661292
BGC0001303	Polyketide	46	82	0.98133521578383875	0.9819066312809237	0.96335224944533115	0.0087840551699533264	0.0074990558847297436	0.012166577506365073	0.94708205594825257	0.95186003856154211	0.87712589450696643	0.032659846273041512	0.021466316830307485	0.038252544945675537	0.98672650575211929	0.98752349618178692	0.96974049621663982	0.0071455571117275095	0.0053289534841375772	0.0086721640108674558
BGC0001304	Polyketide	5	123	0.98948915780888369	0.98922038510329735	0.98145309622276367	0.0050234906699816598	0.0042149267219117933	0.0068341649806828997	0.99263512620784122	0.99233172790426938	0.98663178006080232	0.0042609287571954814	0.0029526973736029084	0.0044116888981119429	0.98921253087866545	0.98875364140018474	0.98068332136215164	0.005227989770076112	0.0043260826491223758	0.0071153182650701696
BGC0001305	Polyketide	6	122	0.9699889162960369	0.98134855117673725	0.92805816519135698	0.022801760678423637	0.01213909516093321	0.033953828244822848	0.94031628745259932	0.95428120598408805	0.84095467629200626	0.044742895402453471	0.024476126913346864	0.064408004933407814	0.97068382598777203	0.98178812994258147	0.93146646138770006	0.021914276620888861	0.011852442432321243	0.032846509099695553
BGC0001306	RiPP	4	124	0.76968944049459731	0.74491773111204651	0.54246649124345758	0.13695368963968937	0.097462413102842788	0.19826355761974435	0.62110547819356898	0.69442012360436423	0.25854310605316638	0.2737679746021548	0.16797345708212946	0.38993163126044716	0.7744215716170969	0.7594194917689896	0.53884637431342874	0.13559151535324129	0.095389240259501934	0.20132503356427978
BGC0001307	RiPP	7	121	0.99841504344127396	0.99864811701477429	0.99580072498458105	0.0011015697024154359	0.00063418396451502272	0.0014231733979931382	0.9971995180706591	0.99739585210716908	0.99308381281043234	0.0018827399691870796	0.0011208256043230946	0.0024781406681475548	0.99845034832494406	0.99873633890450875	0.99589893118709971	0.0010869002429135864	0.0006200532588807484	0.0014210721314823482
BGC0001310	Polyketide	2	126	0.88772346488665677	0.91210476031627774	0.78380599479793478	0.05709848803666831	0.046424011529739094	0.076986372482289123	0.82666818708586265	0.86363302568477274	0.60165118912649551	0.11588593934234606	0.073677100636462517	0.2054381310806882	0.88711515836853871	0.91334519007792259	0.77879553626798914	0.05898569512447191	0.046677584691966256	0.079345953511165246
BGC0001311	RiPP	20	108	0.9939708477636614	0.99511793863674236	0.98276095754019255	0.0048459390894902091	0.0024182456047347144	0.0061470502914072744	0.97626339207425183	0.98180775528903541	0.94911439061152936	0.014514689917042734	0.0095849015535892194	0.0208456224599467	0.99432806474189606	0.99595523414953468	0.98494760972905804	0.004353257562886772	0.0022737304944068226	0.0058446391467370518
BGC0001312	NRP	16	112	0.98794901347128872	0.99118508231410973	0.97093751946458318	0.0085953746153231564	0.0048395301452699661	0.010976195631106633	0.98876928871689684	0.98909002124034295	0.97728360173622786	0.0058133888385552062	0.0045026916680081189	0.0087358870096343466	0.98733996908617527	0.99063897472580154	0.96884174541525581	0.0092876492413157177	0.0050876078486346895	0.011546947735428525
BGC0001313	Terpene	30	98	0.95570993255887127	0.95814058624116738	0.92723385872399344	0.015301931227993493	0.018034410776333852	0.025204731055036511	0.96887532146485156	0.97056498736546071	0.91169699577107199	0.025299953237419705	0.012703790406700466	0.025332447765226807	0.93504245877343395	0.93003741152927422	0.90054033876163186	0.022012270263751119	0.026732632410046864	0.035199865261772101
BGC0001314	Terpene	19	109	0.98638155181240295	0.98783538063923115	0.97136442509861753	0.0068346835228711485	0.0054799889122498779	0.010171385374235342	0.990082230528604	0.99170067169313336	0.97656582110544865	0.0057595201203963827	0.0039790808461236168	0.006873427860571435	0.98311511319268141	0.98360747978894314	0.96651218702390251	0.0077291679274967958	0.0068160329987353441	0.011557806368396539
BGC0001315	Terpene	6	122	0.88605187759155957	0.86823272051893385	0.82000291560281102	0.058867434612124098	0.046740517687953217	0.077112170521787982	0.83585109357472409	0.81869730043900479	0.71004387114303469	0.087788447829474731	0.068409980919262509	0.10625211465590001	0.88592528603251208	0.86731528785830192	0.81736994094764981	0.059204828480007576	0.046814700039012891	0.078228716157997313
BGC0001316	Other	24	104	0.88557717348086096	0.94491684084371852	0.74569005145345146	0.092235769646689156	0.047165476505427281	0.12294061753726426	0.862789465336536	0.85139993547630666	0.7466344283406976	0.072162869806320834	0.056720888397919243	0.088324768120268793	0.87866320229514305	0.94335573089289237	0.73146758740423601	0.099375885381282586	0.050077279385600845	0.133668462393007
BGC0001317	Terpene	18	110	0.98695887680173011	0.98935337171885696	0.97278323773365949	0.007519441455437161	0.0052483223879984386	0.012381532543148666	0.98035352532127573	0.98777912253281475	0.95784072899216621	0.013666365045232314	0.0078984513479716471	0.019456962825641466	0.98564009346522741	0.98952111401856091	0.96650646957011199	0.0089953216032956432	0.0057844260832817353	0.014316773713880182
BGC0001318	Other	16	112	0.85551269029165733	0.87871674336687455	0.76038369707058384	0.064390327094473926	0.059872868596475358	0.10163649821841558	0.91902689073936572	0.9164358855299084	0.86172791668949689	0.033552375756717621	0.032975729205214764	0.051801594799591899	0.83722361889306518	0.86082606307372511	0.7173764931880785	0.074967632013020771	0.067721828262608669	0.11259462625673866
BGC0001321	Terpene	14	114	0.98870790181534274	0.98837639554070222	0.98522513594617889	0.0029501963715157166	0.0045276552984094606	0.0061809199749508492	0.99318503511253498	0.99342301668986077	0.98694183763434662	0.0034219696046853773	0.0027305513667888136	0.0050249633974803753	0.98741904851861872	0.9868160056555908	0.98368132041083012	0.0033733725523217933	0.0050459170900763574	0.0068934808849884233
BGC0001322	Terpene	15	113	0.96748960539399076	0.96559267619883116	0.94716647889791805	0.012581564982799134	0.01311426364778745	0.018744282987613436	0.92535811368779552	0.92925362794204514	0.84134517238957884	0.042315612464521771	0.030527563884487741	0.06342764987568883	0.96866522099401275	0.96662018764862223	0.95566926276421738	0.010689238534443245	0.012630866806099105	0.017235949783896198
BGC0001323	Terpene	9	119	0.97606107942245313	0.97734150315478874	0.94898844508498792	0.016379227910527306	0.0096432125034047415	0.023101345858106082	0.97547709281046358	0.97863177228397968	0.94331126559338219	0.018559929927147761	0.0098652510198778513	0.024829819034206113	0.97573803715827978	0.97718590019302209	0.94834266633815767	0.016396899328625824	0.009775663665223245	0.023331168244794309
BGC0001324	Terpene	14	114	0.95616197245146994	0.95962390730732638	0.92568565612187903	0.019732843919084257	0.017837849423951547	0.025513776261773424	0.93587514576629294	0.93736009171985191	0.87247786943284489	0.037912484023085447	0.026064002395141728	0.049314242289523968	0.95422638018963524	0.95923546885103594	0.91707121094670596	0.021243165867841852	0.018656148955819483	0.024573682276922137
BGC0001325	Alkaloid	10	118	0.83937860643241924	0.8704407058783985	0.60331148578097327	0.11382358718014796	0.06768359526119383	0.13794575485825333	0.76953298092411937	0.82692775367042781	0.37047765990023407	0.18551846500805907	0.10229333315776809	0.22591252965345654	0.84242267169986873	0.87253998960618961	0.62297495023803651	0.10693785170603749	0.066216058263904976	0.1323652277635704
BGC0001327	NRP Polyketide	10	118	0.98971834314637008	0.98923872243561151	0.98283734795067412	0.0038864704528563409	0.0041222936846318616	0.0060641390857536503	0.96628279791366845	0.96480566742265661	0.9387542618289435	0.016307661166213884	0.013594320913267576	0.022235834802287191	0.98935719833501401	0.98920927069523867	0.98027915234199592	0.0042688715135826005	0.0042672125527783763	0.0067777207357204716
BGC0001328	NRP Polyketide	15	113	0.98249617266476752	0.98341301085065846	0.96304692801507685	0.010018918154586397	0.0070311861713721942	0.011991432224977339	0.97661242938335246	0.98062162002891329	0.94977869124657255	0.013464791672595318	0.00940166091596264	0.015879521328322266	0.98140688857252978	0.98172350428463839	0.96194971744794178	0.010263629069439353	0.0074710587707970564	0.013521535523417505
BGC0001329	NRP Polyketide	19	109	0.99274685911133331	0.99440079181684704	0.98371796844105808	0.0044170880332210349	0.0029055765872191717	0.0064700075906743981	0.98373260628141712	0.98604837466733652	0.9703088220353312	0.0060122267773391296	0.0065488487389877784	0.0087264349545052022	0.99078487026260598	0.99358796442217412	0.97558699966159002	0.0070352344599765001	0.0036938036918510607	0.0091967313150518315
BGC0001330	NRP Polyketide	20	108	0.98156484974421032	0.97777537237599566	0.9688539110643164	0.0096177994695722593	0.0074098865846800033	0.014614356000389739	0.98045041957369627	0.98377582356460314	0.95494754160083473	0.012230575970787368	0.0078632150552313314	0.015427826497373731	0.97831384781019981	0.97403450402427683	0.96350235762828784	0.011196723479638168	0.0087203241450290563	0.014990120147824415
BGC0001331	NRP Polyketide	16	112	0.99009410171598478	0.99127271982055642	0.98192239796112479	0.0051287728330733882	0.003970504015643939	0.0061832238934338424	0.9765216458383168	0.97665877619446451	0.95848085036809683	0.0085194253626864423	0.0094509884489694107	0.013830334155691792	0.99021363679807917	0.99120888225738224	0.98079336425336749	0.0050070033726987108	0.0039225458768053171	0.0056628206612476806
BGC0001332	NRP Polyketide	15	113	0.99105279437605187	0.99207534420712584	0.98441006291299527	0.003340486324409937	0.0035864985347173082	0.0059442591350207241	0.97979305830225416	0.98211136741843852	0.95751664118118485	0.012151419817140114	0.008115826552909388	0.014442205944883324	0.99098728457121221	0.99134035997536984	0.98614294200851016	0.0031410607284371376	0.0036128694271206907	0.0058863880550809045
BGC0001333	Alkaloid	14	114	0.76368267601485207	0.84615414517804666	0.47004857345880724	0.1924540468317274	0.099773593951253445	0.29579005981564732	0.61550019471524031	0.59698247069932431	0.32784097287141128	0.20315170625892662	0.17032350608034494	0.37299133906469351	0.75941825115701855	0.85830315177926186	0.44218034610048562	0.20377640989029572	0.10179126018092352	0.31795262311664885
BGC0001334	Alkaloid	13	115	0.90762647458393264	0.92467627325485258	0.7956185564488254	0.066283768425127149	0.037931236108843171	0.10455254867851094	0.76116632311555055	0.77262468524647387	0.57239479281140404	0.10241351270988928	0.10072347966275261	0.16160821076213983	0.90769047448673046	0.91980742666793369	0.79884562521096925	0.06360148503489306	0.038056277839823793	0.10296928919585591
BGC0001335	Alkaloid	18	110	0.94104334053771266	0.95035930477185748	0.86585628537463066	0.036838823930983575	0.023879448976296881	0.053803065684878359	0.9288656432116682	0.94518645603111473	0.86151583686364352	0.037403753636239809	0.028889058542375046	0.061861369130680077	0.93914998943348227	0.95317535870120851	0.85449128948164832	0.040348883113579322	0.024667868486660159	0.05839067042940882
BGC0001336	Alkaloid	7	121	0.91559509298053254	0.9138786028053647	0.83639426689299812	0.047407134777836604	0.034518769390108915	0.076050128964108343	0.75859185206553836	0.74796494262128788	0.66411791914484297	0.087657320142786654	0.10196090745622913	0.16160568132814479	0.91831132709797458	0.91775301708609525	0.83927030445094775	0.045909050546467517	0.033387872889971491	0.073610827289767422
BGC0001337	Alkaloid	18	110	0.89443484217437841	0.88764924442133841	0.72415708095394915	0.073980167508365904	0.043251550154597716	0.091777346656726988	0.65220176363649229	0.73115458600173722	0.14292381195853632	0.2739038630854852	0.15051794302219917	0.42498302814364242	0.90171555693026273	0.92043619902797857	0.76778953419093532	0.064759783708558769	0.0401764549358943	0.095047529641621331
BGC0001338	Polyketide	16	112	0.98134736052913762	0.98815412902839683	0.94355219059239026	0.01746882071049094	0.0075076153083904586	0.018259495438448181	0.99154811250120978	0.99320564249793875	0.97504215289372254	0.0072013587634864986	0.0033868447897532628	0.008676409423326481	0.97827947172817775	0.98620570432282739	0.93592681378107445	0.019980345051730158	0.0087530922019086743	0.020503354292128018
BGC0001339	Polyketide	22	106	0.9323652151481191	0.94518388595314606	0.84419935906692645	0.040906860518186011	0.027704739955973601	0.044813457697702952	0.91103017164731559	0.93324231751665554	0.79966851377936798	0.057269369109033741	0.036548125227267872	0.087670100285855312	0.93286544132829918	0.94190251166891636	0.82739486893848158	0.044507805897425708	0.027596066685164587	0.05059701684442397
BGC0001340	Polyketide	20	108	0.9749601959131734	0.97850417623003805	0.92564288052805388	0.019693762596674772	0.010083830032787433	0.021739736943891086	0.9845962774692909	0.98797070893276118	0.95392611148633044	0.012313349331001646	0.0061878662212401462	0.01253535783060411	0.97213327237084779	0.97644263424461153	0.9183428073240627	0.021626446163614411	0.011229631203358648	0.024668334229405731
BGC0001341	NRP	5	123	0.85816473995128084	0.88093311063905966	0.71621025484759093	0.069274773476162288	0.058511498461284159	0.11061051087362905	0.75985132526253252	0.80793850673596923	0.49050317301948537	0.17260712824741592	0.10126166262862793	0.26143745303408239	0.85538928885502297	0.87679080390327024	0.71323058013939022	0.069394894224911408	0.059688868080773047	0.11157319284759948
BGC0001342	NRP Polyketide	16	112	0.96700379184003804	0.9701977713931258	0.93915562572060707	0.016938353802517257	0.013305532164117517	0.022420070550547955	0.95734644062760732	0.95832041276003599	0.93422945972034488	0.012936599794792756	0.017260184359721209	0.022609476472286616	0.96540936524378496	0.96815813290743724	0.93230681561368689	0.019080765725310318	0.01395179742350452	0.025141068791337595
BGC0001343	Polyketide	18	110	0.90230301028726034	0.91229172812371573	0.8226732324735867	0.038940426247709305	0.039934640892917893	0.06768995077001394	0.88261613845152387	0.87999436834195632	0.78296707726219983	0.047431784774380759	0.048123106165322761	0.077166522665569781	0.89879933726322836	0.90454700470943306	0.82314706751275224	0.040190823726775571	0.041417415160074487	0.068559373762067666
BGC0001344	NRP Polyketide	17	111	0.99620883982716268	0.99679441493076903	0.99144117480916971	0.0019666093864586492	0.0015181029936715662	0.0024759121473987289	0.98989985987388052	0.99307970214752772	0.97184680461354522	0.0080716656410443604	0.004048301417191813	0.0089709340391375125	0.99622992554059842	0.99702304494678795	0.99202840196071396	0.0018571747583586002	0.0015098053680850487	0.0025892043216787508
BGC0001345	NRP	12	116	0.97301154011936575	0.97565526054845431	0.95138264892275914	0.015115097722724449	0.010865386219404426	0.018433510009118192	0.98142832629818011	0.98387208620133859	0.96279733852636817	0.011499133682727987	0.0074570992493217855	0.016035258716221024	0.97123820719986809	0.97384463663150878	0.94825266457762625	0.015972113914047931	0.01158664037273629	0.019013179264934288
BGC0001346	NRP	8	120	0.96457611557749634	0.96922835073624092	0.92544948095064783	0.019956660771192722	0.01427992656471846	0.025668250061523179	0.9186819084386233	0.92528928628746865	0.85860896740239956	0.038646960567045543	0.033092730375994805	0.06492691246307869	0.96529347639776775	0.97058169718223053	0.92504730726334006	0.019584463790185747	0.013988670722047503	0.02433517440723787
BGC0001348	Polyketide	18	110	0.97662089023500676	0.99523269985855145	0.93588520416074106	0.025471839571221472	0.0094003200412934307	0.033592789533603229	0.96741434100026924	0.97215991866520768	0.92080106352380464	0.020601510741499709	0.013135290746636641	0.024429694787624245	0.97367780239514057	0.99370510640779841	0.92854603403774738	0.02855431255851509	0.010589808027000602	0.037752634378241057
BGC0001349	NRP Polyketide	24	104	0.97487502649787194	0.98296754875431924	0.9449049285366008	0.019461288182601934	0.01010168500888331	0.027327592663110023	0.90156166841905083	0.9065141248804065	0.80490565874051856	0.062341779096566019	0.040202172306257354	0.07825679102949612	0.98006402593040254	0.98956458938795289	0.95056076830217595	0.016065911892559095	0.0080080885305836794	0.021670424457189141
BGC0001350	Polyketide	23	105	0.96290990957107303	0.97216459577472225	0.8882913678119988	0.032038782948762216	0.015010015638353958	0.035846160844151709	0.94470097998772307	0.9457489353459847	0.84081741262696952	0.047630223654776663	0.022516065469869083	0.049899491327201506	0.96574261771331815	0.97373590466480375	0.89762447830871894	0.029488024346802165	0.013850520491856288	0.034741429293711268
BGC0001351	NRP	24	104	0.9704273121194934	0.97776136063523811	0.93875892591007082	0.022243573251653888	0.012041302123210196	0.035916202356291116	0.94863086942756747	0.95189445583953791	0.87919646871791612	0.035772702045097679	0.020932023174964766	0.054434270612561564	0.97055182704298804	0.97797099037197299	0.93752051493102551	0.022820686980569983	0.012004622412199151	0.036150990470743105
BGC0001356	RiPP	5	123	0.77432817087756933	0.81903689986169126	0.40186410579049636	0.16559224991541763	0.099656557882187496	0.25439448832876643	0.51516940400518529	0.44103990903383283	0.19245075003746701	0.3028780655322838	0.22670432638313601	0.45045207428627854	0.77589498555185832	0.81257291046964875	0.39502051524532755	0.16898071975129783	0.098913844635115364	0.26276520056366681
BGC0001357	Polyketide	13	115	0.93570113957541068	0.9382653637944347	0.89303886229831897	0.025299755477820186	0.026078657124111237	0.039566179629135223	0.87634233324660027	0.87829174582173875	0.76446681927991511	0.073629940428532548	0.05095386274324927	0.10791536265791679	0.93739364132777891	0.95009449041362759	0.89124410210263494	0.030045147557041685	0.025383206827349535	0.046746074987756958
BGC0001358	NRP Polyketide	20	108	0.96069677065492043	0.98816872305603098	0.90187664303119508	0.041661320788582958	0.015916439224185064	0.050558286448281975	0.9914873348243427	0.99333926101687586	0.97624117876924754	0.0063905128733414288	0.0034146444015007438	0.0080489034861249698	0.94695803631759234	0.98517303617273388	0.86533939345336019	0.057563804398023243	0.021564788880365303	0.069325530800614321
BGC0001360	Polyketide	8	120	0.97250677624416826	0.97795849424972414	0.92564190244614952	0.021170685779034058	0.011084623318394816	0.025367738081717994	0.96512348052793584	0.9750779187637435	0.91646367263794182	0.027582585803079818	0.014112187244968521	0.038086382288162746	0.97190012337907594	0.97708020542538376	0.92394105279397221	0.021438610238332358	0.01132898723144633	0.02518455543078546
BGC0001361	Terpene	4	124	0.64027464912010257	0.68002158821018699	0.30831785772757053	0.190739668532655	0.156374770742779	0.26567607604850274	0.58023098282160546	0.60579233723955084	0.30940140727952153	0.22590208127510794	0.185192927451857	0.28613608357250453	0.6379184215404321	0.67771255807734909	0.30374403288041257	0.19370196484101002	0.15754742638013147	0.26950654666467844
BGC0001363	NRP Polyketide	5	123	0.98888391019708011	0.99105088695102628	0.97805995359621178	0.0065619610800853462	0.004458087889347118	0.0099449304940431027	0.97228361238190986	0.97487124347656362	0.9485079046230297	0.0147388140764431	0.011198771337752777	0.01987664472250017	0.988759388392628	0.99122705743988448	0.97756272064908067	0.0068426224443220579	0.0045079168688869188	0.010279452438175407
BGC0001364	RiPP	19	109	0.9929642583997953	0.99420105934758773	0.98489352494155313	0.0046117670528731444	0.0028237161173545466	0.0040216555856157354	0.98748767130496273	0.99069475656058104	0.97013351010028759	0.0090038723236878903	0.0050488484631989296	0.0091720541814508394	0.99283958120265914	0.99334798475521657	0.98614554753377637	0.0046950255701055134	0.0028729239516047445	0.0038716944632414263
BGC0001365	NRP	11	117	0.98121356000177395	0.98124657006209515	0.97272433641190714	0.006870086032547712	0.0075529895953850403	0.010935062808342999	0.97989285834777939	0.98236795981940972	0.96368019059837984	0.0071002060074904687	0.0080777210757901011	0.011949612499872142	0.97980688127111859	0.98009068702794466	0.97085018939382617	0.0074528726892158503	0.0081233951413058007	0.011445026721711216
BGC0001366	Polyketide	16	112	0.98865169794037688	0.99037658711568799	0.97558464059060479	0.0063472755420118689	0.0045582953678675372	0.010025014173709934	0.9532617282803868	0.96070180632588742	0.9099958881893182	0.023270314074302419	0.018954383715277866	0.038663728784892104	0.98869407379262275	0.98997752804434569	0.97793189879088771	0.0056832078336341522	0.0045444117169099576	0.0092637845553580345
BGC0001367	NRP Polyketide	17	111	0.95333965028434009	0.96562014366250648	0.8729302924238177	0.036784424566864656	0.018844898407899359	0.047020932650222447	0.97614883473379277	0.98472160058527625	0.92449029620968037	0.021141002545038562	0.0095867109526661005	0.020360832951669572	0.94762296412741875	0.96265421222969039	0.86341398448769968	0.040316117790573945	0.021180310676967552	0.052941739958588085
BGC0001368	NRP	28	100	0.96756038789438448	0.96883235973496962	0.94262630209675369	0.017860101315854124	0.013127087748473154	0.022194736026300843	0.79420622420412124	0.78643863211667786	0.69496735040628133	0.092463836885199338	0.087477085047939274	0.13778098267507699	0.97843740972612603	0.98292558140591901	0.95705828157717077	0.012952219515018019	0.0087139758573630439	0.016592652678415809
BGC0001369	Polyketide	31	97	0.97123640649135368	0.97975515819787351	0.9408760323498172	0.015897741048079842	0.011584641054814493	0.015535817720822354	0.9356879852659773	0.94560900947539217	0.85514234607598383	0.03327203183307547	0.026144536689446142	0.044142232150576222	0.97145427559101116	0.97756460184999927	0.94284028775048068	0.016396477128634717	0.01149885950440872	0.017329395469610875
BGC0001370	NRP	44	84	0.96841443175914788	0.9764630696330221	0.91672939433523315	0.024335284292956831	0.012815151240462841	0.034786433145760576	0.96160542828415119	0.96290549552155269	0.92152972969990465	0.019177187661942725	0.015581290841256524	0.024092436201091805	0.96518520370009964	0.97683705775961549	0.90847985831430855	0.029369763397052571	0.014147953909632926	0.043632325704972108
BGC0001371	NRP	13	115	0.92355764719293743	0.93691904261106029	0.84023172381040179	0.049927421751689842	0.031176255617686621	0.058019325716788028	0.94108670719888765	0.96196972770381262	0.83712956214113488	0.046115445251541806	0.0238561381426994	0.062839511733987052	0.91357673817003116	0.92435084422868474	0.81839810454616735	0.057919596817085382	0.035376131349700635	0.063176334480965601
BGC0001372	Terpene	14	114	0.96123100525964633	0.96156874543002147	0.9397322707011837	0.012346814703809366	0.015670962752775242	0.024597600623068927	0.95552149054882451	0.95827913218333349	0.9245647297557531	0.016956178424985761	0.017994012023868432	0.027966453538085467	0.95889220134406283	0.9586660545280683	0.93397264727372642	0.014187158249915765	0.016626255243716016	0.027472532634610025
BGC0001373	Polyketide	34	94	0.99243784143650926	0.99520947735020182	0.97862301415532782	0.0058025340729734674	0.0030297782383919671	0.0066777590245166163	0.98760966692987784	0.99173282429458931	0.96393367981962719	0.0098675164783558669	0.0049712795539162526	0.010035413310184427	0.99098459476304845	0.99210020890734818	0.97813944454135826	0.0058436984445026218	0.0036128464755438737	0.0068110278075230735
BGC0001374	Other	14	114	0.79280116037272075	0.8364037806514788	0.62694485571753389	0.12928016950329699	0.087003688695662079	0.22927863619267763	0.76487935210618185	0.78834413138507209	0.58484401398857622	0.099038561879329287	0.099046102936973093	0.18709749846709389	0.78054587641306905	0.83229162127264444	0.61463569281249342	0.13234430014814416	0.092336458581956674	0.23725595389519993
BGC0001375	Terpene	5	123	0.96956312665540634	0.97229135964253555	0.92833098669604952	0.023253011520354985	0.012394468946079828	0.034637147842383142	0.83935530019809013	0.87090182615641876	0.66983629971888792	0.096118783943775751	0.069430602324487195	0.12962982078143814	0.97069819687005654	0.97350658552097891	0.92873669809255199	0.022556569606237874	0.011928117517071169	0.032996839909722131
BGC0001376	Polyketide	33	95	0.95115734999781476	0.97053997198861208	0.90119060800831718	0.041335737887455565	0.019983208015211917	0.065893915530230829	0.92212160188204473	0.9246568246825978	0.86501996171942297	0.044082762842254042	0.031861853703032607	0.067965158887875465	0.94862134104386731	0.97903336599888946	0.89022656879243545	0.047579187910322646	0.021138558860312618	0.075806467134405864
BGC0001377	Polyketide	32	96	0.97957456285450184	0.9842825226142935	0.95066336858339151	0.015076915044652589	0.00822386453149615	0.021999732524939142	0.92127161499715804	0.91837508395517897	0.86443528632721545	0.040047436017483277	0.032236212771164216	0.063380139622879361	0.98041077026139212	0.99004704880818117	0.95506368679829889	0.016727761376875139	0.0078845960977800937	0.024184419295678938
BGC0001378	Polyketide	36	92	0.95996497498453404	0.96646539399830855	0.93140539567282588	0.019692556179100967	0.016158694738367285	0.032550201924473221	0.90034486363671051	0.89981123979469158	0.83285726965182028	0.043572740538245884	0.040739866846674834	0.067835974951591549	0.96417912891967339	0.96685675646978453	0.92820408101431462	0.021489197856194544	0.01445422068124964	0.033634075641753247
BGC0001379	NRP	28	100	0.96753989247632455	0.96907455812916532	0.93861863872500917	0.018842325144542947	0.013126437588299344	0.022040848621431519	0.8313023102310384	0.82401050162867662	0.72202542117751811	0.069889388279497505	0.070268253582454296	0.11824696745021968	0.97416353666773592	0.97191222531168964	0.95345253548449593	0.015063290553538571	0.01044737614306961	0.01589561285239649
BGC0001380	Saccharide	16	112	0.87563080980150754	0.89046804554472103	0.81137345269031935	0.041263226034294935	0.051333136859127548	0.062304178761618312	0.86801591644231668	0.86366637694791648	0.80792465283111436	0.047264935058062341	0.055613469707803141	0.064611406266453564	0.85903180219869557	0.86882972723652474	0.76474536567992002	0.052673139142034121	0.05840375252098793	0.071892226928524927
BGC0001381	Polyketide	101	27	0.98727641023026114	0.98896901871776177	0.97177199937266678	0.0081896739672622718	0.0051053767666587868	0.011086836535553313	0.9796290978468718	0.98573330167184703	0.95414303554645663	0.015169295326308488	0.0081887670573945522	0.01982641440819255	0.97718025585083867	0.97799814552170194	0.95465741243556568	0.01198069373937391	0.0091752228697031361	0.017222106945230631
BGC0001383	Polyketide	9	119	0.98445290123454043	0.98545624627887918	0.96829297867116171	0.0078788286489735512	0.0062458562718154644	0.011986211890653076	0.97566490276382001	0.97764708873885597	0.95354840041275113	0.013285560012114228	0.0097823225051053113	0.020145311509103592	0.98428532198964247	0.98472968768976221	0.96804920445102582	0.0076967148106100568	0.0063144318404554809	0.011963651167938183
BGC0001384	Polyketide	36	92	0.99071437239695048	0.99241513891112643	0.98082970457557483	0.005793492206489146	0.0037223685031738006	0.0082804210754023888	0.98749561258415286	0.98816703690146701	0.97796822350738855	0.0049305707894204461	0.0050156475711949037	0.0081701776882702193	0.98921481782139864	0.99127547959834805	0.97549879756740421	0.0080160782189768586	0.0043253997388652101	0.010830070511636869
BGC0001386	Polyketide	25	103	0.97432381866593176	0.9728799735347704	0.96564397414668113	0.0071541746142369696	0.010333714902493064	0.01364008660879934	0.87631598753768469	0.89360093958020337	0.77890406802493517	0.056299794713310973	0.051670065529077117	0.10008335507029542	0.97753354374111723	0.97726472410574494	0.97093643137511487	0.0054900060743634221	0.0090365513884341324	0.011013345921852324
BGC0001387	Other	23	105	0.95867356286765093	0.96135054859040037	0.92368597801735552	0.020520520293545275	0.016704911561705373	0.034671747751030324	0.90113718602590664	0.91021649134057236	0.82524520120028333	0.047588864093893027	0.040396065510597226	0.080268057359950906	0.95035866983055717	0.95634594124051386	0.89481982452896991	0.030470606849721586	0.020132640674800206	0.049275071651183611
BGC0001388	RiPP	9	119	0.94492485442287089	0.94587712927696488	0.89429791004109882	0.025193876799830504	0.022687976056712043	0.040613958365676495	0.72351235276417381	0.8359313884689088	0.29285377457004091	0.2341351005327256	0.12208971650944871	0.41922315284635159	0.94944230415453368	0.94957623014442905	0.91048727267357787	0.021503823640343658	0.020766320869699338	0.033103017485294539
BGC0001389	NRP	13	115	0.98583621571226221	0.9887449310908214	0.96996478427502109	0.0091752746851165475	0.0056846428062987233	0.012849778913876397	0.97696871561859022	0.97779521540536263	0.95789010039412192	0.011351846880945966	0.009257138297384504	0.013339057717288605	0.98587437364982278	0.98891121426486417	0.97040349117823843	0.009080022038193622	0.0056701418356452926	0.012967924539742715
BGC0001390	NRP Polyketide	3	125	0.9557050379865597	0.96161920236807119	0.87804570092698964	0.030917559105865897	0.017914493111423922	0.039580195024117804	0.96014494122588823	0.95627160976326753	0.91283690941277107	0.020602827362267234	0.016145609787671079	0.03233812841263406	0.95485386366376235	0.96090644064555575	0.87474927240001565	0.031808275298124883	0.018260620803123184	0.040452520128307246
BGC0001391	RiPP	8	120	0.99834091578795048	0.99897570429171156	0.99567213448263236	0.0013364174449500942	0.00066406058249059987	0.0018342492333279781	0.98323709906979517	0.98725147908022448	0.96239331900194891	0.012329098032613818	0.0067493353386330664	0.018395268635487017	0.9984683623072268	0.99903470699912611	0.99608708581221406	0.0011699178921406464	0.00061296850696446192	0.001620260862120193
BGC0001392	RiPP	17	111	0.90893884465280994	0.95328982297973019	0.78151994161619653	0.080041757280730361	0.037945081173549132	0.12821321597486401	0.85969771733036227	0.84063093076667783	0.67781320238342435	0.096694487007814273	0.058619960227013192	0.13606636796263727	0.90773942211570946	0.9512583959328923	0.78067351075653968	0.081466274575586556	0.038556407054411032	0.13111479360608069
BGC0001393	NRP	15	113	0.94819103579261488	0.95527910401961069	0.9056337034947427	0.034468136578492965	0.020965522616565525	0.052160302041898032	0.63145542367968166	0.71287315858782974	0.28378683590306575	0.26151191163106124	0.16219399709161186	0.39655620023021065	0.95957035613966168	0.9595371218705413	0.92070400516920903	0.025964798393200414	0.016318484841168178	0.037730361835107917
BGC0001394	NRP Polyketide	12	116	0.97973862141297796	0.98434557739319972	0.9502435824479083	0.015389833371691935	0.0081585395431634788	0.01848402561735718	0.97009363618015665	0.97476104492321902	0.90773206388953831	0.025129664004301458	0.012077684214333284	0.028171884336852138	0.98015342740956601	0.98422293722208343	0.95392010627299051	0.014600343179307194	0.0079898376420115998	0.017718121597460557
BGC0001395	Other	18	110	0.89567044055165757	0.908644900020674	0.79829934641219447	0.054344340257113113	0.042702312623671926	0.070484833477464037	0.8480864979963133	0.8719105653466046	0.69457317639009952	0.077734451822666611	0.062939210396469922	0.11824600400418916	0.89018633865469854	0.90663978846148174	0.7843661130116929	0.057159543485399686	0.04498209474393948	0.079117570428858475
BGC0001396	Polyketide	38	90	0.98281286177513905	0.98428096947224453	0.95617035248041315	0.01165888639943736	0.0069009103839132056	0.014555163843894547	0.96238967339310943	0.96554453726277722	0.91940816721226448	0.021395816427093692	0.015186199948223501	0.027632791547804847	0.98420408610590715	0.98738962096010752	0.96027368572259819	0.011016589360431924	0.0063384981803942253	0.015008176701212572
BGC0001397	NRP Polyketide	58	70	0.98023608374133586	0.98156945406959961	0.96082253436613652	0.0094202508738951019	0.0079463410772925066	0.013134291578318025	0.97220586708636691	0.97598398546902765	0.95036339757142407	0.012857757499205058	0.011184455694734297	0.018411306250889381	0.97343835832266046	0.98166524657036058	0.93821887291610262	0.019104034556115441	0.010719373775253139	0.027276237563740313
BGC0001398	RiPP	21	107	0.85949764755279578	0.88244127936387329	0.71196731864243046	0.086326404221600733	0.060043318499838974	0.16396163051453361	0.73808000072183599	0.75705992369425668	0.52461535353838717	0.18469415333611999	0.11317832153113376	0.32990442754858851	0.8349007228701103	0.90897418822274278	0.62229535355671306	0.13914409023598584	0.071635796958838191	0.25119041501328998
BGC0001399	NRP	7	121	0.9879267290962247	0.99101140030644341	0.9746310419656149	0.0072166256224919147	0.0048415907967322537	0.010705273297391904	0.98963367113056544	0.99112618815910636	0.97871990527721719	0.005656133886196792	0.0041557455159913822	0.0085662143291992399	0.98740861222625131	0.9902871976136769	0.97365902663640047	0.0074605354631439302	0.0050499660460678886	0.011123097403302307
BGC0001400	Polyketide	5	123	0.96185703559870839	0.96899445238937987	0.92294781442050544	0.019824150428523576	0.015400017986139302	0.026538365093752514	0.9405208346327697	0.93938908327208781	0.88869340899381455	0.030873000141586879	0.024084890254116219	0.040885036793175455	0.96130135416107554	0.96937261852417722	0.91892205338187827	0.020612050817922074	0.015627233412795614	0.02747578858327171
BGC0001402	NRP	6	122	0.98368576605865865	0.98620713377931501	0.97150804821604808	0.0067610296197962187	0.0065507540912844052	0.010931198973722189	0.96582742416216871	0.96651151111209299	0.9408286214374737	0.015961833155631561	0.01378727611199888	0.021795475401300446	0.98385601444801052	0.98599818018620899	0.97215296561901121	0.0067247768140754087	0.0064821167945561921	0.010870386367278329
BGC0001403	Polyketide	14	114	0.98713171862874627	0.99060234592265939	0.97051769980966007	0.0093107506046483917	0.0051674083499132269	0.012496902284604539	0.9741093609759377	0.97760563303422465	0.92608907133625085	0.020975633967823818	0.010432719078884633	0.025749784399803355	0.98793900655193778	0.99068636428017887	0.97112096067546649	0.0086044427244851337	0.004842746733700309	0.011426424603405483
BGC0001404	Polyketide	7	121	0.98596547575885007	0.98827410822155182	0.96420218528363588	0.0093433548589492779	0.0056343222865413269	0.01121954878354714	0.98871160742528286	0.99148867839278743	0.96524424413688248	0.0093510770936693008	0.004532653968638045	0.0094249269711635941	0.9854100190887275	0.98757603945757855	0.9636213453888256	0.0094905067921208369	0.0058578619608962382	0.011547227839120655
BGC0001405	Polyketide	18	110	0.97136130460703463	0.97444596213697299	0.9489411680065889	0.016009843902226352	0.011593134897440826	0.025164415144354968	0.95535703463022459	0.95835615842605759	0.90058614726754604	0.024089912318783841	0.018094068936395046	0.033458073307106928	0.97065308301670483	0.97161307109182915	0.94701825018588104	0.016999870703698995	0.011886701493613195	0.027545297673357783
BGC0001406	NRP	34	94	0.98160297589310785	0.98174886156635244	0.96952762808030613	0.0067387287096010362	0.0073931910032217999	0.010682535250031489	0.9280013564486751	0.93168815900275259	0.83587503978765088	0.037517597352026512	0.029692904101793129	0.057305058472881365	0.9818982014484311	0.98630640599126451	0.95885167789391867	0.011568342576050815	0.0072741874348543067	0.0167062375856043
BGC0001407	RiPP	11	117	0.98640214491083089	0.98880902106370905	0.97332898223416908	0.0088746756324429021	0.0054560501573073907	0.012872677456968851	0.8790324613350633	0.933991773295342	0.69381225754777243	0.10646103150237754	0.050693389964982141	0.17070566623817074	0.98738945998836358	0.9892492470889116	0.97456045978668382	0.0086477196282853056	0.0050586132864890668	0.012124303574015283
BGC0001408	Other	7	121	0.85859713429345152	0.86724266623425517	0.73875694146746884	0.066985732196314915	0.058415632417211594	0.10209770058318735	0.78351175199510514	0.80641941959474484	0.4957625460554016	0.12279092281397146	0.090905061950628446	0.15775083063226625	0.85854027255147736	0.8652509638489162	0.73475774074527067	0.066898455935708145	0.058438510590311021	0.1009852553191195
BGC0001409	Polyketide	49	79	0.97157595602772395	0.98719234063925787	0.92171761814399	0.027713439473889635	0.011435156584405793	0.035942907830301629	0.92964223922001088	0.93428969126409411	0.7842786233497907	0.061214706466125458	0.028563875666500628	0.072050643631858424	0.983035717802349	0.99104876619226123	0.95906021552278331	0.015287077492057913	0.0068089904448162654	0.020125393455308505
BGC0001410	Saccharide	15	113	0.89220002160867506	0.92901955887208287	0.77837351532580645	0.078603692565060404	0.044103945698630145	0.11560244833608868	0.81603974032057791	0.91839953117982442	0.57911231748955272	0.15951572807834041	0.076721282149558062	0.24561669387902041	0.89548350559355794	0.92432375827648483	0.78768088752397203	0.073131668205091316	0.042725326404688846	0.10708122782009599
BGC0001411	Saccharide	30	98	0.88042346047606657	0.89817697398233276	0.7297984644998291	0.073240424525726697	0.050034420440645211	0.096517466573447064	0.86719608532268422	0.87101493370043825	0.69293717013860812	0.080917565099574915	0.054748706503863806	0.10031417378547491	0.87691027424228751	0.88960546135242835	0.71798056634490148	0.077920574773372553	0.051837785913196523	0.12007010790937322
BGC0001412	Saccharide	25	103	0.80954695107520214	0.86568520592924725	0.44659335286633889	0.17299760729727678	0.079902920459934051	0.25364358253630159	0.67815681664155181	0.74160228266576	0.26905775087727801	0.20147760190314046	0.13898136767393982	0.31734710276214562	0.80843677701113226	0.88718765244375453	0.4484436822175013	0.18360458904593724	0.080619977623182335	0.27731070716260353
BGC0001413	NRP	24	104	0.98004187726432757	0.98007355733478763	0.95697187941343609	0.010297039424223883	0.0080367840392556508	0.011992680603718608	0.99183851360964626	0.99357107865632344	0.98728391887713007	0.0032288151830495108	0.0032708986813415608	0.0040898670768053647	0.97308729840092423	0.97410736276104215	0.93943936858581012	0.015230329259557316	0.010866857845909083	0.016510143039741521
BGC0001414	NRP	26	102	0.95370545311692878	0.9567491589979944	0.90959514328194813	0.024109633039865453	0.018790235591899386	0.029784122370087207	0.90550100761001795	0.92250390938100513	0.81561184089032557	0.055854498944440049	0.038551633412615985	0.072252819053320705	0.95504853388638788	0.95716798748139698	0.90900516609218363	0.023323117215667717	0.018272413883240766	0.029422239064480604
BGC0001415	NRP Polyketide	8	120	0.98008131135660237	0.97862911798935559	0.97323780587080311	0.0063898231155642285	0.0080009414083160642	0.0095270293016681551	0.98191646159255142	0.98019625051506531	0.97493808356207301	0.0061416526698800811	0.007263137224512173	0.0090657481970265463	0.97983622165654882	0.97850011074094945	0.97298249419369387	0.0064079177657535994	0.0080997686916509434	0.0095793525732831286
BGC0001416	NRP	14	114	0.98075150915613118	0.9809986089808731	0.96386121129491076	0.0096793992539893712	0.007733972079068163	0.011878075245195463	0.96617762596901569	0.97261410270078219	0.91595005052126621	0.024440712199263626	0.013638837236515489	0.03134964477203328	0.98111771976628503	0.98213864869594081	0.96415984405620148	0.0091190898082265746	0.0075867296055314171	0.012172254556435669
BGC0001417	NRP Polyketide	12	116	0.99796319226760188	0.99849933053180751	0.9945148302791168	0.0016172199936985486	0.00081535299675548065	0.0020510725970873667	0.99853161932794499	0.99880094643629524	0.99694455430477591	0.00072067326835594328	0.00058756698438673367	0.0010748244470349944	0.99771106964399014	0.99828300416443438	0.99377887299956591	0.0018283168190296906	0.00091637180428250087	0.0023245541773355693
BGC0001418	NRP Polyketide	12	116	0.97752638446278639	0.99377993702429746	0.9350524322392284	0.024454687668768793	0.0090331506574782509	0.031646100833666257	0.993139094883287	0.99440621530277162	0.98379649973317074	0.0038646307436326034	0.0027499741398941957	0.0051007311909989639	0.97452200887200924	0.99364528412012332	0.92618346521108419	0.028314426931784112	0.010246892125577989	0.036570551697516107
BGC0001419	NRP Polyketide	12	116	0.9935330517937031	0.99384471195973267	0.98765809678922367	0.003170630783486751	0.0025918793098520963	0.0039440734776181596	0.99049868326666601	0.99124167907484972	0.9796413557689706	0.005781226260564932	0.0038121569719030248	0.0083476108588587117	0.99300578268739792	0.99310018211555928	0.98692431921181401	0.0033371524856621996	0.0028033090389172565	0.0039988389502885191
BGC0001420	NRP Polyketide	13	115	0.99339524862514283	0.99341388798991648	0.98754052105738566	0.0032614401136942138	0.0026458134928256439	0.0045550251571238043	0.99052221063999757	0.98985656467790717	0.98299323365642688	0.0046734342267103178	0.0038001640654926395	0.0073913652650887673	0.99295681051967333	0.9934030163830283	0.98626137730527774	0.0037757997259351009	0.002821682238811918	0.0050011433922764192
BGC0001421	NRP Polyketide	13	115	0.99548657297771115	0.99527487824780669	0.9918486414905775	0.0024639247659914115	0.0018073158626925822	0.0033057956030931868	0.99607465287211794	0.99696162930478383	0.99056602018683204	0.0027342936097402184	0.0015716108476941271	0.0037865292094674263	0.99498594407797825	0.99490282476840941	0.99089201893200152	0.0028067859426731635	0.0020080000862541469	0.0037590669572903357
BGC0001422	NRP Polyketide	14	114	0.99578386001119878	0.99528486488865697	0.9921885029237657	0.0024154908193072173	0.0016881608613097399	0.0024004269987382143	0.99478295191614097	0.99523429851315415	0.99003103352559418	0.0030193948964642773	0.0020894225530607045	0.0032218697594972312	0.99535826712284659	0.99431051118417479	0.99169136189268337	0.0027535542052321187	0.0018586971131964835	0.0025934405536340854
BGC0001423	NRP Polyketide	13	115	0.9917951619610641	0.99428613027345558	0.97651726587566889	0.0071550069343837425	0.0032942950104500436	0.0082553944081071862	0.99117458384892154	0.99212847786171565	0.98180512808724385	0.0054084270547061835	0.0035401635961850976	0.0062705237079752063	0.99098463237263812	0.99457886775356408	0.97411270351086043	0.008182518819423763	0.0036207701416192117	0.0095691111281466235
BGC0001424	NRP Polyketide	14	114	0.9768766838118218	0.9819561115598785	0.94749261559980114	0.012781817343871411	0.009294330630167779	0.014622739596947043	0.98829106596062777	0.99493922158019288	0.9660049856253502	0.011092037476658771	0.0046947397180734374	0.014331298645021695	0.97377335892050265	0.97928342526926893	0.94434205303988294	0.014201387019715302	0.010548850958278688	0.016654362549005652
BGC0001425	NRP Polyketide	13	115	0.99096724499792477	0.99210201939767506	0.97871562482383012	0.0059224394293255983	0.0036213385896223691	0.008128157242740186	0.95604071934923507	0.99267357361911102	0.88166000305840797	0.051144295779401765	0.017748038063124839	0.066612682489655906	0.99224525691242627	0.9932634382083716	0.98439608657661903	0.004065248266634164	0.0031078835621884959	0.0050497467450404399
BGC0001426	NRP Polyketide	13	115	0.99616964767384464	0.99680171587763744	0.9911194596578804	0.0023879024559055281	0.0015336059632562904	0.0027322359374177818	0.98828204692025123	0.99248116309145529	0.96764697183871884	0.0096577149450265271	0.004698581282998493	0.012197398094192402	0.99571985643336158	0.99663279205035837	0.99084233006240285	0.0025913002914947454	0.0017138729934480733	0.0033601108135073998
BGC0001427	NRP Polyketide	13	115	0.99346860813415527	0.99524169109693461	0.98567328182562919	0.0045766085774174145	0.0026166603301973844	0.0062938364223645848	0.99477176405488721	0.99530924004949461	0.98797208285069182	0.0034622122285020459	0.0020935697903421203	0.0047046300429453014	0.99268886232731346	0.99495288101235457	0.98372336939134319	0.0053085608646627454	0.002929737682265099	0.0073196178540581025
BGC0001428	NRP Polyketide	14	114	0.99645741772350538	0.99665129323499535	0.99401979148891506	0.0015783876775373007	0.0014188634897581488	0.0026375514176495418	0.99674092733917519	0.99690324866663715	0.99442343262689037	0.0015249772826433205	0.0013046137450015705	0.0021850859794958488	0.99602489461086918	0.99592983412859515	0.99375555447724628	0.0017842761195564424	0.0015924530651546531	0.002986270562783222
BGC0001429	NRP Polyketide	12	116	0.99284035218656164	0.99252780728193835	0.98933752203509817	0.0028709543105859391	0.0028688697534767103	0.005133628461325257	0.97565055132112621	0.98032567576231799	0.94608562973943644	0.01812616824757313	0.0097911245721407081	0.024410402321343949	0.9933746537273862	0.99281830891622036	0.99066036109008793	0.0022200116795161357	0.002654700576625446	0.0041147305866378048
BGC0001430	NRP Polyketide	12	116	0.98475191780114402	0.98611496794425524	0.96956553401359491	0.0085003475793932644	0.0061211178550955479	0.01254233648092562	0.98971553306687488	0.9910721797624269	0.97380733551038035	0.0071561418958280823	0.0041226443703825224	0.0084484236811519509	0.98377952291070248	0.98470694898774802	0.96897691406722275	0.0087353259744585958	0.0065134294536892011	0.013133463648742238
BGC0001431	NRP Polyketide	12	116	0.98412906019507795	0.98833708353350302	0.9641726107911005	0.01097659546884466	0.0063692012401221684	0.010057575246752992	0.97544189269631743	0.98571142252244903	0.94163236365924974	0.01871229208761227	0.0098761949163530538	0.026585728039570267	0.98312765447614203	0.98625306440017901	0.95854664378384435	0.01219197752627837	0.0067724283023000266	0.011388760210659044
BGC0001432	NRP Polyketide	7	121	0.97658388109856342	0.97751734155784487	0.9581492584328426	0.01250856136667098	0.0094149080501732645	0.01900820384868207	0.96144360063178325	0.97830098826497358	0.89141472328156079	0.038420072799552174	0.015551849129938854	0.046457380688903149	0.97538789161452932	0.97496692061497359	0.9556172891433985	0.012834897682006359	0.0098991006339771651	0.020189345571568484
BGC0001433	Polyketide	37	91	0.98946877044062931	0.9917779247123184	0.98231595054072629	0.0047687331221141164	0.0042222475910038693	0.0083027903306667206	0.9831848157284746	0.98200349731160363	0.97720358083192171	0.0046596104515791948	0.0067519779664176657	0.0088025201172319267	0.98307335903178983	0.98748885394370145	0.96106257402350204	0.011106626350074339	0.0067966000780098181	0.01580320676180047
BGC0001434	NRP	3	125	0.97758793307827196	0.98573014492794631	0.95642845582681735	0.016014908199544532	0.0090082858148010196	0.023250782025600714	0.96354926464761326	0.96710544281629074	0.91181339088522484	0.022662684699856009	0.014689616954526818	0.028839665769519351	0.97755695053802238	0.98569560900601427	0.95629261031352919	0.015951656252764426	0.0090209910931262401	0.023175608880877885
BGC0001435	NRP Polyketide	25	103	0.97386670871950687	0.97946937737021655	0.93766913045560218	0.015618188332757939	0.010509456569387954	0.018312802499259373	0.97706917061655751	0.97773201284718003	0.95982470535127962	0.0084599961343139688	0.0092232680029742612	0.013636773916331779	0.96927461603209097	0.97758891427929306	0.92449371126875157	0.019291297949387384	0.012368961010057199	0.02106439568036711
BGC0001436	Polyketide	21	107	0.9857969406129099	0.98686271913637402	0.97196502016257347	0.007881535364904043	0.0056999108624234737	0.011372862126794225	0.98927673177861641	0.98880835822247026	0.98037529707489923	0.0061870341474934776	0.004299986393870925	0.007432765449038703	0.98390505039895315	0.98642607878613675	0.96760783936115868	0.0091196073763010546	0.0064617795576901171	0.013054536292703256
BGC0001437	NRP	14	114	0.98407425557336836	0.98609049225045231	0.96851047709911908	0.007956712059330337	0.006415817252659539	0.011279612415581952	0.98731754111974579	0.98806730634668027	0.97944373221321146	0.0044411378329869654	0.0050908483033685666	0.0073393570933700802	0.9825058523909963	0.98434931711020557	0.96575467225584155	0.0087933251656641571	0.0070539327078257049	0.012662511863503312
BGC0001438	Polyketide Saccharide	34	94	0.9535048054021471	0.9764869636280713	0.88505875024812231	0.041723048058413412	0.018887354342455209	0.061024614262630394	0.97341847942561643	0.97533996348351493	0.93323001748952883	0.018339885659729993	0.010719422093849639	0.025742265947023113	0.93821047108246314	0.96340918226336492	0.84376974298335572	0.055389978356139999	0.025219403711159494	0.081802880498065833
BGC0001439	Polyketide Saccharide	33	95	0.98757543035517137	0.98960196761579888	0.97062440384471393	0.008265097512106084	0.0049843167320486881	0.010834794653569513	0.98458812383207717	0.98847911627302398	0.96331993771490587	0.011721059265640247	0.0061853767633696542	0.015979069520606681	0.98360166427353091	0.98244358533762843	0.96947904198553658	0.0091746909339977725	0.0065835893647686605	0.0092555924441621862
BGC0001440	Other	10	118	0.95197398477176609	0.95182462289639636	0.91404168284559284	0.026548016483876693	0.01945926733246468	0.039957991259890968	0.89048115128423988	0.89158236770135413	0.7644782605081456	0.066041887255557791	0.044851895669632366	0.06911796109524837	0.95107491638628228	0.94826593036144635	0.91451219250123439	0.025313362486210998	0.019838933648344392	0.038994680186726249
BGC0001441	Other	24	104	0.98369261070752267	0.98527069898461317	0.97124800540375578	0.0072016710842327499	0.0065563592831540786	0.011554782220753346	0.93562382874499606	0.93048871954376833	0.86666801638758761	0.035419399149410766	0.026122601350923834	0.053527967030624901	0.98508666232596764	0.9862032808390726	0.97131182770580426	0.0088270861269108287	0.0060012424255549753	0.013835414618936004
BGC0001442	NRP	18	110	0.97053300077847582	0.97596828146354797	0.94438427982059614	0.011811567570305164	0.011873533747846521	0.018804863904093527	0.94934374665330812	0.95345251334185699	0.86471200255973124	0.036730665902906301	0.020719953497939557	0.05328275335631627	0.96944593264647272	0.97299355774813701	0.941187189532812	0.01139141350066704	0.012310736986123904	0.017870896290175575
BGC0001443	NRP Polyketide	18	110	0.96389538177678846	0.97960952591177586	0.89780958115412191	0.034523668203102806	0.014558290372901484	0.041935734240253875	0.90156619353929202	0.93166256536879821	0.73252791230306946	0.081861178046448935	0.040275538568477563	0.10384444955060612	0.96764593983380376	0.97973887804787063	0.91187262121280555	0.030632878755720863	0.013035258671492378	0.03658278821052674
BGC0001444	Other	9	119	0.90288414067298606	0.90334071107754399	0.84036992526073473	0.048993071295701997	0.039964765409492252	0.088291174134578099	0.59172075938439783	0.564569076571524	0.38039990787618772	0.14810228789919577	0.17988954985763528	0.20488698936396788	0.91038989962143868	0.91221758245207429	0.85685993522744719	0.045103329102219952	0.036842366199417942	0.083368645251760687
BGC0001445	NRP Polyketide	11	117	0.99073424204297389	0.99126313466328542	0.98304006741187522	0.0045765150007552853	0.0037133988272928021	0.0057354651317510497	0.98901733782535894	0.9893906692780674	0.96815489084041084	0.0083139629912827116	0.0044127999172760115	0.010012081971151443	0.9901464045570989	0.99110631030226881	0.98118429592374434	0.0049020572068030031	0.0039494881388256516	0.0063836025984160827
BGC0001446	Polyketide	4	124	0.98513048005655646	0.98698063327921914	0.9643195465341784	0.010845529295219251	0.0059724723324160681	0.012643164134059748	0.98528555790243444	0.98274346309210969	0.97276025845417868	0.0087342949117417638	0.0059064194898174492	0.011835785530435516	0.98502677536997718	0.98692457341127171	0.96394160122202355	0.010956066317507939	0.0060143642548256436	0.012713619474220339
BGC0001447	Polyketide	37	91	0.97932284549737536	0.98509645736886253	0.95344623940697892	0.014155816032020523	0.0083062671492035948	0.018565022138615661	0.91231151934794552	0.92814225258320704	0.80819981885982084	0.057908453401869314	0.035720986642546214	0.078728677775567024	0.98817496141423222	0.99125288431518443	0.97321139524168154	0.0085566162388565833	0.0047417091595396421	0.011330065485061214
BGC0001448	NRP	39	89	0.98484869648583351	0.98775878071152579	0.97307232378332986	0.0075992646372484837	0.0060812521227333605	0.0094143319645209056	0.98449033160705535	0.98438444125203262	0.96439424921802186	0.0092787935535243483	0.0062439050539984994	0.012441296568067139	0.98135296400359295	0.98335048683312398	0.96275983125833053	0.010221784727905546	0.0074919262443056576	0.012610277999820729
BGC0001449	NRP Polyketide Alkaloid	13	115	0.98184637052778623	0.9841665465096836	0.96311292848478591	0.010914823055177773	0.0072891027173273004	0.012069531186335136	0.95603183336957565	0.963661616486158	0.90539411150914906	0.028565237388850331	0.017754032736593948	0.041476344183863145	0.9825349166288706	0.98478025028101013	0.96616868323528515	0.010113423750855633	0.0070115162011146872	0.010678685016405454
BGC0001451	NRP	8	120	0.97398324410258508	0.9773356692470524	0.95194573769548907	0.014175806344031339	0.010464560151122071	0.02250746998145281	0.96320007030999943	0.96591070682348801	0.93505339382415786	0.015078926096693597	0.014837149254203808	0.024894907306646785	0.97381585884884125	0.97758008306212929	0.95076500066002534	0.014530202423049551	0.010532201835501565	0.02304051616606273
BGC0001452	Polyketide	36	92	0.98849974039152833	0.98741132228513584	0.98004942447324861	0.0055981683694062154	0.0046117534747769362	0.0064360650697069532	0.96664533663379526	0.96437923074396847	0.94073360887034541	0.017658293539008101	0.013445512590485164	0.019501113985776364	0.99075113141326943	0.98961354919567046	0.98607346621642211	0.0035754888394757653	0.0037071701809364699	0.0048631333332497251
BGC0001453	Other	6	122	0.96531889079733246	0.96514119350982142	0.92133376381416776	0.020912749835039175	0.013983122875906705	0.027800064241649047	0.93530539967901127	0.94578060863656122	0.84710533509375463	0.044156629625895054	0.026277714193341684	0.056491892078793904	0.96520171728002135	0.9643629376702143	0.92222851089526825	0.020472360750020339	0.014030831426203826	0.027267318717030253
BGC0001454	Other	1	127	0.88097519087693832	0.89267047499161278	0.79927033695376914	0.055562324257025598	0.048850938012248199	0.080245866425379231	0.52106948542457798	0.54352488898277485	0.080524246807731306	0.30023126684416884	0.2152482585392351	0.48162571971750268	0.88040279224955142	0.89175263808832339	0.79693946261595427	0.056431913444586063	0.049089690887610483	0.081244510168355766
BGC0001455	NRP Polyketide	16	112	0.97854294007059761	0.98404321583099419	0.95412482769066953	0.01615941851671697	0.0086350103339531969	0.020917034846592908	0.90654210416876047	0.911231155497923	0.79972021655733694	0.068789182123020876	0.038786563697589573	0.068220353782199039	0.97481446672782623	0.98186659705149348	0.93549911214835157	0.019310589561530089	0.01014787842862468	0.02261984328133726
BGC0001456	Terpene	8	120	0.93432230653808435	0.9450308693318592	0.8284010963610996	0.056270677071069093	0.02734748783345229	0.076074059640367286	0.63472754263535591	0.48788393667060781	0.40621186503699525	0.23252867751029435	0.17152952190409504	0.20601294929803171	0.93822640831991944	0.94984267271180811	0.83742348183517612	0.05354390861105264	0.025634464005763902	0.073078201250005526
BGC0001457	NRP	37	91	0.97762461766079201	0.97885255454171816	0.94793964174107515	0.013914181968593325	0.0089951702194441818	0.016382974127973182	0.95318088616417485	0.9438948028156775	0.92436361985559878	0.025178859217352068	0.018944026480434493	0.032131176256405936	0.97580227239050965	0.97987366113196517	0.94387916435462516	0.016364430300360833	0.0097331162602396042	0.021788644100939725
BGC0001458	Other	9	119	0.89500468112168541	0.8949796322524366	0.79688412503423856	0.060266642830709281	0.042993348148644729	0.086929779507873173	0.73941291652183216	0.77635967886640322	0.5492019402530216	0.12948359849049343	0.11036573928611917	0.23793103967850082	0.8956145966208009	0.89886597300576998	0.80076104375027735	0.057431309201007093	0.042750278041168085	0.079161911260374862
BGC0001459	NRP	38	90	0.95885811218389916	0.96275083807264716	0.90387141088173506	0.024634573914299615	0.016665559282053023	0.038012083829200183	0.95032521187694241	0.9547609827791752	0.87339114950729668	0.031554442489603686	0.020191094082185203	0.038767559327942847	0.9513808367600417	0.9468791635949344	0.91334004790201684	0.027839358974957894	0.019719854766006017	0.040330263731238603
BGC0001460	NRP	36	92	0.95638111780273527	0.96068862939798616	0.90487381710735026	0.031730324790770405	0.017683382067977527	0.03927051910666246	0.95327658017712269	0.96523154684450863	0.89840884095551732	0.031591693572536494	0.018945632483754693	0.0430569433282878	0.9505872829881119	0.95524435290534848	0.89569500216775921	0.035403452404336053	0.020105916238665689	0.040484003331732965
BGC0001461	NRP	36	92	0.96052444166057693	0.96677171343909407	0.91845825516474822	0.025164979981113347	0.015921140850030026	0.035101013245949941	0.94294480100957689	0.96016859878974703	0.82758970892327055	0.04840318091887643	0.02314013006921347	0.056127503027012526	0.95798511689620969	0.95851822575885681	0.90585361223718608	0.024183985905556794	0.016954420719480324	0.027743336262415541
BGC0001462	NRP	37	91	0.96833991664248331	0.97236032924948634	0.90941166549018315	0.023678721104757217	0.012750098172949254	0.027721842633127936	0.96176953725997816	0.96723743634597836	0.91071639737546084	0.023543887360028021	0.015440459537558193	0.026172557103164018	0.96555737217437643	0.97651913175454497	0.90064712427455695	0.027790137349044321	0.01388019207105764	0.035564154765347578
BGC0001463	Other	6	122	0.92510730141353859	0.93388784592348095	0.86643250893510326	0.033053094393934813	0.030457442364169897	0.051294441320619666	0.81573660827309991	0.82426575283178971	0.63414809465573529	0.09779667086173266	0.076971068153765573	0.14465716698726827	0.92630369457585071	0.93502448005453043	0.86726028490543228	0.031938518623140413	0.029962209148942785	0.050410859220093251
BGC0001464	Other	6	122	0.7756624375943777	0.84501516138823507	0.50005385278362735	0.16739637824309855	0.09432354968622178	0.26839747741602982	0.70357522912462866	0.70476089633416561	0.40811612721298102	0.14290586633094088	0.12675584717118066	0.25525848892879843	0.77497242474316685	0.84398813140925333	0.49322486870219739	0.16891658898236434	0.094630659673431608	0.27007517194292863
BGC0001465	Other	11	117	0.95432000933206107	0.96368152531304863	0.90076177972197924	0.033809283916176422	0.018476233391589481	0.049645273632107911	0.93238414067238085	0.94629650041950875	0.87148083991636893	0.043248540129045561	0.027468937104796542	0.069036499570912846	0.95481711087399534	0.96381361598523885	0.90132951889303292	0.033596611626939658	0.018273072755080923	0.049096400102653925
BGC0001467	NRP Polyketide	5	123	0.99543363540888008	0.99620135869970272	0.99035365075303461	0.0029171833176178663	0.0018285174171719155	0.0031553970480897586	0.99545268192754111	0.99725548579818679	0.98841951640596248	0.0037747201624942855	0.0018206491123279544	0.0049666602413198646	0.9952042178119983	0.99597099247900478	0.98974838927354503	0.0031026829180230879	0.0019205015339283094	0.0032114975234512899
BGC0001468	Other	8	120	0.9020626450519128	0.90812923447448557	0.8445037379695316	0.034805097143702952	0.040107393969752068	0.063216102182154121	0.72638186122705073	0.75664518190034702	0.52450139842216348	0.11370084191032942	0.11656144179176445	0.18004975063229434	0.90807171117796681	0.90955091712095792	0.85911590371238611	0.031379387483717706	0.037593221129156931	0.05811759150651552
BGC0001469	NRP	12	116	0.97824763516919278	0.97891092337039565	0.96131559363282737	0.0095674302663314639	0.0087605116428052694	0.013198511400544066	0.9668620006790164	0.97125819890709031	0.94692846221154559	0.012701582370731651	0.013353090821186608	0.019981850544242952	0.97690886783730202	0.97835951221125361	0.96103895167106945	0.0096241994121357647	0.0093057626557435883	0.013805734894193677
BGC0001470	Polyketide	15	113	0.9595961707534254	0.95636092287544938	0.94227645949406813	0.015014541139620212	0.016336696443555711	0.02427752453317733	0.94941168559148115	0.94727703544969366	0.91197190195887279	0.020414397863655068	0.020479757982643787	0.027515440004509228	0.9584605887605484	0.95653217486776709	0.94030245245603428	0.016121504468740378	0.016801815278322897	0.025796619441143531
BGC0001471	RiPP	24	104	0.99762295852979821	0.99789105587644578	0.99464817582457676	0.0013771723125942307	0.00095139432044275549	0.0018879012528595362	0.99694662751403573	0.99740244184286608	0.99379409002839048	0.0015893618487026666	0.0012221171198518511	0.0023219929433275777	0.99713399407681924	0.99761770526327576	0.99323000806598838	0.0018136326074769868	0.0011473335991321275	0.002511609496310574
BGC0001472	RiPP	10	118	0.99175203855899896	0.99464919312709132	0.98127556735849708	0.0067757451129860534	0.0033183806176420249	0.010034588414297829	0.99394111716074041	0.99386988194990133	0.98850558156472501	0.0029432745566070791	0.0024333005514959984	0.0049319558606285563	0.99041232479194208	0.99410354215154628	0.97823984091495497	0.0079498434871391032	0.0038608852113016789	0.011815623323998659
BGC0001473	RiPP	21	107	0.99567925475610919	0.99549019382120818	0.99051198369739724	0.0028849077294103363	0.001733306690213654	0.0041131916318909445	0.99518900253635911	0.9963013485626937	0.9888748573614603	0.0035833557677544046	0.0019282917546837863	0.0050291164713208714	0.99508503764668588	0.99406780713095788	0.98977661257680694	0.0031351516342231112	0.0019725600512051633	0.0042203756691927552
BGC0001474	RiPP	22	106	0.9889187499621519	0.99054026598516365	0.97798583795332694	0.0072187724098886222	0.0044561220096427153	0.0079113545534662544	0.9720030900357044	0.96942502440204104	0.9462722051280037	0.016308056125004054	0.011311624591780745	0.020828111299662111	0.99009480073989331	0.99261329393232267	0.97919273753162661	0.0066459945426693276	0.0039832225413123593	0.0073400327404875565
BGC0001475	Terpene	4	124	0.97537994145973061	0.97266588318250535	0.95614272403151435	0.012285299571408578	0.0099210918462975476	0.018489969834078357	0.84299979500726607	0.82634591563922166	0.6845718357987437	0.099747970719436724	0.066368935593835054	0.16694745129885591	0.97626030770952643	0.97346455515589492	0.95905596219166966	0.011671267940699139	0.0095652121157420392	0.01772522557410483
BGC0001476	Other	16	112	0.91604803124685541	0.9262478872164075	0.8232598887072704	0.059128472121541341	0.034261912691755846	0.091944600354548323	0.76567725138729281	0.74875980749512316	0.51168540519784877	0.14802245035768768	0.099012629618856568	0.23186108341914513	0.92396701788086677	0.93330673707799328	0.8510719942316729	0.050762793397613734	0.030976560236732942	0.0810314260872389
BGC0001477	NRP Polyketide	25	103	0.95615006000292158	0.98649369427988121	0.87954746084779956	0.046117350282613774	0.017785386128803603	0.063779874811268678	0.97528554300188763	0.98467070649958399	0.94597830621652534	0.017407096826617646	0.0099445898968687947	0.023829044653279063	0.93369563689763813	0.9769757585069121	0.815048572738722	0.07176632959270178	0.027025620293763365	0.098405562515599065
BGC0001478	Other	4	124	0.90380000130174221	0.90318486506340445	0.82661623824966157	0.06110779954405042	0.039263491491759825	0.092081597098233714	0.75865314166674547	0.78064501718047619	0.54559467625162494	0.12843823422239176	0.10197221995470648	0.17489862073369677	0.90281293565778442	0.90519409477727197	0.82271230951734142	0.063424682851035988	0.039676027204018263	0.095922020140476127
BGC0001479	NRP	9	119	0.9918330596010817	0.99230724291787675	0.98477148961297534	0.0040673877069698104	0.0032753132725528824	0.0048963065413931695	0.97448911722576914	0.96694324194037518	0.95788259694074096	0.017339084472380223	0.010482721246072479	0.020604126634202857	0.9918102542154511	0.99226344630095387	0.98536277641197367	0.0040645990174437594	0.0032838126200278595	0.0049768627112278807
BGC0001480	Other	18	110	0.90245479086454861	0.89736971826591339	0.84464194653943392	0.041841171862505216	0.039908876842696464	0.073548243653788981	0.81841805032835124	0.81303548217391552	0.67178206456325895	0.10282107367794573	0.075797139743670888	0.14614472448946614	0.89735284495315037	0.88595974363737917	0.84689426485947616	0.044796075811022316	0.042073887213736214	0.075319066270816859
BGC0001481	Terpene	1	127	0.94922231021694203	0.96218993311001266	0.85504578063725878	0.040335997557718536	0.020880232903949247	0.059180587762065362	0.70201280254449794	0.75191968069473902	0.35336250098705524	0.21425006431676424	0.12984183218857942	0.34503236674231219	0.94902796971187475	0.96135265998750885	0.85453208960143801	0.040260615478667501	0.020972777575825628	0.058996901527754719
BGC0001483	Other	21	107	0.9378008747173292	0.94104543288163778	0.87299954719225414	0.02909804467860776	0.025222287970537383	0.045929936967061269	0.9449036998669218	0.94840110501402131	0.88267584259765408	0.028024140876649652	0.022295790368002132	0.039308169184518515	0.92823917929210731	0.93489778612113583	0.86627287148707377	0.030550727800388686	0.029159174931807065	0.048506619370823234
BGC0001484	Other	31	97	0.91436015307367935	0.90498663961761383	0.8712539215651437	0.035462686374057986	0.03494108997817371	0.060268559062797045	0.75944114150940534	0.7995690721269697	0.50359619612930917	0.14100661291928074	0.10148564909612046	0.22912180228945678	0.89501577788167719	0.90926149645191567	0.78139103383718467	0.064869276483575114	0.043034578754955956	0.10340154755272646
BGC0001485	Alkaloid	10	118	0.93102215372186037	0.9498188258831699	0.86409910168616078	0.038357871050039724	0.028116474911077917	0.066313283066159689	0.72573333627486125	0.72660729555160042	0.54742476151214703	0.11784288678239603	0.11673880504442455	0.2221173624993722	0.92890667298061391	0.94815959926563353	0.86093411976561895	0.036457427295846834	0.028983536268753097	0.064010360599949023
BGC0001486	RiPP	10	118	0.81795646585043347	0.8521362291326724	0.61617853888515473	0.1029775738980573	0.077633484175926221	0.16775146529925278	0.51642604389985558	0.59180477944153909	-0.033607325473866571	0.26039344142826354	0.24013859024566314	0.4660894181972226	0.8280051994268316	0.86514024513387633	0.61836042713785744	0.10287168191123257	0.072969824232211322	0.1654214184440026
BGC0001487	Other	9	119	0.96863357949011897	0.96770995352921796	0.9471151402537028	0.014758292333557667	0.012631161529081858	0.02133703617940319	0.72648743986058062	0.84690436271955383	0.39557553098589887	0.24036059805048965	0.11829346228883282	0.31167335219386783	0.97225832974327608	0.97324644377675651	0.95478216345140787	0.012771215499637426	0.011162319330801451	0.017853888656038763
BGC0001488	Other	14	114	0.80842455259686774	0.8236134018763549	0.65345337636088074	0.10564403185589004	0.080036224532930328	0.13647588168337432	0.75999606333011127	0.81893782200688525	0.51215851279183555	0.14389741351144178	0.10133328630510274	0.21231995933560721	0.80940200730723455	0.81547831102263635	0.64750477303676968	0.10477189859185564	0.079598715677215992	0.14199713198148978
BGC0001489	Polyketide	6	122	0.98749116515786606	0.99085954503456564	0.97077337465298041	0.0082914728356146498	0.0050172654252776724	0.0082547552955247738	0.99063301552524707	0.99279168405999263	0.97550093419953243	0.0073709198204649122	0.0037549333442226107	0.0094586934704810055	0.98700874469586497	0.99031222562200893	0.96907314673819445	0.008610522942147928	0.0052113449074313364	0.008820309174098373
BGC0001490	Other	8	120	0.90397934319997497	0.92325375398970078	0.79243943095035108	0.054927011753093544	0.039365435211036061	0.092684035589879255	0.85514902762346368	0.87082690765449822	0.67177821627598877	0.091140352616605011	0.059950181549196645	0.14651615655668693	0.9044986440444257	0.92480852939572145	0.79594168104341001	0.053679604047251674	0.039144043825515507	0.091407554139342984
BGC0001491	Polyketide	24	104	0.98429904750747799	0.98605626487820341	0.96948481517027252	0.0092422757418681948	0.0063015516086405432	0.010826801410795395	0.94830457833854775	0.95426129948744332	0.87498499575487987	0.036153722665789777	0.02092347096460636	0.039108544820274149	0.98801185024337923	0.98814223073124485	0.97938007287426021	0.005739409958072041	0.0048079296076439125	0.0071866096653441236
BGC0001492	Polyketide	32	96	0.94201418542564463	0.95268705820760957	0.86383407328257522	0.049612530614299336	0.023481878013569248	0.062525395019018437	0.94542411564997375	0.95266198475823916	0.90732372884500379	0.0247917695502584	0.022122908499389405	0.033001479975924175	0.9222060043874738	0.94117344769797096	0.79989168858045756	0.066171226542250744	0.031617614773727022	0.07782354677364578
BGC0001493	RiPP	4	124	0.99461652838483783	0.99685040952414872	0.9862960456357478	0.0046900774904343953	0.0021565655509639069	0.0062040277095646301	0.91016874538959647	0.96553616785388319	0.76509665896848578	0.09692482613794276	0.036948934965250778	0.13968188220670108	0.99506910866339882	0.99672161487225086	0.98796463414829772	0.0040896994717261144	0.0019749033549964824	0.0053887097991772714
BGC0001494	RiPP	5	123	0.96705722522716397	0.9628317804762665	0.94983456423469304	0.014925185351913374	0.01328875709788413	0.016337569356884352	0.79907412983343307	0.90427776900850598	0.49550320891871691	0.18763673576920611	0.084793534606594861	0.29641281213646731	0.96753576087466919	0.96463182015188009	0.94822404011233208	0.014350926142052033	0.013090080600088228	0.017285361947986355
BGC0001495	Polyketide	10	118	0.98614031449857609	0.99454076050881735	0.9692473455240308	0.013078981607703806	0.0055713099854174612	0.018633434538267823	0.98131115191999108	0.98330141176529773	0.95980100095122578	0.011863530478127814	0.0075289501015244785	0.017357300725297065	0.98490087433595941	0.99352165548275218	0.96680259163189719	0.013899000374303997	0.0060711295967375012	0.019952898002088326
BGC0001496	RiPP	11	117	0.90600511330100919	0.92097285253553329	0.80139343569803567	0.077274324813405945	0.039477349892385494	0.13086894872215904	0.61261791076559313	0.67811514876286882	0.12221627029690953	0.25256346145292063	0.17060111127205521	0.28295424172182104	0.91152437771348871	0.9424195989072961	0.79995581102003421	0.080175137680012304	0.037315241976424218	0.13507519239324139
BGC0001498	Other	9	119	0.81931921728905943	0.88825832736290034	0.54022528339457954	0.1524592679457108	0.075476666606316883	0.22801539539720472	0.80970272575246993	0.8276488062171079	0.48466918720119284	0.15197984903692022	0.079323097762452208	0.20517435716677801	0.81431234684903619	0.88639679529343884	0.54038891824411828	0.15449771025101877	0.077655155963357994	0.23468542186138686
BGC0001499	Other	6	122	0.94889683060793339	0.95067529369376502	0.92174539323462412	0.015601496778271108	0.020720996906107247	0.030950617385058332	0.9109496274318799	0.92581333213390016	0.85375734139375392	0.043180261834193892	0.036348728411193368	0.047149697418250258	0.94776761988022484	0.95012674749941306	0.92022648551820829	0.016069936490892823	0.021182616539043832	0.031260523830669684
BGC0001500	Polyketide	37	91	0.98480054475690759	0.98671815199714186	0.97257250191696587	0.0070288041082442569	0.0061053312068579	0.010186345912057693	0.97778131229025844	0.97923056530018515	0.96343016830182215	0.0070746397321389759	0.0089331198422393007	0.012381509918709899	0.9829736680312362	0.9855890270479275	0.96522752032331605	0.0097572409800623788	0.0068474670864870912	0.011373887862235033
BGC0001501	Alkaloid	33	95	0.7029432155737142	0.67593053252346724	0.50131330073369496	0.16507158487055687	0.12881587421584378	0.30709372903457854	0.66139190090010036	0.71432271493922395	0.35009010707998089	0.22600564487693064	0.14724447883354025	0.40984140600782804	0.70460384034782375	0.65746318298614059	0.52692995148235244	0.15274123201574913	0.12825085961435262	0.27683520879339618
BGC0001502	NRP	7	121	0.96831377806615337	0.97663427256789004	0.92984082385528832	0.023691403458967805	0.012776347138936561	0.033198357717460714	0.80062564017923488	0.97547548350676305	0.5124546274859384	0.23416746937433525	0.084473643526784173	0.35987750431021215	0.96949069476280647	0.97433572700712423	0.93359361575202926	0.021466769201261428	0.012308202024121551	0.029740215280387949
BGC0001503	Polyketide	70	58	0.96338489937806138	0.96009644112946768	0.93953090879936918	0.016936742682569596	0.014759473180730408	0.026239549851238886	0.92904066666914553	0.92693268115503114	0.84926810645540007	0.039521606521023274	0.028927812869032808	0.061927188916102938	0.97889439726187233	0.98020035698098584	0.95721992815941859	0.010786521458758721	0.0084803960857104954	0.014809977260352269
BGC0001504	Polyketide	8	120	0.92323221742710082	0.92877425999041097	0.80826876082856791	0.056553197889127278	0.03122094973934415	0.072035706284675038	0.89049891982047669	0.93075982422874204	0.71401150863702922	0.100114660512705	0.044932075809733282	0.13725268061874663	0.9221523800435476	0.93003191493177906	0.80968180812354673	0.055872037100744586	0.031662706310825815	0.069198718732250031
BGC0001505	RiPP	10	118	0.82965310848680285	0.84024907986863473	0.72260022903545751	0.075174131133149982	0.072972285254448918	0.11238816421561859	0.83212994323066825	0.84912601670136545	0.62708689406958129	0.11420106173297966	0.071480972108151214	0.20091120832533504	0.82453023283869187	0.82470812258381576	0.7299164178025902	0.07563588664935525	0.075321177368807807	0.10598033225800063
BGC0001506	RiPP	4	124	0.91448462548314424	0.94667631326751334	0.77934377285301393	0.079414243617533076	0.035447889982879975	0.12281610306455293	0.87474733686815986	0.92943778594993265	0.68827365898237436	0.1156434672335135	0.052316798792664002	0.18455170396551102	0.9153407745233062	0.94667883106559048	0.78151352791132855	0.078369404139978643	0.035086100177690982	0.12111374346667547
BGC0001507	RiPP	4	124	0.99807757164102617	0.99790241531469515	0.9973533852020956	0.00059180615434508549	0.00076927511714190992	0.0010081091961079425	0.99278624235449564	0.99401620947389913	0.98722551315625229	0.0038975048803409343	0.0028900801015146137	0.0064032342780516727	0.99811042931414506	0.99795729161443747	0.99733445738320847	0.00058715900859483542	0.00075612323146065916	0.0010013595678883824
BGC0001508	Polyketide	10	118	0.99598975762945907	0.99703098992132788	0.99086795670156802	0.0026097055029509555	0.0016056259161998155	0.0034221374259755244	0.99545564234393358	0.9966476485133049	0.99029651656483686	0.003271125783895895	0.0018197519474880907	0.004707898009743805	0.99577926453710308	0.99684469027464928	0.99047084883880931	0.0026116500794873183	0.0016900509844916868	0.0034124047068577745
BGC0001509	NRP	9	119	0.98521706480815996	0.98897897452917682	0.96884996847520777	0.010045958389593129	0.0059332460978466228	0.015168331026151671	0.98483172032385302	0.98720754579774916	0.96736217964989624	0.0079620532547009064	0.0060863349637060972	0.012347921899344527	0.98475451181079043	0.98888979505144281	0.96806767800295002	0.010475902521358349	0.0061197609997873711	0.015814176027620919
BGC0001510	Other	13	115	0.91404023572076487	0.92023332035058858	0.81188869879831349	0.048830701343259279	0.035035345083788513	0.067069601870931916	0.709883743594793	0.76340659280042611	0.25136711076662394	0.19881403984275708	0.12435934888555326	0.25332813345465721	0.92609776963476909	0.93739106354248147	0.85044215828291247	0.041334536895155677	0.03004102881239441	0.058108115869040855
BGC0001511	Polyketide	42	86	0.94072930047657977	0.95658703155502445	0.87083626421011473	0.047005631294054114	0.02400061810963534	0.066033519844460375	0.90448799431965143	0.92098608428966966	0.74073784036666845	0.069362176861962554	0.038975290088319549	0.078913805901894674	0.93951748766424126	0.95121047929278357	0.86994759608013372	0.041162206266560981	0.024502605247868247	0.06009982827717919
BGC0001512	Polyketide	20	108	0.90313899876840753	0.92319810111923006	0.81055404663722275	0.053967696768448835	0.03957391762516569	0.077677728502605903	0.87689484205263535	0.87433154690655879	0.80259855598976615	0.04119705187646297	0.051023932282249704	0.068300981259360682	0.89240581192874868	0.91565118361239128	0.79072053776853346	0.063545754510898333	0.044053529753770658	0.09408707123894311
BGC0001513	Polyketide	12	116	0.98357522334026282	0.98683948305983771	0.96794782105136967	0.0088762602135609471	0.0066144911192682846	0.015319878005804366	0.93800637360367745	0.9487700485411783	0.87317369095254427	0.03422400341848153	0.025121946199868673	0.038642485725309039	0.9833461160028012	0.98676452566141892	0.96935179744499722	0.0092673222610793003	0.0067098455273215448	0.015952190098245778
BGC0001514	Other	33	95	0.94172222507884418	0.92668274594472244	0.90039629019953382	0.03679025842875145	0.023618302087252574	0.046107823115824287	0.8229939094236316	0.76989822426911425	0.6837119817565066	0.12102422638879996	0.073542604560158514	0.14524023237147965	0.96272721481515622	0.95331260491641279	0.93762356783780276	0.02062517319995456	0.015035306794345749	0.027984359124600067
BGC0001515	NRP	15	113	0.93340933798622017	0.96920344426366378	0.81510715428599234	0.059506918244641875	0.027003531844642749	0.078767370163637329	0.91507809068413271	0.96382916620245362	0.74925178301276962	0.086555077869109764	0.034592137310508808	0.11347602195224726	0.93253992728610124	0.96569430688190971	0.81816061617485547	0.056730073250699578	0.027362901452109401	0.075943348649147979
BGC0001516	NRP	7	121	0.92512191403767774	0.93228004977950119	0.8180504692063767	0.047517170433551283	0.030513508619658802	0.055287122563349	0.8977500467173094	0.91620382692635394	0.79979439653895912	0.0617310442998475	0.041862340766369764	0.086349258626729486	0.92169095864881412	0.93059216826969082	0.81018452153748033	0.05003338391550749	0.03195436781358172	0.058135584685623298
BGC0001517	NRP	4	124	0.88553475512677549	0.91351585143388747	0.74219653240901085	0.09154445016684519	0.047269454867852986	0.13580898937966623	0.78403032007056006	0.8577255355038873	0.4326846350237708	0.17370337778122927	0.091036272369989193	0.22788219541389254	0.88916811451993794	0.91567859690431386	0.75384022545174223	0.08824247850675962	0.045772561256532195	0.13111019204171748
BGC0001518	Terpene	10	118	0.93664310946625418	0.94680953375393173	0.85878902999920059	0.035431641558198848	0.025697091678384187	0.049074833629527248	0.94152408885356498	0.93110855981142593	0.8923722824333562	0.03293943289211284	0.023932721129662559	0.041117671846919945	0.93523394761126855	0.94297979569596035	0.85911021350992256	0.034702580430834948	0.026272290621171868	0.04878590716039144
BGC0001519	NRP Polyketide	34	94	0.99306838810221953	0.99287584240196747	0.98723540585230596	0.0032038043085971706	0.0027796191445174979	0.003810624457771028	0.97930117952137929	0.98392650246765179	0.95189182999058031	0.016968421173076405	0.0083573993548476944	0.024945806404358839	0.9912719299466366	0.99365684379474262	0.97958968738933272	0.0060589945098816446	0.003499347167943223	0.0084736146224807518
BGC0001520	Polyketide	28	100	0.95342539716730879	0.95770511707070116	0.9043189986207365	0.027250752543720259	0.01881212958869798	0.029769050152731014	0.90650561936102503	0.90830029233368914	0.83753020269963097	0.051409029303945149	0.038183071882953688	0.058375843326486931	0.96137129113695363	0.96748923811570386	0.91716718030896538	0.023606152755898377	0.015575382306776775	0.024575590981908202
BGC0001521	NRP	21	107	0.74562848121561121	0.74493205029340737	0.58635820246599579	0.12318024770939286	0.10766908482358187	0.153481266715634	0.58134734464833482	0.43063551801030042	0.3172826790488138	0.26010907905720998	0.18462622712265478	0.29207557947204477	0.7494669430078954	0.76123715438672157	0.54733376739682704	0.1150879938240273	0.10605746276324604	0.15478062006469873
BGC0001522	Polyketide	67	61	0.97741702795213514	0.97572285010382698	0.95768330478091801	0.011831330463342038	0.009087107486191081	0.017235490447067958	0.96576486772956416	0.97088395252656712	0.93183757204667528	0.020821860975498901	0.013815990269753909	0.027114330358791849	0.97952274156428965	0.97910426220416991	0.9673516368880769	0.0087051332682809499	0.0082352894573938466	0.015082937610576885
BGC0001523	Polyketide	23	105	0.9649309013047489	0.96583993692677805	0.93331880807747059	0.018060823410482253	0.014141835487162368	0.023764805000199951	0.93173147783356691	0.94370833244947949	0.83303741162694511	0.047144493418897218	0.027703967923060003	0.059313363913484629	0.96769152238250578	0.96484382334853236	0.94513901672759126	0.014280410913069927	0.013019297572349963	0.019155390717111365
BGC0001524	NRP Polyketide	12	116	0.97511736663152671	0.97180903094566173	0.96253776669211533	0.010003771446217865	0.010067358926628999	0.017232146607966348	0.96554387026668687	0.96735089565751653	0.934877085093622	0.016469267622618449	0.013949996586088753	0.02530879267283126	0.97125979981546562	0.96697618479699976	0.95663595892717634	0.012586968443341812	0.011629100819680604	0.022330571722902759
BGC0001525	Other	11	117	0.93834710290766066	0.95491577192764132	0.86282273223432826	0.043978224541673126	0.025024577193430209	0.062151054632345493	0.88136232480127585	0.92891091302783968	0.73594517429787865	0.10185728478766461	0.048660365529867765	0.14257552691884645	0.94101066281128143	0.95119458163039949	0.87150197687347575	0.040505633115109518	0.023935848077873901	0.056921740805712773
BGC0001526	Other	10	118	0.83533512018566181	0.85374435901972157	0.71198026118656033	0.070861554790650108	0.068313062241286387	0.11164969376834633	0.6386090090618205	0.69348351379783968	0.37562072176983025	0.15911170049129814	0.15699168139037417	0.30084031722610971	0.84056303551973266	0.85796210528811767	0.72624377966985121	0.068808899377725566	0.066049800238603323	0.10826899730752648
BGC0001527	Other	1	127	0.96237122802566355	0.9642986245063343	0.94510641850744403	0.011014740865171268	0.015207449556159847	0.02321861310354123	0.92146901699117367	0.9360863739776728	0.82851556847081198	0.049407300028541726	0.032002977685480639	0.072458945823437038	0.96202990238789199	0.9638775282688048	0.94443458318241313	0.0112114436405107	0.015346972067277864	0.023535585522961977
BGC0001528	Terpene	4	124	0.98555846352166065	0.98779550052755727	0.97240024103236045	0.0082114280262595811	0.0057990778625563125	0.010771079651117232	0.99269589229102595	0.99537217054195315	0.98108109198442217	0.006042692118329745	0.0029264092067049496	0.0079977603064961267	0.98469041218013287	0.9871826399986241	0.97057392302012491	0.0088534117636129197	0.0061494927351399388	0.011678277844129004
BGC0001529	Alkaloid	10	118	0.82969704722585769	0.8527283694563309	0.58943897328753059	0.10783601794288841	0.071111951116073227	0.11926569373676066	0.82068095054450774	0.86548173741305456	0.64800257696227326	0.11018993889450308	0.074754215107528138	0.16742774587517473	0.82437142637419425	0.85069417399165925	0.56790420865757729	0.11307669976540938	0.073706288117045202	0.125564225643089
BGC0001531	Other	6	122	0.93446906944270614	0.94618597253638692	0.87440551134960975	0.029407660133337454	0.026613624457446795	0.049024868914430031	0.86129007108295141	0.86242165473010957	0.67312955025116106	0.083870088593285888	0.057420350875180382	0.13169937565179979	0.93388694273640738	0.94633104910832744	0.87720913448410143	0.028327600128419804	0.026854005362402032	0.047982158363381822
BGC0001532	NRP	18	110	0.97550334654325255	0.97681909675302014	0.95323851676468541	0.010977638616013981	0.0098692507836823269	0.013617593370245595	0.97961985159196663	0.98078517455655034	0.95073751980742638	0.01236344745214942	0.008207927680022032	0.014667811256550589	0.97309893287510063	0.97570530287054291	0.94990367862801506	0.012024868067994904	0.010843306292384215	0.014868526325581333
BGC0001533	Polyketide	34	94	0.97154774871878113	0.97465565974616064	0.94797574118114014	0.014139706406898489	0.011464164135271803	0.020035671715046388	0.94536445550658299	0.94922616779734792	0.88906434761425313	0.034088070777201718	0.022149791236438322	0.046123057369547804	0.97380891672259406	0.97363377573477328	0.95935268970598353	0.011440559032919205	0.010544213102136735	0.016573993735678583
BGC0001534	Other	4	124	0.559588695609053	0.70311843203261315	-0.085033720607002608	0.33160960877910117	0.19705952572172336	0.49497585708927427	0.37554369801785253	0.26756964991651327	-0.18308177580752577	0.38138747197030326	0.29956098118541175	0.41617249575440041	0.5573986927676764	0.70165926512179344	-0.089912731144114855	0.33055764196200349	0.19802137729377856	0.4969046559837067
BGC0001535	Other	3	125	0.7093865325540607	0.69933992593796601	0.50191465980840622	0.11149994795819432	0.12426669132507961	0.17326006724868981	0.51558401569969647	0.55148844841387201	-0.0013565673011685783	0.25541756883785605	0.21772756990285194	0.43587018734961058	0.70799322626626504	0.69865472178981891	0.48659876413052955	0.11394831541701597	0.12486262052323557	0.17869588567590478
BGC0001536	NRP	11	117	0.92443465146286596	0.95419365559067226	0.78705060742840227	0.071208267269842959	0.030773159730053169	0.096691646537812259	0.98101995793704722	0.98987430113984298	0.95691685461428888	0.014987252556061505	0.0076238193048956179	0.021256370618248699	0.91311397451529941	0.94535221065843877	0.75541665650967771	0.081447193014693164	0.035477207155157967	0.11103161882418378
BGC0001537	Polyketide	15	113	0.9905949035208701	0.99249494970707119	0.98104096086887893	0.0052303721475886709	0.0037698139055831526	0.006188255057631098	0.95457521420976355	0.96057159116459023	0.87433742773501766	0.033214791259862576	0.01839511723176852	0.038114882997012267	0.99151840677546299	0.9926537658167679	0.98527597826993352	0.0045963561493193722	0.0033990497028951738	0.0059618904459516342
BGC0001539	RiPP	4	124	0.96471943974510843	0.98695307402645827	0.90952344570205235	0.036081099818770078	0.014491179642245023	0.054973881322124218	0.59153083610332957	0.93219872416175742	-0.069967113664419461	0.45956475247949635	0.183946705804306	0.79539085288922451	0.96726815345060613	0.98710753580345645	0.91670652013429132	0.032936549955079795	0.013419159149923443	0.050072723950380538
BGC0001540	Other	33	95	0.86597462594454999	0.86937002885887493	0.77453605655292534	0.05555761168684091	0.055160111678544801	0.086469015013449502	0.60251547063000022	0.63778697380289229	0.32341083511342827	0.19868405465209832	0.1745963107400188	0.30566522026450371	0.86813925070268338	0.86109504100596501	0.79375993543314471	0.046561895773524375	0.054224001993078974	0.085069534321631557
BGC0001541	Polyketide	16	112	0.9844507529474168	0.98346782849763725	0.97547415839508711	0.0081145715030713703	0.006249874455471538	0.010535192501056612	0.97914132887370864	0.98046328131159788	0.94688673019541225	0.015434544472002697	0.008393650604595581	0.018334954951221172	0.98398037262098903	0.98289936243697196	0.97198700492556622	0.008521273876097718	0.0064407447409008615	0.010538022314369289
BGC0001542	Polyketide	7	121	0.98108032414432533	0.98468003871811172	0.95586297743346438	0.01153746653886451	0.0076057884402993322	0.015379103014783735	0.97124392157232831	0.97532782593879486	0.93929319961760915	0.01952548491463971	0.011577760266673254	0.024592395935754907	0.98109951909767279	0.98526362568362003	0.95652279749199787	0.011686304808068581	0.0075986827953004486	0.015843699861430749
BGC0001543	Polyketide	26	102	0.95600955480981908	0.96177933344512723	0.87741892839725688	0.035048846391241249	0.017757752131431027	0.0387477217082004	0.96204388503439409	0.95741056060972118	0.91370139354912883	0.022873526799391926	0.01531299167984872	0.03179065985456242	0.94859657448623835	0.95900112783940972	0.85862012249413144	0.04069810110542111	0.020779724508034381	0.044766739230189256
BGC0001544	NRP Polyketide	11	117	0.98962949886740292	0.99135904441267608	0.97869259810836318	0.0048377680000533125	0.0041724643036376687	0.0076493151254150016	0.96741266322908914	0.9665989751057229	0.93755551908948231	0.020428554643652366	0.01317049799493022	0.023309568448952822	0.98872688523220753	0.98910663595242121	0.97982537286467575	0.0044833322143830933	0.0045358910156872321	0.0076490288606239076
BGC0001545	NRP	6	122	0.94614191468785214	0.95063389424194011	0.91099236692341257	0.019569130236959578	0.021979351199985286	0.031508701944110151	0.96066892318907315	0.96137410978488225	0.94816430913379401	0.0098675221076023976	0.01590049984146049	0.018365051029483825	0.94357903997675374	0.94901993329325374	0.90472814284965897	0.021351231342915653	0.023057508575571362	0.033351674065244197
BGC0001547	Terpene	11	117	0.76992666492679085	0.80102004313867181	0.51710423892295287	0.14354910711203464	0.099476967763236515	0.24326564193619482	0.69800802314292876	0.8280310077346188	0.2805623496596894	0.23908059123157338	0.1296752748032324	0.38355611002961265	0.77278006226170626	0.79741013665193305	0.51353969565249202	0.13907963679891958	0.098731682507978702	0.23132363397710265
BGC0001548	RiPP	4	124	0.99507344223394456	0.99500749097212804	0.98866084860206305	0.0032044066068699431	0.001975848334520336	0.0043257005343484423	0.86318485478497264	0.93668209202823927	0.63267122058801462	0.13739333984446173	0.057693089311756006	0.21306516329568281	0.99528037698291383	0.99520851568053614	0.98932234847623246	0.002952763755780601	0.0018921322872909041	0.0038671155489782283
BGC0001549	RiPP	5	123	0.98172766973192527	0.98277596610006657	0.96345524009922467	0.012801004771771315	0.0073376811628858892	0.017623168238811826	0.98622993166062045	0.98720403020471692	0.97765218704007883	0.0063981095753099697	0.0055237868289063742	0.010943468462907169	0.98124631649208605	0.98240510960560523	0.96245761313244982	0.013128708233060896	0.0075317932634533678	0.01802053457771402
BGC0001550	RiPP	5	123	0.92805918836155432	0.94532330350504745	0.84788104596991742	0.054722112621378952	0.029722169303996005	0.090428066167161258	0.91369523109806106	0.91122130406345803	0.86416778587374488	0.042323923564107829	0.035391787021960774	0.072343121627959861	0.92618987885548998	0.94457977086094824	0.84171951221543639	0.056392148439474904	0.030523781890439649	0.093286580643734074
BGC0001551	RiPP	5	123	0.97706223179897511	0.99272441305288783	0.94589883268714792	0.023478588221362656	0.0092218959683424643	0.031752688380315863	0.90351566924885829	0.95040885969325561	0.78403614190036119	0.089535145079874701	0.040101229879468514	0.14313655538871961	0.97670466486447549	0.99353547302635736	0.944151747320924	0.02451612217803421	0.0093659313012428129	0.032890441235131851
BGC0001552	RiPP	4	124	0.61717709378469388	0.52990821557169066	0.24669617745314854	0.24754964945890995	0.17551722041764733	0.3929960286457832	0.65446639357288439	0.64138902774965767	0.32057953827402591	0.22084029604811267	0.15435020319706083	0.42939030853355609	0.6111331038796981	0.53140212846743884	0.24354331493908332	0.25217611217554131	0.17860065676796893	0.39189371983101784
BGC0001553	NRP Polyketide	10	118	0.93653587065759147	0.94383295850510562	0.85960321953747632	0.040399671773092713	0.025728689166542251	0.059664659250939334	0.80998915982557729	0.83047299483416426	0.59703843535401302	0.12381645816886699	0.079238668791227873	0.11562716156057462	0.9376431568700625	0.9507284498862264	0.84975204391082093	0.043457281371299068	0.025284345505738215	0.063168527629840932
BGC0001554	Other	5	123	0.88017252544481028	0.89704786757252952	0.7716283088825624	0.078297492643077296	0.04937429707238368	0.12626279902514559	0.92956280333000318	0.93079807478884802	0.87883522647787993	0.035971456587477947	0.028717270044325383	0.058154591356919583	0.87601449030982792	0.89589530581264221	0.76166022791099697	0.081804596801214255	0.051128274483594513	0.1321141557922999
BGC0001555	RiPP	4	124	0.86601432304213621	0.88565036151764032	0.68867972717155046	0.075214420537567273	0.056053490029059704	0.095708248215441216	0.49118043460880639	0.53057333583996868	-0.01700606638840026	0.30294047746186259	0.25952914766595597	0.33586272173145471	0.87245949589423244	0.88763098383896066	0.70776165608259778	0.069795218700292747	0.053177695728957627	0.091954964618286894
BGC0001556	NRP Polyketide	9	119	0.98088279685240765	0.98533688511466533	0.95571695716732918	0.011826548139231089	0.0076794838967318311	0.015854600999343882	0.87314327151470628	0.90441433406730454	0.73430452893058551	0.07576958871938104	0.05233514069043519	0.10880450701091093	0.98329043646336944	0.98727609582798115	0.96156970277950726	0.010319859756143265	0.0067091705070527309	0.013547360830244881
BGC0001558	Polyketide	52	76	0.9897889014156025	0.98986237048601677	0.98274365144090681	0.0041193871988811749	0.0040960744621477028	0.0057296458040385634	0.98692498102271797	0.98801480506118033	0.96906904896062285	0.0082886088749281432	0.0052582585319002504	0.012077150809645776	0.98770159646982703	0.98862122308356826	0.97486510771492352	0.0058232625454758477	0.0049370728136197027	0.0079521690804392753
BGC0001559	RiPP	13	115	0.72153486490259033	0.74221339613940174	0.58578243987235168	0.094956275292961731	0.11863942775659775	0.18810380992076015	0.63694839147427751	0.67688980966693602	0.33199641561339283	0.18773197047505286	0.15905822107328677	0.27486934756867332	0.71389198972691481	0.72966470957966578	0.55388748081285233	0.088307198330914521	0.12222491857721948	0.18763944078136297
BGC0001560	NRP Polyketide	12	116	0.96584069569992881	0.98064239890717098	0.91216408512479696	0.029395953597919668	0.013911942001051881	0.044805677738027572	0.96917940045244833	0.97165038536592163	0.95045352992967636	0.013893799055940789	0.01243996638604219	0.02630350543876625	0.96377162306807018	0.9789476259265395	0.90598766390694063	0.031522818115636266	0.014776130740313587	0.048043129157592679
BGC0001561	NRP	13	115	0.98689376772831194	0.98822819148700336	0.97431688723707754	0.00593997295190691	0.0052653724520366875	0.0096208352628142091	0.97649718674913299	0.97576617709242752	0.9631374610514204	0.0080294114082988845	0.0094619775519618528	0.012775873552857586	0.98522103399483441	0.9865803718225199	0.96917931616273989	0.007839211895443449	0.0059410748088526864	0.012567672553435272
BGC0001562	NRP	11	117	0.98976795019320263	0.99026355201348615	0.98002679751613586	0.0057784536715667677	0.0041051153759493753	0.0086473229273131835	0.98191091470782577	0.97944843315344066	0.97547615649109232	0.0057161577036574096	0.0072648441134145481	0.010276987836026819	0.98893289597186329	0.98949161793568963	0.97859337224906506	0.006461005204789377	0.0044425726760287665	0.0098954045495462939
BGC0001563	NRP Polyketide	18	110	0.95274725944726624	0.9529374443362939	0.87766774199045794	0.03282442212151019	0.019147016180816	0.038681191897392164	0.96710054501469767	0.96900606566058956	0.91665779071748477	0.024376378089843911	0.013256627402656384	0.033055572811207301	0.94465017932332229	0.94482511351807019	0.85589390800801624	0.038451507575826223	0.022480425404538963	0.045774461145172363
BGC0001564	NRP Polyketide	11	117	0.96138531581657816	0.96949585153263551	0.9095913251493748	0.027623875666988491	0.015571388494765026	0.030586922626658075	0.96045484435669726	0.97445460946014673	0.88969194558709241	0.035699977928446397	0.015951123763751962	0.043540791723514993	0.96046610455146531	0.96999776064977006	0.9080092919827174	0.027418928046965715	0.015945733826571253	0.029837746104813712
BGC0001565	NRP	13	115	0.97453280556773036	0.9757825702616747	0.94664021813517985	0.014096955874950837	0.010254079814708827	0.016938660870406741	0.97549485243621881	0.97331143068903025	0.9446892705863551	0.016879604570324471	0.0098558851827739383	0.015529280325187744	0.97161513000188326	0.97490478867438957	0.93681978724229309	0.016442372848285067	0.011432894522898663	0.020169744786999066
BGC0001566	Polyketide	16	112	0.74420791945580023	0.74269834691623382	0.57352633119265062	0.14345455514380978	0.1102876691942842	0.21333914045104518	0.64490758249572222	0.59330293240925247	0.30945356397453061	0.24445293223452297	0.16248135483636217	0.34547097137656302	0.75133435387927472	0.73547368632248133	0.57464930854048446	0.13512180525972922	0.10657478616439302	0.20649783794857923
BGC0001567	NRP	11	117	0.96352828970816962	0.96848998703387679	0.93588779647457676	0.016784331042963067	0.014737914553737231	0.027047824915096719	0.55368160901798891	0.77840090499591952	-0.042243588466715387	0.42894984177150136	0.20049920080097894	0.74636131607883227	0.96475766579288913	0.96549664413740421	0.93420885619347338	0.016270547808290348	0.014251748499950923	0.023394258681842972
BGC0001568	Polyketide	51	77	0.98804545832943302	0.9909330421558572	0.97920193098841113	0.0058699118984585699	0.0047946206626073851	0.0065415536339324953	0.96403505213232887	0.96484822581447904	0.93818175343918064	0.015880575053362635	0.014499568890621295	0.024050730787589458	0.99045056257216557	0.9913030093901638	0.97773168097038421	0.0055085547295800645	0.0038293460012432724	0.0074291399367446553
BGC0001569	NRP	24	104	0.9759534776006149	0.97640471854975108	0.95805380626722414	0.010395626162385839	0.0096667079464348264	0.016526701895267837	0.93793123121961008	0.96832577063354996	0.83802399132052252	0.05699992291262166	0.025149439783263138	0.076258798758979118	0.97910622348354259	0.97832393621007552	0.97166821027198558	0.0066858007019415496	0.0083937418193354759	0.0098421298084008235
BGC0001570	NRP	9	119	0.97521145472213422	0.9769661001531178	0.95544204110869102	0.014224461564507252	0.0099671279022038213	0.020105044447836673	0.98435314559452447	0.98432873305396296	0.97532578387304958	0.0063587283788307412	0.0062818615078898297	0.0096454340865281818	0.97241913703162441	0.97449465658907619	0.94973674347904213	0.015775988726732304	0.011097320912868924	0.02241807656933148
BGC0001571	Terpene	26	102	0.94650247429650158	0.94682916631711844	0.90033437171953612	0.024334084000224382	0.021656769154605949	0.033702331525170104	0.91116112722282983	0.90821650326385894	0.8626824744342958	0.043149859436772652	0.036272565176980652	0.048846552745719807	0.94342310843085531	0.94165260746481438	0.90231722107626644	0.023924533165196615	0.022948966410662398	0.036796649002779125
BGC0001572	Other	4	124	0.84539667233714921	0.86363489343332012	0.69554215305594047	0.10260653415951147	0.064015173661512811	0.16621911845270565	0.71104301034825679	0.73575658226251317	0.44420967802554828	0.14107061992833647	0.12326874120809525	0.21039715573349616	0.84785314470448814	0.86703845528832879	0.701487399816355	0.10210285145925277	0.062966885862143468	0.16507791514566605
BGC0001573	Alkaloid	6	122	0.95204547834655018	0.97559731881413225	0.87605539289944401	0.041424263302173338	0.019379021141832119	0.054161343034636045	0.93524473323194957	0.93567476625040558	0.85824609738861979	0.036053757707484417	0.026312914900154083	0.043950046978804447	0.95115518080124528	0.97508515907663229	0.8739013031264885	0.042614733460118792	0.019740211050417324	0.055399565319305344
BGC0001574	NRP	18	110	0.97436758233482623	0.97022148982552947	0.95296109994553624	0.012636244501746573	0.010347313784714207	0.017351119485653821	0.94960489416108707	0.95421710183669295	0.86769108502850389	0.036015317819303914	0.020855935751330001	0.052053966137608265	0.9737155546596673	0.96879163724571116	0.95892584338641274	0.011907950403305629	0.010603294658263328	0.017398599650048308
BGC0001575	NRP	17	111	0.9370097320220786	0.93833285236376973	0.87262443684877766	0.035361368801474349	0.025642130692580811	0.047526186823637628	0.86789561650909375	0.88988361909065294	0.73255187463285087	0.08201987555397143	0.054674212382952406	0.14027121518616947	0.93818691866959514	0.94155790888020219	0.87812682852675228	0.035145812410481397	0.025216277871747739	0.046434755943776551
BGC0001576	RiPP	8	120	0.87997852566971679	0.90765617206711802	0.73355823163072931	0.087308751753053943	0.051575607122881471	0.095073780635302585	0.91014697748487383	0.94517678469527078	0.77472686139787839	0.077486598805527038	0.036991747800123195	0.11668149363490599	0.8681796768697323	0.90095488310304406	0.70572054970225806	0.095235418014199769	0.05699733928418773	0.10276265191507217
BGC0001577	RiPP	5	123	0.81964214474914476	0.9021065574920335	0.54517441430795543	0.16097990306691315	0.075883668370581442	0.25864472042264208	0.58692057345893567	0.51855990551960107	0.2776523222026821	0.24405427132149921	0.18316153743807548	0.45269190278960392	0.82412621540696962	0.90590674159528928	0.55188529187836555	0.15692065849645115	0.073976794327182543	0.25210760098687823
BGC0001578	Polyketide	14	114	0.99090907934585337	0.990576010530544	0.98281902165652946	0.0048683822279237633	0.0036439522463264096	0.0071721659432683049	0.98988154074670442	0.99093989136692229	0.97780941833526291	0.0059441893001145087	0.0040582701660587302	0.0088688260360421101	0.99084235809287624	0.99045768585352878	0.98309111648107383	0.0048472248722092612	0.0036706497470056832	0.0070635088188519823
BGC0001579	RiPP	8	120	0.87085129718976728	0.90576329914477693	0.71494555624407174	0.090551043280727245	0.053715066770424459	0.14117343939686189	0.7603719533168436	0.8374528973951979	0.42034354197132745	0.17871305321927419	0.1047350681115498	0.29522659293806097	0.87329481383352192	0.90532362296748436	0.71528016850101006	0.088205269659287641	0.052609401962911619	0.13636026723996364
BGC0001580	Polyketide	36	92	0.97732409760004035	0.9814193367238675	0.95364871690082675	0.013734418206418311	0.009115556218368126	0.020152809293568441	0.90155401593049511	0.90107856890175708	0.78831273398494972	0.056770432391030669	0.040218084736552487	0.076106997270808385	0.98782960209666759	0.99053296807055502	0.96925511390244368	0.0078349822176115615	0.0048811573037272904	0.010693893726978154
BGC0001582	NRP	19	109	0.89772285825789333	0.8933079563875983	0.83827054311025939	0.035495841755527613	0.042019465398614939	0.060266275502325106	0.78748344887505262	0.79042695031323085	0.57942450328141337	0.10945344128530815	0.09104813575358621	0.16809252354531357	0.89521001744823037	0.89996316885929684	0.8282494258539097	0.041987004459970778	0.043160227787809168	0.078787654622637482
BGC0001583	Polyketide	4	124	0.97931323506024559	0.9836386325775458	0.96220973702241119	0.011326387831303479	0.0083166348107487353	0.012820542020982595	0.96448304110261063	0.97288486412080277	0.92059636890528751	0.024607564910234397	0.014361885248362571	0.031515481762512731	0.97900126076792093	0.98302490078944471	0.96035088391862045	0.011772459434173323	0.0084421275161642439	0.012841689336507311
BGC0001584	Polyketide	56	72	0.97148942387929438	0.9730218805466655	0.93633294581800675	0.016936705176008659	0.011486451101179563	0.021395574534732176	0.96335433870967946	0.96892828285862276	0.89632006976502965	0.027344779004999417	0.014804447499039641	0.034562102144425677	0.95969557025303143	0.9622278996900866	0.91473018751836932	0.023001993677977974	0.016270111114958241	0.027533987438951857
BGC0001585	Alkaloid	11	117	0.92655284129720472	0.93557735304360845	0.86374894017056036	0.038721246909962113	0.029839005035183531	0.063938561640588643	0.92149484132422832	0.92105731590883644	0.84871854841869665	0.035091213069667712	0.032046029484849428	0.042864675641877903	0.92264895394531854	0.93130358461916041	0.86593878331007823	0.039253227543977892	0.031449642087919713	0.066025051630371978
BGC0001586	Saccharide	16	112	0.77175880115179685	0.7606156764009131	0.57154701479006542	0.12465548530583857	0.096544413623190856	0.21517727912075002	0.71927028957957329	0.72363677980595176	0.44446380296528543	0.17829189228103617	0.12064968273822119	0.29452689851475422	0.77452616526304785	0.76302513430827434	0.58513057054087203	0.11770766806355332	0.095263370962406141	0.20638097791829879
BGC0001587	Other	6	122	0.79281274830701975	0.97290918134508342	0.46891428096672394	0.246958246587688	0.087192681176294834	0.36209058164789498	0.76996993658639323	0.83566421259104451	0.42537609824834877	0.18504258552723388	0.096799838402944677	0.25750469939041121	0.79143090238911684	0.97410287747188062	0.46915934174485774	0.24937568365266566	0.087834805973361282	0.36655736853817966
BGC0001588	Saccharide	20	108	0.82481033844658214	0.80257497473313388	0.74441648153778128	0.068019743405644179	0.073975374694634083	0.1397452849656966	0.70268543484061474	0.71339861367259894	0.38174913667582089	0.15038621620428269	0.12799726093691199	0.21883987855315601	0.83056213325820227	0.81905283015076447	0.72797378067823737	0.073686032350546563	0.071641382875140061	0.15507947557157842
BGC0001589	Saccharide	22	106	0.89556975280082296	0.9108294212836997	0.79243018264065546	0.065602106631713217	0.042911943383725573	0.10938416981046251	0.94376556687009949	0.94730314575542673	0.90933947655128466	0.021146313831308636	0.022861566027403701	0.032675768397554594	0.88080598871057558	0.90698461609756054	0.76067964724057835	0.079811397077450136	0.049126718243767152	0.13184344359507594
BGC0001590	Polyketide	43	85	0.98278882914047117	0.98551714658905754	0.96030195995995193	0.013525398953747964	0.0069165228905240014	0.018325097823000625	0.96703901654388924	0.97254850847513841	0.9064458319385762	0.024880485306191181	0.013288501782095664	0.030735291868592252	0.98027312161066915	0.97986274824528374	0.95945000001200242	0.013317752672036545	0.0079367215395770296	0.018451156276976022
BGC0001591	Other	30	98	0.80044622491549011	0.80686140699402964	0.63582026678090431	0.10238825224401453	0.083423174709871817	0.18238034843255102	0.77414501565955807	0.77387287113935577	0.62610247457844292	0.10113615201747483	0.095231498527847402	0.15384640465911814	0.79757910527673714	0.83806863495447947	0.5928394893985186	0.11582668865481385	0.084663801449563536	0.20056512940613869
BGC0001592	Other	17	111	0.85756741693334493	0.8677731485326996	0.65960371114599481	0.088532532319691229	0.058873927974055065	0.13293287588533409	0.79800482133289674	0.78547190587588944	0.66612501299462767	0.086625204042032652	0.084527822913874923	0.1278248287490551	0.86048630362283607	0.8754778937537846	0.65781278249828445	0.091275127511766432	0.05764900543934981	0.13682680422416826
BGC0001593	NRP	26	102	0.97493354042866298	0.97551305623555096	0.95794871545638749	0.013064060283465875	0.010122313851951082	0.014282225681676919	0.98513202728826188	0.98968244864955723	0.968933723707326	0.0094600186823717864	0.0059686007786216248	0.014421818358375971	0.95402068794535333	0.94968790204864384	0.90548968236967853	0.028762564355613578	0.018740352694864782	0.033975303994846273
BGC0001594	Alkaloid	31	97	0.83359800325071587	0.85565501997339444	0.66017602735467817	0.099114831473330958	0.069059045096903679	0.12149107402726222	0.74437634886388671	0.79137441507543171	0.38514543280968866	0.16675543651326152	0.10821791132165819	0.18790993726394423	0.84628549094217065	0.87043532621259156	0.70624901027791676	0.086836531449370286	0.063689929647055402	0.10823901572423944
BGC0001595	Alkaloid	23	105	0.85942225253407512	0.86512348594517219	0.72142618100771549	0.069542014383326578	0.058412023128301162	0.11482242704651757	0.80664318325913487	0.79912504396479367	0.68719261331695403	0.087011349903125812	0.081598062574401026	0.16164686372092119	0.86261859226493554	0.86451818663605184	0.71297869384175994	0.07642610091147492	0.057013367562049645	0.12072157545384632
BGC0001596	Polyketide	43	85	0.98203740701696507	0.98501644043662262	0.96021784706352264	0.012263877609866925	0.007213644565969823	0.016605353106647569	0.93178115329721523	0.97623853878240907	0.81014982413334014	0.071424607570130097	0.02789199594623739	0.1028966150605406	0.98547952940109851	0.98769963470899946	0.96917350246532152	0.007638408704032088	0.0058329552228454373	0.010012742759937243
BGC0001597	Polyketide	36	92	0.98202433155640434	0.98592503659084674	0.96154615718196457	0.011402149939718158	0.0072198850737236865	0.015128994382816119	0.97835675501847441	0.97595238200250578	0.96311204759747027	0.0096055197121441924	0.0086963169445330116	0.014079572734075119	0.97936738708898186	0.98252192041520692	0.95784301531888683	0.012643969328793614	0.0082976110830238255	0.017158401859955652
BGC0001598	NRP Polyketide	41	87	0.92024861318922402	0.97644277769233456	0.81706449437537243	0.080538318313152363	0.032479841109846919	0.10508460001541042	0.88145746644659351	0.90992596743337728	0.74066498938660541	0.095272215128813759	0.049013127107080522	0.12166636523139729	0.92095039643825882	0.96514481499047311	0.82878536356894383	0.073662424191313566	0.032153092739916622	0.10082880162535035
BGC0001599	NRP	8	120	0.90592660767551736	0.90983526344224352	0.85235053853129861	0.035194942733895868	0.038595747278866811	0.063241242058741154	0.58957418844524556	0.63030436661067912	0.24457254043097076	0.19407751776801377	0.18130280754487291	0.35612401310246333	0.91059579823393499	0.90977096811274127	0.85973429934808954	0.033916259291218269	0.036684584644824027	0.061283900906143107
BGC0001600	Polyketide	8	120	0.96724039672275386	0.96979623502358092	0.91971712992155286	0.025024305910448037	0.013202534162292867	0.025448152159732396	0.94484869422652884	0.94113641903655454	0.89046249039529723	0.042467620055873422	0.022384705683360928	0.030122617969290499	0.96846734574652993	0.97185727347361517	0.92145559802841115	0.024163236901967696	0.012703545571719687	0.025163450042578916
BGC0001601	RiPP	3	125	0.93049273388480869	0.94572364896243066	0.79937191777618666	0.058617612526147715	0.028810316267488978	0.075025646786553546	0.62619650081970968	0.67126452688901639	-0.052522766355240197	0.29828126784273024	0.16605043763076396	0.41902761263734079	0.93349185433715864	0.94836900109270372	0.80969029973156337	0.055677325163901746	0.027531721006922714	0.071260015472317861
BGC0001602	RiPP	9	119	0.96063670431231962	0.96301082352269107	0.92758725256037367	0.022927652193658558	0.015886120570042482	0.034787377943514053	0.88537432164623608	0.88745514558961902	0.79523161094527806	0.071157888106157002	0.04712131572918192	0.094594149145278639	0.96210848749199707	0.96358434185792241	0.93256863548270874	0.020852190736401228	0.015291263185473558	0.031870028197750644
BGC0001603	Saccharide	37	91	0.94587624014381899	0.94869417138148515	0.88660464639058889	0.032429611939355438	0.021914648550899106	0.039427307514212973	0.91582128130452589	0.92532518842314659	0.82648202505202906	0.048621144546135912	0.034327221292549948	0.057898278700385664	0.94574838570252173	0.94673349632679504	0.89483617522335013	0.029271526461306575	0.021960572731612605	0.036844553099775523
BGC0001604	Terpene	7	121	0.86552607108502877	0.96970135939107127	0.67495701446505019	0.15204081810554099	0.056393881281210326	0.23341621982862304	0.8942847356445528	0.98845302210066088	0.70235365222381341	0.12748573204055427	0.043597724370642153	0.18155361225206601	0.86016024416432457	0.96674274894858336	0.66623296150115396	0.1569717027782874	0.058716577357685783	0.2418962086255172
BGC0001605	Terpene	8	120	0.96295793971018584	0.96459403426274215	0.92382656667196195	0.020676924921661691	0.015123089127400458	0.034535914792843347	0.85072906209027988	0.85344147320861508	0.68378695997562378	0.076599647042970648	0.062791835408772451	0.1017919722598204	0.96414473171487258	0.96583125671102188	0.93040266029223084	0.019449597097878774	0.014629005018308083	0.032491692523110238
BGC0001606	Polyketide	5	123	0.97838224067748558	0.98216708825676335	0.95722325243965745	0.015334894698939285	0.0087070393939943543	0.023026032636966787	0.96864490122316904	0.97239893463251037	0.91060372804485845	0.026704450502604067	0.012656581074490036	0.03543436541592726	0.9778031442082703	0.98178202868489384	0.9554726623757559	0.015923865511712404	0.0089437477280196465	0.023840237684283228
BGC0001607	Other	25	103	0.90513073163505953	0.92562206008935544	0.80826633225019484	0.065662381977383472	0.038773914506448313	0.09960992622358722	0.89516053561875142	0.89004070439852123	0.79192702548363225	0.05404032510060474	0.042890792684469672	0.074228271325074258	0.89775383422973998	0.91668365152461573	0.79646978184188921	0.070983006841481386	0.041864538638794871	0.10723043878397609
BGC0001608	NRP	8	120	0.98604272017511563	0.99090090786912488	0.9706120335491919	0.0099574469323597883	0.0056049451550691078	0.014879033679779607	0.98691776751443194	0.98917730391190906	0.97698384176804032	0.0069359107486607974	0.0052489023366649292	0.011652446258240579	0.98536424508589282	0.99032414798667068	0.9694641899750851	0.010322628947483955	0.005878476089718543	0.015494509659140232
BGC0001609	NRP	8	120	0.9559884233184196	0.9499424620645579	0.93989074253275595	0.012861119847439999	0.017776802549647287	0.023298371554731134	0.89406402904476501	0.90447978015188335	0.76895765388515491	0.065507216015220401	0.043465813520554987	0.094021728708410746	0.95626067519814573	0.95235808355447871	0.93711518389569615	0.012961008361591581	0.017670357555084372	0.022816721491962677
BGC0001610	Other	15	113	0.86451561493181561	0.90942113217466103	0.67274315395933493	0.11501522163074993	0.055989104291218797	0.17386012218824931	0.7094564979621889	0.75891845523279455	0.41566967247250775	0.17852369898879522	0.12538491720265449	0.33244096237027476	0.86149285680840948	0.91572810739853394	0.63910709548705169	0.12428291626419841	0.057395606463921542	0.18797554205783384
BGC0001611	NRP Polyketide	28	100	0.94727054313804671	0.94000755421992754	0.9135239394753456	0.027071080916022561	0.021341652556513456	0.025185494166422462	0.6982289331009095	0.72503164034913958	0.39839702896986356	0.16899019287227365	0.12988250440590682	0.26334978280791721	0.95986369672374861	0.96383124913786111	0.91151441463275318	0.024086614548681971	0.016209304485726439	0.027345634366656824
BGC0001612	Alkaloid	32	96	0.86942727902644479	0.89138643534493878	0.72486648416975152	0.082848481512950267	0.054354816543060444	0.10500656980516776	0.85765269532502697	0.87823484036268396	0.72981327814905084	0.086258297615204593	0.059210017897519604	0.084909088904045249	0.86733491640367555	0.88479529644812338	0.7179529110085513	0.085430149508752662	0.055297073298319989	0.11736962261743478
BGC0001614	NRP	16	112	0.98663675591501632	0.98890697987009135	0.96666795711056686	0.0086277050140150351	0.0053640580805574658	0.010473382841216905	0.98934004123933672	0.98988612425340161	0.9769495381139891	0.006405895831126684	0.0042753055781445722	0.0088797613482395343	0.98515949632269562	0.98751111303328787	0.96395597238745612	0.0093311194492736275	0.0059592585834888686	0.011816029188414956
BGC0001615	NRP	7	121	0.97785071161874382	0.98471494855244068	0.9523494942423395	0.012863367200219905	0.0089098073688949949	0.019584192481355234	0.96309662405005869	0.97400556754031342	0.90815444531090195	0.026524124750236504	0.014993641080034181	0.029278862188953925	0.97768482103504584	0.98471230574208257	0.95299190561321145	0.012736872096326185	0.0089783521013576898	0.019735618316809367
BGC0001616	NRP Polyketide	3	125	0.88897737302811353	0.87328420873139478	0.81163699360383701	0.048402236885525592	0.045470721016800345	0.075532995339181896	0.74098065026137583	0.7885402353446983	0.54480625290046103	0.13058634273703709	0.10970613993517982	0.14748609868842633	0.89018850032562735	0.87149942990335272	0.81664229427825974	0.047606812226542179	0.044963975801672218	0.07416135149409997
BGC0001617	Terpene	17	111	0.94212091965092348	0.95247044383507595	0.85324926852147465	0.041497168392449685	0.023462407279915175	0.051497403362627425	0.92884032274291051	0.91639102479225976	0.82904710822497973	0.048884924822762202	0.029109596152962582	0.066756773170588812	0.94167668136691418	0.95475628939865675	0.85534713374185589	0.041340781653190391	0.023633907467166961	0.05147752874138567
BGC0001618	RiPP	8	120	0.99659225642936067	0.9983688857732782	0.99277154933744416	0.0028085763120193727	0.0013642430554176687	0.0039080455567138683	0.83099429480615272	0.84908980762045139	0.66479859016505605	0.10094982503958844	0.070870760593448129	0.15400321505999792	0.99691646550269064	0.99824084466325547	0.99380490448563874	0.0023306766992482069	0.001234411835620186	0.0033391201597648967
BGC0001619	Polyketide	41	87	0.98980126956530357	0.99077353689384773	0.98307338583289305	0.0045208435854694664	0.004090303925729533	0.0057206984532685023	0.9777987871659235	0.98176269505397518	0.95978817052207754	0.01100305123338112	0.0089425174390360684	0.013148738978360108	0.98898960354983356	0.99059435024406306	0.97377155006365446	0.0064157007407534081	0.0044145040263916299	0.0078264798425723425
BGC0001620	NRP Polyketide	21	107	0.94863145708009322	0.96096122406372375	0.88548238124668732	0.032450531341597671	0.020782359308382348	0.050267191108739118	0.87335843337746988	0.8964242531657709	0.69967506135849677	0.092529397546610409	0.05208719661762997	0.10354917552494647	0.95121382861042714	0.95982849999585729	0.89866077823241708	0.028508892894373607	0.019739224648350297	0.045977195538471571
BGC0001621	NRP	10	118	0.88671148052859794	0.90029022687221949	0.78607786146785696	0.069353793144176376	0.046667189338547653	0.10901388706033011	0.87575189302218193	0.91295914825651114	0.7367209177775903	0.10433584507070161	0.051872755268907354	0.12973067388432147	0.88517253358609993	0.89602364317424554	0.78686124279865899	0.067290894765758558	0.047328670975246713	0.10870259792638404
BGC0001622	Polyketide	21	107	0.96258788553575347	0.96636599908669973	0.91646403395842924	0.023986460892007861	0.015214286241981068	0.034057459918622968	0.83470718654999077	0.86484197281500796	0.67256327131630023	0.098971330610776717	0.068869793359048748	0.16425953409882055	0.96279031010324356	0.96777818360246948	0.9124849224195184	0.02768835993783203	0.015190409767997881	0.039977762373495818
BGC0001623	NRP Polyketide	18	110	0.98294140497973292	0.98710966778996734	0.96301333258775501	0.011070654896689061	0.0068507473229144633	0.014409333935663793	0.97136365018580351	0.97854358235073979	0.93860748020604945	0.019823802153265839	0.011530097724467336	0.028268177772734604	0.98325337442730587	0.98661498789127533	0.96536924350813602	0.010225381236780889	0.0067271301459114639	0.012936739940551556
BGC0001624	Other	12	116	0.91861488673550951	0.90741174125286905	0.88541188092469236	0.029443172751840281	0.033116632891886863	0.045204484472729067	0.89121441781359145	0.9121511722875667	0.79108119608833638	0.055098453774396261	0.044510949347366061	0.077992378755240899	0.91927187329205073	0.91073154402242418	0.87887331249977829	0.030332211295158597	0.032847319312804157	0.04820729380872002
BGC0001625	Polyketide	22	106	0.98172211025612965	0.98553559925438194	0.96147063565801782	0.011044475129695239	0.0073438226281365539	0.0113183773785831	0.88505146906906873	0.90117025464165934	0.72668124361741226	0.074120305945527737	0.047298370427287927	0.10123644131763565	0.98105014747978814	0.98552012047147186	0.96174703397748285	0.011020914463107458	0.0076168695971291943	0.011986075968021703
BGC0001626	Polyketide	10	118	0.96372350085600567	0.97105149154948411	0.92098869380299941	0.024801047140779311	0.014663596958138281	0.033366912527185488	0.94983290930546149	0.95783760195276269	0.88318259721305326	0.034860011105005015	0.02050566362065669	0.04164992228164488	0.9639450807928529	0.97071319764944608	0.92151230193226685	0.024903573045176455	0.014567425606626961	0.033353128655212672
BGC0001627	NRP	5	123	0.92679888369104335	0.93896171990539612	0.85536615689794948	0.044677540414424059	0.029761020069331658	0.044876519329796305	0.92425321718067066	0.92289041607904454	0.80864600218084681	0.050583964484903439	0.030784613006485849	0.061274086673849593	0.92531741349098728	0.9372637267934123	0.85320908605373402	0.045382980548092172	0.030378819678628301	0.044563537132495279
BGC0001628	NRP	9	119	0.95656234052937139	0.96511314718311103	0.92066313923490795	0.0259187192488575	0.017558979753696045	0.034341346853395627	0.93251126785997729	0.94380892911249736	0.86501756329592849	0.036391116108172653	0.027396785051651905	0.042480026000313087	0.95611577597448427	0.96455969317103218	0.91800052911296481	0.027002460257154463	0.017744043305144987	0.035754784911369852
BGC0001629	NRP	3	125	0.96691466384989933	0.9731339827367399	0.91852689613108607	0.025033492027744665	0.013340316207363223	0.029803821629674099	0.97448149761316605	0.97939253257956693	0.93662674317513872	0.019343761168296964	0.010314395387975562	0.026695706866647684	0.96610255128261247	0.97227292097459861	0.91692732831368851	0.025771241307865716	0.013669496647167767	0.030998780126711534
BGC0001630	NRP Polyketide	11	117	0.96339478666084832	0.96136418146778602	0.94018775715783975	0.019178237461697185	0.014773010118424135	0.027672292020072597	0.91951231387746779	0.91017181136823377	0.81938171019252615	0.046324458864603422	0.032752054831708642	0.062173000753595775	0.96471382678664119	0.96251763442210325	0.94179469089997481	0.017763420286106876	0.014238700333345488	0.025713301010721334
BGC0001631	NRP Polyketide	6	122	0.96233818309377051	0.96746857179792045	0.93261194658488955	0.021967444145159148	0.01533243924138401	0.038923747629161065	0.95537453419173257	0.95908983559909267	0.92420987479161665	0.020542056467125824	0.018035337086978243	0.026085024829043846	0.96063676710112422	0.96812658881879354	0.92831463966192862	0.024261043201656063	0.016047720577836367	0.042654213225866822
BGC0001632	RiPP	6	122	0.94908780158009642	0.9451336046443013	0.90709140315984915	0.032572544979827409	0.02073775784495584	0.044045237835115603	0.85837389088064509	0.85100616690653264	0.76488717371833537	0.07666540242494263	0.060629628777868524	0.12056490662944142	0.95041779503528123	0.94781994369022549	0.91009149638522502	0.031855040938009095	0.020185892885413458	0.043227279729585288
BGC0001633	Other	6	122	0.94433158594310562	0.94884283048572859	0.88638793237332147	0.029397084438381706	0.022543695734566736	0.038041213859398848	0.92136692226098038	0.92081023133847095	0.85334310812582537	0.035515111848442908	0.032010569424234345	0.046462427803720785	0.94156907775038001	0.94621909124351977	0.88080420668533888	0.031391457231478875	0.02367959464688818	0.039272436428439472
BGC0001634	RiPP	5	123	0.99375556768211326	0.99344210477506478	0.9904409430099016	0.0026022458799359999	0.0025050949604004114	0.0037652229847591201	0.98150246316169443	0.98949997280835467	0.9594590832092974	0.015618359917115347	0.0074549341477432975	0.023143390679089992	0.99362364023060756	0.99371872052213783	0.98962727073888512	0.0027766934315938429	0.0025584356414192432	0.0041525733597941317
BGC0001635	NRP Polyketide	25	103	0.98240123022059334	0.98246260733375901	0.9656597942832037	0.0085669237862062379	0.0070689772233186289	0.013269677215259956	0.9274235438648375	0.94616732906425915	0.79654814447083011	0.061880160923142365	0.029493796720123554	0.078877931084668784	0.98620442508444661	0.98462224678520993	0.98075281795775859	0.0051377544113430842	0.0055394393955639611	0.0077625376911633071
BGC0001636	NRP	10	118	0.96780789425823366	0.96797762300287904	0.94145124842063832	0.020953067539004881	0.013035607416532469	0.023017558994064213	0.97231806441379987	0.97646173862182761	0.94926203102259021	0.015770777685987704	0.011159195456487182	0.01700733067563176	0.96696442485144962	0.96617624323193652	0.93978767431478694	0.02163068571320638	0.013384608514652906	0.023812566646117306
BGC0001637	NRP	12	116	0.92413057391859932	0.94097812902677636	0.84069797206046903	0.039056254854242078	0.031109666553993786	0.04827479528994405	0.89791840127934641	0.90668027486345015	0.80483336537976535	0.052930269387017066	0.041775166579889202	0.063691419622759926	0.92298846663414635	0.94036062834279766	0.8425164228744545	0.039220232046923778	0.031626956597599266	0.049386416427066315
BGC0001638	RiPP	5	123	0.59959579260394835	0.6797725033069375	0.17342484183083001	0.21479147997866213	0.18247691622702791	0.37290924975191009	0.57877511403103399	0.62415923370498883	0.27873467025678755	0.21051241758084799	0.18709530421356696	0.4037451754404664	0.59632968079676829	0.67788514059969152	0.15642995476243535	0.22126733053495914	0.18449159781018912	0.38406702526818992
BGC0001639	RiPP	5	123	0.82713884803692039	0.84861125644018531	0.62489007777561945	0.14271432154952526	0.073911795015869683	0.21367512093866403	0.72200377461761422	0.72339536096604617	0.47973779418201629	0.15842520750487263	0.12004351638517578	0.21706866005833214	0.82298976002692414	0.83352325838873376	0.62292628689307983	0.14425996612651132	0.076015255214354593	0.21495820676438726
BGC0001640	RiPP	9	119	0.99621824225728517	0.99607803306725295	0.99325773465557132	0.0017476785296201875	0.0015159038724696483	0.00260107618561356	0.97538298214559782	0.99816535613259294	0.93661587265826018	0.030179687892616082	0.0099024689436370654	0.039204290870465952	0.99583740671598375	0.99564063610965126	0.99325859052485255	0.0017677568990235757	0.0016685608269616514	0.002754246137059102
BGC0001641	NRP	1	127	0.86679776315496215	0.86046483524183415	0.75371536447163379	0.060114614446264002	0.054849334432927964	0.091768297946286603	0.44442759266600607	0.33965458876011567	0.11674605731012139	0.32764984078970133	0.25688897473521272	0.56471810495586716	0.86771533068656059	0.86152233098971354	0.75508378297808898	0.059474842598486385	0.054457711657710073	0.09070880659288072
BGC0001642	Terpene	1	127	0.85582022767847177	0.85771478785116484	0.74486993573042559	0.065864013953652989	0.061131174069259761	0.12221641135536443	0.093360887453790745	0.043308316085249397	-0.18423147112189439	0.26785310354716479	0.49054459189261895	0.67453788471665144	0.85789488027757499	0.86012667579248314	0.74531689737991891	0.065801999302640496	0.060190485792590051	0.12164188506692208
BGC0001644	Polyketide	21	107	0.9765226799134078	0.97938901719776339	0.95279174189434701	0.012807006088910344	0.009449127816552428	0.015714903866722252	0.97066825062835849	0.97714489041009811	0.92860595900714327	0.018865227999678592	0.011818294244665095	0.021029786161848807	0.97671478801605072	0.98079330014665211	0.95666150767496005	0.012367312341694468	0.0093719247364461473	0.015337763730379539
BGC0001645	RiPP	5	123	0.99588192704166212	0.99632930604154046	0.99286229587786357	0.0016529834444164624	0.0016490635906764028	0.0029092804534723848	0.9658265434176565	0.97949739064509322	0.92220160450498057	0.028350542074548856	0.013959494943026774	0.044637573603153347	0.99616479330434182	0.99656868276722843	0.99348794267231344	0.0014856925911498223	0.0015355624274092428	0.0025852384347065938
BGC0001646	NRP Polyketide	22	106	0.98977235076858727	0.98929084499147879	0.98477892128555156	0.0035955959135018853	0.0041002542754061452	0.0056400857498628554	0.9812574995161164	0.97999464101659761	0.96452443088872764	0.0083332611336901629	0.0075488891984617501	0.013618938182860751	0.99045511827285715	0.98982621342201482	0.98565355138846755	0.0033029811315014967	0.0038255395500645271	0.0052495866529350677
BGC0001647	Polyketide	9	119	0.93840863948700493	0.96115046699274653	0.8752018160985876	0.044343269813422612	0.024960969074474225	0.066584911104166866	0.69673596803111182	0.7054555029186913	0.50320895023947543	0.10955403148802052	0.13118475761202825	0.21602923774468075	0.94177865870088928	0.96711842453805263	0.87909473248229297	0.04501763497645031	0.023584168568762665	0.066579494158830688
BGC0001648	Polyketide	22	106	0.99305381599263831	0.99463687195471628	0.98374653248136079	0.0043061152754707097	0.0027826268829322042	0.0054885282432356464	0.96844321811581968	0.97113490645056655	0.94106710082239775	0.017948637455310914	0.012742535207618566	0.017593760455375418	0.99362889042897728	0.99463722622078454	0.98445388974915282	0.0043290842940565573	0.0025517705820469194	0.0058258323470995466
BGC0001649	Polyketide	31	97	0.96591261218909552	0.97330843017636492	0.90188953290959539	0.027340962062035325	0.013741564399153616	0.0310646292668042	0.86168867761686696	0.89633106237104787	0.63386811827753975	0.10448142473816553	0.057241495616122642	0.11656592289823819	0.97937535413300236	0.98469461551065685	0.94486463415364652	0.015801002182190355	0.0082882631696038263	0.020223981697954696
BGC0001650	NRP	11	117	0.98885779952938502	0.99032913517068044	0.97556507492530742	0.0061693319870863321	0.0044678937995781265	0.0071519068709195999	0.98621669427087988	0.98778617191319795	0.97410392438960569	0.0072410947854742386	0.0055326504374981766	0.0088260908495482182	0.98858194672918798	0.99029400271294721	0.97494546871272159	0.0062224909770262184	0.0045792493095333951	0.0071130179048187747
BGC0001651	Other	12	116	0.93506004298207801	0.93223282640369987	0.87419626755101687	0.032475879194354754	0.026361447878930334	0.049792311192393912	0.84408841233051179	0.85744571123528535	0.6932978978757498	0.094646699545113636	0.064583697099420204	0.14651639468421784	0.93276455145299708	0.9367594409085086	0.86737025100525078	0.037392574409591449	0.027299626736776439	0.057945938899158445
BGC0001652	NRP	18	110	0.9835387867672376	0.98389940866835968	0.96814634427510282	0.0071534269253969753	0.0066263304948869671	0.010486578923809109	0.9840912337927239	0.98150879105542799	0.97639420490766959	0.0070478608894444066	0.0064024568758018095	0.0092278723319131339	0.97927772429905713	0.98101674003239858	0.9558533013725089	0.011013478128218198	0.0083717103932635876	0.015170494522714129
BGC0001653	Polyketide	15	113	0.96955269866586069	0.96940427013498187	0.8994056181035962	0.028494339652995724	0.012257592386461647	0.028438193149024182	0.96711810267205589	0.98343760879095932	0.90824052522947762	0.030831955918021604	0.013305338197256478	0.043194777396991735	0.96212370870791786	0.96157532024628323	0.86715073715827917	0.037762563310729531	0.015270872991808248	0.036283160902759848
BGC0001654	Saccharide	18	110	0.89146220566178935	0.8849010999635567	0.81210901047963313	0.059457638127151817	0.044932633897322181	0.093563125119443979	0.44738551004729021	0.51775938497030383	-0.029574128852707729	0.29481053176040428	0.266658241710095	0.55632948967825824	0.90802558597751604	0.91153739984561533	0.83105836876269135	0.050337273069808314	0.037757818663313361	0.078171604991623789
BGC0001655	RiPP	7	121	0.94304269638385174	0.98586039479841636	0.86048504452973951	0.062545389335577531	0.023449404164074594	0.093611644235834457	0.94279461301897916	0.94767309002230715	0.89006751361262548	0.033964362965921847	0.023312442887191344	0.056571806566663496	0.94110166083013591	0.98617169853364994	0.85519245951423939	0.065488910103318476	0.024272036157474509	0.097891725551634057
BGC0001656	Polyketide	30	98	0.97208039226932164	0.97800144987834314	0.93698071857296306	0.018429612073736116	0.011237368994727626	0.024860648873937463	0.97949827497609054	0.98152855469628619	0.96675284390834648	0.0081746926516499362	0.0082358594413702406	0.011946699133200345	0.96593836434816271	0.97339039293946195	0.92076963725790861	0.024329941926869561	0.013729540075426349	0.03206709668407981
BGC0001657	NRP	21	107	0.97274001609378224	0.97205263678089371	0.95010783054964121	0.01416944802115247	0.010977434118379103	0.020967945647743069	0.95993617024533739	0.9619114387134049	0.91645783285744709	0.021352387333938891	0.01616411799593398	0.024815506421067224	0.97198392923661814	0.97185029950932877	0.9488009864595538	0.015063714217448287	0.011289909192602865	0.022335607227448318
BGC0001658	Polyketide	26	102	0.94453591146121152	0.94604069718260808	0.87770986006617768	0.040256473197368033	0.022464978107724277	0.050207205577018632	0.81243718933279152	0.81834706216554065	0.67490700994476371	0.08783565678644889	0.078344403801047874	0.11866599498154007	0.95547697117891661	0.96421414522593651	0.89783404886386953	0.036156957720384686	0.017984754895079957	0.047340816242581241
BGC0001659	Terpene	6	122	0.89066970700692316	0.90887076169560777	0.79010991579176348	0.056923482557493271	0.04476550561798727	0.070881709973824814	0.7803311234646968	0.89273761526627649	0.40137980703312931	0.21670565742036679	0.094108784061241374	0.35098720026451768	0.8811521956071362	0.89788904242790224	0.76292132496606468	0.062640230389174559	0.048780542414274743	0.077731856389154586
BGC0001660	RiPP	7	121	0.91576907333480639	0.98190049247002398	0.77722208860357256	0.09465236120948152	0.035154478850197138	0.14547821558731133	0.81021527017797101	0.95579928034644546	0.49200236765496219	0.21611961032536375	0.081115240576146025	0.34142723894253535	0.91974372582954766	0.98116244338565284	0.78922209685139932	0.089317180952702233	0.03345381189614223	0.13737436328486741
BGC0001661	Polyketide	22	106	0.97948763078452272	0.97867706441791935	0.9620112203746457	0.011396249935481434	0.0082454834952172991	0.01790387162172713	0.96897077882439953	0.98066218537479111	0.9265786291664605	0.025893577006745383	0.012575436807473639	0.038127017202964186	0.97876295083305165	0.97742351206539535	0.96043622649686933	0.010611508671036817	0.0085353098160870118	0.016149994649836019
BGC0001662	Polyketide	25	103	0.96301917860356778	0.9659141031655849	0.94147123600849314	0.016017264898442345	0.014935305837839774	0.022305295897440569	0.81035401589969225	0.82101114181303947	0.56867817530681386	0.14654812371527423	0.079487212331901175	0.22678831951826695	0.97949333575788822	0.97978815081830861	0.95858305572347613	0.0087215183040100213	0.0082474455160442169	0.013007209175548429
BGC0001663	Polyketide	9	119	0.98424630348376085	0.98447282323030927	0.96458140481583132	0.0091042716231391208	0.0063273353949502287	0.011707985058291071	0.97814934739671178	0.97705569044670315	0.95073685299053634	0.016067744613369121	0.0088111060149563599	0.014754496083961621	0.98289936091647367	0.98315187289177686	0.96014999083709762	0.010330174300315697	0.006870294472653771	0.013157234268720841
BGC0001664	Terpene	19	109	0.9774823336929076	0.97985267072551385	0.95386622835722334	0.013173571816682307	0.0090562817164614451	0.018507099611964506	0.90292566419421649	0.94153374855539018	0.78905375575663372	0.084266185515431274	0.039625282488309058	0.11934734478334574	0.97963370832352015	0.98179367264443385	0.95930555796627459	0.010507920021330974	0.0081954826031737094	0.01315328836711227
BGC0001665	Polyketide	6	122	0.95294489755013456	0.94640303205271681	0.91163929083567874	0.022229432642993902	0.019085972020667908	0.032193194125882285	0.93200696864432953	0.94858919938116826	0.83569415708094774	0.045341482977575467	0.027707510659019774	0.066234333023871828	0.95112291433362939	0.94725310542947383	0.901606592424818	0.024311942219627146	0.019834673994979089	0.03596602615186073
BGC0001666	Polyketide	27	101	0.97023324403421063	0.97195867560038485	0.95233202892367208	0.014269537662280058	0.011984259906854523	0.020851945109770287	0.95604370532091976	0.95564685972585672	0.92588852021979551	0.022375944967191124	0.017751461831880522	0.032419192421136223	0.96551639355516028	0.96673184530319634	0.93777020134792144	0.016197406137006095	0.013893144592575934	0.020894089099989688
BGC0001667	NRP Polyketide	10	118	0.98899599135093208	0.99518504730567114	0.97077290483553269	0.010766619997432735	0.0044162742948892887	0.01466631159469034	0.96460595771615121	0.9584878883614828	0.93327196755027009	0.020856908888915039	0.014323629956232885	0.029842729664499856	0.98885971938200257	0.99588172251920848	0.96943100133647464	0.011394546744792211	0.0044705333690845837	0.015282024029397157
BGC0001668	NRP	3	125	0.82674088065232498	0.86096680274365534	0.66756049222068869	0.088073978874395623	0.072309047925890518	0.13561856765341074	0.81881665350928257	0.83079928959721772	0.54950772321361718	0.1129911775441504	0.076075574145894692	0.16318653412025097	0.82590815582736032	0.86022879779125383	0.66981545861498848	0.088187801259515669	0.072658142454092439	0.13562161936271033
BGC0001669	RiPP	23	105	0.97644449585197945	0.98416353168404713	0.95174621957055217	0.016414666020268229	0.0095234812466339809	0.02653351409446647	0.92274208178902928	0.9362462429361379	0.85387910499340225	0.05011899413240798	0.03187782551478182	0.086571015803393658	0.97905625926259676	0.98350383622018145	0.95813030912512609	0.013072065467671897	0.008456773912345384	0.021626125773722693
BGC0001670	Polyketide	20	108	0.95548209449840793	0.95254325514993421	0.91098199894391407	0.029178353178158832	0.018011847877486754	0.031476521689932535	0.95653130121502472	0.96659084428860731	0.9208641025341836	0.02505082464008368	0.01757512877213576	0.030842119317353922	0.95089421868415869	0.95009177802913358	0.89908363589009244	0.03392194176859302	0.01989338865691619	0.039785969327159498
BGC0001671	NRP	15	113	0.9725914102690183	0.97603234642630721	0.94758118220433174	0.013707600880167528	0.011029193143110728	0.019118496019500442	0.97880056791832337	0.97979691200192254	0.95599839576567369	0.011207909786986183	0.0085187019141238045	0.013852614710577082	0.96977598069430537	0.97314542572034246	0.94221841547565011	0.015442483960546174	0.01217031584661179	0.022449438596211069
BGC0001672	NRP	8	120	0.97340424884739973	0.98197415470418403	0.93912362729800791	0.020177062373890723	0.010710443660420222	0.0294671980798622	0.94208857474959584	0.93877639765754028	0.90774380697382573	0.025737325211692301	0.023442654776966276	0.03326227448891772	0.97355568466522724	0.98273702489911652	0.9396552320292999	0.020632320563310304	0.010651580114495341	0.029991166506669664
BGC0001674	RiPP	14	114	0.99746894484962978	0.99847905034784556	0.99480620642717077	0.0019012119794201007	0.0010143289214965545	0.002847306833454466	0.99058243069848029	0.9899590147458206	0.98049217380862541	0.0064319264274159994	0.0037920182849138897	0.0094560782212482763	0.99772004062984421	0.998645226687219	0.99535703948058851	0.0017013873795711889	0.00091338119924595502	0.0025453579129288695
BGC0001675	Polyketide	58	70	0.94888419547415803	0.95750202201235601	0.91404887764230303	0.023475934027141022	0.020686908718625375	0.03261050566732937	0.89910150758960794	0.91275322073751941	0.80923649211785731	0.067132566978718791	0.041264012569868537	0.097733435247902789	0.9435966553019588	0.93702702927864379	0.90702882567094556	0.028749196952297152	0.022849367555501553	0.040708593936416904
BGC0001677	Polyketide	7	121	0.95084101656837472	0.95614593466223852	0.91248083740666064	0.026037708238648885	0.01997744409054758	0.046550487262980167	0.95918397990126358	0.96233392730989675	0.91672331046532152	0.025001971781876253	0.016518802295128854	0.039813312910050525	0.94874381683858056	0.95363599994972237	0.90933612280040199	0.027122092875924413	0.020847071587464371	0.04865007512138797
BGC0001678	Other	1	127	0.84596663323032417	0.92571483189119685	0.63304574527497282	0.13860096712770331	0.063682432351116217	0.19397033938662078	0.5281763969670672	0.48750283482194723	0.18965955425201769	0.23443658459832289	0.21196195792566114	0.37187600463623349	0.84710932743170275	0.92764247380421549	0.63400930788936505	0.13801009656573221	0.063193665365191179	0.19284515011067471
BGC0001679	NRP	3	125	0.88743651670682766	0.92447636468396244	0.69838182665790205	0.097725005947748647	0.046125826971108938	0.13017032725296396	0.91771373752007235	0.93025994987758809	0.81638830287568198	0.050364251810669523	0.033607668808727939	0.074238416165139598	0.88519385141908591	0.92064461961337485	0.69011211905192871	0.099402927484712161	0.047066015764192538	0.13178299830746776
BGC0001680	Other	1	127	0.89750465305490779	0.91092920060952709	0.78956765788581496	0.045377792090946542	0.041988770013606305	0.07135123166677515	0.73724379305236132	0.7869789042093257	0.34115915922368389	0.18866046954858523	0.11181658291594143	0.24832533872655527	0.89796656540659403	0.91106414151542492	0.7925033488004124	0.044382861931443029	0.04179713023131746	0.070297934706536447
BGC0001681	Other	2	126	0.87385586061171094	0.89231489185274071	0.76029204207211309	0.056362962888223997	0.051922129257253279	0.095003753517745815	0.49301203292138318	0.53671771576725913	0.016779052191172705	0.32278382188292826	0.23428551078931048	0.46987121983613767	0.8739991422394604	0.89349038287136662	0.76318130998380163	0.055991389177567803	0.051858625438454563	0.095284850149381484
BGC0001682	Other	2	126	0.92505738946422178	0.93387205278842533	0.84835445133016152	0.032605161172527285	0.030544103264973432	0.046455899420419722	0.85197129542854633	0.84461634334611424	0.72710899116635996	0.073102179240237333	0.061107926722945113	0.10318482040303267	0.92492340805113871	0.93393217094785164	0.84813672958726571	0.032364496731936671	0.03060117045941857	0.045985432080188793
BGC0001683	Other	4	124	0.93105499865547436	0.93920460462712507	0.88666302632719229	0.026403872530062721	0.028007213521369791	0.046620622188313865	0.85512637461768626	0.85049914536316717	0.7578021255991767	0.046995958944579488	0.059869340657943693	0.081425533004414796	0.92798251191470926	0.93507042386739125	0.88220176723495525	0.02861519105924441	0.029274952894183869	0.049720900441299842
BGC0001684	Other	4	124	0.67744606516945471	0.67544090292907699	0.42969022033073484	0.16879051731499445	0.13866634991758658	0.2159589401230092	0.62807387060771958	0.61203235741228401	0.38776646743788334	0.1829213285024755	0.16200162445281477	0.23570862748694621	0.67697091874046067	0.67803273897319127	0.4279668258949057	0.16942311482222763	0.13888537895964906	0.21684445675408803
BGC0001685	Other	2	126	0.77534704438632107	0.80630554996420556	0.47699842667552522	0.13240634736680354	0.094561107138753472	0.19807656672338747	0.80791994801330613	0.8306034343483002	0.68964835710845851	0.064820092723605269	0.080537122759881535	0.11532879780684702	0.77310364181265512	0.80323773290023359	0.46951119111643441	0.13513960249816503	0.095552785154909919	0.20176182652970653
BGC0001686	NRP	9	119	0.9726606110588577	0.97478424570751254	0.95072200326881529	0.011204541115612275	0.01103417728145919	0.018452344736058945	0.81395852251276857	0.81881559652921165	0.579496472305155	0.11277928130742516	0.078537327446753541	0.1877263625903296	0.9747432078894388	0.97449245917470417	0.95830778449961351	0.0093709648864487242	0.010185426060521752	0.015002692060369749
BGC0001687	Other	32	96	0.76518677648649225	0.77977531207856621	0.47130046929042202	0.15737010070301219	0.098877128826351912	0.2275263907105588	0.6429931486982926	0.78131459025444583	0.22116022902891391	0.29553006217896732	0.15584151058618728	0.43027606943519869	0.79350478636283461	0.82976943015084048	0.54931269725429976	0.12563440884546812	0.086364003052011529	0.16774907174402565
BGC0001690	Polyketide	22	106	0.97336037988751867	0.96982017333683135	0.94465929571904617	0.017507177298321182	0.010715054993434369	0.021786662709929905	0.92590099966290362	0.94558810247836655	0.77709719967673441	0.061812836547149232	0.030156359838747961	0.079351309523043922	0.97392028108156725	0.97029246805013547	0.94881729703682249	0.01686367804920505	0.010487292871361454	0.022414787286314852
BGC0001692	NRP	15	113	0.99034129347249622	0.99164922677469947	0.98173896770314639	0.0050020738278643093	0.0038732522400509728	0.006995768831881688	0.99102769465788776	0.99103429264176834	0.97983210918098651	0.0051245959764204541	0.0035982067147775519	0.007100473286697162	0.98992833875158115	0.99095431117513844	0.98171260003558591	0.0051000839569857763	0.0040390716487467282	0.0070463418037757242
BGC0001693	Polyketide	60	68	0.95787626704610906	0.9643729892002153	0.90494585343500666	0.025205440271045383	0.017024184189921198	0.034638687039523219	0.93195810835176951	0.93229161908402558	0.87902369483227061	0.032024880799012723	0.027707723709221744	0.036565235624041348	0.9616612522792195	0.96776741043826486	0.89871524946125725	0.028132950307102937	0.015484091139560952	0.038381896565836904
BGC0001694	Polyketide	32	96	0.98713602608756834	0.98697893730787167	0.97357102459286105	0.0077393342635456901	0.0051677238272318515	0.011496155921653095	0.9531094497508068	0.94659990331937682	0.92001916566050068	0.023381671517934736	0.019083593140812628	0.022945329420821392	0.99038439910011733	0.99366319599694308	0.97750156166139401	0.0073370279194336545	0.003856349630925915	0.01056714364846445
BGC0001695	NRP	17	111	0.96915966815921784	0.97083254995576751	0.94089684444426569	0.016832113179106194	0.012430621249760155	0.026161744971559431	0.85943342670093659	0.85997367774403743	0.73150811177517294	0.067715480235355813	0.05852778281601563	0.12556759660880534	0.97301736685933593	0.97621138042191058	0.94797194869426704	0.01395983544766511	0.010873126400870837	0.02253137477174838
BGC0001696	RiPP	11	117	0.78684928926543729	0.92955360271145204	0.4640580834248042	0.21621834163856671	0.09196151962234396	0.36304211140518372	0.70164626420170906	0.8582479818364408	0.3035630965429833	0.29077249880725126	0.13092719653489002	0.50615591120384718	0.78857402240425822	0.91766517024036964	0.47835207117111422	0.20604302061303228	0.091249628548694381	0.35001096125625508
BGC0001699	NRP	4	124	0.98036385324849085	0.98336310949374184	0.96048731747173333	0.010331110383110595	0.007889266040773224	0.015094960143326563	0.96695775101992487	0.98081282071695886	0.92101158263574667	0.026306687888112679	0.013357992002961883	0.033147025075048298	0.98049375332214128	0.98307020779195775	0.96162067930623607	0.0099446957371623103	0.0078366112631524047	0.014685951164527644
BGC0001700	Polyketide	31	97	0.96959562920135123	0.97583592065625924	0.93018657456743592	0.019723110619037813	0.012244153711051054	0.027113599774320485	0.94147184501062142	0.94604265458932169	0.90538341458059934	0.027151897017940303	0.023725225872562782	0.034910984736944983	0.97105919703017229	0.9741972820539484	0.93546289037721297	0.019664960097904201	0.011650357802110633	0.027868890676488345
BGC0001701	RiPP	15	113	0.9903407543368884	0.99284261432631427	0.97732217383963238	0.0073534847630656874	0.0038953761042414435	0.011130752973642521	0.92275181093221492	0.93570132435953468	0.8012875394732939	0.054372387861273255	0.031435631918264172	0.061294933020464626	0.99142290763735519	0.99356475973698533	0.98108288729384019	0.006731782920520935	0.003458605369669421	0.010144175901096286
BGC0001702	NRP Polyketide	27	101	0.97598046886281631	0.9800763688123959	0.94063773988687571	0.017855712777463111	0.0096686722718333454	0.02160426114361258	0.92390045519529962	0.91833968235629981	0.817030696384209	0.052862783011498764	0.03103350062627399	0.068526484382091413	0.9730118612352967	0.98370483250788032	0.93412582327711058	0.022307119493220024	0.010866511334618823	0.029240999609062235
BGC0001703	Other	22	106	0.9475004325984443	0.96293886241285009	0.89978325196007669	0.029692416398163453	0.021225600744795757	0.038936943870654273	0.94887930823317213	0.96355017353753025	0.89107452236511853	0.034958836756875472	0.020662478271130082	0.036095143184824985	0.94513303266550186	0.96220791026562824	0.90092747923411609	0.02976248572291125	0.022193697304118777	0.039615049342941466
BGC0001704	Other	21	107	0.97380783634919987	0.9759402372179995	0.94979547549536103	0.016548907058814462	0.010532475584248658	0.024135660956361993	0.96615602177133852	0.98898956119240877	0.91565958335834363	0.034268770439542157	0.013630582383386524	0.045152802722004948	0.97193590141607411	0.97399915893816513	0.94552296895499277	0.016572681777344386	0.01128964418466576	0.023245775588434325
BGC0001705	NRP Polyketide	9	119	0.9808683763254642	0.98208686558731551	0.97027710666629963	0.0064565254796873743	0.0076909005723053035	0.010069938148635882	0.98576244198343643	0.98596842885232439	0.98015345837607426	0.0041708923250428475	0.0057195336737295042	0.0076399285854782395	0.97886666187301363	0.98071360011132058	0.96701721651838457	0.0076735459704376759	0.0084986122949540326	0.011795904073776731
BGC0001706	Terpene	13	115	0.89787942458608649	0.95288155166831667	0.74680136889241555	0.087814263749234553	0.042442844888509267	0.14124151195613877	0.91716139413136322	0.9305962367955416	0.83780500456892171	0.059164788110041396	0.033767705748916924	0.08961836566288417	0.88653527520739295	0.94841111143260926	0.70522475341862989	0.10324742534026329	0.04740326486108537	0.16504629917938329
BGC0001707	RiPP	23	105	0.99885800539955394	0.9989082525036902	0.99811918333348859	0.00049645686438163272	0.00045696182707528622	0.00081472669889248728	0.99847591149740667	0.9984763264333858	0.99735769154699283	0.00084389854375022295	0.00060983680646129466	0.0012906257200570037	0.99853647756160169	0.99868416223211276	0.99726933787342409	0.00069756322672455591	0.00058571331145436108	0.001117446258606547
BGC0001708	Polyketide Terpene	13	115	0.98718517263873085	0.98932518195564279	0.9612084743026913	0.011129981381416921	0.0051393539707425221	0.012686184728261884	0.98331865311547728	0.99632491306137561	0.95215717525126597	0.018318168473712954	0.0066953126129368325	0.023152869220143368	0.98704632747613152	0.98912611405169915	0.96059100103337802	0.011013395889808314	0.0051952466478482288	0.011717389996930727
BGC0001709	Polyketide	19	109	0.98197468217381556	0.98430932449603614	0.96456497148585651	0.010713344686504058	0.0072538457237105057	0.014998724736428604	0.96256583334626045	0.96281472730217943	0.95331376554524405	0.0075945138081822917	0.015146140663405272	0.018128189017352359	0.98158681668654801	0.98455829426598473	0.95980087685857651	0.012030643250261505	0.0074077441053005842	0.016210014130214279
BGC0001711	NRP Polyketide	17	111	0.99310612704621737	0.99336482963573669	0.98984867676560895	0.002325871656917812	0.0027621019448585971	0.003712254353622102	0.99121498269197994	0.99227920144316673	0.98002814731153609	0.0065795890475088244	0.0035222019789134195	0.0091245546574858505	0.99190574702196233	0.99326090636170139	0.98749499634174442	0.0031207803498155312	0.0032443084967366921	0.0047555613880240211
BGC0001712	Other	17	111	0.94384445663677252	0.95862274804370096	0.89365183040613361	0.028799290258447068	0.02273833831817771	0.041231023074158268	0.93315083968711454	0.95021242420802898	0.87255628696205811	0.036196556989594765	0.027124671019302604	0.051668495355467692	0.94436411840649426	0.95876857477329946	0.89561663692034577	0.028065878325630171	0.022527307541592399	0.040435914246395255
BGC0001713	Other	7	121	0.94972215538010474	0.95864835528891801	0.89281964752846865	0.029204149614837416	0.020345666860464663	0.045473747035097989	0.87594951120200959	0.87446499807520839	0.77549427190323472	0.064984221015287127	0.050932024575965754	0.10415337962336224	0.95094442458953898	0.96086154233570942	0.89361442358292187	0.028800747859885165	0.019846776000982926	0.044053737078237898
BGC0001715	NRP	17	111	0.99007754042716845	0.99025394532866129	0.98312298169753354	0.0041236386712052821	0.0039797784545486659	0.0063010246041196316	0.9867949046878941	0.98890172508796925	0.97564859006872029	0.0050772510267636283	0.0052984320963375357	0.0072647664780425281	0.98956751954285027	0.98989586319361544	0.98309130461001171	0.0043260099408461272	0.0041853432730165618	0.0065258970004784533
BGC0001716	NRP	17	111	0.98678827035074135	0.98997850505669671	0.97652176532363477	0.0073617272454472495	0.0053002321513954788	0.011707938509407434	0.88616987941418834	0.91812456743588622	0.69470440641473363	0.096128517645908185	0.048193960796566904	0.1497123162949956	0.98689434221990235	0.9885174661083117	0.97637643664972562	0.0063347133998763608	0.0052613106342694008	0.01033295954927349
BGC0001717	NRP	7	121	0.96617204951043711	0.97023430366012209	0.93044195622273174	0.01770541188397726	0.013654902502931799	0.026903806056441493	0.96487313137408015	0.97669241603449142	0.92625572250630983	0.023845660318836615	0.014159715271325247	0.034662652973189156	0.96498904103028438	0.96882298077861106	0.92877856237137679	0.018454835198742608	0.014138204478465677	0.028413423437101959
BGC0001718	NRP	5	123	0.92759555432076513	0.92515160641951155	0.89124733863325556	0.020410735610291494	0.029461334404430238	0.039198284625279856	0.91038500404296152	0.90321040672821851	0.84777132132830801	0.03851692977089146	0.036608353604486818	0.052946142097905602	0.92622900477809877	0.92454424432760685	0.88961155324965047	0.020364880570118215	0.030028421669231455	0.039932814755264223
BGC0001719	Polyketide	35	93	0.94466481982296935	0.95464250824307895	0.87138903406493995	0.034619882312926654	0.022456569688492987	0.037948963629364618	0.87854470776579952	0.88427504988901406	0.78002897650123593	0.080223349224949961	0.049947112146253206	0.10577439236191677	0.9553119866661911	0.96008295661390131	0.88211558810142976	0.030450370530248301	0.018085743667418708	0.033962709826666493
BGC0001720	Polyketide	14	114	0.99232584122365974	0.99271402097731731	0.98262292243467286	0.0041276459778833725	0.0030748931098555144	0.0053798867405363548	0.98971224179796147	0.99240990942973695	0.97448741740000711	0.0078774375857844445	0.0041240200294616388	0.010485375616169135	0.99234692123196311	0.99244228732217388	0.98328866225148315	0.0039440676602856472	0.0030666207356764728	0.0049710707212006211
BGC0001721	NRP	15	113	0.978310773192268	0.9787207221638341	0.95863673471974065	0.011135236952857935	0.0087275101051873302	0.018482187316871235	0.97729085004272953	0.97813973787420727	0.94667841633564953	0.013252391381379212	0.0091280011631809099	0.019131704654575143	0.97670307079565077	0.97609521552601253	0.95830608536022877	0.011769885911033302	0.0093793425225093593	0.019110939404629823
BGC0001722	Polyketide	6	122	0.99584896748427865	0.99633354495887994	0.98977839123795563	0.0025914266202292165	0.0016618710665877723	0.0032265885791723514	0.99581780449107682	0.99666857090911831	0.99003756025247269	0.0028912242547678184	0.001675652490838786	0.0039015672334526963	0.99569004274009865	0.99616560485261707	0.98936645951194413	0.0026994084672684019	0.0017255567171311271	0.0033826865699917441
BGC0001723	Polyketide	10	118	0.95696058992693944	0.9587793384036255	0.91374613114576952	0.020810036784540711	0.017386798898514067	0.032746584712002869	0.80830685454851348	0.83335336198281795	0.49067974120695373	0.13152458505074427	0.083724536788969919	0.198237371568601	0.95552084428257555	0.95532992872424694	0.91533052796792047	0.021857686530947464	0.017979857114567864	0.034945164111728433
BGC0001724	NRP Polyketide	20	108	0.99562891944389997	0.99561945987642031	0.99098399439747054	0.0025015961704729786	0.001750736068480041	0.0030667691475380066	0.98514090366771667	0.98542737941782832	0.97102409174856963	0.0085205884144996386	0.0059667222046779766	0.012207640678735698	0.9954088129674078	0.99607485386570205	0.9889540461702343	0.0033209026693553256	0.0018392963218534896	0.0043951183335858568
BGC0001725	Other	4	124	0.85584159376416713	0.8762011501230722	0.73536184757047285	0.074991848905757094	0.060087606518982262	0.12880013767171816	0.74194599737468636	0.85403282098198741	0.38796532335901668	0.21843492239838563	0.11002610670833776	0.29683499263682822	0.85120263085268011	0.87278035144079846	0.72143275368119009	0.078459975351689137	0.062109304059583439	0.13593037069782887
BGC0001726	NRP Polyketide	9	119	0.96568674168757929	0.97890889166096795	0.9125910120530264	0.031401197309207221	0.013844917832536118	0.03940373971705069	0.88171425947377069	0.88950063077307728	0.75309446894289556	0.077850494638804682	0.049082235749458601	0.099737446699916354	0.96713069043077238	0.98073789488794183	0.91606210504344765	0.030663732568138934	0.013254566991088002	0.038480223765102406
BGC0001727	RiPP	11	117	0.99281607413875772	0.99261063970360353	0.98620744747467337	0.0037488445547997095	0.0028797692610799787	0.0046520013085838974	0.9925054020735582	0.99306881328165897	0.98495603213961191	0.0039988508574104516	0.0030032244281321453	0.0051894927955792314	0.99264466893708325	0.99249240719011289	0.98579516035718784	0.0037839891456557164	0.0029487384766138992	0.0046597843323851196
BGC0001728	NRP Polyketide	26	102	0.98781251924271218	0.98682058601347356	0.98161162351049147	0.0050111165498488968	0.0048899492068399386	0.0071685890655948104	0.9742513154982706	0.98111718871663922	0.92722611533503041	0.02010902880783054	0.010355140923758509	0.022775978034223487	0.9848992758516838	0.98237124311414159	0.97764172130166682	0.0067060262232874618	0.006066335578574944	0.0093460956966556763
BGC0001729	Polyketide Terpene	16	112	0.99265761159500754	0.99313283845238365	0.98723435874939625	0.0027434977338427471	0.002943158605918561	0.0038707839403155919	0.98851532620572957	0.99013811567998067	0.97681838826491107	0.0064620421681796589	0.0046162289530775388	0.0074152543308744212	0.99164068213443923	0.9926396590731873	0.98643818745836342	0.0034428228899981801	0.0033513860110665704	0.0045967944439223585
BGC0001730	Polyketide	28	100	0.95924365412910595	0.96667905289590716	0.90123309388295592	0.033001926569354592	0.016525590297860736	0.040296497838625878	0.97419278833251011	0.98241710124721893	0.92342390327903678	0.022082491294923481	0.01043496549104379	0.028472217723536697	0.95203189970164215	0.96221538100805093	0.87897773408631152	0.038932796734870788	0.019492601906312901	0.045765590329404415
BGC0001731	Other	53	75	0.97389948432714202	0.97231127398144479	0.95069942405268615	0.013529316313560023	0.010507409605675599	0.017237014293718711	0.93735712094302936	0.94354530536211456	0.8790644167158369	0.041185167850738981	0.025528697250716714	0.063289513097138594	0.97526507712936594	0.97705205179243648	0.95546334081127215	0.0095742037396407201	0.0099463401548543599	0.015855295092737309
BGC0001732	Other	53	75	0.92311238302524834	0.95801856277142328	0.78401702904178294	0.06814495847809468	0.03127737622447644	0.09251665903729811	0.83378962475386209	0.87213377607514031	0.62960501154531812	0.12542527345189217	0.068961783366039642	0.18379013631500296	0.94758292473160033	0.95063781489466603	0.85032913555408451	0.041327929172243059	0.021206960664141562	0.05166127105829843
BGC0001733	RiPP	6	122	0.68717861482563691	0.71101565646881304	0.48511103694533808	0.13589155789729884	0.13504504912456844	0.22091681225528315	0.65840231396372584	0.74839992150374979	0.33005279332895904	0.20829288603874296	0.15027658128881979	0.37728097465817401	0.68000617656821483	0.69685641515136676	0.48445947815292495	0.13450644844958545	0.13837257699871247	0.22809407969232465
BGC0001735	Other	32	96	0.88264296486758642	0.91128517555890454	0.76006723002868914	0.05955012927128376	0.048218420517413249	0.087636073718513674	0.86367086075263799	0.89944345346286014	0.7575984212394854	0.066401564904709151	0.056311839657198881	0.11040510617856147	0.8621533041423689	0.86799288292019605	0.73042600772114497	0.065070642006792023	0.056888033306737661	0.10264451287980636
BGC0001736	NRP	8	120	0.78186553255911162	0.79191661116715628	0.6856993723166549	0.066839336731642704	0.091682173464221847	0.12814209004628296	0.66976507868232771	0.7260156111507815	0.32707990561097761	0.18336521538917699	0.14260629772184635	0.26150079743325649	0.78186823857347953	0.79024995555378696	0.66900595182484701	0.0697694310284043	0.091643852634092207	0.13790159675681768
BGC0001737	NRP Polyketide	10	118	0.99398704610382838	0.99509766481881767	0.98834197937971058	0.0033278193092138452	0.0024087339372459659	0.0043467869017640437	0.99149528483122984	0.99284530344985666	0.98147378388854456	0.0057186078669643533	0.0034092947240184079	0.0075798086285693289	0.99364854975991146	0.99492096276871211	0.98699881301004655	0.0035302812240631787	0.0025444970289387305	0.0046852797259278045
BGC0001738	NRP Polyketide	7	121	0.98437030791291869	0.98685327181849214	0.96709540579709374	0.0093896129734021543	0.0062745764596493503	0.013606103184185425	0.98235312948626563	0.988788452250012	0.95180043190746466	0.013962780368254357	0.0070855601358786654	0.01567671121252423	0.98404030993433556	0.98648647290788549	0.96738699824486141	0.0093329426551244602	0.0064076752157679936	0.013710176446803279
BGC0001739	Other	13	115	0.92209288813378909	0.94229348878091623	0.83079207743414329	0.043137492752474846	0.031699717420442308	0.065360722349511513	0.76607801387823038	0.80496144190573293	0.48642205623704804	0.13933739641241943	0.098492930712036658	0.1963373377309604	0.92262329130182474	0.94230909597552448	0.83786510067134634	0.039166860024921563	0.031489560543314088	0.057196538937690833
BGC0001740	NRP Polyketide	43	85	0.99339976910498995	0.9952915175739967	0.98733295564193846	0.0039596453407374282	0.0026447275846977593	0.005576010610313209	0.99105685857283099	0.99257137289959885	0.98309917872299479	0.0047808198832816574	0.0035895231992663979	0.0054128742247173678	0.98835160858534965	0.99338533092423131	0.97073794279396219	0.010314123335472257	0.0046752906804432334	0.012723162225939944
BGC0001741	NRP Polyketide	10	118	0.98433237170545185	0.9887548633617933	0.95847156968599945	0.011462854636597773	0.0063144829866654375	0.013252012720489037	0.90413177530965982	0.92577931421473403	0.76904342438881246	0.066101342588828355	0.039271482382503199	0.078813669409589227	0.98412190594341564	0.9864831320777081	0.96093240382830725	0.010951644986089361	0.0063980342194263073	0.012725629500347946
BGC0001742	Polyketide	12	116	0.97338401204623959	0.9807000340468619	0.94684113093116307	0.018232427062572203	0.010705694063287873	0.026666603179617554	0.92637791254936186	0.96303210059588817	0.79059432172779986	0.071057362873403904	0.030170654864941592	0.10102477080169947	0.97267983416821591	0.97840008587536875	0.94942550857880859	0.017198499345874207	0.010993324077424727	0.025606969427343307
BGC0001743	RiPP	7	121	0.83142796674434316	0.84628389328946296	0.6726849269556967	0.089390667850443223	0.071756841188233375	0.1692154153811587	0.59998144615735127	0.64433218774668322	0.10221787210282651	0.25740253561815357	0.18252444490181075	0.49593291183774979	0.8371571854731924	0.84347656233923085	0.68880853346269866	0.083257516833691786	0.069253073298513781	0.15769988879540453
BGC0001745	RiPP	6	122	0.82629533479266148	0.85452956661207891	0.63731741207524062	0.10600419507946335	0.075727733148219498	0.13799136191855688	0.67716934132386997	0.69712533155787981	0.26302788258273968	0.20234824931326406	0.14115254349727285	0.32085929613297859	0.83001925996510462	0.85394222174109158	0.63981503799872474	0.10386300482558557	0.074088649857603467	0.13852249989144039
BGC0001746	Terpene	1	127	0.55425930275667967	0.55265385851747428	0.20616867945031647	0.28814439597126112	0.1981218525959651	0.27578393191753159	0.24944468088257232	0.14323455857863923	-0.041759768870538949	0.27990209763531981	0.37505033118809444	0.58618173662058659	0.55253285507897909	0.55595735340418484	0.20408114095456656	0.28918539537655519	0.19898862073420615	0.27730707129883547
BGC0001747	Other	9	119	0.66762206097105725	0.7282236462796372	0.34367812369246614	0.24915777090966745	0.14563487039693898	0.45552008797406118	0.53213816998382302	0.72554886957352704	0.055436550001344731	0.38512081607076626	0.21044466159331146	0.60020437650439662	0.67565114406165194	0.72570336575161676	0.37027239502178444	0.23544780765168624	0.14218970549522691	0.4368194909644626
BGC0001748	NRP Polyketide	3	125	0.97899031009864435	0.98289217648157257	0.94718271717596514	0.01752332958754322	0.0084408824406294377	0.021403755747212094	0.92204445138390712	0.93620929195003089	0.81199980225787916	0.057266237620643298	0.03170649546345701	0.064929749604889841	0.97843985700245584	0.98126105761022808	0.94674185567636826	0.017855775020429742	0.0086630711592127433	0.021705737709954764
BGC0001749	Polyketide	17	111	0.95903206725165868	0.96297156117691596	0.91129436964482791	0.025977882083811271	0.016532566175245102	0.031498170292054373	0.98740672920179284	0.98958004803313648	0.97365156811150977	0.0073866885268103286	0.0050594602611362168	0.0099308685052883483	0.95037471082055303	0.95817220278033699	0.89436320695522709	0.031303717613302764	0.020069061001556497	0.03621082458586411
BGC0001750	NRP Polyketide	22	106	0.99413896116824607	0.99481515165139456	0.98904240202256199	0.003500810974315875	0.0023475517819942391	0.0052334417123032217	0.98721889723337719	0.98639011779664765	0.97857332900045402	0.0074435097303748926	0.0051321866600253733	0.010778182169752681	0.99458228194816756	0.99456160092385981	0.98928237622550685	0.003299508862644537	0.0021697153857968441	0.0046649917016754472
BGC0001751	NRP Polyketide	27	101	0.99475741218102054	0.99507479599524673	0.98749187494669211	0.0031135291825983491	0.0020993742702957617	0.0041921519803186369	0.99242973798218426	0.99463682457656466	0.98343427796316074	0.0052371544406510382	0.0030343149732429573	0.0077161130071170536	0.99438841841219805	0.99483829209341579	0.98657505416123936	0.0033201587578109933	0.0022472265057957852	0.0041132360303836046
BGC0001752	NRP	18	110	0.98472218644884235	0.98585621081286989	0.97428304175988945	0.0041219143349683161	0.0061306470881432595	0.0080368148953751106	0.97527971989841689	0.98018990113211379	0.94711936504426442	0.01261150213245474	0.009943819117417662	0.017245992853825221	0.98406664116965192	0.98571786516413706	0.97305822766082306	0.0042943439910087941	0.0063946953263450236	0.0079997218354410649
BGC0001753	RiPP	18	110	0.99845623850300069	0.99871319481355958	0.99713295818676384	0.00060746692481463576	0.00061787443657919101	0.00091533645647545736	0.99792086393661372	0.99765380487009125	0.99636328819283504	0.0010136047870005615	0.00083220726918207253	0.0011736203666826706	0.99838706281432332	0.99849990764223062	0.9968989640019037	0.00062765392742877347	0.00064558207413398792	0.00097549906831961852
BGC0001755	Polyketide	20	108	0.96742342001735648	0.97139292838105584	0.90836738324303667	0.025712850274528055	0.013133124739033386	0.027725398960910974	0.90233784950003137	0.93998534083769114	0.77848195199661363	0.075557036286998211	0.040121598515298708	0.11552980075290042	0.97176911567900848	0.9729475685439033	0.91872793648644846	0.023158936904204015	0.01136541715333288	0.02485456985981549
BGC0001756	Terpene	7	121	0.95109217833593984	0.95057031875421294	0.93497738288004639	0.013034380003111299	0.019800181089664415	0.023154301808023359	0.71883418513099351	0.74439585289202426	0.29948253956945853	0.18161236198540995	0.12378436617748981	0.30444112762681508	0.95397723678414015	0.95586754922971884	0.9401192297112918	0.011371777809099712	0.018610809916795958	0.02124434464673175
BGC0001757	Other	3	125	0.87911642951744096	0.88498934627380088	0.77125604779208801	0.069353074620072064	0.049851813192472803	0.12097755936738563	0.62824890664034883	0.57405314464058366	0.33646114219388018	0.2109275217609029	0.16258000704721171	0.31907810964845951	0.88249154006719299	0.88991804609778191	0.77804002864088617	0.067451596459966415	0.04842722656364977	0.1177527876133454
BGC0001758	NRP	1	127	0.96070457937658138	0.9733105294686234	0.89867717551539905	0.028816085963373868	0.015880774577081501	0.032985984998755269	0.84915409705522471	0.86637037048115628	0.75999536253555833	0.072215913280611999	0.06344980109266396	0.10597397804213293	0.96067602796394558	0.97316712575567066	0.89865600825212966	0.028867155738196166	0.0158928553643779	0.033203090074307662
BGC0001759	Polyketide	63	65	0.97601997079901603	0.9812550324051631	0.93646964901089547	0.017166938522094763	0.009653365231890287	0.01938938137800561	0.95741240399492678	0.98215854064475838	0.88425251356586199	0.040697373177050425	0.017207281415430022	0.049655431599383126	0.96844014239145348	0.97102205651472651	0.94166341015310351	0.016706105355876185	0.012737480913510702	0.020280352891313247
BGC0001760	NRP	14	114	0.97302321581342588	0.97558746389895901	0.94994176844551526	0.013007930163937408	0.01085572054007713	0.019484069680057003	0.94522885196266293	0.94954488012592941	0.88892023779677221	0.03048702434888776	0.022157792705077249	0.03755943841440601	0.97487288300313391	0.97624090519906481	0.953359989656694	0.011900027281048307	0.010108633155245083	0.018739961181940101
BGC0001761	Polyketide	18	110	0.98872943888269393	0.99010775831979358	0.97570863854394874	0.0072083269725001361	0.0045234467387747614	0.010635395469937303	0.99009635318931299	0.98893627783722904	0.98002081536374708	0.0052339793302156245	0.0039713850201403165	0.0074254402835138844	0.98718888547352235	0.98949430910726432	0.9729418440495361	0.0084818835686224052	0.0051432959257964317	0.012379686586064476
BGC0001762	Alkaloid	36	92	0.94502842618927796	0.95202277708418537	0.87629868775222841	0.035511525559916747	0.022341166650698296	0.042697108644142112	0.93036096786434119	0.96140716010316041	0.83198636628279909	0.062515598288671537	0.029040485518971003	0.069332007287268405	0.9366062847528408	0.93888612305786756	0.88252155609868688	0.033355808636177244	0.025763467430101071	0.039707689145213831
BGC0001763	NRP Polyketide	20	108	0.99431946557548778	0.99517285040288239	0.98928646981021562	0.0025757434113879143	0.0022755150944981928	0.0035510912206981882	0.98886294019598697	0.99040261322714374	0.98017286895099742	0.0053422893999048055	0.0044697290474088993	0.008007019638710533	0.99264890922307514	0.99366556150052343	0.98640518033704416	0.0035786688874690827	0.0029455304043048748	0.0043405950641497437
BGC0001764	NRP	51	77	0.98097101192198699	0.98234351161931099	0.9668598857495494	0.0076461312377642835	0.0076459132843598619	0.012259828765541325	0.97629125093165003	0.97688267286398722	0.957024935956859	0.01091355238885613	0.0095631803014736283	0.016565595048449677	0.96430047741335745	0.97183416762820862	0.91485801247135878	0.023463996398566032	0.014478097459318362	0.0254326310225087
BGC0001765	Saccharide	20	108	0.93354916833588408	0.92475401675488622	0.8796190898634737	0.032179815624692291	0.02708410780955588	0.052813846674578446	0.91538005383458076	0.93741535800669973	0.83006384660977828	0.054310699198187831	0.03501373909493459	0.096648997887405996	0.93032817704224635	0.92351710842664358	0.86890797894154548	0.034646688338469976	0.028388019970904212	0.052874361390299551
BGC0001767	NRP	13	115	0.96935455168291162	0.9723849771797457	0.94102966313984227	0.020840942630816477	0.012435555709868096	0.026617237997730192	0.95436383840805183	0.96550386825167733	0.89858428755560082	0.029214222408521385	0.01851072079857019	0.038816285807858009	0.96750271177164959	0.96844669322993004	0.94223252210036812	0.020905972688105262	0.013201019410207659	0.026692428627959175
BGC0001768	NRP	5	123	0.87891563216781632	0.88568787135253646	0.80553739966622173	0.061507414986589327	0.04981083956589949	0.1055612824173523	0.84038977982709384	0.8292625312642028	0.78302646720676694	0.05841370283802131	0.066418777220138558	0.088524238885744899	0.87936769642474366	0.88717963482582629	0.80557228128665681	0.062431649080320242	0.04961514314685507	0.10664686433544968
BGC0001769	Polyketide	40	88	0.97327877703435228	0.97176834655436184	0.94181139217724064	0.016117765197837901	0.010764677472593664	0.017186060939526571	0.95340198194404768	0.95808791633310286	0.90353506982694942	0.026933775688224318	0.018929940053232387	0.032042857295153881	0.97608218064577557	0.97610309953888719	0.95402162735875295	0.014576876268807314	0.0096212888141220306	0.016493938375091055
BGC0001770	Polyketide	25	103	0.96763231137202277	0.96630660954979397	0.94995894023957717	0.012509777237109882	0.013034802158369363	0.015276559207280771	0.81343238272047669	0.8778539950753842	0.499060564099852	0.13661649918133895	0.078179966355685207	0.1426010887078013	0.98121085804027164	0.98071095146064535	0.96348639512607048	0.0087063818460701211	0.0075452943816156862	0.013217660725396763
BGC0001771	NRP	17	111	0.9590595977376376	0.96085001940205017	0.90307310254444217	0.027676329554751251	0.01656471515947704	0.032186421852041902	0.86569623757192127	0.90564153264924063	0.71072581841653382	0.10493504401910124	0.055542827639376659	0.14972758726875479	0.96331297581138686	0.9686883319121935	0.92209007037395763	0.024965138652480685	0.01483108373118045	0.031959544670273954
BGC0001772	Polyketide	18	110	0.98376605462059385	0.98678025083754362	0.96269741126859798	0.0099913173738263791	0.0065182539801629247	0.011286835131350315	0.98646369337075657	0.98851894593015788	0.96927268532239796	0.0098960419203068598	0.005430221677506797	0.011165524277027217	0.9815894014179587	0.98349549572808814	0.96138272846548123	0.010537064712396417	0.0073957384822644027	0.011329778191955686
BGC0001773	Polyketide	29	99	0.97090456741792619	0.97502021647101211	0.92941204112361064	0.021805034355366605	0.011713659823530698	0.029957094386702243	0.96250233832665	0.96671033600405454	0.91103024180530123	0.023833870925055532	0.015143346332361607	0.029507648737019943	0.96481066414213379	0.97126218124247299	0.90510813160129966	0.026569713942069598	0.014182728450165416	0.035206875618797095
BGC0001774	Other	18	110	0.93766427300067434	0.93977676335168225	0.86442645470872204	0.036436207227279117	0.025258437133691226	0.053517026783045596	0.83527202100045916	0.93331388896796696	0.58427137500030779	0.15665671616326454	0.068247278779328263	0.21573526597605275	0.94548782612297888	0.94615433923228842	0.8888283338788594	0.027216596849544018	0.022052711347781882	0.038974822302192513
BGC0001775	Terpene	6	122	0.96284717030353373	0.95607972523125495	0.94076908375197843	0.018001233702281769	0.015007443054814718	0.026779874304113216	0.95610127660368516	0.97595455949480681	0.8847387879180465	0.039879919011903832	0.017956722042577609	0.060681513932355768	0.96209484604151752	0.95479288438982035	0.93993153133473306	0.018386895624203644	0.015311438487184437	0.028541004813662285
BGC0001776	Terpene	22	106	0.65640893129948408	0.7198678254420281	0.24166988142705972	0.23322799742330411	0.15109299909977342	0.42036873584828516	0.59534517673303877	0.6575953068902296	0.13530089617194679	0.22639547447276206	0.1788836588436192	0.35995026315959788	0.6671509174930712	0.74703530252525308	0.27432830047824974	0.23583464050586109	0.14602761305160963	0.42392740691833763
BGC0001777	Terpene	6	122	0.91870627892792456	0.93218758504019827	0.86289624321726088	0.026181636313559596	0.033481306790551703	0.047681247166801999	0.81159655553006138	0.91500018795676696	0.54490372745590254	0.17178395412124489	0.080911771574616417	0.28911568743416549	0.91867376232533771	0.92809406797330496	0.87223218836867167	0.025152865412207789	0.033484288989331604	0.049761599544836166
BGC0001778	Other	17	111	0.96799979245288514	0.96990740986720447	0.93743892935730755	0.017192627046699611	0.012899145330587714	0.025946919087647458	0.89274564633520781	0.94069635653644335	0.76882802223508395	0.084237209389437892	0.044142934778970244	0.11323486262568949	0.9684165218384102	0.97248889177217124	0.93258851335860116	0.018698320807507201	0.012738594394107582	0.02561089556551599
BGC0001779	RiPP	6	122	0.968746708990332	0.97107027155496373	0.94488912722065987	0.011795557588630285	0.012616268861793012	0.019695620613969234	0.86355264255892283	0.89775727073766454	0.75430530407166119	0.075933937369192545	0.056916032092970956	0.14374532321259725	0.96915461630962929	0.97104025387845527	0.9445650548893838	0.012372603384123538	0.012458576821770961	0.018984267036540881
BGC0001780	NRP	10	118	0.92231181100244319	0.95638612410773427	0.82081218650060861	0.066457786566500726	0.031730348153747465	0.10116187305429447	0.78086067456909836	0.86774574958471251	0.46878660462727584	0.19115989304325887	0.091975955655778721	0.27466884351591059	0.924848753628148	0.96065294092047537	0.82751533787689213	0.065895148823668981	0.030650431175998572	0.098621222723640489
BGC0001781	RiPP	4	124	0.93280436861205285	0.93303115480078491	0.87937854344947564	0.050910325434724235	0.028232280436066803	0.084418485515262431	0.84470911842009944	0.92342318347164132	0.6253451656350183	0.15394797819200759	0.066518032916943276	0.25580750338127511	0.93276282236617403	0.9368740817598854	0.87674959944935449	0.052282930947858568	0.028269032177940412	0.087352991108315958
BGC0001782	Other	33	95	0.93473513520523377	0.93187429773074626	0.88794430283103476	0.032063781402820651	0.026520488494005436	0.037320077654491746	0.78873830088788854	0.82568223433596211	0.54593355629044937	0.15517945316754028	0.091536851186273832	0.17069117504581333	0.94759670896244486	0.94446444264759677	0.92712692981115519	0.018024115600798651	0.021246621347668082	0.02622519289954095
BGC0001783	Other	55	73	0.94444822475950141	0.9465213446794678	0.90948743086524908	0.024771910020073642	0.022478417317543541	0.030943902129966228	0.90570381777142295	0.90001380074104698	0.85248871885645039	0.037732542966887571	0.038492712329675258	0.067237361402730178	0.94979487507116667	0.95844130162412999	0.91953491445366276	0.0206170562325091	0.020297625917628202	0.026230360863709001
BGC0001784	Polyketide	41	87	0.97941260180944634	0.9912580968029685	0.95321212375623543	0.018975204714605679	0.0082701652621462347	0.025467883998598229	0.97216746697436474	0.98529901425808819	0.92301112245160588	0.025209544345463408	0.011196297891676888	0.032436982964979433	0.97849429659764076	0.98579584754436045	0.95198213932101294	0.017371304849857327	0.0086417587482267907	0.024083003245499279
BGC0001785	Polyketide	41	87	0.98601937810444018	0.98573807112833034	0.97751879456984192	0.0067223512779569731	0.0056098263552605051	0.011236396095632539	0.98408882246692575	0.98611957184737498	0.96894285703370542	0.0085045971312283	0.0063889038760932774	0.012096009934008389	0.98347534715274865	0.98296125990003946	0.97188005493576823	0.0081870272411049445	0.0066349329073724927	0.013241580442294731
BGC0001786	RiPP	9	119	0.9428656595477598	0.97527145154748807	0.8628918078440625	0.054655970024397579	0.023231374524394322	0.078781101055244829	0.92714454675766067	0.9361765707224885	0.80207837900489132	0.062420023998026229	0.029810224390459328	0.086690177370027821	0.94047767502999946	0.97773044423214051	0.85925525167655981	0.058509422447766135	0.024208642546588922	0.083998492088683263
BGC0001787	RiPP	9	119	0.97118014033587374	0.98951761796603066	0.92691938476125579	0.029086821809726281	0.011997041506358408	0.045849010074723195	0.70616042524791944	0.8810224084480176	0.31918670315828285	0.28061605285271574	0.13177072425959993	0.51594264531877077	0.97403338282253604	0.9906630488304371	0.93152247638635211	0.026362681626197957	0.010767148366623781	0.040904317754600905
BGC0001788	RiPP	10	118	0.97347632977422371	0.99316730115520224	0.93632204582998624	0.028955356106977217	0.010746492029332066	0.041203082756447129	0.87351095487365671	0.91750296410539378	0.74039114571526488	0.10212190074957167	0.053378429705415842	0.17455999580036197	0.97631660297582035	0.99385156083177062	0.94170911212988706	0.026059930626903319	0.009582329794933786	0.036735023293473779
BGC0001789	RiPP	11	117	0.98990123651676354	0.99413985849848951	0.9757344863869567	0.0087806591083865321	0.0040576318134931677	0.012171071139807865	0.81696745299971152	0.94808686711568235	0.53515864280245984	0.20503456636182929	0.078909138089417796	0.33070529866011011	0.99225630705519841	0.99531459386665833	0.98228474305625668	0.0060704807999625715	0.0031057039469974735	0.008502675755191369
BGC0001790	NRP	17	111	0.97558884926240297	0.98071769841240664	0.94384435064718575	0.015956447705393312	0.0098185706135093913	0.017654142160529518	0.97816386856342508	0.98891681099684381	0.94975357738012733	0.01793427630890149	0.0087883524748906486	0.026042269777037275	0.9727687804212044	0.97948297025931885	0.93728204207681809	0.017697090469087139	0.01096297733456859	0.017181073004641667
BGC0001791	NRP	12	116	0.94536709267417662	0.94363280010591777	0.88333536992040307	0.03548407117354669	0.022409846394058252	0.056806336883579389	0.96667774936060979	0.969728003369007	0.93762607153899558	0.015190081373964954	0.013427379930829342	0.02315818841896955	0.93740071234476352	0.93556593778550456	0.86647668181430315	0.042086853884975246	0.02581884863898638	0.067980127266369039
BGC0001792	NRP	21	107	0.98088156963459794	0.98073174492484316	0.96673279547066138	0.0077951599058045948	0.0076797357261350063	0.010902000669752554	0.97644230559626644	0.97680993821199791	0.96291021794661003	0.010015845488986425	0.0094698159087850849	0.013720348319119391	0.9776535487765825	0.97814112294375288	0.9627961230506823	0.0077944671655739107	0.0089843635338550994	0.012103451663997511
BGC0001793	NRP Polyketide	7	121	0.99044937013425616	0.99139798464081164	0.98336163786337383	0.0046962667720519486	0.0038282246370027638	0.0076578461615817162	0.98878537441883019	0.99323693936996382	0.96642691622331955	0.010092929733746892	0.0044961796474654262	0.012341852654340957	0.98986899649490834	0.9913127325935176	0.98111855265300729	0.0052500884430627445	0.0040615025019431258	0.0084356081139572714
BGC0001794	NRP Polyketide	6	122	0.9817292065006894	0.98143532811390743	0.9573909560900471	0.01416742810744811	0.0073383576842641404	0.014301274907614903	0.99208566322515535	0.99292230613681343	0.97732759761245502	0.0061299554216293637	0.0031732440955686281	0.0066073805875466185	0.98057058523672025	0.98079978741117546	0.95427215437279012	0.015277345205716608	0.00780544345595513	0.015798151270355665
BGC0001795	Polyketide	7	121	0.94431128521726726	0.96190869258407019	0.86279480242513829	0.045072676865680741	0.022548122774605696	0.058421289703837753	0.85441642291211028	0.91249558873071712	0.63288529101588953	0.12304492475716382	0.060267175861124289	0.1858982070827927	0.94667415440581204	0.96093839111513268	0.87076011863725877	0.042249296472448572	0.021587900924766146	0.05420810533718956
BGC0001796	NRP	22	106	0.97346509935855752	0.98159575416253131	0.94932156618593611	0.019028861220883018	0.0106774780792531	0.028531640915213652	0.92097275976891435	0.93972586259862756	0.81651273785892275	0.060709769988282584	0.03223141729740555	0.084648663778347677	0.97788856938230118	0.98305113248672071	0.95982868193463811	0.014802911347383419	0.0088894639827357576	0.022606103038863012
BGC0001797	RiPP	21	107	0.94781065992174418	0.95979990763179712	0.85443922931545102	0.042672409325351754	0.021400354171040248	0.046251012234858502	0.93502513445873647	0.93924680150853679	0.83560792334367828	0.042369194684562267	0.026414561099972422	0.056942146227736856	0.9357428518172084	0.95151374189612925	0.81900924796699259	0.055151281888693157	0.026381557792181497	0.057385277912132659
BGC0001799	Alkaloid	12	116	0.92063754582302781	0.93480447070916783	0.85001992939845594	0.039128788598551366	0.032476494309628734	0.068874511919984727	0.47813348946321038	0.50716129067952209	0.17832670624603936	0.23877673168720692	0.24002168033624915	0.38035362416781238	0.93631416708354698	0.94248150100819905	0.89334190254195822	0.027664643773809942	0.025981437550198792	0.053001560031901152
BGC0001800	NRP Polyketide	14	114	0.98829856917264869	0.99058597445648744	0.97046895518539167	0.0078796605780696947	0.0047044384428135411	0.0084668980485177459	0.97829225487307436	0.98153236356796625	0.94510511069451375	0.013983900174608658	0.0087499430095792745	0.020324210441298618	0.98884293848843752	0.99064367571358747	0.97216098996397748	0.0077528583898444723	0.0044852188165342977	0.0084659523666593683
BGC0001801	NRP	15	113	0.9773945123695833	0.97893451572274981	0.96350861689448142	0.0080656658426147398	0.009088944185825976	0.012052388997601859	0.94005242204529949	0.95087846754530247	0.88376112033913745	0.034843073712116618	0.024331193886315348	0.053629442513811187	0.97608048343912446	0.97861033248885576	0.95632282274520375	0.0093063613897782504	0.0096239315625688878	0.014453864122961235
BGC0001802	RiPP	11	117	0.75069106027206955	0.85271323791958886	0.36998485876536436	0.22439329521009682	0.10791992036596436	0.38313046102955406	0.52070702634310861	0.60706602112651353	-0.025572701986374298	0.32295326850290956	0.22524261162231882	0.37236435805162404	0.75406075578438847	0.85049279397765454	0.35300689662218981	0.22037120544935065	0.1069582813284374	0.38039796252282487
BGC0001806	NRP	3	125	0.97898791439583666	0.98603649058504916	0.95340838367976555	0.018216771869885573	0.0084434317161391267	0.024145170964867679	0.98186784287145701	0.991211583256562	0.96265260953442355	0.015007456726160951	0.007279645761626141	0.021249449729444536	0.97871022240014027	0.98567829031231424	0.95291399078344863	0.018355885062772647	0.0085556762062717114	0.024329555918382484
BGC0001807	NRP Polyketide	39	89	0.98776844041651146	0.98851199705530435	0.97703140103351227	0.0066112608392237633	0.0049088504539213764	0.0086374014136981758	0.98987308148882502	0.99036793347245355	0.98118927591864102	0.0053793709008562981	0.0040610960218828264	0.0086791739014804303	0.98211460388932059	0.9833179693840437	0.9568962470088449	0.011777686561450276	0.0071854877545401317	0.014776317638823366
BGC0001808	Other	10	118	0.96401714604550182	0.9649041756084582	0.9421938129399986	0.010557058440527792	0.014560314300557087	0.017692909223309017	0.91258079281597748	0.93413467305639197	0.82378536250843759	0.04715935886135468	0.035699674610971011	0.079518337434230979	0.96261225713690934	0.96067555885278155	0.94093282162217218	0.011051232063036265	0.01513735465197239	0.018192719788052036
BGC0001809	Other	2	126	0.79760404039793253	0.87193138628287126	0.60268036890536225	0.13186749049168867	0.085096891514248263	0.20251373999831479	0.43924553629722024	0.3968782313682313	0.23340706574101777	0.19176539918857838	0.263311469492644	0.3726241914047328	0.798762579530502	0.87090889166966434	0.60238756178488029	0.12994457998740941	0.084584865483253807	0.19973976151515094
BGC0001810	Polyketide	12	116	0.85741387158979487	0.87798632028829382	0.71972975714618181	0.068190119024077303	0.05882588376708657	0.10339738777150287	0.69657037948457101	0.6760186160781172	0.46491269337242019	0.16939509215331192	0.13348116447654931	0.28053493610529978	0.86612611287491548	0.8792130575827185	0.73169992531218397	0.064560876554706548	0.055144878402435468	0.093894905980393739
BGC0001811	Terpene	11	117	0.97873388238965098	0.97989230532558658	0.96293147057298267	0.01207229582608902	0.008588933430010149	0.016826038632915097	0.9914460773903192	0.99326630120292503	0.98334035083740956	0.0049183551043954585	0.0034320372533408251	0.0078555902034229685	0.97586043104553988	0.9768823674361935	0.95970317238221226	0.01402035328314556	0.0097661042683226066	0.020222490261073367
BGC0001812	Polyketide	29	99	0.98851781268077699	0.9897253480180338	0.97605486682494136	0.005858263559521488	0.0046037503419429802	0.0073497140441012299	0.98308545875953968	0.97912744953294251	0.97307090493200143	0.0088269297510606016	0.0067890956628234187	0.0087364064407691178	0.98703123838202933	0.98805516749463784	0.975095421680923	0.0063788345082023681	0.0052012618953332533	0.0079429110984744478
BGC0001813	NRP	15	113	0.97506708823385391	0.97755310842893139	0.92675796971522839	0.02002276121990422	0.01005562741070618	0.023372981771712098	0.93972105294405794	0.9539885462968043	0.88892288857577173	0.02904343199760355	0.024712614225977658	0.042416982860256192	0.97538886365885813	0.97849725316748293	0.92771457540033753	0.019940016548540943	0.0099251215379584368	0.024008440291727218
BGC0001814	NRP	36	92	0.97890746184559219	0.98171738194757396	0.95770808030350063	0.010574586524160805	0.0085029926816834415	0.015786692770394017	0.9789070232869207	0.97837425938597899	0.9574930946833623	0.010737990274349882	0.0084760471309347496	0.013395365398298553	0.97249037682966022	0.97208000065711186	0.92903967832026002	0.018319493020820678	0.011146381396172833	0.022900078786960987
BGC0001816	NRP Polyketide	16	112	0.99290338624417218	0.99332863424200624	0.9840004803287814	0.0050969861253347022	0.002850532914462489	0.0073458965539189292	0.99657606756884454	0.99660737583938785	0.99292214512775256	0.0019797279891563919	0.0013709525058070771	0.0029044969501237361	0.99182762690038972	0.99252637166312208	0.98174522942526998	0.0059698032414256469	0.0032853228469367003	0.0086937501034016762
BGC0001817	Other	5	123	0.91904925629337519	0.94396765275734573	0.81658968282689492	0.05181613912611413	0.032963153714763924	0.081001217913250878	0.70280820649901909	0.72268609397049133	0.38786651431424263	0.17432225920941236	0.12726395403675786	0.28002802036637087	0.91920635292869313	0.93776336012292494	0.82566571446570336	0.048704335334719281	0.032898626550835176	0.077808240631980885
BGC0001818	NRP	46	82	0.96666698840732668	0.96132094863067019	0.93786164459533683	0.017146497924972699	0.013432094888135815	0.022897236526359999	0.9639464458768161	0.96705647425194097	0.92028808719968025	0.022042099406199833	0.01458208341076872	0.032227458366980821	0.95637823793203425	0.95131597265975576	0.91028190547829047	0.027071156859606451	0.017653111813502331	0.029789484338622496
BGC0001819	Polyketide	16	112	0.97293922185993087	0.97434580080498989	0.94431913194855721	0.015668773067499357	0.010890445694303552	0.016982672155145817	0.9132160433029437	0.89283902236720991	0.83111223019505664	0.057651141792960568	0.035601851807643234	0.054636553197462856	0.97576266100533238	0.9771861888560458	0.95049851275061137	0.013018292182167534	0.0097458912576385837	0.013824388595701786
BGC0001820	NRP	13	115	0.91129267638452127	0.91053819076534181	0.82612051893737537	0.046107195361594265	0.036717441423677791	0.062672957360124459	0.88301453472959435	0.91494436744261143	0.72661629837083486	0.075351691114696404	0.048431408172445733	0.094686803163108957	0.91200211542952148	0.90808572936641541	0.83395672656461939	0.043524391912606417	0.036445322064322758	0.059909619474351583
BGC0001822	NRP	12	116	0.98142391438307097	0.98332350808839841	0.96251269183435983	0.0089683369428675535	0.0074789438782573827	0.013142793992357293	0.98386124674863606	0.98764050350106825	0.97021161862927463	0.010645908592026654	0.0064804070342405094	0.015409488789536629	0.98044170003060971	0.98247810951936276	0.96026278501849704	0.0092912147086926869	0.0078802597771267194	0.013386858316273287
BGC0001823	NRP Polyketide	31	97	0.9419122356873102	0.9509868574099728	0.87038325141552808	0.036996692574471648	0.023591153024127086	0.056485534503794455	0.86523780145903328	0.87357761515999854	0.70441773308580014	0.091456043646987242	0.055826931631603682	0.13660582414592104	0.95334889408036561	0.95741374085609188	0.90054636386490361	0.026281249053163036	0.018882126597842542	0.037345586663358299
BGC0001824	NRP	6	122	0.9691506105506853	0.9730237534358499	0.95265233569274366	0.012789677400403932	0.012438551834346567	0.018104902670371348	0.90844234830920045	0.93541184283247136	0.80666117639033041	0.063060921474101458	0.037401196976607334	0.085078160295632532	0.96952099699742278	0.97289222826250588	0.95205370318859628	0.012424101067110902	0.012288903056111345	0.018311135733387385
BGC0001825	NRP	1	127	0.97362643036546292	0.97553916790349771	0.9533221684370079	0.011190187466587887	0.010618118539315024	0.015264756511526589	0.94328049727422236	0.94534454917590938	0.89173215041640519	0.027423662835666267	0.022982670900433644	0.035292244330114464	0.97360311985863457	0.97541201452318971	0.95309562938841763	0.011226285226947236	0.010627654115438867	0.015327025255099658
BGC0001826	NRP	9	119	0.98577644164350242	0.98717829954132474	0.97318162567384581	0.0067286647961515428	0.0057080855125140276	0.0083507812918738322	0.97606855027240669	0.97849346627008582	0.95753928114474318	0.0098677617542056485	0.0096257048817935294	0.015582789506042416	0.98564124967770517	0.98729235591017894	0.97309377770615324	0.0067915088496640829	0.0057632821505265719	0.0084285695494831225
BGC0001827	Polyketide	14	114	0.98965819038148806	0.99291014108662523	0.97563042328162985	0.0082146837494086675	0.0041507071505171968	0.010065855253637235	0.99312385911515888	0.99317726849849453	0.97860239178053054	0.0058532704817678711	0.0027563300568854031	0.0062257323112441254	0.98872942144999298	0.99202901371708785	0.97355681376848224	0.0088168674219429571	0.0045247797095028467	0.010802696164445402
BGC0001828	Polyketide	13	115	0.96802843995978927	0.97851227921037531	0.92678427784930351	0.022111419713100131	0.012896054463639884	0.01946492444754333	0.91514123590545571	0.92742770833441868	0.80156463521055088	0.055214875274735419	0.034665318049518931	0.074719026649009535	0.9664196169442183	0.97556402081777494	0.92138318804439012	0.023830238795229775	0.01354494689398944	0.021002644731814457
BGC0001829	NRP Polyketide	13	115	0.97400067162032633	0.97987733885415151	0.939189983593127	0.021030398022068669	0.010472114479235017	0.023392065325939071	0.95459052020911006	0.95811526174436845	0.89900839894567963	0.030204408471892201	0.018333380863367353	0.029797942939053468	0.9707354207901393	0.97874897393510074	0.93088435550389226	0.023695524499839596	0.011797190075097341	0.026440122892443574
BGC0001830	Polyketide	23	105	0.99607462752835263	0.99655718529626525	0.99274496424362513	0.0018210528941209076	0.0015715421425322785	0.0030109138811356129	0.97740929236648866	0.98355224397225371	0.95007531649522625	0.018166555893938341	0.0090785983491082911	0.024886058859241555	0.99619520911485393	0.9960587676286653	0.9945150182348963	0.0011556746233046115	0.0015232251985564549	0.0020918506693358152
BGC0001831	Polyketide	6	122	0.78526783695432334	0.78615144504003243	0.62095539045379156	0.094511360340226266	0.092361476457439792	0.15525473615323937	0.49232483018584283	0.43138988538393075	0.12884107714341758	0.22843673863309663	0.23612731118418875	0.36908958803208303	0.79185888158626749	0.78368775506748012	0.62944233658344384	0.094014694932657669	0.08925621109593869	0.15269886627651008
BGC0001833	NRP	1	127	0.96964763169460233	0.9739594783597616	0.93397451465649761	0.020168640152779402	0.012311349276180739	0.030055014688873283	0.79667198329154754	0.8750453826142226	0.47257915660100835	0.18568003735663793	0.085103544058957259	0.27045209820626681	0.97024946977205961	0.97402708505543423	0.93551877758041579	0.01954479226254471	0.012066062090647844	0.029081747353489562
BGC0001834	NRP	5	123	0.96327489669801269	0.97113865529392518	0.91994524976038594	0.022022777620981385	0.014814839687831616	0.033669589858184246	0.96368775711425736	0.97806488787576806	0.9015348815963814	0.028523163267897417	0.014635661938272237	0.038217209875521796	0.96249200861192463	0.97001043871817538	0.91765635654375732	0.022269966233169312	0.01513383951733931	0.034140157444605301
BGC0001835	Polyketide	16	112	0.96355136721581347	0.96190493667926413	0.94691734165332375	0.012892882741567382	0.014717480364210122	0.018723361989484211	0.94736975336911011	0.94828109511393444	0.9089127738727677	0.025112194714856283	0.021332437346551325	0.040921132918891545	0.96499263503795585	0.96199450348706916	0.95054996697189165	0.012664769471263932	0.014129837409708568	0.019304341647335632
BGC0001836	Polyketide	16	112	0.96817526657409125	0.97677212517999079	0.91461165543814471	0.028168801483593756	0.012824578470132431	0.035878745687200175	0.93409109576145899	0.97090209222185431	0.8190579751025634	0.061066838961312188	0.026778174161427581	0.085225848028740669	0.97033478289550068	0.97721726065452308	0.92481201329849505	0.024656491510263574	0.011946558088518166	0.031109271297856678
BGC0001837	Polyketide	27	101	0.95332562501717155	0.96043927387093653	0.88276457596603575	0.032380000832822366	0.019028834507720704	0.038596443244126699	0.93771394255953155	0.94216619830353376	0.86504849293349073	0.035770304873721091	0.025524667192262207	0.035656408106886417	0.95068683289675238	0.94843132267318642	0.86042772710081017	0.038857739308650885	0.020110335608185627	0.051220683756988294
BGC0001838	NRP	7	121	0.98504565424358537	0.98757888456655862	0.97022039809014371	0.0077379193166342754	0.0060021247709104884	0.009561378192449399	0.98434530208560322	0.98880066309026893	0.96639630442112112	0.0090234628217289153	0.0062820173764357888	0.011968033638524278	0.98466356593563675	0.98725186675160037	0.97011874099074713	0.007762356867839635	0.0061563184158549113	0.0097873757123836391
BGC0001839	Terpene	5	123	0.9414280384412731	0.95305260798524449	0.87544986937539659	0.041551020771278348	0.024299571863275738	0.040625852726122624	0.85612545910742222	0.89927465477685187	0.62395190546908119	0.11764518128801812	0.061812178408335527	0.18927464178414999	0.9421769050922153	0.95193642896486719	0.87370743783832638	0.041078295760037568	0.023970334622829291	0.041996837521808494
BGC0001840	NRP Polyketide	9	119	0.98093811712222168	0.98550818993084066	0.95213193127767171	0.012110980760621606	0.007663634688898191	0.01472226819738609	0.96725882185707623	0.9657924780981535	0.93767899571936209	0.018212533769293781	0.013231110950834114	0.025560772074778693	0.98108995037209712	0.98618062719125388	0.95136182141610248	0.012503647453622199	0.007601197427549211	0.014880744723013928
BGC0001841	NRP Polyketide	4	124	0.96501470664612865	0.96516744147138422	0.93785212768539317	0.01299962907105557	0.014134065253965411	0.023092817520961706	0.94648337776486147	0.94662292412742222	0.89762736694354117	0.02825030273730025	0.022071005323404912	0.045826335885636893	0.96367092135903787	0.96380409735961869	0.93523329595812588	0.013517752757815825	0.014680653299929337	0.023746652754864095
BGC0001842	NRP	7	121	0.98762994447397978	0.98713053292280761	0.97773047427597115	0.0057087180138853787	0.0049627242726786314	0.0088388978184513745	0.93162156529953555	0.98379528809659011	0.82440340349285235	0.071571939718397773	0.02776216009170631	0.097431382078090434	0.988294101314805	0.98797823246043626	0.97995763143409553	0.0050208203008757536	0.0046957440647983576	0.0073923311488137688
BGC0001843	NRP	4	124	0.97659642381485734	0.97563141988628121	0.95892107987777997	0.011172707918491866	0.0094096069815867052	0.01359898656591263	0.95889354529063842	0.96954160192642602	0.90213436259021651	0.027784496444651433	0.016648412121300395	0.042720396924051163	0.97637189835770943	0.97561605015047148	0.9577827126719306	0.011425045674875905	0.0095010500383101212	0.013661841601042335
BGC0001844	NRP	2	126	0.95270182643249157	0.97886106032379883	0.88726753430134875	0.04310846355660794	0.019107934086171108	0.058727085576009808	0.77472055735824974	0.75411627843030715	0.57905515146820807	0.13051691668363891	0.097551472584907178	0.23535108539658256	0.95298045947034582	0.9784202514017335	0.88817176600798919	0.042513733286776254	0.018994727243511745	0.05793499151485082
BGC0001845	Other Polyketide NRP	9	119	0.96066465241035492	0.96651240831919838	0.8686714271917233	0.037641100141993664	0.015883925807358	0.036597625262464351	0.97723837756162446	0.97898884169901934	0.95348716722676974	0.012082499330257354	0.0091734530033219294	0.018732035014268233	0.95525187573698001	0.9610376825864213	0.84735798862847289	0.043799344961676479	0.01809458811063731	0.042476184001605799
BGC0001846	Saccharide NRP	23	105	0.90429301019549746	0.91698523494853323	0.80988700053478568	0.053883475207746334	0.039073467726423769	0.081477436339225773	0.88911034134911016	0.89679556116860626	0.786351336791555	0.063131737412423145	0.045701769256349702	0.066060271390151248	0.8882994696818185	0.90377970200642022	0.75570733849008942	0.066929406305851313	0.045763018544939429	0.097275584396003034
BGC0001847	Other	12	116	0.92222629667476286	0.93557776251663716	0.8763986679179131	0.029035799107463248	0.031650846520276096	0.039108805256968138	0.85819209964637333	0.86162875133030714	0.80807165688939697	0.037425030627380375	0.058513250959973909	0.06470749854425728	0.92574903547851084	0.93895923127712488	0.8824442817548005	0.029112118892272613	0.030194639551932623	0.037188348618329981
BGC0001848	Other	50	78	0.94784938970871602	0.96872078260491334	0.8795366281113477	0.037852006106922687	0.021095606252099629	0.055926931436926286	0.78201793826015464	0.82511064536220768	0.48578276381792018	0.16610081641076299	0.091410953904136477	0.2363821467470939	0.97657999231214843	0.97822917467550075	0.95532948129697493	0.010673437746045528	0.009417797143737628	0.017903231117838203
BGC0001849	RiPP	6	122	0.93091668372042746	0.95012271178642949	0.84567168031836371	0.062061428887049921	0.028794284761206358	0.098633936903571362	0.93578237224525085	0.97374624889716166	0.84131300226810635	0.065161193087871855	0.026849562168711327	0.10304953159337882	0.92734038463238089	0.94219881377176429	0.84040917528089576	0.062686703705930255	0.030296321254681714	0.10014931902540913
BGC0001850	Other	20	108	0.96718819191182548	0.97075199473884433	0.94260208474507423	0.016691687945191696	0.013216938952527601	0.027293021739258627	0.9404042414353968	0.94654782850996644	0.91091863307528931	0.020707516283040319	0.024144908391450913	0.039223615594593864	0.96778013511539496	0.97422752049561967	0.94143955128186574	0.018498695967641053	0.012976233603464027	0.029050831198443539
BGC0001851	Polyketide Saccharide	41	87	0.94736731980053501	0.95022817748314758	0.84159116078963148	0.043835127573137317	0.021286514316207317	0.045876418786257256	0.92138078164203674	0.91659608482366317	0.83726281416135995	0.045790100818686882	0.03198572972956313	0.058332877217817436	0.94596894959415978	0.94677346820648334	0.81489808292626231	0.051673675735819546	0.02185818832319366	0.050161926170960713
BGC0001852	Polyketide Saccharide	42	86	0.97327182187697914	0.98115156574867568	0.92465217229995333	0.022268779697877938	0.010760408471875028	0.029640069980466754	0.9291150117168383	0.93242336060740016	0.82073857160908747	0.048142783767619768	0.028859020807441536	0.062985685802526503	0.98397388066122615	0.99190850770555417	0.95706121164032454	0.013782822166159612	0.0064372783130004938	0.018704516222241785
BGC0001853	NRP Polyketide	35	93	0.9862370395379445	0.9893266404130816	0.96858869697456684	0.0097264839095824278	0.0055391225501581157	0.010370169275622509	0.98844008681601725	0.98940657213864336	0.96887859420089639	0.0081302265637496294	0.0046412695812561465	0.0092714295130653657	0.97790631719850096	0.98492375191435522	0.95509629876229041	0.016788771443163125	0.008921010983347322	0.0119878743627303
BGC0001854	Polyketide	9	119	0.98420914600860832	0.98869001926961753	0.95919863040412368	0.010985449901021287	0.0063396291657708218	0.010946930888464879	0.97989807431894549	0.9832893604282702	0.95906695103357409	0.011591275435330861	0.0080856078221747119	0.011919703893849221	0.98423604570335088	0.98902253877351121	0.95862979780804536	0.011044833181462736	0.0063284513021165667	0.011153325758482269
BGC0001856	Polyketide	62	66	0.97716562294701836	0.97921334949835814	0.95327351199192401	0.014460873422903192	0.0091849737968104257	0.020111205011844158	0.95384502510203861	0.96505973064496242	0.89974370437906059	0.03070329105735559	0.018694757722322451	0.040797237901047834	0.97522267434563337	0.98206645414949545	0.93279781657667205	0.018952857884404782	0.0099655269306353038	0.022049117523635697
BGC0001857	Alkaloid NRP Polyketide	9	119	0.99076320843532384	0.99208675488045239	0.97881849598664139	0.0051491455097982019	0.0037022432807201078	0.0058358915560428049	0.99132913819705482	0.99299247317378914	0.98067258164107796	0.0057893214653214377	0.0034747970036627107	0.0076161312223081978	0.99027828265592621	0.99184971794789312	0.97766770767060762	0.0055553727313047514	0.0038972322539546633	0.0065402526160995844
BGC0001858	Polyketide	6	122	0.96528617287809504	0.96306900912517013	0.94611895411424773	0.015971509949232892	0.014007176522475961	0.023708166373612505	0.93510119626104815	0.93681804464218721	0.82781365797552253	0.048997154141416199	0.026330098012524929	0.054826982827004489	0.96558236924212204	0.9643322917053101	0.94503592632422828	0.015468273112407225	0.013887500283129817	0.022518347044672482
BGC0001859	Other	14	114	0.88646920659896955	0.89111110972447949	0.78617043128201702	0.057672912229359177	0.046537109429806801	0.087901050631753908	0.86481633471524222	0.86499309753239961	0.77535146883694295	0.059994556178684259	0.05582525893871295	0.081733617875915932	0.88466218521917739	0.89139491809649585	0.77904611466973317	0.058524179262111523	0.047289883809729275	0.08989250823384598
BGC0001860	RiPP	12	116	0.99394366375201826	0.99532676682752386	0.98382376323905241	0.0044010690432180156	0.002427390755998249	0.0056280666125861911	0.99092176367587792	0.99464985947972218	0.98061832191016651	0.007358577194502898	0.0036418769307113184	0.010723221119816717	0.99327582605819276	0.99528466852211972	0.98191480734262915	0.0052606904545631624	0.002696178457190035	0.0069457012482473379
BGC0001861	RiPP	9	119	0.99709624325042268	0.99727686852697062	0.99479422231802728	0.0014282000543349961	0.001162305533714414	0.0018956284867401862	0.96383689754917246	0.96565693502881333	0.93333702547502861	0.015445760658616355	0.014582525056515139	0.023190660145421038	0.99732467923742585	0.99760113358121305	0.99476474215153243	0.0013189023684304895	0.0010708227551102789	0.0018283893657746741
BGC0001862	RiPP	5	123	0.914161066158375	0.93160349502022832	0.80552905268026598	0.056379623529603969	0.035569936167197856	0.078350987195223154	0.69134455466906397	0.71331511398891156	0.46841308101184753	0.13273363770283583	0.1337707071056588	0.24596718207741008	0.91508384026215095	0.93304238846917187	0.80321939047428215	0.056312268902623204	0.035158774796452442	0.07721346874554913
BGC0001863	RiPP Terpene	12	116	0.94079838549861727	0.93713827216366408	0.89827810342244785	0.032033308212616463	0.024001284353972439	0.041191521124429697	0.89142570256480946	0.90966369918656798	0.77772583497342052	0.065035040998520449	0.044637081079611354	0.10621748900921479	0.93800892860514828	0.93050419454862066	0.88786163918510053	0.035405661592976895	0.025139115641237119	0.046398623633571279
BGC0001864	RiPP	8	120	0.93006302187696299	0.94699501949398313	0.83455809717469254	0.04506738735767768	0.028571630209843234	0.066090060289592079	0.48143353634747477	0.37728293695041182	0.066482906053184063	0.3210725947107404	0.24355908256015044	0.58621206028014528	0.93774133922819458	0.95102626893734232	0.85648555456711672	0.038043850743819801	0.025369284517878964	0.056315922789464734
BGC0001865	Polyketide	16	112	0.98615350037595206	0.98677472769163843	0.97789865218720717	0.0065656913870690932	0.005555701300989457	0.010474366911248478	0.97602877732837978	0.97947771880413437	0.94535752004661133	0.016497097361967656	0.0096388190370298547	0.020055821599001211	0.98671292094012875	0.98684678614976573	0.97751844696819601	0.0059813276103933052	0.0053305156383099293	0.0099415753863277834
BGC0001866	Polyketide	9	119	0.98140451861625577	0.98258921151734513	0.9610639681222406	0.011932613328994545	0.0074719731539257374	0.015222271508680718	0.98400890240038164	0.98357372993009951	0.97593215502083452	0.0058968447029238702	0.0064230155505009545	0.0083125544105938642	0.9800817633752118	0.97971792007842495	0.95805868614558332	0.012784571337776367	0.0080055813141761238	0.015927586350379386
BGC0001867	RiPP	17	111	0.96973973186024787	0.96794335869708981	0.94225829664358629	0.019873771378655463	0.01233992120828371	0.032312980697862925	0.9723969927653604	0.97922632324930559	0.9408753089065397	0.019560521362707341	0.011219592042307181	0.031901928079718922	0.95975079496508697	0.9551989736923725	0.92582288832142501	0.025775927040835273	0.016445657746528886	0.04159903539638643
BGC0001868	Other	11	117	0.79016344241224712	0.77127619393459379	0.71192687140475042	0.076535046506522986	0.088023103783616108	0.11955718216702771	0.80376424468525798	0.79370229371949019	0.71921120929738636	0.068671751114551621	0.081942629292339864	0.11204152529113531	0.78611130358604286	0.76376152436465805	0.70633979825734838	0.077642394722448188	0.089816518496840761	0.12095253662984917
BGC0001869	Other NRP	12	116	0.84542871059742486	0.86730397725550779	0.68859806884736352	0.099249674529155341	0.063906064489631181	0.14612220917410934	0.78577724645625224	0.77448449734538904	0.69881311153308812	0.066126161467698771	0.08978861511838454	0.1340630030244242	0.84501907825487488	0.86718099956517247	0.67392800266492092	0.10450187839362401	0.064079610307251803	0.15014054433262713
BGC0001870	Other	10	118	0.91272585389385663	0.93045938933099404	0.79135228259245205	0.052052309943766195	0.035623576304167057	0.061724307281539881	0.79695168614463774	0.80941009577978451	0.58513123532434375	0.12659887535872341	0.085030255220768791	0.20469817192522055	0.91659730806350337	0.93108277697643549	0.80181656582287986	0.049592880037354688	0.034011858747142056	0.055399252316937653
BGC0001872	Polyketide	10	118	0.85771141230319436	0.89002677948670472	0.5432718181388041	0.13607355852608796	0.059772796793819236	0.13319382472067687	0.71242054147043155	0.80731667483602498	0.20058995349829653	0.23934775373501946	0.12523497386733923	0.40329497985667229	0.86251344612552816	0.90226175514531093	0.57333041263837303	0.13178122224271432	0.057643627025098752	0.13401413710303856
BGC0001873	NRP	2	126	0.97283231931861791	0.97282273630357985	0.96085818427029379	0.0069044853411394389	0.010934504512551135	0.014230515621742601	0.93517286766406182	0.9603094388587996	0.86008782565447806	0.044019385762265814	0.026402517660627733	0.072306061948368749	0.97260141086695184	0.97227808962941165	0.96053425753494914	0.0070865477586949657	0.011028692437660515	0.014457621176923174
BGC0001874	NRP Polyketide	3	125	0.97268451036056758	0.99094641287857843	0.93060990229041696	0.026454601523125065	0.011017220452212895	0.037448152392714151	0.96984440394164539	0.97696656684479422	0.92365563926411764	0.023122346916473097	0.01222202752395205	0.034901902413688402	0.97216323090696388	0.99085955956820315	0.92924855833687636	0.027077692882008907	0.011227182457272744	0.038231068165948789
BGC0001875	Polyketide	21	107	0.97392806940544108	0.98247880189274639	0.93347863106641826	0.020868971945775128	0.010492045218252177	0.025753481578518644	0.88687448361782284	0.93550385121446045	0.71504451920072287	0.089511758891204399	0.047097114426407939	0.10892540293940567	0.9783983592868214	0.98204171028411635	0.94805547988306749	0.014268438136742558	0.008679338145665039	0.018070849597756511
BGC0001876	NRP	3	125	0.9398550781408318	0.94462826446059411	0.8389725104050042	0.040203097944602251	0.024407531421696847	0.047445377225661112	0.91200963959531567	0.92020972928438161	0.84672872200266003	0.044884161969866575	0.035953677209007197	0.076074081571014918	0.93898222258194097	0.94383109996090386	0.83440646322839385	0.041569527074041539	0.024771436390674872	0.047994484828883688
BGC0001877	Polyketide	72	56	0.94952297863991253	0.96089657335626866	0.90047309297603739	0.035707149990389861	0.020403262848422355	0.052002669827376446	0.91901702865759582	0.9534117188512039	0.7939907447342307	0.070232417557952218	0.032988652163584396	0.089618556266339966	0.95341029929370724	0.96504763868491827	0.92045906683874279	0.023887307969628017	0.018846088316188746	0.031342304078409988
BGC0001878	NRP Polyketide	5	123	0.97623778766944247	0.98555042834793882	0.94753945581218169	0.016672541494869915	0.0095650329302682472	0.025013260168350704	0.97545189755443151	0.9813381692175458	0.94813349130218127	0.016072458188208634	0.0098722586062620857	0.021856615526456791	0.97460165059019843	0.98496303052828127	0.94468969338889497	0.018056652280509882	0.01022931090088266	0.027198655987265452
BGC0001879	Other	46	82	0.90256399428608258	0.9218775005721267	0.82929406825104512	0.053301529963379418	0.03988027102578915	0.082797939516937924	0.86906144575037714	0.87391776825208178	0.73048558798183794	0.070391689958502979	0.053934576409962617	0.0990283334173232	0.89925793593428893	0.8963674435229152	0.81518094269080155	0.051358194400308116	0.041269734261231372	0.078311688303182692
BGC0001880	RiPP	6	122	0.8759572272802808	0.8698882772843558	0.76093330466090303	0.083121744638345679	0.052218371327795034	0.12513959653565077	0.82598389193984523	0.84229019865453836	0.62686694771346041	0.13659386987999533	0.075374706424110899	0.22845030478390105	0.87666780615291606	0.87883475572810943	0.75303444827554855	0.083936991508574879	0.051864186155796396	0.1283298344280972
BGC0001881	NRP Polyketide	11	117	0.95555694372579525	0.96307174268922269	0.87779022370466953	0.034244409791813424	0.017997684267572998	0.047018577480385848	0.94169984094038583	0.9459535879323524	0.88432845019441253	0.031244423872554383	0.023668064670996046	0.037329675448847688	0.95334787817827782	0.95880863802263794	0.87205187443600529	0.036190959796498973	0.01889558050073532	0.049499991459764803
BGC0001882	Polyketide	23	105	0.87078490565805855	0.88440862842944379	0.75563657908575776	0.058286923106116134	0.05314105010964891	0.089752578719793474	0.80031316282593523	0.81804192338701265	0.5646349386778422	0.097685661817504946	0.083380992365817599	0.14156208998980313	0.87829457757886298	0.88488707805204481	0.78883121988313454	0.052339097185761858	0.049970986576560142	0.080202614467390188
BGC0001884	NRP Polyketide	16	112	0.97593334951780475	0.98362000827113039	0.94375008472145505	0.018695949856802931	0.0097314179729613755	0.02265063671633194	0.97268866713545243	0.98173651512083437	0.93357276559219737	0.02189362997655989	0.011045626715669287	0.03116104115982532	0.97159561040897469	0.98045618225985165	0.93167366195983281	0.022726006104931369	0.011493416648880905	0.027161195390951853
BGC0001885	NRP Polyketide	15	113	0.98260516825652944	0.98347243555141284	0.95058612092646477	0.013832044098579122	0.0070173030749088646	0.015245200876036646	0.9899361048454125	0.98874885193392992	0.97964696610144586	0.0055973818051556472	0.00403876305619566	0.0079845967978389165	0.97798842856672474	0.97803462038884414	0.93774010867250945	0.01766928772357898	0.0088864380754458457	0.018639351957123185
BGC0001886	Polyketide	16	112	0.94354173005999764	0.94753110666011531	0.90187739934367483	0.032230489898539362	0.022939390032385053	0.040129216860916972	0.94083576512419431	0.94155465620632217	0.88770633706756352	0.026731312474824385	0.024072380968138841	0.039026487536935384	0.94121262785805104	0.94384386392488839	0.89953080435195798	0.033703959595479713	0.02389575379471056	0.041458831623927828
BGC0001887	RiPP	3	125	0.66571528878724584	0.73629987447897238	0.25507947863606528	0.23834586071170252	0.14480992674836432	0.40664617376720835	0.24975671185807607	0.23612356653304434	-0.15547963521928976	0.28306771117057716	0.38072580831915015	0.55205225296506111	0.66941212382221127	0.75305865594114274	0.24710766333894565	0.24460361623896548	0.14305802008719679	0.41364548823371428
BGC0001888	Other	6	122	0.88015222632330692	0.94423449293374595	0.71046278886341596	0.10105484365317094	0.049165709651984343	0.14393956125850904	0.89740414015284975	0.919753412970717	0.75535323928362241	0.05880311471905552	0.041995488873179741	0.08638806286492684	0.87759448638567794	0.94304629523073147	0.7013405191763028	0.10353046764899496	0.050240999204813355	0.14735068170505505
BGC0001889	RiPP	4	124	0.99372372508078155	0.9939712986965854	0.98974978368051481	0.0026988696826474702	0.0025138340811763802	0.0037222214866317049	0.99150406674846292	0.99362854394811717	0.98222781780156776	0.0048297588659022145	0.0034041804435646305	0.007024060481735539	0.99360881118140654	0.99388227565452647	0.98948598428390711	0.00276393674811395	0.0025599291805461942	0.0037883507749073564
BGC0001890	NRP	24	104	0.93086062376825751	0.94029771289909347	0.87216293059377759	0.040900951883646029	0.028071389381389401	0.060480403883232947	0.87683584162432526	0.92872174403811203	0.77090493802692495	0.082881589835676145	0.050811469706261561	0.14006175611789651	0.93496098187989285	0.94545051681562264	0.87796059738061794	0.038167416266362685	0.026413568466246519	0.052993968537215497
BGC0001891	Other	11	117	0.6102859964046532	0.63626374284079745	0.24216835096047862	0.25972171705963859	0.17119787218669216	0.45037539746817234	0.53825314741505792	0.55104585261856598	0.19614743215737823	0.22670686696161918	0.20760547443665511	0.38733020320333278	0.61560856620952042	0.63821394738091142	0.24191315994993048	0.25695276273676571	0.16873623617908989	0.44360044542245514
BGC0001892	Polyketide	18	110	0.92061939120551428	0.92248780405477615	0.86563632636431287	0.038750282554796948	0.032334512815412088	0.047467145934059429	0.93494068447633349	0.93527447864495883	0.8824717274426882	0.030146264298123931	0.026429163148366963	0.039587264263260979	0.91337931528093708	0.91361496068996317	0.85505047926112399	0.043779172355214897	0.035354196679040828	0.054846910345230815
BGC0001893	Other	4	124	0.92222215290493637	0.92775302009763072	0.81221775900274351	0.049296120821931043	0.032333586864670673	0.055616083461238031	0.78550211612399901	0.78926326113267842	0.61801567606252084	0.14237481683301356	0.09286083957213094	0.14265739689107737	0.92300107038717694	0.92989976167016208	0.81440288970264962	0.048427573739236812	0.032001743130465332	0.055217284451590687
BGC0001894	Saccharide	33	95	0.72290015777806782	0.65622955032499675	0.54159512783896413	0.15923845607858547	0.12194366843631883	0.26085797986723913	0.60610689095085957	0.77943522788475195	0.13363411079922755	0.32151838431703061	0.17318868175845342	0.55044837978399785	0.72827102063727467	0.68912050175330175	0.53099054041966687	0.16195690583063208	0.12028028506688078	0.27600952666035394
BGC0001895	Polyketide	20	108	0.98032678881649549	0.97956696480221173	0.97244590213908677	0.0073016322797483883	0.0079070464772644563	0.011214828384031761	0.9893560384173673	0.99095404677760224	0.97569783221088335	0.0061618307133653313	0.0042821862886630148	0.0089448383471221193	0.97584110138507474	0.9752312756761965	0.96390104352538963	0.0089121983583393301	0.0097224056034873833	0.012667165448177475
BGC0001896	Other	7	121	0.91546256383484237	0.91345968669243827	0.8552588800862434	0.040172642452151498	0.034468048101634639	0.058186351970371808	0.80582432090186518	0.80618657958140227	0.66959932575877323	0.094725440165870839	0.081318100015415479	0.13154989106866899	0.91638864546520937	0.91620768568538535	0.85728046685528281	0.04035746440705501	0.034088854551098245	0.058612168823141131
BGC0001897	Polyketide	16	112	0.78942575460393449	0.80412457615009503	0.53587857897577396	0.13448235801060565	0.088149131341302339	0.19843059231899463	0.84794255016445663	0.83709417533108943	0.73475980323476398	0.078472908366913438	0.062805310138252413	0.10384717888389305	0.77149388736603253	0.80649508124238456	0.47017302383710563	0.15715074739501986	0.096062214101431148	0.23123835919362812
BGC0001899	Polyketide	8	120	0.96778604996381967	0.97954138168464078	0.93271861214205343	0.026638651592561659	0.012985206526111171	0.035904067888318014	0.98567803478139582	0.98655660767930775	0.96767901165388193	0.0094880364154971211	0.0057472689930840202	0.01166099552115718	0.96533523917012309	0.97795043272530313	0.92721158643348311	0.028526385366130565	0.013983085205569012	0.038423956470144849
BGC0001902	NRP Polyketide	18	110	0.99216616480468089	0.99304080302952746	0.98347869950311695	0.0042788134021303874	0.0031386579178630304	0.0059593276276572738	0.98874622196479722	0.99127244410984527	0.97440033294305262	0.0074137793690427006	0.0045127682616967531	0.0095915877320347231	0.99173651222074	0.99235274745229285	0.98425282090547173	0.0039055540904773325	0.0033110967612773657	0.0055077864970901613
BGC0001903	Other	10	118	0.89502816477949776	0.90596540404307713	0.75278505709952892	0.061144038632541343	0.04295458667363683	0.092078431211705669	0.84259785656524622	0.8642108026352795	0.65044983557581559	0.094232530584973245	0.065104531142019903	0.14224371325886886	0.89023743773425501	0.89624723654642069	0.72919322771628958	0.069389743385183583	0.044964538908774165	0.099327559088198791
BGC0001904	Polyketide	31	97	0.93497850991370901	0.94709362451399948	0.83457687046137741	0.052827924068630579	0.026384091247340556	0.072589090946871826	0.92924362885537182	0.93293146001407623	0.88368350934692308	0.0359582580577738	0.02887557754733705	0.05048042717452772	0.93151292749858094	0.95761669280863937	0.81712924183815627	0.063191466368240592	0.027798551749070911	0.085395526698866964
BGC0001905	Polyketide	7	121	0.80795947574610383	0.80806343634764533	0.6634163891518482	0.095588483535378604	0.080534020861170535	0.17111961046465285	0.84844646291934644	0.85576990625509519	0.66910498667153462	0.08284530407570391	0.062614029032586505	0.10086321430419742	0.80125127548214281	0.80128968737215722	0.65775644974889924	0.096851874803150148	0.083487624529506158	0.1747962644412856
BGC0001906	Polyketide	9	119	0.91020960251852634	0.92633875428653023	0.84742172404576277	0.046356023699929583	0.036636771901154531	0.047997108699969093	0.91110171471712709	0.91692557165289668	0.83830330129126462	0.043599259334279175	0.036255757440589641	0.052010228378631007	0.90963418096598025	0.9265914108159905	0.84520639829036992	0.04671049755163198	0.036877537088085208	0.047919825113374781
BGC0001907	Polyketide	6	122	0.96002455700439826	0.97104785727560761	0.89272149217958507	0.031261918587769839	0.01612281596528824	0.02946181020155747	0.94780948247879127	0.97515087129328859	0.86618747769702131	0.045756095365172347	0.021141082006209233	0.059081178139123836	0.95957578848133573	0.97169387246384498	0.89189439795725811	0.031692209198650179	0.016304961716984034	0.031001396545467186
BGC0001909	Polyketide	19	109	0.9788431336452682	0.98484435087199174	0.94713960601066216	0.015985520167619536	0.0085174824491129897	0.022483457046555633	0.96517537002870069	0.97070619600435348	0.90564010794472538	0.030336137437337915	0.014162986371934472	0.040922761335147828	0.97721967289690992	0.98330709606411104	0.94814668202157149	0.015798600764816543	0.0091670369457454333	0.021130522103609994
BGC0001910	Terpene	11	117	0.79599179068618087	0.95718126509166879	0.42559373243912552	0.2326140174081843	0.08916993401509965	0.38555178544343882	0.65081032051535126	0.65232936178639256	0.33054362663833403	0.16224900149489943	0.15638609263565062	0.28615233093931569	0.79572423670282	0.96064853836453901	0.42993688991587109	0.23607182548755865	0.089610843909844529	0.39307775191314998
BGC0001911	Terpene	10	118	0.98072251494225138	0.98239483641787939	0.95640404803781687	0.0099644289134776364	0.0077833084774196594	0.012254194023138432	0.7139982919627037	0.71938367570635997	0.44599237815739717	0.16152447116244956	0.12575665244794318	0.26120325666922894	0.98151845611311261	0.98284613671629484	0.96200854250594203	0.0088909941003654999	0.0074643365345364639	0.011585768274358643
BGC0001913	Polyketide	15	113	0.99039211205583177	0.99125530248852156	0.98359426859052734	0.0048442301235163965	0.0038510688189308251	0.0056253183471205448	0.98023416720974699	0.98182360234207811	0.9589600829011492	0.013141320934451865	0.0079484517005031126	0.01649898708803943	0.99001860533242569	0.99041566807925829	0.9811520586369108	0.005023127106859808	0.0040008809405276177	0.0070933119118411492
BGC0001917	Polyketide	15	113	0.93973934615992616	0.95649699083404194	0.82896535669180893	0.045515868951560699	0.024444048062540479	0.050676294727505011	0.83768146566435819	0.86646108268289401	0.68256098541295773	0.094810125608023224	0.067444562368104782	0.13959052872613631	0.93964405005310125	0.96169116953088751	0.82622593253477949	0.047665659359465991	0.02450226756742533	0.056129135769702687
BGC0001918	NRP Polyketide	18	110	0.97874353024519822	0.98745448015585857	0.9483999365839072	0.018672703158067679	0.0085452591100929169	0.025911344629849342	0.97848563434141034	0.98925677646519761	0.94336704780944181	0.020013759343854964	0.0086565604354033269	0.027576896838743981	0.97733837813729285	0.98477735032306768	0.94416998648616157	0.019434838344145031	0.0091119737528337682	0.026846995436612509
BGC0001919	NRP Polyketide	20	108	0.94250926389039658	0.98148281951290617	0.85374633248266829	0.05930124029845673	0.023706915454614917	0.090612255551122622	0.85351683159064495	0.97972683971494612	0.61364179689355292	0.16983873666989371	0.062624830622062727	0.27236921239881728	0.95001866842118887	0.97706901501989862	0.86938358798201887	0.047439968423284067	0.020493210054559285	0.072105881818878781
BGC0001920	RiPP	14	114	0.99855849168301558	0.99868094028714427	0.99755162080807469	0.00059372488908586755	0.00057677752523099812	0.00080127731772261512	0.99339070522186734	0.99493623820152322	0.98468595008583271	0.0049209335880792361	0.0026482325363949011	0.0069795717845141381	0.99863389701050953	0.99868688543968276	0.99776212294657096	0.00046959217008238157	0.00054659623958179808	0.00070399965176903834
BGC0001922	Polyketide	39	89	0.96824453224617635	0.96808879002291603	0.95726336827531044	0.0095670890815799398	0.012799116543368072	0.014206311887117518	0.96394021019048748	0.96988792820864944	0.9340858152232232	0.01906620806750688	0.014542159402584853	0.026791754943172985	0.94668528480491365	0.9508271254404812	0.91890300831959404	0.017778741764891824	0.021589035528145551	0.027927145140233645
BGC0001923	Terpene Polyketide	8	120	0.98125566511224549	0.98541933047662811	0.96274914930408095	0.010616931844859689	0.0075296746443811015	0.011838150041948436	0.98401182406542698	0.98823453342619905	0.95969929451592861	0.011887006065710651	0.0064167864439719892	0.012234879525579778	0.98066827050095839	0.98492873503240097	0.96224061114760562	0.010919220764801656	0.007766943338454668	0.012410658598743018
BGC0001924	Terpene	3	125	0.97127139120148664	0.96741619606784179	0.94140785705452379	0.01667228990374681	0.011627322775518967	0.02492934468233321	0.91324801170191372	0.92285946548723896	0.86868107786115334	0.031326996252396717	0.035459079830289689	0.056074917762603094	0.97135251540729917	0.96750547059584968	0.94116881384999684	0.016640639020982052	0.011595235348980881	0.024849879708581324
BGC0001925	Alkaloid	18	110	0.85226827310467002	0.85166230978806667	0.72246002419611099	0.063807530117224565	0.061089839871011395	0.092883455144492366	0.55403251992264091	0.66614693254987267	0.055208829680144844	0.32268794111877735	0.2017853507618855	0.4673279772548723	0.87180096411968422	0.8883277830248949	0.76043836552748345	0.059132332872257103	0.052841712790207683	0.081357984203416001
BGC0001926	Polyketide	10	118	0.94703896707747393	0.9623647750893175	0.85424374412428294	0.045307400114872755	0.021414952603579663	0.053191910340973925	0.95638329623219964	0.97331063793015216	0.87165284876997773	0.041157098907341462	0.017611216462993885	0.052213837821805664	0.94430441794770714	0.9624916456670729	0.84534665113088892	0.046927305319193383	0.022533160401189467	0.053445016222117947
BGC0001927	Other	22	106	0.9462488185546466	0.94177830148916375	0.88818002344856339	0.035466986157997121	0.021763935931657687	0.047945012477731308	0.96050131291710716	0.95529509514905231	0.93638098293106076	0.022448867733311641	0.015937449534454952	0.028542550680624612	0.94234574539482452	0.9419936667977622	0.87648537094299284	0.039538437552623318	0.023372701542682138	0.053266431195172492
BGC0001928	Other	8	120	0.83360547948673724	0.81129710366809982	0.72060859000070598	0.083192746973883139	0.069076980330755197	0.11000107393064107	0.73657411665230987	0.77616856223633324	0.36714234551839037	0.17527871711362006	0.11169984833562019	0.25552791694561783	0.82654419301748994	0.80275789689352062	0.71179530267969793	0.087718391052763939	0.072129928294990653	0.11359189159779015
BGC0001929	RiPP	5	123	0.81721919136892807	0.83677007011722915	0.67440286321598686	0.099497315496201583	0.07850229503261566	0.10702253502653136	0.52128474018843773	0.52846434657459218	0.081134685909736326	0.25741615967976755	0.22111761344251818	0.42152079843760448	0.82042230452878862	0.83301434239516703	0.66790217972411448	0.097465174392523918	0.076972475750026609	0.10078380593801495
BGC0001931	Polyketide	45	83	0.98782196500496011	0.98774254782905668	0.97668573411923898	0.0078466057889668341	0.0048852330741592231	0.010433919216276677	0.97486379628283526	0.97419454044661846	0.94655056029669771	0.019536932182134863	0.010117924399771928	0.024371024444047706	0.9871814868956138	0.98740648859709967	0.97717436483747622	0.0068545006661814029	0.0051458019783715116	0.0085783484442495395
BGC0001934	Polyketide	29	99	0.97142519816420148	0.98040946016039099	0.93989208655774825	0.021441264767481739	0.011496207736273445	0.030456424890375478	0.95768875069238213	0.96027871930230901	0.92962764882703397	0.019445285086977383	0.01708171018196316	0.024107265153819779	0.97122960998805963	0.98343995507678716	0.94057063965977594	0.023154286880015959	0.011575798143354165	0.033059346830761616
BGC0001937	Other	11	117	0.8993790679603475	0.9008314836807132	0.83026096369974778	0.04037616314958991	0.041311256794253313	0.077567102907080576	0.79966008112921616	0.78473779546138656	0.69661511518828556	0.074779423233748074	0.084054360746203566	0.12621669898296439	0.8973852800497818	0.90080243730304965	0.8257762932966094	0.042653422798221083	0.04213531687390628	0.077741650063955503
BGC0001938	Polyketide	2	126	0.66219720967706652	0.86605298635930716	0.18407634856482935	0.34444812679966985	0.14682936327975707	0.55791014022814789	0.64999545936029546	0.84707487176663387	0.18096185165299469	0.3237427149553524	0.15303066542146357	0.54816113831365265	0.66197906428205933	0.86604024265422486	0.18331516825993585	0.34477338763291487	0.14692156447717991	0.55816544643335997
BGC0001940	Polyketide	20	108	0.8662740219145395	0.86747011359653636	0.71285383221862131	0.091131721468286159	0.055021665742576921	0.13211095546088814	0.86536452777258277	0.84363753903358951	0.77545247372217652	0.0866089099674099	0.055602274031380163	0.1155891642478416	0.85997431899941168	0.8620525108901409	0.69499533831179139	0.095469863688617179	0.057686124064007485	0.13902465286464516
BGC0001941	NRP Polyketide	24	104	0.99425261817661958	0.99457984056369253	0.9919226914517093	0.0016037946766063451	0.0023020265182319699	0.003150329735910673	0.99529491593033936	0.99522306584397269	0.99136197557464401	0.0025739011610954889	0.0018842550831030592	0.0038307004563630231	0.99331856193317392	0.99392891647353454	0.98994215998688762	0.0020468117419866734	0.0026766459529754096	0.0035259419639602774
BGC0001942	NRP Polyketide	18	110	0.99007526325869255	0.99313166788226015	0.9734296361732615	0.0071126511900481953	0.0039789476714059855	0.0073874994923661674	0.98165831376978896	0.98450080200811152	0.96275964473639564	0.011188842643643278	0.0073664260556390191	0.016695547248786302	0.98814252928850776	0.99159852889355538	0.96557494530890575	0.0096655761127742781	0.0047557069717921729	0.0092820947073409821
BGC0001944	Polyketide	40	88	0.98839357046488518	0.98767101323678252	0.98085925733683565	0.0048340903481562895	0.0046545835899471696	0.0066608599169026839	0.97118985527205992	0.97150857027157878	0.93585395760789125	0.016199935570589019	0.011594628519959871	0.020457539321546814	0.9879102492238776	0.98907530381401854	0.98222378617998474	0.0033818418288253196	0.0048491288732125824	0.0058051018429318146
BGC0001945	NRP	29	99	0.97036499851857205	0.97156665460704295	0.94950000114921229	0.012056513694060625	0.011991874882594677	0.022264196167873562	0.9795818999149466	0.9829786610185105	0.97048129560717544	0.00683694670859191	0.0082218707597080613	0.012525756379217712	0.95623809557699757	0.96761950048829326	0.91282173855030446	0.026758975915385539	0.017853556885194233	0.045529943004970375
BGC0001947	Saccharide	19	109	0.74527785835358007	0.76225104496911911	0.5180197459252609	0.12736458891511745	0.10800874943621355	0.20128213390969518	0.58248515027368031	0.56103092154505219	0.37727041332058381	0.15346962762424463	0.18490827871308255	0.25250440534682717	0.76069735748301692	0.76981126865122085	0.5256331982723077	0.12080348623446402	0.10118102995683857	0.18912096405726264
BGC0001948	Other	3	125	0.84439516744861876	0.84272629428430146	0.74262104176956356	0.069641415148249688	0.064362607871774641	0.11031777559953904	0.52547796292609805	0.3837107069153618	0.18047893308961002	0.29390159219183254	0.21246114769497595	0.2882935178587982	0.84621090430057555	0.8476910466648464	0.74743477765938227	0.067406346536353343	0.063588899572035368	0.10920128783391936
BGC0001949	Other	4	124	0.8790775007287378	0.88890533634164492	0.76893793814381184	0.06321579401689538	0.04972439518637646	0.089618830742259625	0.91054272391212598	0.91247760249468679	0.83099906701354531	0.054149313352087065	0.036497388866763902	0.053799311417326634	0.87484585525201908	0.88616246313158797	0.7575849955697882	0.06613180252701957	0.051511661989193699	0.094790620037501938
BGC0001950	NRP	9	119	0.9906314977263001	0.99204547754244543	0.97813879520397196	0.0057464110504309007	0.0037550025285488118	0.0067424909970690283	0.99310016760205144	0.99296680412828597	0.98772499344151687	0.0031708332557036679	0.0027659319767311175	0.0040870792033107506	0.98978249342391766	0.99207326250672456	0.97662664293917845	0.0063874680781889877	0.0040958583418155611	0.007423392694862252
BGC0001951	NRP	9	119	0.98439202325612174	0.98472160284438393	0.96895433030181755	0.0088588442555045162	0.0062794809643456958	0.014114959206478206	0.9774652205868154	0.98167189613008266	0.95497355088569236	0.012311762409121227	0.0090708210826088813	0.018904989205400957	0.98248894811106935	0.9843321290745235	0.9627526478355426	0.011224100375356327	0.0070483010132654789	0.0173539360378131
BGC0001952	NRP	13	115	0.99154238497054303	0.99129284239275783	0.98368263479753415	0.0041466211997598463	0.0033896864669261451	0.0052624350387499019	0.99005314471887718	0.9903674232507047	0.97866906346400162	0.0065450259899987352	0.0039907736361015191	0.0091571437053679094	0.99030485579761507	0.99022980901854507	0.97957397844057403	0.0050280422196630281	0.0038869430862257027	0.0058576657709197288
BGC0001953	NRP	13	115	0.98686523039446961	0.99025095554305287	0.97091009787347782	0.0083352427138592925	0.0052687395405240697	0.012195408621158754	0.99453738675057402	0.99532295381765334	0.98881422243262207	0.0023670097784762585	0.0021877083689736177	0.0032372804479779971	0.98528241960816665	0.98940682435956806	0.96797472420092934	0.0095644999321861587	0.0059058136754932544	0.014022176859941005
BGC0001954	NRP Polyketide	6	122	0.97736338903366904	0.98164376677666398	0.94274107470535251	0.014388808527075369	0.0090971300004515816	0.016723696119616438	0.91631580166406201	0.92764828942772759	0.7455827842113939	0.071570221649393209	0.034336795161508095	0.092529670232184058	0.9776069814495818	0.98116016713715259	0.94457073656413082	0.014142761267559189	0.0089989658241378615	0.017341874355029652
BGC0001955	NRP	42	86	0.96596595068412161	0.97040150849650197	0.93211090894626214	0.021199018269409797	0.013732530183542101	0.025846377135736232	0.95806741499359271	0.95627616466006171	0.92179769341426843	0.026679882769953922	0.016998949543696497	0.040081651844179556	0.96265024956436474	0.97161337096719858	0.92003600631499283	0.023977842151562234	0.015076399069983659	0.02794348296034499
BGC0001956	Polyketide	27	101	0.94117851804239838	0.94359684994698934	0.8820122925138113	0.029293440166387113	0.02384716123248818	0.041155831782508812	0.80396526935428825	0.83363019575804642	0.58404737941719143	0.14832690092721346	0.081859562184272844	0.21079329271059433	0.92298123967079726	0.9281743445867856	0.84824320776738649	0.045081537203597234	0.031371984419039392	0.059400414436102555
BGC0001957	Polyketide	30	98	0.96885039408493845	0.97675963412127453	0.91337955148883032	0.023869033233546003	0.012586010445834361	0.027039579692630711	0.95420206857911283	0.96388251124921687	0.89982285116095029	0.031408998700933437	0.018615157910827972	0.05063090236418033	0.96534272982146785	0.97524802165575242	0.90523608233222408	0.026964183983760822	0.013993094524992422	0.03150945490522461
BGC0001959	Other	10	118	0.90427828095320562	0.90818974606777658	0.82366700805140203	0.048491692472773094	0.039099867848634215	0.058975912986576451	0.96212650427475133	0.96266596357669321	0.93958796334618	0.013911960651028671	0.015307056075017256	0.018919786826842255	0.89379926898836592	0.89780769243099545	0.80479500826040584	0.054163821678863619	0.043472698802888309	0.066403331732771798
BGC0001960	Polyketide	29	99	0.96734420160342671	0.97346513357057551	0.92608831400788572	0.023797270644846248	0.013175626315651879	0.028617002431300276	0.95006201051173167	0.96182583795420196	0.86608657217094676	0.044704981764592408	0.020210850643241483	0.054812874929300537	0.9640974665032559	0.9726876452157236	0.91759182960276864	0.023644698280591975	0.014512074290569599	0.026548030839016357
BGC0001962	Polyketide	7	121	0.85293304490908872	0.8700371593355416	0.74226139574762284	0.061951407093675318	0.060929869803795778	0.090926943164215568	0.62519916627135774	0.65434051413145977	0.41265374567000951	0.16040860418414443	0.16357101393880769	0.27920485734631806	0.85865959179015761	0.87830995175429472	0.75477563856619079	0.059457812504158436	0.058546689072737988	0.085737299957090118
BGC0001963	NRP Polyketide	56	72	0.93650652098263654	0.945651335548226	0.86808664733441987	0.033262142283466016	0.025849884487698094	0.050216856832706491	0.91094597631904561	0.926937407712217	0.80058425556220791	0.05771924582587816	0.03651560806992353	0.09241974561876698	0.94355395163486599	0.93915864430140328	0.90558583507758572	0.026481844889826238	0.022911416898217206	0.02973733692502567
BGC0001964	Polyketide	44	84	0.90587751840366715	0.96271206085391592	0.75680187170107793	0.088666904398982935	0.039139575759333065	0.13970911486926474	0.8648059516431521	0.88096743345797435	0.73980652802385538	0.072941287754994394	0.056720838707365814	0.12296196162895301	0.90774413096553364	0.97178381920146162	0.75540227999983067	0.098004162654596425	0.038407421749520609	0.15126753583769281
BGC0001965	Other	27	101	0.94521386574673905	0.94395648465597892	0.91244549830430599	0.020814344222650948	0.022183944820847356	0.035856235993589447	0.78551856371859485	0.8100285243332852	0.56515686354986083	0.13198082544757206	0.090028542255280605	0.13488403295988882	0.95342365134984131	0.96231090617419723	0.91216441619679156	0.023674050594265993	0.01881940626016796	0.038434365141655991
BGC0001966	NRP Polyketide	13	115	0.95099764643398488	0.94856550341916757	0.89319618175116278	0.029050147296685966	0.019850031879718722	0.03741962924933917	0.9610142259887452	0.95951979597798587	0.93818559307854343	0.017647802224217551	0.015757317778007242	0.029083211559649103	0.94690218740372989	0.94585078601421069	0.88446340182669936	0.030873372449825447	0.021534620469653643	0.038973779319938617
BGC0001967	NRP Polyketide	19	109	0.92506656225404327	0.92058785580000735	0.82932432656828325	0.049152440071427765	0.030543844177483369	0.063870781278386524	0.93586253964999866	0.92833475507597596	0.88022154524808216	0.034752311860201474	0.026000014290906016	0.050692029646979719	0.91693164057344112	0.91410959152288696	0.80057849792781333	0.056691263900390622	0.033974451696206942	0.072665836714632448
BGC0001968	NRP	21	107	0.99238951297920985	0.99153715150066646	0.98824528471481177	0.0037659953116526024	0.0030502703216042982	0.0059513495252753179	0.98964977620344574	0.99247737989190898	0.97148571503241632	0.0076173461767711607	0.0041497748423912073	0.008091562315138523	0.99189989706566806	0.99113073419738473	0.98759055885455493	0.0038221257691760046	0.0032475327109360518	0.0058805427502677254
BGC0001969	Terpene	3	125	0.95836372978430295	0.96212638110594551	0.90918407196894058	0.02335954845093308	0.016998325230550958	0.038678795465492799	0.97550665575445294	0.98437626542170631	0.94206172382287601	0.020855178826624864	0.0099591798166784647	0.032059482581612397	0.95654132661160474	0.95881968351193692	0.90715313782401463	0.02351223091669009	0.017756742799152535	0.039128906703205013
BGC0001970	NRP Polyketide	30	98	0.9882513569160265	0.98981154321369302	0.97918401867488225	0.0058650902225964524	0.0047162771522237801	0.0087643978922782306	0.99086056697938396	0.99184030610309093	0.98335138919573817	0.0035303957963030573	0.003667458802561363	0.0054242679295118945	0.98385646474829636	0.98877999303013664	0.96464561351044897	0.010920301684499039	0.0064922068330855566	0.014981627413756748
BGC0001971	NRP Polyketide	24	104	0.96916138965109244	0.95994554420050404	0.94333413886140349	0.019517678682591914	0.012422869474277221	0.024631143498799912	0.97644291405231254	0.97687432220353299	0.95295109812823375	0.013714938878099249	0.0094927751943296272	0.015671926802235947	0.96447323502605486	0.95992617460580454	0.93201762496744633	0.023771195791842101	0.01434107952024315	0.030737582030010535
BGC0001972	Other	28	100	0.91365349443508614	0.92151335614657648	0.81866806092812228	0.048910489449334661	0.035168578368070726	0.071307020913586872	0.71692139285433998	0.72402505642888915	0.46571470938400811	0.1518523866187112	0.12064927513711762	0.20011619868394204	0.90998827968711127	0.90696409972722969	0.79482598560415707	0.057452892813464315	0.036738446093734577	0.077251821452248737
BGC0001974	Other	5	123	0.92480688204774597	0.93363524821313593	0.85842292063069059	0.032712937198509907	0.030572012457229646	0.046886979348359836	0.77697697051302206	0.77245553429267289	0.59935792505040453	0.14059213232588036	0.09369504438733782	0.22800079851977073	0.92786003220337343	0.93925499837074788	0.86090567841710797	0.031463727047151405	0.029309132304069861	0.045600414118752708
BGC0001975	NRP	38	90	0.98699642356790029	0.98585799095902615	0.98236274029825954	0.0039393416434039897	0.0052331854803150833	0.0065490186366816694	0.96426609826440379	0.96161505083401999	0.92157394867908404	0.023374956837517669	0.014451578347630866	0.028729872714331028	0.98561260404329631	0.98805613529879022	0.9715093380007801	0.0075820570764555907	0.0058094638779064619	0.012799291411002334
BGC0001976	Terpene	11	117	0.98987377784718356	0.99040854420139413	0.98189640147807167	0.0058013158394977955	0.00406865706193138	0.00891200692669325	0.974630243614931	0.97869303271136454	0.93698091403323081	0.020723925095660258	0.010201001103250663	0.023876933611740037	0.98967291699157722	0.99040437646337365	0.97899330805845064	0.0062359130767030016	0.0041524846595279328	0.0096599188459450813
BGC0001979	Polyketide	53	75	0.98217687086687611	0.98096601506756298	0.97475023721212184	0.005627228882220124	0.0071579308686921857	0.0092326332552309376	0.95939514742359255	0.95860956822313215	0.9291597172666306	0.018251128681807758	0.016398266377354909	0.02621119204858946	0.97961338108071572	0.98162193921617957	0.96211844032410898	0.0097019871861168516	0.00820733177434998	0.013407616857899929
BGC0001980	NRP	14	114	0.98447513848086055	0.98494084237975232	0.96883061744600907	0.0088728966784550421	0.006229711576728714	0.011278977663391254	0.98659271938749238	0.98691272281667375	0.97054293152349591	0.0083331992512103003	0.0053786971125861392	0.011199508587977025	0.983820188528432	0.98470219975701223	0.96833061498286543	0.0090995302254258149	0.0064934088729221573	0.011999857084903032
BGC0001983	Other	32	96	0.98353001326437661	0.98436937082973208	0.96577839681481548	0.0080160598085224632	0.0066222662907114314	0.011380600301290511	0.87347768104932422	0.86213431200989055	0.76401711231726066	0.07894122529329145	0.052229520221203175	0.10529359754230416	0.98620493251219887	0.98815882550087331	0.96491419819507729	0.0090387700916565519	0.0055369599521497333	0.01024056028296394
BGC0001984	NRP	12	116	0.9718739500442648	0.98079706202645656	0.93105409151731833	0.020107023195292457	0.011413819038230511	0.031372430182107114	0.88138234500010504	0.88963842626882406	0.73077699927569251	0.084195052020501843	0.050762284283802875	0.13313013518869332	0.97454029688823274	0.98348308768919601	0.93741511306023129	0.017860279924076402	0.010300384369060866	0.027765323648329843
BGC0001985	Other	20	108	0.96164274297785557	0.98159895094407168	0.89485645751260334	0.036959955570194165	0.015477924350052441	0.050418955057443204	0.87998492929017702	0.90620991345615742	0.67045223383901764	0.089968272866284685	0.049239142218956714	0.12052503721366981	0.966156349621621	0.98012324357217984	0.90087822761770553	0.03263751361716806	0.013647742418178477	0.043003636657472089
BGC0001986	Other	5	123	0.89877872950081872	0.91202694018529451	0.76679873503993046	0.072476083802894664	0.041474535983045402	0.096887628130347681	0.58395590020977584	0.60866103896380364	0.20996048470775203	0.18699760718757474	0.1841210787760636	0.318358785686089	0.89778706370881456	0.91041789675605855	0.76831613305557744	0.074070754676974257	0.041870390871881137	0.09976118009444046
BGC0001987	Polyketide	11	117	0.9014195334629973	0.9487048773991521	0.78332958632300465	0.080634753669199449	0.040325685150767662	0.12248403285758047	0.8182720290667691	0.87071521675724806	0.63253871561779818	0.12254404813666586	0.075935025615614493	0.17568444000473593	0.90574320130814867	0.94930586997843447	0.78960601741725789	0.078039028444520292	0.038547253924244629	0.11840652363346582
BGC0001988	Polyketide	19	109	0.97554499205504097	0.97773763597396135	0.93666821306413783	0.018778774236239776	0.0098503591901754287	0.025922526456426787	0.97633173859017963	0.99309360311186923	0.94392255833875494	0.024405651071775853	0.0095615619901064479	0.034827637553649815	0.97357201797903026	0.97435785383658535	0.92784620275555008	0.020327091692939111	0.010645199770787062	0.025591111018593571
BGC0001989	Other	4	124	0.93939053531701333	0.9356406761473619	0.91520365632160705	0.018930540729179324	0.024569205920456017	0.027643785934268972	0.83532782269200501	0.85666795755594682	0.67270173452988047	0.10211542993687801	0.068197386606908258	0.12588493282829616	0.93737832138825161	0.93037721024983866	0.91451490296872839	0.020195860039431364	0.025395287464305416	0.028841784457626862
BGC0001990	Other	7	121	0.88560625451049724	0.89889519205907509	0.81053451399211607	0.049748717320429771	0.046896363252002679	0.058552868431540173	0.74816432118565745	0.77651387511005154	0.45850989438131617	0.12858216240836579	0.10675571608688092	0.17706099067196179	0.89065456151910427	0.90531830993406692	0.81235144779308865	0.047604111035238511	0.044780042967438274	0.0547535429530146
BGC0001991	Polyketide	11	117	0.94751659314802394	0.95328339108622218	0.89420068094037275	0.025922814317347814	0.021249675836352133	0.038200460893287658	0.87092639434267782	0.88112306617350244	0.75758639024350083	0.053842394583470947	0.053469226963371731	0.083477009369661292	0.94720470879249563	0.95256309585745602	0.89061571825076058	0.027681244759623753	0.021379227769428376	0.040376206841481688
BGC0001992	Other	6	122	0.85407682575398758	0.86189531146925336	0.73794776116175875	0.082257436890286112	0.0602858292779326	0.12666363701374095	0.57286217146744089	0.57745352174752085	0.3364661206640206	0.16308359170858475	0.1899047985897552	0.27731324905764099	0.86077638999716977	0.86504433386277468	0.75646716710356154	0.077548328194414762	0.057429767991800086	0.11932107272937675
BGC0001994	Other	6	122	0.95252026799024991	0.96556366822070094	0.85934017702979304	0.042395556507422674	0.019221773312432779	0.056112665111471616	0.83548059486813031	0.85896524390799245	0.65359390096841863	0.11154223857536057	0.068308099985246923	0.17500032556762091	0.95449904008229913	0.96546526355078377	0.8645515593760571	0.040261664676040511	0.018411282014019471	0.052661456174603716
BGC0001995	Terpene	11	117	0.9579944378295574	0.96816443514491701	0.91502602844380176	0.025854547550534183	0.016976110156666401	0.041030725325910233	0.9465668315622231	0.95063942029224036	0.91472463209724708	0.024185760810886612	0.021646964415825143	0.035052177404660045	0.95475868211089965	0.96915384748659306	0.9073368074073942	0.02961675686879886	0.018302547001983815	0.046808318930934623
BGC0001996	Other	16	112	0.86899955341991808	0.883718417520993	0.77921435141912854	0.055264171791328989	0.053917376521042427	0.097238704287254896	0.85665607491800722	0.85805803253178348	0.75627776716061346	0.05261738170540211	0.059174662069433115	0.091870217080286865	0.86550549731608473	0.87652591066371666	0.76242204995437579	0.060812418670125878	0.055391081701492297	0.10651185830746857
BGC0001997	Terpene	14	114	0.91737543899590468	0.92298539532260837	0.82962018157757911	0.046170037377997367	0.034059747089750056	0.075684741996750793	0.78591642004612705	0.84281653564129	0.5508027260498416	0.14937482756849813	0.090681115096209755	0.25325943256567895	0.91436353411909665	0.91473705211716472	0.82966840468413205	0.04933521798570948	0.035413956852007857	0.077401222768578526
BGC0001998	Polyketide	4	124	0.97863844739328787	0.98053295848168531	0.94324242102500189	0.014141826274912771	0.0085859700279854682	0.01588520457813003	0.93624378973365174	0.95380712795207134	0.85954484197131598	0.049985719160317257	0.025851538286033326	0.071470898456830634	0.97915692097323304	0.98063631907004367	0.94485529174186988	0.013862232917077943	0.008376852458831175	0.016231085840383686
BGC0001999	NRP	15	113	0.98992497264782564	0.99068518221893576	0.98234946265951184	0.0043616651770828976	0.0040421817385210886	0.0075495430287171317	0.98597548887166619	0.98717489339613729	0.97536689780308283	0.0079305928970713965	0.0056312388097608853	0.010576144513915642	0.98859012149568937	0.99097593941548456	0.97789992257034952	0.0064354079217694695	0.0045820826467882544	0.010386115773252991
BGC0002000	Polyketide	15	113	0.98721324866628701	0.98747904605366066	0.98029793348621619	0.0044752827270433107	0.0051322450341359186	0.0080446348712776006	0.95215503292154646	0.96181338786158144	0.90216092600249176	0.027565778478207979	0.019361356339513015	0.043485349310026122	0.9885760527715044	0.98865384198933381	0.98405054699227124	0.0036012087221762744	0.0045835197618835366	0.0060626762541160506
BGC0002001	NRP Polyketide	25	103	0.99622381645983116	0.99688455353015115	0.99065215601120959	0.0026812541447334493	0.0015116942003109645	0.0027651687878330611	0.99325814056099504	0.99328726112821775	0.98695114243110693	0.0034803137982677406	0.0027008147879655775	0.0040199266317423321	0.99602630939294912	0.99657037599891563	0.98867895588244781	0.0031941318060332712	0.0015909152477324717	0.0034475158511743098
BGC0002002	NRP	14	114	0.92836534509775659	0.93185697863570938	0.83594070028524969	0.042023682271321708	0.029116650828076084	0.054563578620436481	0.65401540889340148	0.68771370696855949	0.22223238059598918	0.21462307303090672	0.14979701652816751	0.35924271429879473	0.9348741526712484	0.93495043073910145	0.85795159469318483	0.037038063478375946	0.026430269761733106	0.05227569124191811
BGC0002004	RiPP	6	122	0.59542297250171017	0.61798346832546547	0.32740759771023314	0.17569888415471252	0.17878276318420297	0.21628053441515838	0.60227391103624384	0.54803651644135254	0.34373107791247837	0.19868831825195979	0.17948047394475361	0.26673106758039267	0.5915125797235371	0.61380562065931132	0.32404511831619393	0.17380000559393888	0.18057277628964999	0.22124343673295233
BGC0002005	RiPP	5	123	0.49152453882859426	0.42795784701849954	0.17683398085224217	0.28387233754042163	0.23339573319415258	0.51831378026723951	0.45156076066347339	0.38475439561171687	0.14299769679734725	0.21914621337411133	0.25208997799116206	0.43255101255326456	0.48886214016973922	0.428209230548035	0.17171726121416181	0.28160664637905408	0.23511784435369404	0.52048193630581296
BGC0002006	RiPP	4	124	0.95556022207675184	0.98684970017256246	0.88100179717949567	0.04599534606575606	0.018459748241321218	0.072108924762900983	0.75089211735284411	0.87383591615396472	0.46195075042095918	0.22047205188879296	0.10916266707062658	0.40299850180833463	0.95735973996180879	0.98746261235411847	0.88526635765844719	0.044279805889239382	0.017693522543442232	0.069125842926487158
BGC0002007	Terpene	17	111	0.99117303057094319	0.99151267271611954	0.9854221288440832	0.0036429736219669201	0.0035381358503973727	0.0062256729188898685	0.87163709318038085	0.93656221250052352	0.68389441217867397	0.11562312442325282	0.052791066803114475	0.15408071889634278	0.99275679191288657	0.99324214279026368	0.98698546693853817	0.0030856913424650158	0.0029022199492595878	0.0042539442957560958
BGC0002008	Other	18	110	0.93569431852381935	0.9403928328100124	0.89254132099970485	0.022820928447112202	0.026085254997954378	0.033642122705490829	0.850571594519691	0.87618361901259356	0.69559522116962325	0.085314232783915256	0.061765078208427471	0.13070650310191934	0.9428190344298466	0.94402065372902799	0.89642727160031543	0.021478224722522057	0.023154672155555622	0.032376202604947335
BGC0002009	Polyketide	46	82	0.947857610785934	0.94258714871332994	0.89490518123478591	0.027338854026761446	0.021113423894282189	0.03724762271284765	0.91803321184209086	0.92935677938671302	0.82636364228607062	0.048628352417845876	0.033616975580280095	0.062566731723105007	0.95883336016726406	0.95288611990534	0.93332053450826691	0.019348999267730121	0.016609216290332275	0.027948941405337657
BGC0002010	NRP Polyketide	28	100	0.99141828608265536	0.99286069400290478	0.98276471678678556	0.0048428247069550803	0.0034399692448702666	0.0049217675938062477	0.96613644612181238	0.96581391803981731	0.94330990094832923	0.015604443580437069	0.013648876855829406	0.024568592274200274	0.99328244901598506	0.99461974086418836	0.98467158077931416	0.0040416675548765654	0.0026911944951329759	0.004740708786753256
BGC0002011	Polyketide	70	58	0.9920326274822967	0.99312800642063304	0.98417697427471129	0.004139379295507852	0.0031965863969676488	0.0051074673674759152	0.98991330824184232	0.9908993253684989	0.97973294397202837	0.0057878312012508669	0.0040469309577078946	0.0069242513500512581	0.98880399084478421	0.98948012811855379	0.9795491565365847	0.0056924065157127196	0.0044982774333332644	0.0069507350942451529
BGC0002012	Polyketide	28	100	0.96707692753660535	0.97178795194325562	0.92656023106116681	0.021111635251406531	0.013269661496353603	0.027459447867010378	0.95556769361014715	0.94791088131256007	0.88997259622776814	0.031665341637293266	0.017940318103467946	0.038044711151044575	0.96812493344127337	0.97343754713845376	0.92184964830471683	0.020876257878008345	0.012847069085635399	0.02667167234517287
BGC0002013	RiPP	11	117	0.96892707508413556	0.96971308003725576	0.94287901929310558	0.015087446280069115	0.012540591843000803	0.021899892763749595	0.72231358189022843	0.68894142699048055	0.51053123632882413	0.14333659435407681	0.12154875336105453	0.28080795185352225	0.96766188672468467	0.97114100443503593	0.94490127390458256	0.014588381648966349	0.013066159150027467	0.018630146615251086
BGC0002014	NRP Polyketide	31	97	0.97351190212633798	0.97637882227975292	0.94577526943256673	0.015382296561093984	0.010715680265364912	0.020315412614416828	0.97358975230781186	0.9774830863202405	0.93393630988559584	0.018611197194154838	0.010649952000122198	0.022390720467951208	0.9700811088855259	0.96927464299288135	0.94683399557663628	0.016679582118739211	0.012137259830266723	0.022768766301115795
BGC0002015	RiPP	14	114	0.99771679227937915	0.9981515733301165	0.99523408703737293	0.0014474854403857746	0.00091407339425471075	0.0022024425636710809	0.9810373996877122	0.99731277439809807	0.94912479028984476	0.022363781219688388	0.0076444073008753886	0.030175213711475357	0.99786340861794165	0.99836948109759183	0.99508591820759307	0.0012906789400939833	0.00085522311638599471	0.0017666263301950869
BGC0002016	Polyketide	27	101	0.97176148871746315	0.97532794655901578	0.92245547645467207	0.01966392239778347	0.011383344223438185	0.021989456249274064	0.9145687408845099	0.92754753673129486	0.79303433437916249	0.054622479495204955	0.035400931829647007	0.059725356170846733	0.97775010878578017	0.97997529464465916	0.94926397695218545	0.011654454896295234	0.0089500756660327203	0.014323434980798244
BGC0002017	NRP	5	123	0.94381178834008073	0.95149005859377334	0.89443366507373523	0.029674339915677632	0.022739428884788214	0.03822676042480766	0.89275772930166719	0.89448487570002855	0.79607940845287839	0.049904654222388031	0.043998461766572669	0.062482587931780853	0.94375433357139982	0.95212339914260902	0.89286857670299191	0.029605879219323047	0.022764240436726934	0.037900492272562536
BGC0002018	Other	6	122	0.69623894642387396	0.71892475543128287	0.35068991114343395	0.17025370065964032	0.13036167501861617	0.20948258719674129	0.6753625100433307	0.69694019139451568	0.34111550449335515	0.17532503532026039	0.14049717482399288	0.21489100852411669	0.69282727599786575	0.71444166379424567	0.34123493476796096	0.17142592080570282	0.13191002917726452	0.21453484895295472
BGC0002019	Terpene	23	105	0.98775433650378885	0.98623961427089724	0.98222810767174573	0.0040864772262037214	0.0049131174749259985	0.0070808054474182924	0.82329019974083339	0.85612064791943476	0.55018809608763763	0.1204773290273975	0.075142193442205518	0.19770772452192531	0.98929930802436039	0.98947107850019522	0.97987432548214015	0.0049538788978690804	0.0042959975443745742	0.0068305885149900769
BGC0002020	Saccharide NRP	5	123	0.76191040695860479	0.82691556442346759	0.38133188435337917	0.16423457770421393	0.10048869127221924	0.2419376016150232	0.67209712877651406	0.7250166077556498	0.20012917601832897	0.20946018212102036	0.14166083475354246	0.24834676753585649	0.75943386686645253	0.82413769040539231	0.3782597114676689	0.16558483711325542	0.10162484585141615	0.24583580695443807
BGC0002021	Polyketide	39	89	0.93410109141154951	0.94249231463061367	0.88132540722753916	0.033271222167072352	0.026730200358763011	0.040595391317275964	0.83182588540493896	0.81708955604349565	0.6581602492792108	0.10316990591919833	0.070326173193077837	0.10143417310201841	0.95328358648379585	0.95878005627190965	0.9121899256407715	0.022251107147896722	0.018870087603143126	0.028557059601024726
BGC0002022	Polyketide	36	92	0.92739088810654624	0.99113892114051183	0.81811582729977583	0.085400641214579534	0.029480095108956973	0.1112760564623132	0.91738067428122838	0.97477971349888237	0.78651068462758666	0.089303586154821146	0.033618403943597872	0.11571357335808208	0.92764494600207925	0.98659461232248136	0.81854067120221841	0.083369491999861114	0.029381317501043957	0.11047085416019109
BGC0002024	Polyketide	26	102	0.95777241486777032	0.95811441115890017	0.92934708747911998	0.01953942948899328	0.01707118327386483	0.024108602697509252	0.93113530077604167	0.93902038215009154	0.79046043242785735	0.056170348602894334	0.027988157262861836	0.067963675905370668	0.95616548503747922	0.95192074530910109	0.91560095419580545	0.021774551658093378	0.017733717654903346	0.031008588533492865
BGC0002025	NRP Polyketide	26	102	0.95541804535535735	0.95422663780205508	0.8544231435714128	0.040080536902150632	0.017995260881412723	0.042056755981268568	0.93015503070242911	0.94282552902739503	0.79573930709736218	0.058404861533110371	0.028340567181740918	0.072177943738447659	0.96014643012912992	0.96015164001994235	0.86692488066143736	0.036615372978878118	0.016071512495918004	0.035852529729400784
BGC0002026	NRP Polyketide	15	113	0.96050921627559305	0.97024134724624689	0.86905017367820991	0.038941089127907995	0.015954798661377632	0.047739856789527857	0.89154301813302461	0.8924497375409326	0.80073929287439305	0.054393964523029838	0.044715696940654269	0.080202931761744312	0.96161890873870348	0.97525227233232825	0.87209997711374054	0.039183573339305548	0.015512384473388674	0.049129918105963344
BGC0002028	Polyketide	29	99	0.98408060049433899	0.98270678484918683	0.97794814093980853	0.0060786682311132836	0.0064030486520727514	0.0096171268701247259	0.96958947570584253	0.96773029061258464	0.95122347120655315	0.012333515302516369	0.012251798686425962	0.020225778970291652	0.98442764059600463	0.98435182643184138	0.97446390815763861	0.0069545060220928771	0.0062699004900887536	0.010513548368230929
BGC0002031	Alkaloid	5	123	0.82751560447873873	0.83115110938001413	0.69280917240102868	0.10179216282726171	0.071636883131944246	0.1641536323025321	0.49260679249879835	0.49519371231151488	0.011097415397062773	0.27141782816423143	0.23241167683411459	0.41476770542112817	0.83156093847026491	0.82942201689385264	0.70495889596338446	0.096893345840069492	0.069904539858348921	0.1575179739441851
BGC0002032	Polyketide	15	113	0.98847659242633445	0.98887789130258774	0.98125806851978803	0.0047822517863131781	0.0046206105332608606	0.0060651439318518685	0.93824566054440961	0.94156348767833187	0.8758272497639833	0.035043508392958285	0.025164395438819698	0.046325801147525159	0.98883762429337563	0.98640018639096283	0.98239314393649435	0.0046899353937480846	0.0044752326860532099	0.0060880660670943332
BGC0002033	Polyketide	45	83	0.98660792674553854	0.98608035972834385	0.97109289648938701	0.0077549341745716486	0.005372771451573932	0.01109701243948813	0.96376057148435079	0.97090308877578912	0.92409120863632266	0.022130136077522542	0.014616092196930653	0.029774274635487541	0.9889090727253832	0.98784626617637694	0.97888042110832385	0.004926085504557128	0.0044471642216415306	0.0076646224402084906
BGC0002034	Other	14	114	0.97901341981635426	0.98385985248885488	0.95444873977493527	0.013500939639037948	0.0084309898927239953	0.015819920765453577	0.93690893393993746	0.92260317421383164	0.8848051551802244	0.036280316475160376	0.025589320314075969	0.053443996197516164	0.98000412985275653	0.98293275998252549	0.9546865219286842	0.013522696625754907	0.0080309338652476032	0.016602097950659478
BGC0002035	NRP Polyketide	5	123	0.98920585797112093	0.9913442934933665	0.97578614268999919	0.0061878625891283005	0.0043285158021370007	0.0083572531307218867	0.98638169893731609	0.98928046755428056	0.97410230354711569	0.0069784812567624289	0.005466726996042337	0.0095684003001312856	0.98911814156435118	0.99140537996289435	0.97541604944528126	0.0062520276244300444	0.0043637769248052296	0.0084516688992641864
BGC0002036	Other	13	115	0.85101990359769653	0.9183839477550424	0.61965728980465007	0.13925948052086023	0.061533806108866253	0.19760799397998496	0.82227638253828617	0.8301478907652563	0.62990611476048841	0.10273117707342418	0.073915242930649147	0.16782451781063268	0.83953637932980185	0.92193569007452947	0.59594549478510006	0.15513973522040983	0.066418017225496673	0.21992417698312816
BGC0002037	NRP	11	117	0.98583902867358175	0.98688107616375964	0.97271737773151123	0.0058871055030970494	0.0056854593174345824	0.0080405917806916083	0.98510023682897407	0.98552736391801044	0.98064354903164608	0.0034101058523539436	0.0059791857912387062	0.0077354134805082131	0.9842186590389943	0.98588502979608017	0.96944606600175021	0.0064854339599531019	0.0063387705495908664	0.0095134655725611639
BGC0002038	Polyketide	30	98	0.98693591419983817	0.98791815128094429	0.97166242610284304	0.0070346827056862763	0.0052439339039831671	0.0088295680811318888	0.97011123262738719	0.97302817194241853	0.95295774535977951	0.012662480557454772	0.012056813278307011	0.017453683596048708	0.98571023375101097	0.98753817159537771	0.96921868236473985	0.0079801018904813378	0.0057371133203279355	0.010718526668578421
BGC0002039	Other	28	100	0.89036405186334844	0.91704885665697145	0.75520288687257364	0.075493531641306427	0.044981101776575258	0.11965419239285091	0.77958475365267099	0.8333009970944254	0.59379278061355878	0.12866507612176023	0.092605459185646138	0.2266251546905973	0.90832921495597352	0.93144108113023805	0.78825813116721699	0.0639776606252484	0.037471700385740346	0.09932070181660213
BGC0002040	Other	32	96	0.77523252420995603	0.82576809517934846	0.48192779605579206	0.16235832990697743	0.094416052355776242	0.23416377474178329	0.72428381766037464	0.81589471856339801	0.40186397348608488	0.19994341150406747	0.11770580929214085	0.286109894399459	0.78678028906691733	0.8220755568763749	0.50679535292259836	0.14879540202875691	0.089287873909884616	0.21694627916722564
BGC0002042	NRP	22	106	0.92291213576209485	0.93799575797674772	0.84817678613230751	0.051282499113730499	0.03148988102132437	0.07080834783492973	0.92814162605184936	0.92138470457873412	0.87481700215977032	0.029294146503359215	0.029373377552361624	0.040966140243679172	0.89165704733925488	0.91461119149519443	0.78872250933570909	0.080976849404255716	0.044822548222841666	0.10445718280508964
BGC0002043	RiPP	26	102	0.73467795762500165	0.76214595041907718	0.42623382393910486	0.17497296523133943	0.11618859779174832	0.28171812844356459	0.80506711663521668	0.79909175089007267	0.64627923915611984	0.12383362764252512	0.084023103932435547	0.19734196477252119	0.6712805152262824	0.75042451528874721	0.30076213628271137	0.20553543397350654	0.14491694485794993	0.35654754947514289
BGC0002044	NRP	32	96	0.96014074838530095	0.97259530508944647	0.87751072505552852	0.037030111652245463	0.016159617669004023	0.049361851370644527	0.94708854275927101	0.95569403505462303	0.84700596867767619	0.041717403120622394	0.02168551554419116	0.055540682279819675	0.96023803153695975	0.97250214024869819	0.88417259559916717	0.036724434214937283	0.016089853125017338	0.049926440692947271
BGC0002045	Polyketide	38	90	0.96807474114167369	0.98394379301151069	0.92498615154930341	0.028670731885048484	0.012953018555676366	0.043215807683161578	0.93810754405966779	0.97144475907200045	0.8587594514219995	0.0554512883013622	0.025497921479850062	0.088781961208797333	0.96751789613736339	0.97975764874696414	0.92197426715385655	0.025899211955890702	0.013128596133217662	0.03803245432411595
BGC0002046	NRP Polyketide	21	107	0.92582357503270207	0.92637976716935477	0.86060469785418481	0.032842736491284816	0.030193874006257504	0.045630142365654658	0.92030994742411809	0.92665441789318304	0.81550529702175856	0.045097283615536714	0.032482487322741352	0.062483455307383862	0.9249517740576525	0.92425784820149504	0.86746598025780508	0.03164770757581515	0.030554424975069262	0.046272386186712589
BGC0002047	Polyketide	14	114	0.97326251159877819	0.97378395098278947	0.94371076820128386	0.013507830248934108	0.010786398775921958	0.019793008245184707	0.95786375566277182	0.96500119832084041	0.90158585161189542	0.02717040618322893	0.017073353456758845	0.035610711428904263	0.97230807065716163	0.97367605980604222	0.93959053629075562	0.014563123884240256	0.011174798800893115	0.020969331466373919
BGC0002048	NRP	6	122	0.97671812443805694	0.98842516807615655	0.94185259426293499	0.020058729299686735	0.0093793055568644583	0.028584688361543598	0.97091742645014278	0.97849204377003141	0.93786941384290434	0.019237040214261654	0.011803924893165108	0.031711851459103158	0.97563726010546792	0.98882192042378181	0.9385592127400505	0.021671241250341273	0.0098217765166459525	0.030859642009736343
BGC0002049	RiPP	6	122	0.94935465638032546	0.94765651003559248	0.89192484475695255	0.026753727289284643	0.02065229502645851	0.0380813175393937	0.91707327993849819	0.904903285113972	0.86629836395721371	0.038361734275170915	0.034292823998619507	0.045786871585085431	0.9498936623185964	0.94899182462380538	0.89175219006764583	0.026835944645673869	0.020423765718557106	0.038581018781223886
BGC0002050	NRP Polyketide	11	117	0.98418023213099737	0.98705192515283957	0.96373939370651396	0.010731115502069481	0.0063488105316377606	0.013687149655213671	0.96416487789075678	0.96802116650706427	0.92543209501743573	0.021654506938488777	0.014500456762986525	0.030648817239376069	0.98459337223643817	0.98731217080763556	0.96344284477555919	0.010789626155877068	0.0061819697341149336	0.013847832424695894
BGC0002051	NRP	6	122	0.94491137011973847	0.9504304257913605	0.90415308113813431	0.02136903359500688	0.022384888633699453	0.04170900819733514	0.9459753971854481	0.94833928565121295	0.88404557111503734	0.028496362225957261	0.021987259332123622	0.04778771456108255	0.94240962506918335	0.94719966385049226	0.9001233143994759	0.022308338333297938	0.023420900493781628	0.043437416650089822
BGC0002052	Other	4	124	0.89325854816249406	0.90739882501474889	0.80923908494400554	0.044450758794743458	0.043701597129946569	0.084838047559713137	0.64871877352497098	0.73843221306022344	0.3031665538078519	0.24089341177047943	0.15229141847756145	0.39061403854707832	0.89911570534926144	0.90974953068271003	0.82403456244202056	0.039182722121553312	0.04125224347208567	0.076615527046016374
BGC0002053	RiPP	4	124	0.99761224924953706	0.99779326529249857	0.99480063201352298	0.001531176149411625	0.00095564665312197761	0.0021841427074568154	0.99736120859181354	0.9975251098653295	0.99508719423985226	0.0012485895441844285	0.0010560787810387495	0.0017383163025276316	0.99758989576233914	0.99779932947838423	0.99476417080402835	0.0015567485037460485	0.00096460508624522938	0.002223570290569854
BGC0002054	Polyketide NRP Saccharide	30	98	0.92140728846349584	0.91553514686935289	0.7878581543151032	0.061189432850482471	0.031978127446918969	0.070238218562692856	0.82957461451377912	0.85199416209185341	0.64528246050146354	0.10754732429346348	0.071072021219389853	0.12288317936139526	0.93356993491753093	0.93654203806422076	0.82146434571648685	0.050726356038069097	0.026956807841457819	0.060161638551751939
BGC0002055	NRP Polyketide	20	108	0.98446776559759763	0.98735297327837823	0.96678619438906266	0.009049239104415064	0.0062371868083478162	0.013953763046745671	0.97116033232325627	0.97654176775121426	0.93563743061247429	0.015579252730534253	0.011616316209135969	0.021414472745549751	0.98377337320902003	0.98860883830571311	0.96517281011005063	0.010840570644899123	0.0065160350456707093	0.016231447796840937
BGC0002056	NRP Polyketide	5	123	0.98357192888172151	0.98558099308445779	0.96414694575145832	0.010348864485912041	0.0065967801321614502	0.012705653943821504	0.9263041919040399	0.96896414053924995	0.80267284856022414	0.070456488603266129	0.030230468450760273	0.10298850296883966	0.98422388449821907	0.98620668053011706	0.96686978145063385	0.0096976592690664176	0.0063331947596605874	0.011431179154416493
BGC0002058	Polyketide NRP	9	119	0.96344704744390042	0.96164679376589479	0.93702292705391521	0.021989031524782692	0.014786268387645962	0.033264958790217625	0.68820369386646418	0.60786862886438242	0.47489436770575311	0.20187718545788247	0.13506665111228672	0.33250376633202317	0.96313345664309469	0.96321741534390592	0.93417684605118656	0.023006423420108307	0.014897649456433282	0.03466834544954589
BGC0002059	NRP Polyketide	16	112	0.97496567929633038	0.97944097683360054	0.95547836437079303	0.011993976369907412	0.010068596945153451	0.015391691279221908	0.88661434844820697	0.95846208314765891	0.72891302170215377	0.10968440526029359	0.046482144551069512	0.15570723674040854	0.97709330928229166	0.97869121105965307	0.95850759150082032	0.011700741416594539	0.0092120570665678025	0.016432187645801455
BGC0002060	Polyketide	25	103	0.9325379791639945	0.93494747345987816	0.87406342267132364	0.040950522886309952	0.027432124254583544	0.052041656559437377	0.91151935961687403	0.90632066362306951	0.83139156675478398	0.057129785107020117	0.036175515931152959	0.075391357250117697	0.93647621757176958	0.94086317459553159	0.880765275693285	0.037585754945590466	0.025805274822970015	0.046945222013355159
BGC0002061	NRP Polyketide	8	120	0.98795448046659917	0.99401409838340127	0.96235511006245211	0.011772180532465043	0.0048339377603370702	0.014072249049248531	0.97831016437087148	0.98365475664739987	0.95231890431494881	0.014427761590849337	0.0087315962049313127	0.013886676127608744	0.98784471617144831	0.99395465889664192	0.96193529561159374	0.011943907163983424	0.0048782763842031727	0.014271436989922615
BGC0002062	Polyketide	14	114	0.97414461416368514	0.97328222895579231	0.94927986845010492	0.01400891989539552	0.010397298802100363	0.019214729211781467	0.97349126003455511	0.98001870409970249	0.94937836858092206	0.01668161042516933	0.010677120449787858	0.021803258456252306	0.97189854644827012	0.97116267158880798	0.94337618478124574	0.016259032528010683	0.011305171983330387	0.023286230264983887
BGC0002063	Polyketide	26	102	0.98617725514731325	0.98943376112700276	0.96628151969520149	0.009116544111476086	0.0055452254434920079	0.0094134060623182192	0.99452604586231863	0.994642046985315	0.9871714552379337	0.003613527262633386	0.0021923921757914578	0.0046958788066865376	0.98126247387067134	0.98414148229735077	0.95305098194329496	0.012099126965367003	0.007524670279260781	0.012217072441186638
BGC0002064	RiPP	9	119	0.99276957486391981	0.99274686641443599	0.98941917001753033	0.0023860911692545734	0.002898551241524161	0.0032595503282941696	0.94273151735292637	0.97368220891866719	0.86693187601612864	0.048650356926132877	0.023728583682182714	0.078387898613256346	0.99315648942241597	0.99346866986109739	0.98931957649974778	0.0024167013986188517	0.0027425495413814006	0.0031221885846706154
BGC0002066	NRP Polyketide	10	118	0.98259068285853546	0.98465374992013577	0.96943868303435199	0.0080124036235898199	0.0069957388125567732	0.010410555549135281	0.97949398368899954	0.98249802145340459	0.96426899597523896	0.011191392955668067	0.008261447207253636	0.012700427535384806	0.98200968792440668	0.98432424847941868	0.96931512039256451	0.007837530338570561	0.0072294022005365832	0.01026897344903388
BGC0002067	NRP Polyketide	11	117	0.98819995555028139	0.98927563552554132	0.97072019034825741	0.0073671537568261777	0.0047357917674579527	0.0087987194522038958	0.9879690070009296	0.99001381571069891	0.96616409137932713	0.0088732077367962379	0.0048300258828146477	0.010882336301045403	0.98728882687932162	0.98927813165954059	0.96771212497560688	0.0083005702911123358	0.0051037235215660726	0.01018957727251113
BGC0002068	NRP Polyketide	25	103	0.98658073968115934	0.98586740415383312	0.97450803035457667	0.0079425334803308687	0.0053841156266737356	0.011578208789014499	0.99098770245062384	0.99157500057183423	0.98345481254776013	0.0055336962366085958	0.0036121862260089397	0.0082464064372606005	0.98470550815430369	0.98301134657303235	0.97016377162967093	0.0088920031544637169	0.0061390445783592092	0.012703012318864837
BGC0002069	Other	9	119	0.82384832403317243	0.86062854246654374	0.62338414530759467	0.14401468771890699	0.073185891265580866	0.19556684151955883	0.69203937445640595	0.75725540355053034	0.36077978638810354	0.21391914499145637	0.13239233194698655	0.27916058599090188	0.82883635264548938	0.86349123374618175	0.63888665972997749	0.13721297808418906	0.071025695894815138	0.18891119382067689
BGC0002070	Polyketide	23	105	0.975446003838216	0.97716480658387439	0.95373268910178688	0.012055557590359365	0.0099159165704104432	0.017952828178329105	0.97164354081875892	0.9743013112681248	0.93819014114165522	0.019409445534092601	0.01141619582586908	0.020551005733089434	0.97016887897738768	0.97466356135203658	0.94602375158229479	0.016431351980015971	0.012079359075538854	0.023575520836076058
BGC0002071	NRP	2	126	0.993071288498664	0.99340611912747401	0.98818181683901118	0.0026773941505704394	0.0027756762556016001	0.0044572624199066269	0.97413184218152149	0.97652609341958141	0.95206712473205724	0.01119895995785988	0.010406133986390564	0.016426281313059565	0.99286255625178865	0.99315949253232194	0.9879507645598028	0.0027290734690685677	0.0028594243731624889	0.0044937252065527789
BGC0002072	Polyketide	27	101	0.98057197085368519	0.98445933111449113	0.95283065326091421	0.013163278664820593	0.0078077846390848917	0.013166500434999451	0.96652045542691378	0.97289655437452338	0.91142326352310488	0.02233335702945188	0.013531207311650206	0.029160152966985597	0.98140695694101887	0.97874293078364372	0.96396488657363044	0.011174349592463946	0.0074678555991692045	0.011060950593329122
BGC0002073	NRP	7	121	0.91841668752850047	0.91582036790103238	0.82988729246695958	0.039353781843771203	0.033222732613816787	0.061042388279862081	0.86452262537657831	0.87738367874024403	0.76515530471113946	0.055011635503104943	0.055805665351619502	0.10665611513605289	0.91941693878394593	0.91621453529665742	0.83160203204295757	0.038836771329484494	0.032809755559943587	0.059336125189404565
BGC0002074	RiPP	4	124	0.99581274836911482	0.99739439269824659	0.99022808039269905	0.003668080003269391	0.0016800827550719211	0.0051722982304607257	0.99811226618079141	0.99787152506260179	0.99656983086909234	0.00095003388355239442	0.00075538061546756021	0.0014293501960475075	0.99555044985030672	0.99735175456180758	0.98954985175366705	0.0039637580058864228	0.0017857150644317032	0.0055845364782045603
BGC0002075	NRP Alkaloid	1	127	0.96400395426828722	0.96513934067520779	0.93726476006517245	0.017464156575055432	0.014520091597080098	0.029049772455840173	0.93781937765015522	0.93655742309696333	0.89547463058876609	0.027048184936945906	0.025264154972540219	0.037980253327447699	0.9638281974820867	0.96515061313421024	0.93697387127622545	0.017643682408791168	0.01459150318363347	0.029327801399833153
BGC0002076	Other	3	125	0.85182751088990705	0.87860546121969119	0.67217336928064197	0.080300939290470635	0.061252211840386803	0.11915446224153003	0.55475272523119545	0.53849021592531454	0.15371597483561203	0.22406154049547161	0.19794201208015955	0.33576221225149439	0.85456761964119177	0.87863957254052905	0.68271727409577643	0.07798899384249823	0.060085874404340857	0.11709346421634081
BGC0002078	NRP	40	88	0.99069890820777096	0.98998600540373072	0.98307242757923952	0.0046753893167984749	0.0037301124221731153	0.0066968801220678165	0.98158193649132097	0.98404948848309348	0.96245876460247271	0.010991363630254325	0.0074014761773254726	0.016755098224904286	0.99087207644537201	0.98983476949759552	0.98174224126330489	0.0048812378770928221	0.0036642510136490223	0.0072089633318960233
BGC0002079	NRP	42	86	0.98432923094214053	0.9867628641976034	0.96826596851498437	0.0085168415728382654	0.0062891736524494316	0.01215706851397047	0.98328761030139289	0.98894629486246965	0.95883216063022825	0.01266001382212273	0.0067078522785053883	0.017060816886020125	0.98320149930038137	0.9850344680807861	0.97098610374176275	0.007180641318575951	0.006744999642382443	0.010444008559213236
BGC0002080	Other	20	108	0.93898284739539706	0.93806202235103064	0.8847845495553639	0.034683791314532711	0.024778214239936848	0.053526055507572501	0.92205599196346566	0.92226662992248132	0.86882293764765817	0.031696858854589824	0.031808350439795373	0.055355478662068691	0.9353263287617134	0.93131530196574142	0.87701809028252453	0.036795404209186387	0.026275445060605928	0.055142904533566739
BGC0002081	Polyketide	19	109	0.97309193310726949	0.97982684812152265	0.94075229736078014	0.018246860982755762	0.010854162896941877	0.027998890530300913	0.9194470547016742	0.90374496433249707	0.85959912841198183	0.04114189955614711	0.032864751760913483	0.063081443859322461	0.97173060081796248	0.97781797671812676	0.94135873159383088	0.018982446775762364	0.011397079559868573	0.027902944320271406
BGC0002082	NRP Polyketide	20	108	0.97415491427595513	0.9773138590988415	0.94953912379590089	0.017174498032088526	0.010430685275927654	0.021474784243265543	0.91629323770550752	0.91500486149484006	0.84046040388102661	0.058954889688425063	0.034488484731526506	0.089172864278923236	0.97062791587388908	0.97979723658082718	0.93353588482207739	0.022226715951847172	0.011848106282807348	0.027634741991842904
BGC0002083	Polyketide	12	116	0.98335372369728469	0.98348068968175295	0.96652332174822875	0.007812952279827947	0.0066846930000694195	0.010115027025417334	0.95093560416618284	0.95502985392083062	0.87430521532296623	0.031250516715769228	0.019889323719404817	0.036139119569439604	0.98551891560453253	0.98609402385609357	0.97358390859805943	0.0061085186748418225	0.0058121361231196376	0.0083705730429164404
BGC0002084	RiPP	2	126	0.73592296783507583	0.73909005638365599	0.50205949815152151	0.1504711085321532	0.11220291540535081	0.16664495478804642	0.3816175366211832	0.40845254999261527	0.12683600486391544	0.15574933543977393	0.29090971089995099	0.36184921574703088	0.73683533283456581	0.73959639428948787	0.50432778057549432	0.15095117332156888	0.11181244583774282	0.16696770213888379
BGC0002085	Saccharide	50	78	0.98946495625436648	0.9886006629511519	0.98355177316252596	0.0045604682717981784	0.004223647526889418	0.0065694004256051652	0.9830807082950288	0.98722018806132761	0.96401413291076321	0.0097968034556544896	0.0067920155725062822	0.010004412425059561	0.98116203233800792	0.98420901968294816	0.95403288009559817	0.013630343353564146	0.0075643574907035662	0.018657510311520853
BGC0002086	Polyketide	19	109	0.99021613277777476	0.99057851634427929	0.98255751498436061	0.0044295443136868834	0.0039217856267598885	0.0069903354501070769	0.96281343395981733	0.96464029080587577	0.9298005203810672	0.017697634400443588	0.015016955092998829	0.022538899286713376	0.99048577063587007	0.99233388872938733	0.97861214095767268	0.0056598621098973775	0.003815110072055039	0.0080338917007550803
BGC0002087	NRP Polyketide	34	94	0.98634863388058158	0.9846338270691215	0.97779528310018915	0.0058003737167931562	0.0054803127329529078	0.0086807274686688807	0.9626795541429527	0.97538284008640708	0.90057717938064819	0.028923650625685044	0.015047179290150935	0.039303261879186202	0.986026132104177	0.98559064595926271	0.9737888132104181	0.0068123451724839568	0.0056096790808928491	0.010083605894603997
BGC0002088	Polyketide Saccharide	44	84	0.95119760655415619	0.97468585821365894	0.85459924404536869	0.048155473709850793	0.020231006838593756	0.049985850430962486	0.95902063449469888	0.95998131246803098	0.9302191283021265	0.019709261198807164	0.016766869179326994	0.030801677093700186	0.92662471883211117	0.98366252451141867	0.79100257214820313	0.085077844538152869	0.030670082097722994	0.091348825530134015
BGC0002089	NRP	12	116	0.97302040941001344	0.97564931620288031	0.95336686953399119	0.010411102254032779	0.010895934985932821	0.019038183155424826	0.92921455933315134	0.96547000418024098	0.83518345482835854	0.054867153455016006	0.029274792588399091	0.092851692810073438	0.97268959340321604	0.97370088075516381	0.95696421979402291	0.0096108425518777255	0.011019575770744883	0.018149110935349766
BGC0002090	Polyketide NRP	23	105	0.94770191562321426	0.95243584417964022	0.87556806862326331	0.033609483403797304	0.021202860645259912	0.04326860045063774	0.82352400690693395	0.87647393194275114	0.65339279555654528	0.1084215156427652	0.073975394102293993	0.11442941915249605	0.95159744890161702	0.95182968985107808	0.89465904410181651	0.030799943576272366	0.01959773282793047	0.040498620686679421
BGC0002091	NRP	17	111	0.97664941278222361	0.97745427054773604	0.9491511222462562	0.011824598661923136	0.0094374190277321194	0.018878144047662415	0.97159256261352822	0.97453639199307185	0.94356573399920163	0.015157721204327462	0.011537192364543291	0.020789937852952578	0.97420388604052888	0.97699364690259194	0.94882227817546672	0.012191963655623859	0.010445591458871495	0.019153421301170259
BGC0002092	NRP	6	122	0.9813684083605384	0.98124587358417514	0.96771980028152571	0.007528135646908185	0.0074860024439749482	0.012387613148943988	0.97452419482405939	0.97572113600318633	0.95205889680478661	0.01144765106270057	0.010268222888895484	0.020094118512466452	0.98123080791603123	0.98120138040593741	0.96753037861400049	0.0075389426220314228	0.0075415374876550475	0.012209680152546198
BGC0002093	Polyketide NRP	8	120	0.99180924548942639	0.99472191700306012	0.97914935358820732	0.0062387963912018153	0.0032856563528852025	0.0079242664915251115	0.97693528303710286	0.97936901873958104	0.93184081658337603	0.019835370373665583	0.009273084672904797	0.022391883465056717	0.9919928877054659	0.99444917030145996	0.97941341170839102	0.005943964706342033	0.0032118964250271052	0.0075559876582544927
BGC0002095	NRP	8	120	0.89508548528801302	0.89711105807794844	0.82005848351307131	0.034083178375496272	0.042938432666787471	0.056410857366614553	0.87940520938348976	0.87383508268402754	0.7912857478875126	0.055258460637830006	0.049830452207209698	0.086637014147559643	0.89018957874164695	0.89209652018322805	0.80405713869218376	0.038128783538110299	0.044982634088055029	0.061735946624960514
BGC0002096	Polyketide	22	106	0.99044707462376458	0.99299527124709475	0.97812172376664119	0.0061720911273172091	0.0038287224188820802	0.0090494208033174983	0.96432969333008745	0.96708197785969352	0.93112448862281982	0.022748424354586582	0.014382659722904378	0.02982637519402831	0.9920086305897996	0.99418216026224782	0.98147528472386802	0.0051516417632758073	0.003201863720918352	0.0075330765018932766
BGC0002097	NRP Polyketide Saccharide	48	80	0.97057554455093609	0.97643162878435907	0.92740183292439138	0.022706206942790429	0.011883666416506844	0.028903427148984417	0.96338221842275096	0.98765448506857978	0.90407495657068138	0.038505933687329172	0.014769557278778711	0.047735693001731305	0.95787015777352535	0.96088154339370457	0.90627203213325846	0.028860284922175749	0.017085878416117462	0.036195343638563471
BGC0002098	Polyketide	41	87	0.98270702731069925	0.98266838624541886	0.97005833240133665	0.0075810245885134953	0.0069484777505197885	0.011267590673091576	0.96694284195226265	0.97055906563829475	0.94072584624342348	0.018710466012098616	0.013327572220744544	0.02937953992063691	0.98098917844050992	0.98326137388498469	0.9663304170256185	0.0083589704124559395	0.0076455072927906322	0.012297824241342403
BGC0002099	RiPP	3	125	0.66015271120096641	0.65559157529111611	0.37691538594107665	0.14675507571256519	0.15170487744613081	0.24967370578929116	0.50024162614547829	0.49179265642076631	0.11358919619330853	0.2533115918656445	0.22977836918315794	0.37837906449037129	0.6596194948688	0.65245240542905281	0.3782337756349044	0.14744557175616974	0.15197185327612389	0.25018671612153409
BGC0002100	NRP Other	52	76	0.9648921246812433	0.96771403919959087	0.93268898563165104	0.014855109527388201	0.014163010683347622	0.022220100109297203	0.96104180025258845	0.96354101269395653	0.9292752753099921	0.017624256323347343	0.015746001688870592	0.02622138394356377	0.95866708064526007	0.95943016133730352	0.92987293461765652	0.014897710869626098	0.016688592229921785	0.02640906225066042
BGC0002101	Polyketide	21	107	0.98877169166639012	0.98917837289351773	0.98104459688943901	0.0051138125072988198	0.0045024716712507963	0.0075293072823354734	0.96579530804357572	0.96924065990750385	0.93981250520257509	0.017313052997214959	0.013783187551502341	0.029251058698366528	0.98733351043983519	0.98879047531100106	0.97556484065234106	0.0063982896238380747	0.0050805670587302119	0.0082626043817425332
BGC0002102	Polyketide	9	119	0.98040341910835238	0.98719816025578555	0.94593826424836724	0.017094989276988878	0.0078882215368675009	0.023444878748118847	0.84386854542235168	0.852673496672815	0.72291482507541827	0.082639089510345293	0.065266811544205064	0.12306631781557165	0.98284384494957244	0.98982077759818177	0.9521126545144839	0.015105085842094584	0.0068987314631081317	0.020561486283315777
BGC0002103	Other	6	122	0.7804016443277294	0.78634239116131033	0.6472337327310731	0.089691951560872313	0.092430057338951183	0.17391571470822575	0.75138580715937753	0.71320953961257239	0.54338117838609867	0.14643180153573648	0.10522540247250192	0.15527323495675649	0.77625662645550686	0.78164087379652392	0.64339794959671115	0.090600084178092163	0.094261677571279817	0.17625647326724869
BGC0002104	NRP Polyketide	23	105	0.94788186498328297	0.94614883573608899	0.89418425715560224	0.030809717309220878	0.021087782701220227	0.042490010849109083	0.87221269013902614	0.85985242024883335	0.76608809791424437	0.062460664477502884	0.053374479736417603	0.063519711442217797	0.95149999284019027	0.9473589250118839	0.89063507521369956	0.032149012994298176	0.019593475612358892	0.041189658580597754
BGC0002105	Polyketide	20	108	0.98146799148516306	0.98647696350669678	0.96152786341024654	0.01213212014184391	0.0074407180934830345	0.017573865476297801	0.96527998554516015	0.96950412899703475	0.91543177254061336	0.020501827338730145	0.013992596518746136	0.027714578135689005	0.98198143643513769	0.98738174406181067	0.95692882323487838	0.012957457307829113	0.0072338195699743982	0.018267631089735059
BGC0002106	Polyketide	24	104	0.96752454507172914	0.97028034070240277	0.94065097126058217	0.016785776357601662	0.013090439887826965	0.024944436019373684	0.90545959238811291	0.89589063606611063	0.85110967311853891	0.03559216314862762	0.038742525710126929	0.054998992891810539	0.97331188321765727	0.97705135354759687	0.94508034963892618	0.016274567779264334	0.010741149494096236	0.023856788531161022
BGC0002107	NRP Polyketide	27	101	0.96374279698976673	0.98631869000425942	0.91191946999358997	0.034452990744115369	0.014635907178964791	0.047939533315372151	0.98884657681767807	0.9905244541598881	0.97077895011664583	0.0071987783489735188	0.0044760436785360232	0.0087298836911827715	0.94927113398168783	0.98424551336605126	0.87000433549729916	0.051722882035200625	0.020541345487898034	0.071077641682236736
BGC0002108	NRP	28	100	0.97857510544871862	0.97874107478817984	0.96249107857348926	0.0093555895947073312	0.0086196385919413924	0.013485256497446363	0.98291076220856921	0.9792739905408594	0.97196709492122113	0.0086898427428686552	0.0068906851230894576	0.012792103301356494	0.96864885621524643	0.97181967131120706	0.93241647841194231	0.017824413249019431	0.01266146995555475	0.026066136444170995
BGC0002109	NRP	42	86	0.97925748034619386	0.98101318819964334	0.95908967316248317	0.011424443229961107	0.0083514122412483346	0.015502483360345543	0.96917548277286247	0.97694594217018427	0.92593128593839991	0.022081619696946556	0.012569441157542017	0.030054049393498317	0.97015026433392859	0.9801393013890789	0.93455384271544262	0.021544822522346508	0.012053362270293388	0.029450520150037907
BGC0002110	RiPP	8	120	0.99413279006365118	0.99522273534619354	0.98842032096012655	0.0038918771910584704	0.0023509766181370349	0.0058396449127411376	0.98433183377245703	0.98371595264149991	0.96376847427261225	0.0095883361503812572	0.0062915244722384859	0.012479343191872716	0.99432569083001943	0.99518930696511121	0.98872158619232053	0.0037508189836476138	0.0022736451014354398	0.0055801218078275205
BGC0002111	RiPP	11	117	0.96542345638090743	0.96918552694117444	0.9396617387659677	0.016412764836914142	0.01394149853124651	0.025172597307909772	0.63396423345470032	0.57949130424134632	0.41312656687180327	0.16844884969245871	0.16349651747620547	0.21945280269865275	0.96990613849177421	0.97231791882265806	0.94397254427246335	0.016232634666648291	0.012140199480142822	0.024174075622582114
BGC0002114	NRP Polyketide	16	112	0.97807681188482964	0.98269224179397874	0.94521627881398484	0.016461279282229489	0.0088137133452966809	0.019884789440591355	0.97906026158443127	0.98235873521500849	0.95729915213013039	0.012154271659126081	0.0084410412648618267	0.014142225000789099	0.97316769059883179	0.97891827191765901	0.93322237457336865	0.021519880339780344	0.010796848266328495	0.025284743570664014
BGC0002115	RiPP	12	116	0.85465665754152487	0.82583356822800891	0.72779405426992694	0.088162982562238784	0.06020761225385305	0.11027517320646973	0.84809823307313437	0.85527284402888881	0.66542080052730557	0.081228949250916671	0.063635952943418866	0.1408145662723338	0.83870114093721304	0.8087079319730972	0.67917288444316282	0.10050899693488416	0.067018914466118767	0.12476656177203915
BGC0002116	RiPP	5	123	0.83138777645814077	0.83648658646473528	0.64380346595260995	0.09757341021559654	0.071133358075247607	0.11650801190027549	0.85056637995640494	0.84842258979499086	0.74416570335708276	0.058171439416812097	0.061915226025665057	0.079700139054833974	0.82875168354898376	0.83189703999710685	0.63795107955769426	0.10061455610156131	0.072402113987369926	0.11982147909176744
BGC0002117	NRP	33	95	0.99168772111465253	0.99118391079330781	0.98593690096107534	0.0032372710311434146	0.0033316236571373282	0.0057085383990602701	0.98541554376254203	0.9842021419391096	0.96673934241625104	0.0087480087268759742	0.0058586523332344372	0.01205907879480006	0.99061304905641756	0.99087143895223484	0.9835020300998697	0.0036804768417492994	0.0037654388295440102	0.0057839727521850071
BGC0002118	NRP Polyketide	32	96	0.97246346844971931	0.97939194984978295	0.93503755134025668	0.018796377234890572	0.01110960746345251	0.021923677166918121	0.93539330018094602	0.96472767536232173	0.85068867269766846	0.057718073111229472	0.026293372641598055	0.084138794720939103	0.96713331841842698	0.96962832597464654	0.92656545863048134	0.021327589416261474	0.013296816053041116	0.023004283377731638
BGC0002119	NRP Polyketide	31	97	0.94529088794995797	0.95452031135546522	0.86932064002936404	0.033316340469586814	0.022185313837872145	0.038515824647120334	0.88859643831994839	0.90548597712626133	0.75629829252815439	0.087983353801051309	0.045807329462625536	0.11482340926035706	0.94681497222218491	0.95873488150875241	0.86890528602115868	0.03332525571445602	0.021542102641998538	0.038070350895565208
BGC0002120	RiPP	14	114	0.97104844089482967	0.98276525384149593	0.93696770607911473	0.023383056607242277	0.011735585704985275	0.036101471125304041	0.93267632586937466	0.94296413793274758	0.86748073259335001	0.036113820794176139	0.027747233192909303	0.068765406617010805	0.96903115607437873	0.97505055453287726	0.93497975927611432	0.022218699846725306	0.012551796853627728	0.034683695618300536
BGC0002122	NRP	32	96	0.95897176671716411	0.96254787442147172	0.91585962114116648	0.025166166511630846	0.016791138432802399	0.038706729163920484	0.91150808629017299	0.91711258431005294	0.83572253291248955	0.04943231277418178	0.036940405488108022	0.065716261413158894	0.96392571931035709	0.96355767772590806	0.92442151619709212	0.02208148050666095	0.014708809447754368	0.033891669126067003
BGC0002123	NRP Polyketide	15	113	0.97876000025242715	0.98228518771778583	0.95231639067586449	0.013497928475458129	0.0085750237387336673	0.021483141948057671	0.98409462610448573	0.98389493769745329	0.97453254277314305	0.0051833845628339991	0.006383995209386195	0.0097834339653636304	0.9758737842465377	0.98154265973859089	0.94380157981501089	0.016844342281896012	0.0097604916441852204	0.026378286238148418
BGC0002124	Polyketide	47	81	0.99373083094257697	0.99334671031887889	0.99118203944305971	0.0021226616198620641	0.002511185087938639	0.0036387736706706697	0.98216180976711542	0.98456853198001815	0.9613045786133434	0.011377797476733361	0.0071655186206596166	0.01718961258262619	0.99408968846403367	0.99368779740462654	0.99103368191558794	0.0020798657031419333	0.0023671045467943408	0.0029102897094099855
BGC0002125	NRP	8	120	0.96956438377181375	0.98482688983069799	0.92048210751963888	0.025854606410414777	0.012303832333417674	0.037854088050626733	0.95735332124826356	0.95414719389381575	0.91263116315873127	0.022216937854560897	0.01727678694146393	0.030437094541455711	0.96632150504531578	0.98456704556055841	0.91295341884490744	0.028966551781146103	0.013625666842901674	0.042571393888363729
BGC0002126	NRP	7	121	0.98874147523288314	0.98666696611116156	0.98247648883743111	0.0057757812601645841	0.0045153440605906203	0.0084711036260769479	0.98201560301446611	0.98410287174150235	0.96507740079902216	0.0097577657603331817	0.0072208667460573308	0.014135735823747719	0.98878749450794268	0.98659367410293375	0.98258620392182239	0.0057163770342487461	0.0044972358265001232	0.0082857316516327106
BGC0002127	Polyketide	3	125	0.94456117754821489	0.95862774027072462	0.89856051411336046	0.030421339065218728	0.022578749850708402	0.037900453137568069	0.91021347989434565	0.92872293933543326	0.8005188775808294	0.054493277826442046	0.036848634247299582	0.09058393874994497	0.94410313595504713	0.95745739236464367	0.89697653647952991	0.030471912778112474	0.022766480805334832	0.038161023307982878
BGC0002128	Other	9	119	0.94995906085179516	0.95200607560514861	0.91381540886133528	0.02413320635118589	0.020228328417045048	0.031234789451602296	0.86093841911449931	0.8559166621341352	0.68995328349583562	0.088864647729438556	0.057358606868489793	0.11980643197742391	0.95113758366086254	0.95179409199754983	0.9171744493227475	0.023102549925799996	0.019745323780871328	0.03018896566419349
BGC0002129	Polyketide	41	87	0.98199043006702291	0.98235676892726875	0.96517841689551143	0.010649756431254964	0.0072446555134519034	0.015366697821398434	0.96252005841538679	0.96654401218111707	0.92109351354141789	0.027086373275647758	0.01512023385450605	0.03729014705610012	0.98208437946912919	0.98297198401696195	0.96186802125040338	0.010216252863526849	0.0072095257289871871	0.015621814870242612
BGC0002130	RiPP	27	101	0.96759971479239471	0.96890214229687999	0.94004201084858463	0.016688835100800679	0.013172663829731724	0.026527824140612388	0.94658381967124627	0.94102719101398158	0.90407655889297944	0.025824559315239828	0.021652414552489074	0.031276611889945571	0.96312990721233938	0.95958465265930604	0.9396323401483434	0.019175837525977041	0.015069748427035057	0.02787806484551314
BGC0002131	NRP Polyketide Saccharide	18	110	0.97430009457813382	0.9739529153437847	0.94216220927338601	0.016208745463206418	0.010351404767174732	0.019636881864091293	0.92846388807509395	0.93225545471236693	0.88076185830427589	0.030757461140913916	0.029074970903938312	0.050230679453685423	0.97366277145164726	0.97413791162241525	0.93844060186965816	0.017226048718997605	0.01061514005534101	0.019637098650131524
BGC0002132	Other	8	120	0.77835739523902925	0.77075298237207068	0.42175065167502418	0.16304590735724467	0.09313902891638759	0.22850652517333825	0.73068494123645267	0.77562129564610782	0.41615746514907942	0.16203365455726665	0.11461016042026564	0.26203559284322786	0.77339896441274403	0.76245036208901595	0.40905498105405119	0.16388768752417202	0.095322888723691476	0.22698950242405691
BGC0002133	RiPP	10	118	0.93116946662338107	0.93314326378763068	0.87823913763853212	0.033769157689218031	0.028279089886542087	0.041234869724539713	0.95674683881565825	0.95498398724730382	0.94133729976755531	0.01388211319571106	0.017480183262791216	0.02275000531615079	0.92172653722176734	0.92361000254288816	0.85272893757361146	0.040711965996184186	0.032370392267781066	0.047321397029678414
BGC0002134	Other	4	124	0.83662401993166891	0.82947910491693844	0.70451900357050223	0.090489141894319378	0.067668629921591034	0.1426083492048511	0.70821079042317869	0.72517082366972119	0.51949755093105987	0.12888393013433777	0.12517851479109485	0.24808366173584728	0.83647340892184219	0.83253138260523896	0.69835922419928109	0.092944117179775521	0.067735352567765042	0.14711591470885221
BGC0002135	NRP	1	127	0.97774350806072408	0.97804989115770447	0.96485677954993676	0.0080995714168416808	0.0089540479725519709	0.013822028915067452	0.92918746175749278	0.93311706979378117	0.85943703194862187	0.051767360757953969	0.028905207508105525	0.08031290507497657	0.97766335228423107	0.97801399089583063	0.9647613196403495	0.0080540506013468214	0.0089868505434856465	0.013761240584956647
BGC0002137	Polyketide	28	100	0.97599367145642779	0.99053982376473604	0.94466926225410519	0.021123322029865253	0.0096877174326370115	0.030877839694928522	0.9737276688355172	0.97235006508308031	0.95006796435762741	0.016444654432355984	0.010574288531927212	0.022680930248265008	0.9679460349122303	0.98529733707937994	0.92608838033533869	0.029391810963770262	0.01297601582526382	0.043247664828814036
BGC0002138	Polyketide	5	123	0.96669445496726847	0.97037117933684813	0.93479259589460384	0.015983351284318336	0.013414179727749142	0.019301555578296936	0.88939701492790069	0.91169949472341671	0.79714605716603149	0.060657638230837321	0.045340181233182709	0.097796162218230953	0.96633549623473802	0.97062227081431063	0.93310100018110509	0.016861589749913062	0.013559363296480841	0.01958251321168325
BGC0002139	Polyketide	8	120	0.99123766964707993	0.99154606441413451	0.98534661493877507	0.0031293372070411462	0.0035119667406783295	0.0047826531647017223	0.99197978024562761	0.99229340418643164	0.98768898732912702	0.003007965649059606	0.003214118406920674	0.0047976292859721603	0.99088014325516127	0.99137510801497652	0.98419853001327195	0.0035219032454829537	0.003655644126546198	0.0052188160643206194
BGC0002140	Polyketide	37	91	0.98369987451476193	0.98831342799122002	0.96076757549876246	0.013421500978440115	0.0065437799029692155	0.018513595588948051	0.97970610330262242	0.98095955543068214	0.95972789955360305	0.012974441817136455	0.008159714533591966	0.019697984869376128	0.98306908194357978	0.99026530015239222	0.95861948304554512	0.013760807010697229	0.0067973989858769015	0.018970829081262686
BGC0002141	Polyketide	56	72	0.92857591133840756	0.93265501468214373	0.88347261420476153	0.034280233882683926	0.029032052407730369	0.048390226191457164	0.92631560515095346	0.93040442304830417	0.86632010010110549	0.035746329076515954	0.03003316670327081	0.053531447387760722	0.87503597459335247	0.89149273790667893	0.71351069517177046	0.077520448758088389	0.051409392414302424	0.094556471230680783
BGC0002142	Polyketide	38	90	0.98194919386932855	0.98340833421130225	0.96012478067538343	0.012551967971881201	0.0072477964611246783	0.015510867033663667	0.92878985766274325	0.93759318029680272	0.81634358132657125	0.058278481086757122	0.02893615439344539	0.072773806841772259	0.98919229143272536	0.98839267045997103	0.98000054288090244	0.0054551293541949906	0.0043327109576585254	0.0075397086388067081
BGC0002143	Polyketide	39	89	0.96860313879759885	0.97114231685051677	0.92926471337942984	0.020324912269527939	0.012685331897159525	0.021966850420245043	0.96303984079338778	0.96650969431930744	0.93116374798180546	0.017537234957065179	0.014903799659417193	0.019847383790117745	0.96415836089587148	0.97042664936800471	0.90957607419708297	0.026929935115562603	0.014590219997557319	0.026742512875556512
BGC0002144	RiPP	6	122	0.96087556456873424	0.96637393584116338	0.92032240763175344	0.022532401803639652	0.015914805962977518	0.035976209681569449	0.80182129966074067	0.92522648928080731	0.49989156201405133	0.19842328878099372	0.086516728644622815	0.34151947669324723	0.96171117240789561	0.96791840367628246	0.92289658915766271	0.021221737336142445	0.015548675670207101	0.032918678674252133
BGC0002146	NRP	12	116	0.89793797058443514	0.91079079516283334	0.81777807462268637	0.063496202215288122	0.041771585154683356	0.10377770456280311	0.89443453345903756	0.91722670358732827	0.78235251358420987	0.071843671800933318	0.043257641259519433	0.11432630559591161	0.89732639638748901	0.90906942065986684	0.81655339374309888	0.06281971207940712	0.042027365490118249	0.10307416266837466
BGC0002147	NRP	16	112	0.96379958055636039	0.97492721543524885	0.91916922169635185	0.025560317058967618	0.014600792277920948	0.036441052650255323	0.97261694290878675	0.98346292762681098	0.93534627183763219	0.023009379383746309	0.011054409443993407	0.033990319773469779	0.95945149349100267	0.97098741526934162	0.90609069062395931	0.028140665743472914	0.016380912081076081	0.039144399554127629
BGC0002148	Alkaloid	11	117	0.77732927241150962	0.91014696924279614	0.45553640667420209	0.22454941547919055	0.094342359800059117	0.35138464490833965	0.62402238135416677	0.86001513743856428	0.057669714068959821	0.37478335821793113	0.16397825616968359	0.58848276609173344	0.79105275149446985	0.91131964905038387	0.49691757109331602	0.20801704334389842	0.088317670639173132	0.32561419008049086
BGC0002149	NRP Terpene	10	118	0.86391009512082562	0.90985038944400232	0.69637977766033732	0.10212236672223221	0.056677496745593949	0.1669701907216864	0.73328419534310263	0.80462293233306625	0.39909923446777373	0.20300122840533669	0.11357553761120565	0.33578720977968268	0.86756087339769883	0.90786813770895836	0.71255622088785975	0.096549977809809923	0.055116578605955466	0.15816679088860497
BGC0002150	RiPP	3	125	0.89728466001161722	0.90619708972033797	0.73219422336286621	0.072074365382970559	0.043836687857979985	0.12135089835020663	0.84110961805168183	0.8442004459334489	0.6653969819820299	0.10456141849329682	0.069577175780642445	0.15304533880717108	0.89527183779735131	0.90307452739818439	0.72807410894603752	0.073756846187379474	0.04466354869669549	0.12437612605868131
BGC0002151	RiPP	3	125	0.74496275838082704	0.74511560050095282	0.44443544589152728	0.18173600980151641	0.11216192357013495	0.2787954080663253	0.70079043734955093	0.68279442857281825	0.42491393407051031	0.17189086477711205	0.13594924565177152	0.31087590916468155	0.7430536221151689	0.74568412135675999	0.44424439208184274	0.18162758503525642	0.11307239572303496	0.27864213223806444
BGC0002152	Other	11	117	0.87515979561499824	0.90213054459123143	0.66855676890811389	0.085225998073216278	0.051311153365441078	0.11212930105442498	0.88765845719385617	0.90447502197224372	0.76627848571262935	0.060464783774597811	0.046157171334186196	0.089949196261338238	0.87169167728146824	0.89997108493076772	0.65810807080259193	0.087979013358224084	0.052771639228110276	0.11572202360252815
BGC0002153	Polyketide	21	107	0.8737728274917933	0.89531743254957963	0.75720455097177153	0.064566443148142943	0.052064808978266153	0.10791439474975006	0.81650596557065502	0.82881371660238856	0.67492510222600854	0.083062295710325709	0.077502387499321521	0.17406096062206533	0.87189246358289341	0.88824149594710422	0.75204834150192112	0.062979482598182382	0.052816355916834291	0.097592585047226232
BGC0002154	Polyketide	1	127	0.98554206660311705	0.98715999013867617	0.96912720809761288	0.0086226923418326537	0.0058008513348674516	0.01231481440585247	0.92441876001540213	0.93472172718330104	0.82314360143422605	0.051913873746101166	0.030794009753818075	0.066932756160696716	0.98574388139548863	0.98716720596097052	0.96957415106639999	0.008444994519776575	0.0057196768730367609	0.012019695957980359
BGC0002155	Polyketide	3	125	0.98455134544918965	0.98412828022919641	0.97307699970924133	0.0064283736676888636	0.006199798164171111	0.0099008209817974535	0.9759457932870198	0.97985845907277813	0.95283478390461007	0.014921382096685802	0.0096697874682741165	0.016555419865550758	0.98429781665044624	0.98357291381354084	0.97341757323569045	0.0063176874971460645	0.0063019834278891908	0.0099138995575125399
BGC0002157	NRP Alkaloid	3	125	0.97223533666600637	0.97531983355638041	0.94231568247355435	0.013531876608736754	0.011173139947463806	0.020609211293835306	0.96440730251084794	0.9647501582664102	0.93810906199088806	0.01502249495305287	0.014378770538075214	0.019564058247418692	0.97168005921251166	0.97461382058806556	0.94123746025896637	0.013819870568023649	0.011397523700857559	0.02106956259530024
BGC0002158	NRP Polyketide	4	124	0.88308335993450715	0.88320571514789825	0.77944569012539877	0.062408506113165022	0.048271224822680182	0.10481065956472213	0.87122509733248976	0.86813237957413159	0.77356653274981346	0.071934398256000787	0.053334040810938156	0.12122597805318847	0.88230995843034754	0.88205941443410607	0.7759871463606629	0.063075284447095245	0.048601202803538947	0.1064768469703361
BGC0002160	NRP	3	125	0.97025564918393936	0.97302322884371106	0.94914766832951603	0.012088489371265564	0.011981021730862462	0.015108790369951053	0.93343750743433473	0.95157446126920542	0.82367926816455672	0.048503585673842699	0.027007600063175353	0.059078044387988471	0.97048196209896676	0.97317103578239539	0.95016469140728177	0.011612875404723649	0.011889834841426961	0.014832660798698383
BGC0002161	Polyketide	5	123	0.98612141028985734	0.98713941549688633	0.97709924258274494	0.0067556862206405209	0.0055682783243979905	0.0080659643850823359	0.95531351283225285	0.95485692305193792	0.89897895516293069	0.027927060481102203	0.018044674738845877	0.034637651648083412	0.98677694476150146	0.9873824068287973	0.97783504465812521	0.0064022617412089373	0.005304577016705103	0.0075562955641783613
BGC0002162	Terpene	2	126	0.96183916732001262	0.96690580203791199	0.93733984064179354	0.015903225290683339	0.015480660222045639	0.021272480527156801	0.92406048828610099	0.97962670730104695	0.79502320394608139	0.084410414235775971	0.031973690734458306	0.13263944281464168	0.96010673823859227	0.96598851808880259	0.93456239566846466	0.016853280808891917	0.016199940040614248	0.022477325631509837
BGC0002163	Other	2	126	0.94472803319011622	0.94170129432038385	0.90456462918667535	0.020419096599214325	0.022367853633426926	0.035156698207006398	0.75076496696890116	0.7703577281519064	0.48845379422938134	0.16960786301440303	0.10545121095924528	0.2698371618436104	0.94528797939135278	0.94233145603074586	0.90429288099339278	0.021052590703650165	0.02213849897348532	0.035924008579644617
BGC0002164	NRP	1	127	0.88325174347026214	0.94856590229437665	0.70926546132261015	0.1032526391864801	0.04898177251163964	0.16981377772528583	0.80215766689673873	0.91998746751171501	0.48195004204105829	0.19123931457603507	0.085704034112628544	0.32758762908057704	0.88371315867134437	0.94865442114209042	0.71081756484507097	0.10263730738374122	0.048776662660257222	0.16881029655004909
BGC0002165	Polyketide	7	121	0.9843614345274988	0.98787213715443678	0.96969907371467035	0.0096844182972924357	0.0062768160619848688	0.014270743729328461	0.96065428427088639	0.96340485328003167	0.92567507092414825	0.02145465574816623	0.015867345174602109	0.025403041292400452	0.98404374013589613	0.98616743815565533	0.96911950050252771	0.010006459860387583	0.0064054435502711501	0.014399773521465153
BGC0002166	NRP	1	127	0.96839091441094582	0.96997164612851416	0.94802850010711015	0.0097259296709147694	0.012732228458193395	0.016781418954885718	0.91550174470908152	0.91724889012630506	0.85058932073440141	0.04133919964189367	0.034778085861195442	0.066833262016845918	0.96821377684354282	0.96972127931242003	0.94813422843866302	0.009603189981276088	0.012803889092345266	0.016800265918593182
BGC0002167	NRP	6	122	0.90846999531546968	0.93671256732889918	0.82011448351294036	0.065619222223610982	0.037578917218556107	0.10862675852550663	0.90995827664205498	0.94183747721882705	0.78703073973540183	0.074145752408641519	0.037066467797110356	0.11697850488548078	0.90598085425640063	0.93445646626426793	0.81559313832180547	0.066785853317934671	0.038607459958488508	0.11053845327653433
BGC0002168	Polyketide	13	115	0.97005381162697524	0.96980591855801057	0.93588932997262708	0.016471276057679621	0.012058567398358	0.022156017418587748	0.95217542442584979	0.95637159411977279	0.87742985410436847	0.034661003891962992	0.019340855634916165	0.044057094571256727	0.96658322636199545	0.96699381653507555	0.92783495025639151	0.01873649452576151	0.013469005776371445	0.022277833644265388
BGC0002169	Polyketide NRP	13	115	0.97113265611524047	0.97487088672356836	0.93410213611596282	0.020946524735684195	0.011641424173176707	0.021677508097113107	0.96514176083193348	0.97974964300858258	0.92101434668396054	0.027664386103133976	0.014050980585797835	0.037291643038965594	0.96741059151688591	0.97180321677743431	0.92731082705055634	0.024408914722257431	0.013150923690610595	0.023995562533700832
BGC0002170	Polyketide	14	114	0.957133904116102	0.95343441931968576	0.92234697885952177	0.01876067939783584	0.017348291238636016	0.027909072917415512	0.96629441542361361	0.96755089953960138	0.93039856915267494	0.020728956098678957	0.013613015103555171	0.030652611372688043	0.95412885902996614	0.95224361209237851	0.91492864803057683	0.02074751402976649	0.018581981351662401	0.032038283986716154
BGC0002171	NRP Polyketide	2	126	0.9882662592822159	0.98790160647619962	0.97707999863601125	0.0072927316047964718	0.0047061551663593717	0.010407946943676083	0.96179664930462627	0.98586955508393892	0.91253078129344456	0.036920842029836413	0.015443265971704201	0.052847149581219943	0.98805100646943345	0.98777830767941643	0.97649221080045667	0.007490508167253951	0.0047926594415669708	0.010687034249388438
BGC0002172	NRP	8	120	0.94780628497299091	0.95256449329895942	0.88263083090261618	0.029791746954320623	0.021110442549123375	0.040014858800609288	0.92417626357956328	0.93176080590128607	0.82661493609116377	0.044933103633862007	0.03087772126093884	0.057997141831261034	0.94731568130735389	0.95371221928933037	0.88537583844358825	0.029200789806169254	0.021310167585947771	0.039684818218881479
BGC0002173	Terpene Saccharide	4	124	0.91776095649635947	0.96589952302612925	0.7857707576326467	0.083873837297428588	0.034767990664189875	0.13539007720105789	0.94221552372693229	0.95380462280068024	0.86311042664589455	0.04469595895563877	0.023530666388066244	0.066448848156094642	0.91404449305819657	0.96517404541407614	0.77478499835511472	0.088389740750910481	0.036395968538491273	0.14277681101023931
BGC0002174	NRP	1	127	0.9254483988984783	0.94502194462999645	0.79413350821446393	0.057031505694228248	0.030305393027858684	0.061443057187354766	0.33932784572022223	0.42068951093100615	-0.096085650668566586	0.33465301844170009	0.31853437922047778	0.66263325072925161	0.92601151303993223	0.94553528395943931	0.7958278379594127	0.056647664278784565	0.030074113670110481	0.060921850197904637
BGC0002175	Polyketide	1	127	0.95112158489705734	0.95770146258700384	0.86691195354185369	0.036736559174885663	0.019762680720985814	0.038538776356745075	0.91424516887625129	0.9169558677599452	0.84998013138493267	0.050564553084740352	0.035030971560135835	0.06396897550390146	0.95120227629810794	0.95741892619942592	0.86692189995326641	0.036691553411645129	0.019729863757941946	0.038392552389376111
BGC0002176	Terpene	1	127	0.78966706990085611	0.80390949936535716	0.65175324405747981	0.081701421839835378	0.088142930102150019	0.117505041050743	0.61493233435561012	0.58445832472172965	0.3137717921821439	0.1959582530017793	0.17417781880615554	0.25847198438260965	0.78952914991062983	0.80401763364339862	0.65218974629894388	0.081620583039684405	0.088193989716245841	0.11732457273453212
BGC0002177	Polyketide	13	115	0.72953620804114172	0.71513632814706407	0.62903244164475491	0.077561591941409436	0.11486423067953053	0.12945553957685652	0.45104603139427546	0.49982467000249431	0.0022578013772491068	0.26107701329279004	0.25132460609418716	0.51642570879628757	0.74170030164767564	0.72865056717465215	0.61379032594762584	0.078230322575950986	0.10937757642792423	0.12908502663446331
BGC0002178	NRP	17	111	0.94497813232826977	0.95452534470390304	0.89968771912414247	0.025131701180901373	0.022273579782717778	0.042176607421916312	0.96837011821862196	0.97401477961538929	0.93876012191133063	0.018244463390745886	0.012747230853090531	0.024086459171692498	0.92983735589994221	0.94221404471926862	0.86185046290912903	0.036467178942982563	0.0285124848890435	0.058675520813850746
BGC0002180	Polyketide	9	119	0.98561238913578997	0.98455068733087248	0.97770333092044026	0.0063548179295945832	0.0057728155801888281	0.0095882845354648971	0.99133481721995831	0.99129645034133684	0.98464814802131073	0.0037299868788201762	0.0034735148452766486	0.0062735989290471084	0.98350043162834044	0.98168450460197709	0.97445777523570731	0.0075129847233192278	0.0066230582669009937	0.011513719374746212
BGC0002181	Terpene	7	121	0.98597063869101986	0.98583547154582751	0.96964037772786105	0.0095691798414133476	0.0056394513276195376	0.013719655892768023	0.99707723246693136	0.99723320138191107	0.99481391320082968	0.0012211646561848736	0.0011698005741081819	0.0016702634270925332	0.98424369585353888	0.98434813309229319	0.96585005885213859	0.01090596970897021	0.0063378101460265903	0.01571500030944406
BGC0002185	Polyketide	9	119	0.94153794350176234	0.95595657713569082	0.81219098692998004	0.052608479798699787	0.023671386250095218	0.05179833235223108	0.91795394475641512	0.96095494475610688	0.76237021871798472	0.080436004332711752	0.033389890874574467	0.10670766185272185	0.94203751444068451	0.95717441064705144	0.81442443126141228	0.052019381460329688	0.023466841876450806	0.049774105134478885
BGC0002186	NRP Polyketide	5	123	0.91916321486087504	0.93552729568286019	0.81130628797021864	0.068749892287981382	0.032883479221095781	0.058215968530879403	0.95254279326018809	0.95716458567017848	0.88854866968379143	0.029718132376767539	0.019177190641935481	0.030979447314065878	0.91649162414549656	0.93230873778683176	0.80428668181725105	0.071248666251642695	0.033990186833358547	0.061718603910403735
BGC0002187	Polyketide	5	123	0.989476212964294	0.99320299933889733	0.96971414947532875	0.0085840097579359034	0.0042262694883865807	0.010574056269035736	0.98717972688731292	0.988761256704773	0.96578595325479499	0.0093966133153919155	0.0051488719236946201	0.012573133169242356	0.98937230325378756	0.9932593462768966	0.96965790420416154	0.0085631223667935966	0.0042680868835553772	0.010495093639325104
BGC0002188	NRP Polyketide	7	121	0.9877882625503972	0.9905435619840901	0.9704654267511087	0.0078919681449546777	0.0048988025912790386	0.0084119319384965419	0.98341431283952885	0.98439719775106882	0.97065820655005541	0.0070048185159903489	0.0066666335697928899	0.0093614939050120638	0.98700694395532818	0.99033647811079506	0.96789397457775617	0.0085733791053927456	0.0052128933211414543	0.0093599812501720114
BGC0002190	Polyketide	8	120	0.98657944671227771	0.98757652026238563	0.96556184301998893	0.010257765136683434	0.0053913220744875364	0.013815260523593276	0.985468959914235	0.98451729259833742	0.96940110283721614	0.007846808391230458	0.0058421501945565392	0.01078028083808702	0.98642138802555901	0.98779551903495133	0.96482412478619928	0.010468889047192509	0.0054546150588620224	0.014078788648286045
BGC0002191	Polyketide	1	127	0.93919211172977657	0.94083825538150334	0.89032077782269348	0.0333607452551134	0.024662523519128499	0.043266084291254447	0.57980117417534827	0.56716299851455265	0.035349401522694696	0.26116342535574527	0.19097746230481574	0.39109121199202357	0.94091656186446093	0.94387452528692961	0.89520056160063954	0.032019480969261771	0.023953951588376054	0.04094294480912819
BGC0002192	Polyketide	1	127	0.96085972236195083	0.96858592660563192	0.89878223587003159	0.028564136659926034	0.015789598747379573	0.035566732620990194	0.88707529221570969	0.88917453677336655	0.75135945171667595	0.063005218496398535	0.046983452466407935	0.10579192875116228	0.96059750688215517	0.9682879930878634	0.89783723854919928	0.028937426479526001	0.01589630530678985	0.036167943664714097
BGC0002193	Other	1	127	0.86654215048362393	0.88491695244851487	0.77947051004497936	0.052408707660878712	0.054922797269118306	0.08425982172416957	0.78034431418644867	0.79326156161611783	0.56502143695540064	0.10340691430095865	0.092355738458858957	0.13459379047499831	0.86610829701230974	0.88502946566493468	0.77875365823146458	0.052833709910923385	0.055105976067933861	0.084541199047592497
BGC0002194	Polyketide	4	124	0.97478890199746071	0.97463419905715698	0.95068694572203905	0.012860224725435939	0.010139948956079415	0.016815059977893787	0.92677317160978878	0.92433670634870091	0.86231705819220972	0.047678657880933978	0.029899334486892415	0.072491867600796178	0.97552474878296747	0.97540822489071077	0.95174628980149245	0.012396802392424813	0.0098418530084568353	0.01597485729921988
BGC0002195	Other	3	125	0.94846081703216123	0.94979901640780962	0.91267587265519845	0.026787046381670388	0.020867634838244185	0.040605089951431417	0.86486532922127801	0.93259145703612356	0.64516494730589702	0.12290083785374444	0.055902486806023922	0.18304600436823615	0.94817873288323151	0.95026864608619177	0.91114626543511046	0.026898987887938316	0.020980141359644856	0.04055023456130924
BGC0002196	Polyketide	10	118	0.9887230906940031	0.99158502157116657	0.97523620650082588	0.0070869134045539496	0.0045215897277316452	0.0091474303121099609	0.98366011422483979	0.98610787116476495	0.96029200086377087	0.01278054559817785	0.006558484942249798	0.016594322662398686	0.988320184493368	0.99121162327088408	0.97435625750898436	0.0076849455150782503	0.0046836112502879109	0.010001163170400229
BGC0002197	Polyketide NRP	8	120	0.98016186100753766	0.98018315047609517	0.95568499914902294	0.013151606117521161	0.0079681755697191166	0.017569175823984984	0.97818283192100297	0.9780214997849519	0.95036867359848909	0.013360015359414631	0.0087904981440606773	0.014727851235670331	0.97994046990350936	0.97972447550290576	0.95565932651759911	0.013320375381166472	0.0080571191682040407	0.017869050777805096
BGC0002198	NRP	40	88	0.82920815963706784	0.87297244703745447	0.54119223672058769	0.13957782192507281	0.071252837995434165	0.17408532490116368	0.82932528706120312	0.90485205108065736	0.54663210170221044	0.15937444180928564	0.071348291818678342	0.20066664241439913	0.81432650230723724	0.85241401024994135	0.52116950736959744	0.14114669665315269	0.077614617843605169	0.17669809186884644
BGC0002199	Alkaloid	6	122	0.93781916161219969	0.93944863959243607	0.8846475094366838	0.028675390537330949	0.025204968822191653	0.041793560368085791	0.89276004309299617	0.91820362366620545	0.76277451586497402	0.073010151880401761	0.044353240752187648	0.094995854041859618	0.93835545732678671	0.93777521585096757	0.88643879245218415	0.028103484988054553	0.024982011094940759	0.042566886723477304
BGC0002203	NRP Polyketide Other	6	122	0.97345406419268876	0.9793054320493072	0.94999973115128111	0.014118818257426679	0.010696423554464096	0.019857775918852516	0.98635947674921809	0.98576937850835078	0.97996670607845959	0.0049249445306265207	0.0054754846893521726	0.0068488800386802273	0.97181010935331325	0.97857523104796917	0.94603896110894892	0.015274521057563786	0.01136293029936688	0.021244866116556849
BGC0002204	Polyketide NRP	11	117	0.98426745879803623	0.98458856459163757	0.97271081633566669	0.0084283334865069368	0.0063156895300015888	0.01030322387415894	0.9869984301481125	0.98727545159318264	0.97860547918596918	0.0055309578495190892	0.0052152400853869626	0.007378959052469436	0.98197375037396062	0.98222149805718395	0.9677424433815629	0.0097969695043788971	0.0072413590476363646	0.012992213313031686
BGC0002205	Polyketide NRP	9	119	0.98378302414993257	0.98306403952248678	0.97055441631201755	0.0081213028809475271	0.0065242463996564972	0.010846463331565803	0.9852048020110008	0.99401193962164358	0.95839851630828465	0.014900537893113066	0.0059381341967630783	0.018224864685178255	0.98198515237762218	0.98188195385568111	0.96550165445533276	0.0092405023363710311	0.0072540293444181229	0.012869083475752774
BGC0002206	Polyketide	10	118	0.98572631850878278	0.98735965465255138	0.9716800874638083	0.0086161634310271372	0.0057277541202036984	0.0089962067113882327	0.96198034032243407	0.97226579118321355	0.90594217034550628	0.03232706892107063	0.015358221258553729	0.040187990581350697	0.9856062539377799	0.98596902820925947	0.97012978309259879	0.0092216684749009716	0.0057757464187169648	0.010252557877058588
BGC0002207	Other	8	120	0.83540822740631326	0.8954611778202467	0.65590790257547193	0.11741835454334519	0.068213887087870351	0.18106150239607111	0.86855364038752558	0.89803930791658071	0.76134448089856166	0.074525791899894708	0.054090293537865299	0.10707466322178105	0.82873830481755939	0.89050020681301167	0.64178138767787263	0.12156420282767336	0.071085901651984335	0.18806322946613052
BGC0002208	NRP	6	122	0.93727711637382249	0.93327537064713728	0.90853602043418347	0.023060917882220051	0.025453215930608585	0.040993055724390715	0.93095834898150598	0.92800556830589431	0.89874797487906766	0.021150438324341412	0.028118901542783913	0.043692451176667313	0.93650570445408621	0.93277511032600158	0.90764787770695299	0.023428536671703505	0.025769679179175629	0.041828157134052524
BGC0002209	Polyketide	10	118	0.99589999271285379	0.99615040406170308	0.99184878580967917	0.0025226797885496434	0.0016418564641828225	0.0034495542976713534	0.99430500439032232	0.9953033015259326	0.98964571721216021	0.0029982696553937211	0.0022813025432677049	0.0038300727908190391	0.99592971349813175	0.99617771947755296	0.9917116240974112	0.002522166164004463	0.0016299489923417231	0.0034376165554621529
BGC0002210	Polyketide NRP	8	120	0.97746322087496174	0.97676321639232644	0.95918829159968166	0.012019547968439718	0.0090664673787947507	0.015284430104043123	0.97225280310518902	0.97403542119356368	0.93607154272476223	0.015180663642390993	0.011186819190557551	0.018578983666175164	0.9759227260945853	0.97448739720584143	0.95400710281656753	0.013493304420855308	0.0096883166387268897	0.018158952355256441
BGC0002211	Polyketide	5	123	0.99033233179633995	0.99119109036596709	0.9815351669782697	0.0057823705378370954	0.0038748553933168452	0.0083345263482642595	0.95117574893523626	0.97768391394428944	0.85358273773280735	0.048786037349914296	0.019808573510050231	0.066682301234216368	0.99017974857623359	0.99111726015943113	0.9809589290084314	0.0055116487189438993	0.0039360341655040321	0.0080120025748192658
BGC0002212	Polyketide	7	121	0.98117287552596222	0.98768993207369282	0.95405836188133863	0.016418070139641402	0.0075788255091756799	0.020576001228854168	0.95204895615782126	0.96017512634199564	0.88318610316474111	0.036302877991910482	0.019506494071188187	0.044415556950268664	0.98153137047573813	0.98688756631493102	0.95574170249682133	0.015395547876408622	0.0074317179554206358	0.019526170119556929
BGC0002213	Polyketide	12	116	0.98508201068665024	0.99044823160737994	0.9585747199707928	0.010853472743897209	0.005988191590366565	0.011530794863912286	0.98892264885206238	0.98899559464855202	0.98020242386597634	0.0048658421656129847	0.0044421709207889569	0.0057998534411497493	0.98390481045119227	0.98936001177593069	0.95440441275444454	0.012041656852277005	0.0064624284439625864	0.012952340525000494
BGC0002214	Polyketide	13	115	0.96329131076384233	0.97276924444120738	0.90689722952503171	0.028948784428975461	0.014805044356958553	0.034989891376931204	0.95576930043471153	0.9533451124228367	0.87613192567408704	0.035400285417595351	0.017870904813658252	0.04084633043302266	0.96239105603153519	0.97065558036321886	0.90910561915275134	0.02907167892904073	0.015171438169947237	0.034478017082625989
BGC0002215	Polyketide	9	119	0.97402509743082466	0.97699603484898034	0.92940486180795823	0.020373777356597463	0.010457640246287059	0.026703118616875909	0.9747520361474008	0.98441550368594233	0.92985402107629322	0.023861603428939223	0.010173071901955644	0.032183090201604259	0.97365910701077141	0.976207719321738	0.92911482771986154	0.020265177351984118	0.010605243607637992	0.026466365334427921
BGC0002216	Terpene	7	121	0.87454542788311174	0.87331938854572266	0.78365065879756091	0.056472352808574426	0.051511835242555051	0.068768950169968202	0.75421127904600627	0.75423690537580756	0.50109538557751432	0.13373326455996024	0.10419555530868355	0.19825653424934309	0.87588036610550069	0.87055051787133775	0.78966935399176497	0.053768467124096275	0.050950153700623793	0.06570934317557986
BGC0002217	Terpene	18	110	0.80531168705566158	0.90035050611503731	0.50977598230903898	0.196160103022506	0.08384765699972177	0.31930029685112427	0.86190358622099894	0.93817583578765351	0.591728685139841	0.13748114709623607	0.056868426726443745	0.1820961039081791	0.78459898617759394	0.88554328002093963	0.46706951883705766	0.21627118537217113	0.094070359833313424	0.36169442703756749
BGC0002218	Terpene	10	118	0.88660311822926885	0.8926018671357242	0.78175195749974247	0.059009210442136931	0.046927996868739094	0.088828875805774143	0.88098130622763882	0.91777344180208342	0.75511914847690598	0.083754572809381714	0.049434140172219809	0.14279920460549678	0.88124706277382392	0.89448044378980662	0.78090533240531967	0.060987559039827138	0.049180090198612095	0.086868911033075258
BGC0002219	Terpene	9	119	0.91336853738576063	0.94968319020690029	0.77539442112740187	0.065658436020742963	0.035567145962836097	0.082444485626504416	0.82789721583253306	0.84664103620098596	0.61614264661703466	0.10220967797172802	0.073624510910174926	0.14226467857802083	0.91401592273362198	0.94710471944645558	0.76835400462934467	0.065967011142245957	0.035282181267310107	0.080569508256576494
BGC0002220	Terpene	13	115	0.95580979082091466	0.97489286105584605	0.88303525621943402	0.040642435893553513	0.017852529423670216	0.052205785619248601	0.96942590102284643	0.97071867584791294	0.92810576769706599	0.01996597352936685	0.012312587608500403	0.025145205594136466	0.95285760425179811	0.97519619936361535	0.87524706168713096	0.044270915816909812	0.019059243971426887	0.056799582805567628
BGC0002221	Terpene	10	118	0.97526263477064268	0.97719059687126419	0.93822296477002498	0.019151874903976619	0.0099731168646631334	0.026061476423797525	0.99361781668288052	0.99427706814882177	0.98860838727662281	0.0028381883205829505	0.0025563961663451983	0.0040550530725552703	0.97151450650951754	0.97385266109138002	0.92990232865259659	0.022024095925896756	0.011497562565837005	0.03011202333031282
BGC0002222	Polyketide	12	116	0.98282364630197416	0.97855687478775732	0.97542202975527559	0.0085638340289061008	0.006908857851182182	0.0087504219618290691	0.98471044176018763	0.98815645524276707	0.96314046425398836	0.0095543377045254115	0.0061346946743300098	0.01257606827250568	0.98220458080461781	0.97693319052578098	0.97436095282044366	0.0091610929318282786	0.0071626849139733604	0.0090663370704084922
BGC0002223	Polyketide	16	112	0.9230544017098129	0.92683427750827607	0.86898329512521322	0.030377209397815162	0.031372879706668556	0.047130817876483544	0.89397028772630838	0.90284269295667663	0.74142960900272603	0.067277412986115864	0.043389371894165606	0.074021155476057254	0.92438669936811435	0.93338351995897062	0.8832318698172591	0.028557271591284166	0.030825054727394229	0.043420169089183003
BGC0002224	Polyketide	14	114	0.89668499068246399	0.89922874462219848	0.70477541513368935	0.085415718260147572	0.042443975927185427	0.091415467009609119	0.93499579373188624	0.93564693057831139	0.89135966966825042	0.029935504579014293	0.026478694913481537	0.04349243204469877	0.88513618965565166	0.88912406123444732	0.66818752636244938	0.096806546435579274	0.047398273118554227	0.10053497953457824
BGC0002225	Terpene	8	120	0.83809840334023133	0.84178181989837986	0.69224449187138071	0.070743116079274845	0.067238424561946064	0.11246951349248546	0.85614459422515254	0.90623881055775746	0.70530405632582571	0.080027156354107162	0.05985835301262836	0.095701438947943474	0.82773404944756523	0.83866416598161675	0.65572442073815018	0.080548990004499721	0.071752058901357496	0.12439762403793919
BGC0002226	NRP	3	125	0.95132900772780427	0.95439184208674233	0.91410661637647062	0.018489076398185773	0.019754282886744433	0.031728922782749636	0.82568844782119322	0.86497687324288064	0.59927295131812397	0.10811007622313866	0.073702840640898867	0.14412335814696742	0.95203741429296806	0.95555341392001414	0.91673245465732323	0.017958010514071466	0.019468876417771154	0.031135165637207862
BGC0002227	NRP	4	124	0.96750225124747136	0.9746059210574205	0.92161766973660475	0.021553335352107635	0.013119761983131783	0.026712964072641232	0.88275228710357001	0.88936385588661759	0.702957013884566	0.075632273604250816	0.048626016209568676	0.10136599255550927	0.96777780660695389	0.97457011945987748	0.92459314571762696	0.020892338719073818	0.01300646869636839	0.026261531465189281
BGC0002228	NRP	3	125	0.970141229469899	0.97374148742922706	0.92230018969215954	0.021766975956620846	0.012016479562344085	0.028899544966129453	0.89172240497836985	0.88358433351446375	0.80209972460105561	0.05496253293188734	0.044468300381701444	0.069205348613643469	0.97060544231929247	0.97440065190104685	0.92372248474817242	0.021314209354046865	0.011828362789360813	0.028396887977727325
BGC0002229	Polyketide	7	121	0.98040185574955152	0.97723261197705347	0.96584096639072015	0.011687011980509693	0.0078725207125950551	0.015179253244493762	0.96349765872785653	0.96205525410419035	0.94569067447217592	0.0140342464938597	0.014769058477451269	0.020322102612166382	0.98003139917272863	0.97611889269871766	0.9655738038161501	0.012107260380249592	0.0080216462432808108	0.015610842178401252
BGC0002230	Polyketide NRP	4	124	0.98753385672733374	0.9875892360538171	0.97531975451048081	0.0066434942873411056	0.0050010534534910001	0.010052167106087362	0.93970708183182361	0.93777113174680482	0.89051306153931931	0.024250119088165854	0.024501994986662612	0.03786522764453748	0.98762585212503262	0.98773901213555892	0.97636611709855836	0.0063332904831641338	0.0049640054128222474	0.0097710300455454702
BGC0002232	Alkaloid	13	115	0.95353983065016679	0.97280080543414349	0.8967009886221079	0.035934027539976453	0.018762737413621534	0.051067302755098964	0.91261319231222982	0.91622422093456068	0.80789393066553117	0.055983722859253723	0.03561916138396333	0.058599690042028696	0.95299461793474127	0.96986063946617473	0.88899705738941703	0.035881710744252372	0.018984949251351503	0.050580464945833126
BGC0002233	Polyketide	12	116	0.97682928026547222	0.98136771578035864	0.94341680105782411	0.016956862551543696	0.0093138701319077644	0.023491266801536459	0.95277348341183643	0.96345760519238177	0.89435540618983556	0.032073491636123996	0.019095134447062834	0.038617509741523448	0.97798887986615823	0.98384778505007331	0.94717935993103097	0.016519536087100432	0.008845803078779824	0.023134334442049931
BGC0002234	Polyketide	8	120	0.93524601114046413	0.9441006513977408	0.88262352287494539	0.035612436320426481	0.026298746330205524	0.044680373061353418	0.94723722869347893	0.95348365107308863	0.89006059814954275	0.034990346582432177	0.021404396914869572	0.048502954888558714	0.92957156423019494	0.94095399954318859	0.86415683324130721	0.041263344388381973	0.028653851724102418	0.05100677051810254
BGC0002235	Polyketide NRP	17	111	0.96697604582889218	0.96606902617347035	0.92221491027995295	0.020521010878087522	0.013301747773860062	0.023818871367574102	0.97194940552738784	0.97679056190965041	0.93286597136070448	0.020231108665470156	0.011292758174191554	0.022449570109080663	0.9653961265792661	0.96548092330949165	0.91968423840187175	0.021570414730597207	0.013942260984188248	0.02568166822425666
BGC0002236	Polyketide	3	125	0.96821780489779352	0.97022415900943693	0.92654188565417617	0.020203197613018972	0.012799620101341901	0.025098976941693718	0.96671258007171623	0.97097829889338216	0.92897973283266544	0.02380439345004258	0.013448605970638527	0.036025615796876798	0.96781518051733817	0.96977480321045095	0.92518563100738727	0.020566564630125427	0.012962670866652436	0.025512404858073046
BGC0002237	Polyketide	6	122	0.97585471244423305	0.97853787395925163	0.94998666721850233	0.014728749992010562	0.0097110138900342816	0.0201264818043011	0.94115104341453881	0.95739277799653477	0.85162052685550016	0.049250097477991597	0.023913916426919625	0.070390883249217828	0.97686471128341346	0.97984226660423679	0.95303983321638697	0.013651788549704903	0.0093021343334329879	0.018622773406374971
BGC0002238	Polyketide	3	125	0.97207902875649954	0.98359492827727513	0.92377308951158588	0.025939886745062712	0.011238472713268832	0.031283478611967008	0.94400075089996682	0.96403203902774282	0.82540100171118125	0.052297245625041879	0.0226853518661694	0.054767504756976115	0.97201832992033466	0.98368082150511682	0.92506459419665299	0.025899060193636088	0.011262850880978847	0.031283851583647548
BGC0002239	Polyketide NRP	10	118	0.99297086974338311	0.99345758670722284	0.98897259559978123	0.0023508832055349795	0.0028159360645388931	0.0037329185119778785	0.99159157451567614	0.99367163029640238	0.97881386316538399	0.0055714848326007043	0.0033694108087468644	0.0056645655634572911	0.99269634432251252	0.99301289878068344	0.98843139059032048	0.0024254321371236613	0.0029260800063665828	0.0039283840673688397
BGC0002240	Polyketide	2	126	0.97305089330241024	0.972283124198558	0.94338305039086534	0.017294837503245879	0.010844786706032261	0.023042292816525145	0.93618107655747329	0.93329376450463419	0.89489220339863107	0.030315368561050385	0.025895047544415073	0.035987005684038009	0.97330942812474674	0.97274585856992202	0.94377508510466113	0.01723862922869103	0.010740331350252829	0.022973467535588377
BGC0002242	NRP	4	124	0.94707275446971395	0.96812444969024014	0.87534393479668815	0.041668187189132073	0.021526229968796762	0.052020489827815042	0.9416843521577769	0.94885044605082547	0.85770460669170312	0.040822140538970431	0.023628620788558673	0.048609520751607183	0.94693615788529328	0.96819502708535721	0.87583599732672013	0.041782341137587782	0.021586886705486162	0.052201752898301423
BGC0002244	Polyketide	19	109	0.98247616105681423	0.9914111007533839	0.95699545410213327	0.016314211416241516	0.0070957991130342849	0.023864559275629471	0.98524954887963578	0.98865126071637743	0.96706144337970423	0.011409868303255284	0.0059398652970360285	0.017103292493749089	0.98085048820120824	0.99077564280829011	0.95213072639854812	0.018028091213901424	0.0077642606860906403	0.02629586207667034
BGC0002245	Terpene	4	124	0.98397101714076673	0.9842612175991472	0.97624930270976351	0.0057605163386723543	0.0064587675951814248	0.00830345929670806	0.99168465521797378	0.99138272431059393	0.98688932958081133	0.0037805756614280009	0.0033393121804355052	0.0052184531585145466	0.98285901278714738	0.98320098064497352	0.97329145792111471	0.0063991936345949782	0.0069128670051133764	0.0086437729756573267
BGC0002246	Terpene	20	108	0.96326208360862187	0.96114900179883467	0.91339175422629337	0.024352150948047178	0.01482023388128526	0.034217362486215763	0.93647850637817542	0.95306285658830103	0.8627589251088823	0.040612612293610781	0.025838091107750216	0.064791644506054791	0.9651673805123826	0.96181272032334197	0.91904458950559853	0.022115963624403177	0.014043705422916974	0.030562207869224589
BGC0002248	Terpene NRP	8	120	0.89770204993102731	0.90430247851520029	0.83742929000325417	0.041194015591830911	0.042158646637220222	0.063993839150743415	0.87057813421498409	0.88348003548839582	0.77551399677626265	0.059346054061702111	0.053457330049188047	0.08827711636006641	0.894045661081462	0.9034189521302638	0.83768854054437625	0.043200461804344323	0.043689974297327391	0.069197728646632317
BGC0002249	Polyketide	2	126	0.39154329284666928	0.29712157814900014	0.0090608599498083822	0.30823022041976639	0.29288085036983136	0.37917676227976682	0.18954075840251158	0.13095441609335357	-0.3089106475764139	0.3376179916074068	0.41449516023532595	0.58579015307812776	0.39218569464770814	0.30263068308811469	0.0082853830683097228	0.30502874176509526	0.29242144175735707	0.37665729948113569
BGC0002250	Polyketide NRP	14	114	0.99204020901031331	0.9935095238591195	0.97708403105134101	0.0059406819948568798	0.0031894351540835641	0.0069184357610634351	0.9901604168404855	0.99130965138407656	0.9788177231382571	0.005709181415981728	0.0039456167661346079	0.0073484199068266642	0.99180361482300672	0.99308006930637216	0.97677319010859509	0.0060613895449272226	0.0032843970178536353	0.0068813898087095593
BGC0002253	Polyketide	11	117	0.98131775248052722	0.98706810735701977	0.96340884028980667	0.012669511850328729	0.0075013788487997999	0.010218129986981572	0.94860226112959489	0.95771770560562053	0.87256311720407487	0.040472215675694249	0.02078192684893674	0.052141748025708035	0.98287405971148234	0.98853837188074656	0.96606752915072891	0.011620123308556225	0.006874483040841972	0.01012453995581597
BGC0002254	Polyketide	18	110	0.85735856314512782	0.92049736951988437	0.6199038149194237	0.12640718125525285	0.059057122632426219	0.18613905130464792	0.8264894124638209	0.88655043761265395	0.54447997319227537	0.15070205775593526	0.072667938274781019	0.23272035786233114	0.85749168538511067	0.91780734780010986	0.62620216896065894	0.12232522194501347	0.0588879489635439	0.17819186425838696
BGC0002255	Polyketide	8	120	0.9437184440220866	0.95275531736851726	0.87422784088329486	0.036275006022739732	0.022821633119959217	0.040821997534352228	0.92307407751167658	0.94442916111701258	0.82614760509178342	0.051907648368062491	0.031366528096775294	0.061296015207189636	0.9435709107871787	0.95166293807464797	0.87400825467715881	0.036151174085301226	0.022877473288582206	0.042226000796349639
BGC0002256	NRP Other	10	118	0.92036494512001588	0.91980959105976123	0.8315033730677821	0.047881874099757631	0.032539361600320851	0.075203942665577062	0.86044004523506312	0.94487336329894933	0.64770508521191206	0.13234947806357561	0.058251078357485019	0.20643294272836499	0.92060582035014793	0.91852885891204139	0.83917168151805988	0.045411579029196382	0.032424115981755805	0.070829042001135489
BGC0002257	Polyketide	7	121	0.98882718280530946	0.98981687509111382	0.97659248771296669	0.0068341402257516481	0.0044826500737282782	0.010202817480284621	0.99025776313082869	0.99153530306212323	0.98116397726880289	0.0049915237792636921	0.0039057906288617827	0.0075151822100489873	0.98816262030918245	0.98885156903470006	0.9757456925718101	0.0070040760701494337	0.0047500299415505157	0.010532073994973468
BGC0002258	Polyketide	7	121	0.97378597737195705	0.97071570360297499	0.94449289888197474	0.019675464008656916	0.010550028939373179	0.017985233446362381	0.96242030700619785	0.98559467723644223	0.88612514051562996	0.039918583592152536	0.015197912041218165	0.047309355376902951	0.97298596645967983	0.96934927442907326	0.94705918963152813	0.019907415719780452	0.010872549993971048	0.016791565281463416
BGC0002259	Polyketide NRP	4	124	0.98056733323756406	0.98203179889182945	0.96219917127680088	0.01122465495013274	0.0078107261932438112	0.017005405641359994	0.98658094594405232	0.98732819821240514	0.97477495572611617	0.0071245150652794803	0.005387830498412227	0.0099737206140400048	0.97984268002087627	0.98133293824124834	0.96113292810206385	0.011718946839954794	0.0081031257864148769	0.017602339692559643
BGC0002260	Terpene	5	123	0.88042788599728161	0.93505336134447103	0.70918140222058879	0.099506120752920979	0.050574278920378912	0.16679220834543484	0.78439474720709645	0.82089192038862702	0.58222008301527961	0.10827879259251662	0.090464860931343427	0.18881353851630867	0.87743587934449252	0.93800589783591515	0.69902083591827269	0.10487965468988811	0.051973795293240824	0.17564079752499673
BGC0002261	Polyketide	13	115	0.98338711458886174	0.98146039877919677	0.9758761799931096	0.0060599705741713767	0.0066698589377476971	0.010231175362714895	0.97783799117737558	0.98078496332886056	0.94981709113761914	0.015527900253373639	0.008911071748583143	0.020254832298996162	0.98167033289730932	0.97964142522457398	0.97301462273088413	0.0068114448041682483	0.007361336412496278	0.011417039048949085
BGC0002262	Polyketide	16	112	0.90615748320431722	0.91573666598342895	0.84945090009297231	0.035787950903368823	0.038279544314486394	0.049837642431946771	0.84493227855851194	0.86723454916872988	0.66920195519279035	0.090326098614490577	0.064672966351458555	0.15163147338579019	0.90104919359038094	0.91800824987258223	0.81987065951016735	0.041568982759453428	0.040398007785021652	0.059147530794182446
BGC0002264	NRP	12	116	0.91783892385094268	0.93446320227014112	0.84630708846815761	0.046603659908897851	0.033482048648273199	0.057897713250460225	0.90577243796997775	0.92558672454193136	0.80844437400058322	0.058561334319857938	0.038494673166956941	0.087148174069143991	0.91631040084952209	0.93390200954821379	0.83471231465836726	0.048845160785782445	0.034118471232789813	0.061392141661689714
BGC0002266	Terpene Polyketide	5	123	0.98665613864553381	0.98526663308689222	0.96914629522774276	0.0081712657838894122	0.005354337677211829	0.010833827386758754	0.98056689014061804	0.9853014221855918	0.96074974552814085	0.012340017326229379	0.0078565406911499606	0.020404393483317462	0.98570189229585792	0.98475738028826487	0.96728538730579505	0.0088400100729591514	0.0057382180165121977	0.011929709821427159
BGC0002267	Polyketide	16	112	0.98760947348764194	0.98865373143905999	0.97518751093622336	0.0074785777494172376	0.0049718578559914571	0.011433394650679385	0.98887413088004605	0.9930018766461256	0.97142943633810019	0.0094417787219474841	0.0044682915233169142	0.013256193696029483	0.98610432240375145	0.98737597030510593	0.97019782391707965	0.0086871990012511585	0.0055769261060135463	0.01295511622369705
BGC0002268	Polyketide NRP	7	121	0.98399115688936478	0.98726931880267643	0.96439374572560155	0.010637923193529032	0.0064299053102204965	0.014004090113304057	0.99024033616496498	0.99467764289966465	0.97604452599934099	0.0084096933232993745	0.0039193253260743077	0.010567518029254264	0.98322403716580209	0.98621559064287978	0.96351473230208373	0.011100384319799107	0.0067386978686737823	0.014882876434559877
BGC0002270	NRP Polyketide	14	114	0.9677130417880957	0.98884335334902795	0.91600822854352826	0.032863977904334762	0.013063936249494267	0.045872132818329137	0.96957834875199056	0.9949987770965425	0.91648612226063886	0.03576658278293611	0.01224371344277444	0.045279269622054419	0.96584220692657341	0.98698166141414623	0.9114311927118427	0.033835890522757379	0.013843574100446676	0.047924532048762125
BGC0002271	NRP	4	124	0.63210915581345284	0.63675220955719358	0.28434704656418025	0.17350084438621782	0.16025136453884045	0.25419713070840222	0.45594195027491891	0.44827202485994699	0.20372025050700057	0.22575132193882583	0.25458150048205147	0.34329264647348789	0.63646496129343388	0.63912084876430519	0.28398758766805599	0.17331334648179431	0.15817009519197731	0.25282694417496754
BGC0002272	NRP	6	122	0.92077572742058789	0.92008973244004766	0.82229517668702456	0.055086912941339737	0.032406795251968747	0.082162091785899616	0.93228700836259559	0.92656976783759626	0.84671809409714938	0.04131941175562185	0.02752923550399522	0.054384739787712966	0.91854927218183668	0.91759556415675192	0.81688761527044518	0.056708014764288273	0.033339610473976974	0.08476521947180693
BGC0002273	NRP	19	109	0.92527557095217516	0.93312376590396162	0.84372427445033227	0.056374824350278067	0.030587371045211809	0.088232788232154746	0.93654874373735153	0.93773921528987603	0.8815079940356505	0.040618684425845306	0.025868472521387999	0.062069661106913032	0.92155565477428625	0.9323576157960306	0.83470413234017538	0.060185317624135051	0.032140961674506821	0.094477809514593614
BGC0002274	NRP	1	127	0.81944924111459483	0.89064646164346239	0.57679619974354923	0.13626616533043817	0.075095527651652019	0.19876497757067868	0.434406275873088	0.36226592683951864	-0.092414951306239237	0.3343618636125163	0.2681245062862434	0.5509064780815498	0.82055447773750834	0.89046200509995721	0.57800521495279422	0.13488832061113878	0.074615335331227883	0.19663810627010803
BGC0002275	NRP Polyketide	2	126	0.96902186347167074	0.97813628654365747	0.92325108824471636	0.025471030343920512	0.012479788240868683	0.034244888804739193	0.9350318284566681	0.93674428722408165	0.78843804818366381	0.06040691045754245	0.026344631623802361	0.064658610104215475	0.96890942947645831	0.97713700527822345	0.92409596196606303	0.025151246971200029	0.012526211940463794	0.033903754122890706
BGC0002276	NRP	1	127	0.90136474738487071	0.97247108422977102	0.75481314190115867	0.10236517338741245	0.040468254311480489	0.14892617146338749	0.41300361093982935	0.50328454649205223	-0.32539010028007204	0.44793651951698643	0.27632909295343444	0.88618790965922178	0.90179786955024421	0.97220616809732463	0.75618758062458435	0.10171734464760332	0.040294289321446096	0.14824284845968549
BGC0002277	NRP	1	127	0.90283509532736217	0.9235728841194315	0.74216347410475569	0.071469433198899771	0.040593136947858509	0.07897379468784016	0.89495314048268992	0.91928357261605886	0.76483177353228138	0.070257987627855914	0.043544004131833014	0.089608737174682762	0.90221899459985744	0.9229901885154792	0.74033434813350729	0.071846188979254003	0.040857653027500038	0.08031172709913259
BGC0002278	Alkaloid NRP	12	116	0.94326626560311744	0.94507041196674391	0.92069660409986898	0.01804559757983051	0.022965881523771103	0.031423041962318599	0.92479941998650173	0.93267546194969264	0.8740295853129626	0.036080397144442874	0.030558074032688155	0.047871712306282399	0.93975836140820734	0.94360022428681112	0.91052440468107942	0.019844470852519912	0.024406638026563621	0.034656071348702522
BGC0002282	Other	28	100	0.93870945893868074	0.94807162921793497	0.87115292701968639	0.03551355969356542	0.024827160230038968	0.049153937386176572	0.86829566852474138	0.87281897878375148	0.79915917385244006	0.054030989792041767	0.05416169588989557	0.085635493416191588	0.93795223044278442	0.94216183587284197	0.87426012439150658	0.03697875229477824	0.025137533578217131	0.04509214823425467
BGC0002283	Terpene	4	124	0.73377284088085148	0.74724220885634618	0.41065326299953592	0.15263202218924565	0.11350811140819758	0.24469004824935148	0.69731647279078857	0.72578618363256742	0.42739073362506841	0.14037910591821665	0.12971184919442633	0.20439040086914328	0.73176840536363041	0.7474388798091437	0.40866938607702002	0.15414577198739435	0.11444166692205529	0.24685947501709815
BGC0002284	Other	15	113	0.76384644548680081	0.82323400689590898	0.46109006436976258	0.18219242369787769	0.10063836157322852	0.2460723459861579	0.71855862986134778	0.90154099914575347	0.38410482653374856	0.27054413756303464	0.12148041870258183	0.35662267843734197	0.7604112624634658	0.7895776295707102	0.45252738401282805	0.17367064550669448	0.10223399463375009	0.23189486425938599
BGC0002285	RiPP	14	114	0.85836902108983038	0.86075948878162611	0.78836257769237728	0.050416299149037266	0.059038362737146799	0.11138431413444339	0.69751783017519275	0.68969277753985681	0.50677116407400813	0.15622363442698781	0.1333494253755956	0.3013559641531931	0.84971270319922321	0.83283738305599764	0.75704639870518597	0.055044372999837082	0.062526760943882584	0.11180566821518534
BGC0002286	NRP	1	127	0.97790371918485008	0.97772099300693871	0.96410868584692289	0.0084117489156333835	0.0088827450641966628	0.011903128463275681	0.91409703197467529	0.93422976629757037	0.82027519845601837	0.049357115949445286	0.034998007934920916	0.068543330886142284	0.97812799620056157	0.97821580082231641	0.96451107016580739	0.0082788863372252972	0.0087921859211631537	0.011756169091623248
BGC0002287	NRP	13	115	0.95272716959950787	0.96629427252965172	0.9005711115908912	0.031905177921707002	0.019252312574415863	0.039706406629389068	0.91260853694667987	0.93485086832203423	0.77013860200723794	0.0641230878841208	0.036422798423230818	0.078634169496897166	0.95388533016236676	0.96820801676534995	0.90133261773598161	0.031369817554049641	0.018763164991226988	0.039444542605691746
BGC0002288	NRP	19	109	0.96285921224488935	0.96311848597235028	0.93353867956746661	0.016514908296264428	0.014990593648759454	0.02570651509202615	0.94298726815084244	0.951432244447034	0.87129124651280687	0.03176866613019317	0.023362623399429273	0.051309111449785783	0.95749465754642793	0.96262355231765029	0.91980761811427147	0.02287566589901481	0.017168698843745299	0.036185751972114266
BGC0002289	RiPP	6	122	0.96844095524274043	0.96942668331491655	0.9453316313405038	0.018310470235733151	0.01280816247976233	0.029134464600974797	0.7739564595797368	0.83169769175385855	0.35264622721119637	0.20289785397466228	0.10270204941650399	0.35529065754824074	0.96942069454906155	0.97061599455116854	0.94594011379848897	0.018087003086047906	0.012402264740790137	0.028810379215001403
BGC0002290	Other	11	117	0.92375464644042216	0.91894385358383335	0.86591084147800967	0.038464656718309675	0.031033134732448796	0.058461472482285393	0.90754203708993164	0.91760536265667469	0.8371103502249182	0.045975056623634859	0.037716027682468026	0.073398675358791965	0.92182644685701454	0.91882442157475719	0.85964183551610884	0.040430270226909995	0.031835729642236951	0.060455846275773495
BGC0002291	Polyketide	24	104	0.96205078882418316	0.97605394555419267	0.91431313379833856	0.030040303724646788	0.015301312611964657	0.041552789117026867	0.94826474705454034	0.95123725862360087	0.90811755633614433	0.025873337061308527	0.020937329465070896	0.038055147111064946	0.96108525662965416	0.97905618404523409	0.9120430544291237	0.033224615782681259	0.015692340613449641	0.04572107778484491
BGC0002293	NRP	16	112	0.92077267901442905	0.93139101739501606	0.86584741949604538	0.035514066407134393	0.032262618079541075	0.059476986554912181	0.90872544901390151	0.92802909863041227	0.81654206403392726	0.052457106697050102	0.037243381487503571	0.06135761492048819	0.90945986375762666	0.91849841063649196	0.846889363260659	0.03790067671638233	0.036959191883409702	0.064066904105152811
BGC0002294	Other	26	102	0.948451545342752	0.96673757778665315	0.88440635994859285	0.036333524682455938	0.020852524718516639	0.051522902671308324	0.8846634462375913	0.93494971312028208	0.71432832142658576	0.091645071421012358	0.047307672131782816	0.12669780508249073	0.94689368943788066	0.96535161969365813	0.87882093504302994	0.038733153877958108	0.02148186984189222	0.049203186111384078
BGC0002295	NRP Saccharide	5	123	0.85535176913222943	0.84948278106708086	0.74212851560808535	0.063449198641896729	0.059877658617532005	0.084479877913536283	0.84990401101758906	0.87293378059145565	0.64020128486026473	0.089378008475660631	0.062220209087079946	0.11359398582800762	0.8530753235929659	0.84612823829825279	0.74336734576772323	0.063247451478811778	0.060843518227587781	0.085371454241174649
BGC0002296	NRP Polyketide	30	98	0.98396633891709906	0.98013376090131188	0.96990305846384162	0.010587122093696165	0.0064519193490445662	0.0081399252542391221	0.96854310321234749	0.96807292372795994	0.94142164832998676	0.016270277120380823	0.012714280642414111	0.017517540910382157	0.98637218834608897	0.98312984035636974	0.97466179491783944	0.009157933951399657	0.0054785338734225199	0.0076417063138195518
BGC0002297	NRP Polyketide	10	118	0.97064518088993257	0.97470841534129382	0.93936086573443822	0.018586484219531359	0.01182215283709096	0.022324409939386447	0.77034857880911778	0.87901280212461463	0.4877080190450877	0.21620746522851325	0.099819916048835111	0.37934796161343221	0.97213911327087354	0.97409962236565595	0.94324014036847892	0.016747409655052649	0.011220022818142449	0.020673628178366821
BGC0002298	RiPP	5	123	0.97997461823703014	0.99529381704656794	0.94561397301077954	0.02221557457505989	0.0080500618069526686	0.029466784269615354	0.94062242901164517	0.96403467575406232	0.87269100684620571	0.053853618649687227	0.024070637096486804	0.074897684182104851	0.98096044864216814	0.99571520452614781	0.94794547270504192	0.021161047119999943	0.0076523867607121154	0.028047379202022049
BGC0002300	NRP	20	108	0.98464666025110881	0.98321494664147902	0.97192089613763999	0.0077856447406735611	0.0061622505574451033	0.01091519888178627	0.9299987678856938	0.96818556623422514	0.84053187497743687	0.067373929899646468	0.02892958675050792	0.10545224043960588	0.98616806744314423	0.98436108055026983	0.97885310960185257	0.0059113445271344652	0.0055493236096311408	0.0088859660317129885
BGC0002301	Polyketide	4	124	0.95135095261286673	0.96413244292938338	0.8367168370095931	0.049120237546096568	0.019734117337168521	0.058381367047620314	0.94525747222568979	0.96746141671169972	0.83090098689323577	0.055698853428470828	0.022218744247460464	0.070915609401303592	0.9514036523872248	0.96377820827630856	0.8368655698132389	0.048936250102306261	0.019712806746060907	0.057990812745116194
BGC0002302	Saccharide	23	105	0.94156635548891532	0.94681667015119109	0.90161301614664591	0.023483848562583648	0.023789625815855576	0.04581886221550735	0.91524397645033007	0.9268566779994778	0.83651791212385662	0.041929885703379577	0.034671826354591297	0.067174930350396123	0.94067929235629499	0.94786109360795368	0.90344953665028138	0.020997159127496192	0.024177979155651029	0.044309475700712864
BGC0002303	RiPP	17	111	0.98502141265483056	0.98735983296168461	0.97491076642964059	0.0080094565474848611	0.0060129828450768748	0.01309450512271626	0.95862930304724436	0.95759457113988256	0.90862495466253201	0.022563534215595159	0.016841963363866543	0.034498474656435074	0.9841176947581427	0.98677830607014727	0.97079122333796763	0.0091099733690898632	0.006382827113762324	0.014756921213808782
BGC0002304	Polyketide NRP	7	121	0.97492045292642371	0.97594044342496944	0.93158040474958548	0.019673809815187335	0.010085217391492929	0.02174408658273963	0.95508290406808294	0.95861764774236202	0.88593634608783733	0.029191979710023453	0.018132133117223104	0.038086511311542171	0.97491091769206084	0.97571899714129806	0.93237997633016367	0.019412565827852436	0.010089249490964102	0.021702411447474645
BGC0002305	Other	6	122	0.98811169342870586	0.98759487449242922	0.98248632631021215	0.0045581422097880041	0.0047674689280214674	0.0056732973808147902	0.89487289337505516	0.87241412911951688	0.8289401005726027	0.054622183946723912	0.043022616390669108	0.06986561096335453	0.98844539487554406	0.98792023524549921	0.98320349499050264	0.0043588030717363804	0.0046333291485703308	0.0058602041932244164
BGC0002306	RiPP	3	125	0.80819085860763129	0.90355803890692643	0.57958030719786358	0.15789928535907963	0.081122977459727186	0.2682206139784109	0.54560918354462817	0.59395394658183309	0.19609614147875304	0.22520853056512935	0.20317192528725031	0.39748146393964501	0.80481911708018994	0.90842902505749923	0.56919983535305452	0.16372660827070334	0.08272257563899503	0.27880331614163556
BGC0002307	RiPP	14	114	0.9985458962291327	0.99854012221997235	0.99699103270990075	0.0007334632038862518	0.00058191545273380554	0.0010632765916420706	0.99766706939710514	0.99834791797656952	0.99440702602240305	0.0017916189702503365	0.00093363913679560544	0.0024719957417349558	0.99845347490964242	0.99856677264649862	0.99674199498319627	0.00085387138289730368	0.00061896814042956545	0.001294963162710272
BGC0002308	Alkaloid Polyketide	20	108	0.99513447429135371	0.99547773132014872	0.99102912943822297	0.0025042920981982989	0.0019484703295839846	0.0029564669143492539	0.94640173888929957	0.94882779052361033	0.89904823966346814	0.027674192489762984	0.021728245329705898	0.037690449650071178	0.99391738763041659	0.99460396887709157	0.98936074276050123	0.0034062263568447135	0.0024361820123866675	0.0047049627852914222
BGC0002309	Terpene	4	124	0.7807240186578831	0.80187997283481283	0.50772656506719327	0.13239165510271178	0.093112183054132047	0.20130362813739278	0.66266192654118994	0.70961270077072469	0.40343383450832104	0.17697210369789718	0.14572117544257168	0.23576482960293266	0.77811652874242077	0.79802705123043349	0.5047522247965015	0.1332790253444249	0.094349862808504353	0.20116611778335114
BGC0002311	RiPP	4	124	0.7587069004336171	0.80050173510370715	0.48980018970451628	0.14692426050671728	0.10348036491114745	0.15612877054461072	0.59826844504504428	0.6050563944304046	0.12921286563204579	0.27465817602766057	0.17745243159109791	0.35432623121767215	0.75895105754230685	0.79637692153858541	0.49018757554065678	0.14870362219921576	0.10341834741017482	0.161230278242393
BGC0002312	RiPP	4	124	0.93242358712294693	0.9445055344517802	0.87654272778344988	0.037977725264458508	0.027960366409311144	0.07297306765899858	0.82617574563827623	0.82610993205961925	0.71769991065082195	0.078675214715095435	0.074029157679373195	0.15259571250460879	0.93352840175196261	0.94470509535654024	0.87862284112929889	0.038002094755854018	0.027499932459800758	0.072437059559659178
BGC0002313	Other	10	118	0.91795200824204704	0.93362533482922272	0.81707148578653177	0.058796752542762225	0.033478128820707151	0.085481735092165168	0.74489061849548688	0.76950499400809391	0.45918103461883292	0.15247298499111711	0.10830083863780537	0.19171561356124645	0.92346247927148872	0.94250904121149148	0.81815900214160364	0.058170346883769278	0.031209376103334054	0.084104958956308873
BGC0002314	NRP	27	101	0.96640329578916062	0.97893124461518366	0.90171198419498277	0.027965107664487874	0.013534768333295344	0.036483473093868124	0.96389993530246532	0.9605342677113603	0.94442022202969578	0.011540492934371467	0.014554444307595582	0.019409325083290407	0.9634603619749964	0.97887401819825304	0.88610694803101442	0.034541275889918614	0.014730263513918863	0.043806224273339467
BGC0002315	Polyketide	37	91	0.95532978904020793	0.96237295764051956	0.90355797262972559	0.029682607189812613	0.018048338494539885	0.028092750553620038	0.97918347497359992	0.98296467145537214	0.95690934673692252	0.0099267365527467254	0.0083658374812905396	0.014882422046702204	0.93203453170359118	0.94558345965827106	0.83984435555550674	0.051634293998885271	0.027628286580211481	0.052007335944612265
BGC0002316	RiPP	8	120	0.9942200117358414	0.99463088333136218	0.98503003846580661	0.0043553650044883914	0.0023155508484455022	0.0057080784552087094	0.8057143886643543	0.9929404925201053	0.50695820944467096	0.24516500981053241	0.082691857313459918	0.37507337892692239	0.99520668902306164	0.99513973987688764	0.98816308693955568	0.0032635227712418213	0.0019193224867352977	0.0039772022936075402
BGC0002317	RiPP	13	115	0.82331875985912772	0.81946655226959431	0.72553081179505652	0.078276200448546246	0.074562609086972625	0.12626557303159347	0.60960484179235208	0.66688389664012249	0.21594170014114156	0.22085563752715123	0.17589963800855796	0.34861592904793359	0.82510513735962532	0.8148030570537057	0.72777546810457217	0.076740959831767458	0.073739940066995205	0.11975801541662356
BGC0002318	RiPP	7	121	0.97063583125801389	0.98844054942627002	0.92313976861266378	0.028654913745578513	0.011890912441340639	0.041329322503000143	0.93880347148429488	0.95793366247682044	0.85243424561437597	0.050303468395028243	0.025418597719902559	0.083079027991449061	0.96802637258021207	0.98967759825517976	0.91596760212569994	0.032662301012503607	0.012972779953049508	0.047132071337924852
BGC0002319	RiPP	7	121	0.81943707427626555	0.84284340625586318	0.50438538240043163	0.12681305937646245	0.07615338875461701	0.1773184186265051	0.78623523560393704	0.86139205039162858	0.33770512275715076	0.20821506522710831	0.091663146416060617	0.32101549194419232	0.81877997480589182	0.84094758414985815	0.51301074295555338	0.12265707353370077	0.076411123516769902	0.17052862036613392
BGC0002320	Terpene	2	126	0.98445228962224862	0.98725298491916824	0.96000438776068275	0.010196394023482859	0.0062755832896310478	0.0125569694774188	0.9884575080792013	0.9921282556123654	0.97289727562098383	0.0095258762713794944	0.0046278876708440329	0.012848796813790475	0.98417388632734348	0.98705393035080902	0.95927808192652797	0.010369890808230147	0.0063896295456866928	0.012916180386211784
BGC0002321	Other	4	124	0.75102163490840124	0.67250484422298451	0.50423959012644115	0.19792467244108353	0.10523493581959678	0.2067068213054315	0.77808984310295437	0.79079583453928604	0.49793143886751218	0.18888824065795939	0.093104460704255307	0.21782560900578307	0.74937670870571826	0.67639898105972951	0.49610639753313818	0.19960663590890312	0.1059691291272615	0.21241697655208158
BGC0002322	Other	3	125	0.67839131666902441	0.69170834151765925	0.35748806197884025	0.19885668745299465	0.139541699840662	0.28093033279465518	0.77008823673821714	0.78503941500357477	0.53060473367512118	0.1398926020929088	0.097135210322177645	0.15493113741641507	0.67708176993641334	0.69465972959811806	0.34702549293930463	0.20139419596546027	0.14034335874928691	0.28152514231788772
BGC0002323	RiPP	8	120	0.98858400887484399	0.99399030247453246	0.97460801471439873	0.010410830032931565	0.0046196938992712601	0.015715229876601122	0.77260295083899455	0.93047554300673807	0.4391522644655661	0.24215350517978312	0.098369204217293255	0.402724614930557	0.99010139496808058	0.994226684544263	0.97870766376971396	0.0088232809070241964	0.0039983865118356611	0.013270417343736463
BGC0002324	NRP Polyketide	12	116	0.96486027703877431	0.96358006844908672	0.93921210057354065	0.014603837494862227	0.014168148419476823	0.019833344065512737	0.90835371028311207	0.93643271841168163	0.76617838184694387	0.083943419769481387	0.037374359759442165	0.11007830492802195	0.9659535148385785	0.96957684361255558	0.94176945336225504	0.015039142382647034	0.013724439452499326	0.021964169174017889
BGC0002325	RiPP	5	123	0.68086570764202603	0.61797635619124236	0.36267260868088907	0.2522415678652789	0.145854606699443	0.34047579058888544	0.67095452936211764	0.76246783147048203	0.14959804980991598	0.28123253027221606	0.15229102836160316	0.46120725365729032	0.67938949148022365	0.61142175805588805	0.35454835928973705	0.25418552240469433	0.14640992400556957	0.35043533964826001
BGC0002326	NRP	14	114	0.97768562310842877	0.9801345352758517	0.96378117619379455	0.0080985776182287417	0.0089858653554523611	0.012318835797078154	0.96334912121155603	0.95682119443736624	0.94637029488817426	0.015345605224822416	0.014783170729322715	0.02193689890304984	0.97818803959306067	0.98078721131914981	0.96461439954788009	0.0079076354244973519	0.0087849557357110083	0.012537785308695981
BGC0002327	NRP	26	102	0.98649070523545068	0.9855240547190558	0.96896626329910496	0.0087081293704872765	0.0054185771931424933	0.01127035123931186	0.97779110048489548	0.9780702749588408	0.94950139644534826	0.015661437501622851	0.0089275392455880898	0.021893266657277533	0.98657955838592493	0.9867767140777628	0.97154446931195715	0.0081603530009029084	0.005383030951848067	0.011404531837811427
BGC0002328	RiPP	6	122	0.68850944795983371	0.77703091102012056	0.32577388771884302	0.2293781098038104	0.13575051798118959	0.38805006858796476	0.45723922646929377	0.47982497559430592	0.071746646008325282	0.27978503295299445	0.25797555858913845	0.46850296907801414	0.69041784974326792	0.77453793917524205	0.31805658926694619	0.22755547526701816	0.13508939398142669	0.38552747451318858
BGC0002329	NRP	15	113	0.97085143112248551	0.97291856324163761	0.93292758116413466	0.020059791925900829	0.011731851996830911	0.022182315895693194	0.97243365867997444	0.97455229549186329	0.94024115435645439	0.019034788751785103	0.011089266664214725	0.017692278877821099	0.96998781387125632	0.97255027845310749	0.93117604808992327	0.020591293019089282	0.012082361804125651	0.023699133417200313
BGC0002330	RiPP	9	119	0.84478500447102023	0.84509228950903426	0.71061219375253182	0.071937760770503928	0.066224706310750323	0.10053461659570972	0.71606523388302201	0.77779341772960753	0.34014014092440731	0.19343599926895033	0.12555316377714079	0.19128495006912305	0.85072413804811187	0.85266728971605521	0.73005256461172008	0.066206298873674047	0.063505520638333451	0.096811349980131078
BGC0002331	Other	2	126	0.89365780417868501	0.90812466253068846	0.80700568062172651	0.049509130040623198	0.043653402392030485	0.08627738785098904	0.78060584544789813	0.87502853197405428	0.54547924037447137	0.17355208883702902	0.092418290124994251	0.28569621200821704	0.89293799402513518	0.90810982905473936	0.80811127291691098	0.049810931823125432	0.043947402643224588	0.086303730719577865
BGC0002332	Polyketide	11	117	0.92777884598706617	0.94701111659864545	0.82255625371780483	0.050449507906045417	0.029608928786508625	0.075648635353951832	0.83586549525314702	0.8904982563842736	0.58704989962764986	0.14734944220866633	0.06930185634790946	0.23178647712548484	0.93223852222767878	0.94925035415309278	0.83449885904757348	0.045282485958532154	0.027731765722487277	0.067619824537669015
BGC0002333	Polyketide	19	109	0.96806089943777085	0.97254704669498415	0.92358296321519795	0.022299468339724928	0.01285958620607559	0.030513031558283776	0.93552225514838638	0.9766117059319358	0.82381546527639449	0.066640192179910462	0.026136464808681793	0.085627891526962929	0.96857085970660306	0.97256717539530202	0.93207184580447155	0.018345695595779882	0.012653482115154314	0.024292317974542676
BGC0002334	Other RiPP	12	116	0.9057048358867128	0.9210425027313679	0.81708949974290168	0.041750581353883147	0.038684311052381529	0.073065353578346981	0.76981122363208043	0.81059672479707512	0.46029548652862207	0.17153794338705522	0.096910269579449634	0.23658694988487239	0.91096095006975641	0.9210434560094789	0.83573034306502525	0.036822601576633925	0.036505713843835899	0.062595898231927016
BGC0002336	NRP	38	90	0.99043556937607968	0.99316760632599066	0.97769957098998272	0.0061160170067253517	0.003848219614025883	0.0074508862605736637	0.98663961457789495	0.98709265485948938	0.97163645278204147	0.0067295744729942005	0.0053726544226030629	0.0091367895012314237	0.98758089567177032	0.98693922768577402	0.97676739874999419	0.0075843136343918529	0.0049993426214893551	0.0078296562735218345
BGC0002337	RiPP	2	126	0.90399888560117136	0.9116261755623607	0.7780510613800572	0.06789366836941646	0.039753473757834265	0.063844123682167742	0.58437773978016494	0.5275432112680758	0.374254932854509	0.20856183607833473	0.18564526831827974	0.30389671484468217	0.90523940971292161	0.91217482519438775	0.78311534436539365	0.066811962595425295	0.039254808686990071	0.061995340933141074
BGC0002338	Polyketide	40	88	0.97834530377154538	0.97781292134437403	0.96469173611352455	0.0094038176722752529	0.0087026655182946382	0.013214777885107831	0.95620633313728354	0.96206368463751968	0.89852123608335288	0.031533318892386489	0.017697829087271577	0.046370628723868546	0.97672865133980979	0.97676066834937147	0.95120071461820999	0.011527018730873403	0.0093537181997781944	0.015280764056495033
BGC0002339	Terpene	22	106	0.95274667302009919	0.95600175440553037	0.91925893891976973	0.024556439840127335	0.019143810966559129	0.038471013993953918	0.82338349895134133	0.88421647407052673	0.60648366610309579	0.14056713552049666	0.073738384693933262	0.21374578299442426	0.95743001128979677	0.95824573304816485	0.9214095742747177	0.023135404593968283	0.017256146746210899	0.036626161609205954
BGC0002340	NRP Other	24	104	0.97881835280745155	0.97951642601669953	0.96703187044180983	0.0079781404982657983	0.008537433946804885	0.011782871617212143	0.96530520215598015	0.96829266562532157	0.94130489337525203	0.015171168555341123	0.01405456463232584	0.026608566502997699	0.97953301713697982	0.98096506298750064	0.96681067690870992	0.0078418630499761301	0.008242953456411772	0.010918641554320874
BGC0002341	Other	1	127	0.77143977988559309	0.77630496814911676	0.51096229882033695	0.12813031644193887	0.096104989111998412	0.16662795982470247	0.51184718104271387	0.58867387997458687	0.025428327555464664	0.29562137531455079	0.22448865785363453	0.3499200270099706	0.76976594925146125	0.77690179613942212	0.50452491316442893	0.12981080756049238	0.096848683870622176	0.16790679354369187
BGC0002342	NRP Polyketide	9	119	0.98143858105566095	0.98430549671370149	0.95496619237244063	0.014093077921356964	0.0074545086370316092	0.017368500927375075	0.97915849610783245	0.98382205328860872	0.95483496655015065	0.013543389202027819	0.0083733427693900124	0.012153312684236472	0.98100434501629041	0.98417965674608443	0.95449907788840782	0.014467169578180013	0.0076299890694024207	0.017960511680284563
BGC0002343	Alkaloid RiPP	20	108	0.90322569586507773	0.89367680038412045	0.81889054279244	0.048757912659017723	0.039532485811218487	0.077982553441664715	0.69822821926361467	0.72023680701267789	0.33684395533718486	0.19543149647690924	0.12999457136127263	0.20384992987340134	0.90215072565510968	0.8892938369568173	0.82910707838701825	0.047441244060908404	0.039987446779888594	0.07178289539727789
BGC0002344	NRP	36	92	0.95528118027134323	0.95539775158273288	0.93183602604789573	0.014588492537256919	0.018123008662001717	0.021993809730952663	0.95990176159454277	0.96164205070190012	0.93562481646307949	0.014114308682827726	0.016248016460346661	0.025230276962853737	0.94706032007012253	0.94769726651393993	0.91504116457122875	0.020258278297922597	0.021491164628709925	0.025731243619988686
BGC0002345	Other	3	125	0.91632160621352399	0.92278321443750277	0.82283595506591156	0.047335720452363318	0.034070691655991081	0.067470252192300295	0.77312178407097332	0.76051616908461672	0.57105583432262452	0.12027961932159387	0.095575495090151535	0.15644570341830022	0.91613323917924183	0.92260165985374121	0.82183448674829529	0.048953991521924062	0.034149571989681646	0.070072548000364332
BGC0002346	RiPP	11	117	0.96882918294666653	0.98797295091832704	0.90628389066013437	0.033818413833652076	0.012577297746652704	0.044700543094633005	0.92340036017751914	0.95989920200987644	0.79682270991663151	0.072623454943536933	0.032109877723891136	0.11415804825786069	0.96945186220449675	0.98849862926729881	0.90888130190679561	0.033355298827379594	0.012311691774333	0.043623071567974292
BGC0002347	Alkaloid	10	118	0.93931550113048934	0.96349246358428409	0.84810419930991343	0.051896541260462385	0.024700957594329154	0.0755988720204821	0.67264725769474132	0.77015383383434632	0.26483169053142963	0.2315528151622705	0.1422054136172384	0.3259798342864243	0.94852191842668621	0.96521283672700597	0.86943320825950365	0.041982213533131023	0.020896222907726102	0.060841908086542329
BGC0002348	NRP	6	122	0.93655908361543894	0.93413616375165742	0.8983001521073839	0.025335405971648621	0.026010752143808637	0.036822158481447986	0.9254123491717221	0.92931014359903608	0.85489966957114938	0.039839276541274449	0.03079089981030747	0.073865961566095373	0.93477407444000415	0.93202590822939757	0.89990332567709808	0.026653442599372357	0.026762621827261433	0.039976011944937495
BGC0002349	Polyketide Saccharide	42	86	0.9570906432072851	0.95919680479895697	0.90131250647421923	0.024202988423613792	0.017318118264262151	0.031616514185328071	0.93434440849965339	0.93773225232418222	0.88862261128390463	0.030887158071957972	0.026641780481567491	0.041818044284042788	0.95947092245154608	0.95928508834512627	0.90683004737537365	0.02279729514599128	0.016349370146517207	0.030513727485980247
BGC0002350	NRP Polyketide Saccharide	41	87	0.97639223164849231	0.98954673019715989	0.93331927651216973	0.022344500392069467	0.009505545504141755	0.027349481215860783	0.98629448723842084	0.98748717424893839	0.97361238701673702	0.0078201663074341423	0.0055100854506800797	0.01054834785393266	0.95676658453650387	0.97827897916748896	0.87628928791783578	0.04485680814894992	0.017447794423934116	0.054346844422474283
BGC0002351	NRP	9	119	0.98508920147833989	0.98890665890671037	0.97049634646249849	0.0083931625780164359	0.0059836683887571022	0.013626080397913687	0.9880880130999159	0.98936314832661332	0.97764027427424194	0.0049421476621231402	0.0047771421173671506	0.0077135971433590633	0.98440834740720962	0.98840986238898898	0.96926961279370472	0.0088835398337843985	0.0062582101824178119	0.014404859797961467
BGC0002352	Other	7	121	0.94943999052534611	0.96226875072441165	0.90353455590965115	0.029956791492032241	0.020515934514971846	0.051497620780408981	0.9080261081512383	0.90524891102879357	0.8584177404445934	0.035425062195316798	0.037684092261170664	0.057436827436040727	0.94637064283211758	0.9602679308612041	0.89732937628981813	0.032666153146197544	0.021784545162076351	0.055614637005728884
BGC0002353	RiPP	23	105	0.98793576031342289	0.99442539778238059	0.96849482589489744	0.011309526914596134	0.0048419305735128313	0.015330389450745385	0.96379401691350686	0.97025371130514326	0.91401817382093753	0.024173164389597154	0.014697983054015217	0.035543848865269179	0.98941346196307955	0.99424165784179674	0.97104637166987851	0.0095958706897348416	0.0042465750981385943	0.012872592587449883
BGC0002354	RiPP	7	121	0.65243141535774685	0.66291620661869777	0.25825053098413553	0.2284795119408459	0.15852369806836528	0.3225840109581013	0.62946099775001774	0.67827084578529862	0.23741108690199628	0.20797657217207194	0.16310831021851896	0.31079071760543719	0.6511267453886721	0.65844049788568859	0.25207636295242408	0.22941919983828321	0.15960006319031689	0.32648559117507292
BGC0002355	Polyketide Other	9	119	0.96359812309806325	0.97069153837168587	0.91710925455358727	0.02770716606829331	0.014712923262177435	0.03942643736909246	0.81295268124696807	0.8219031882538923	0.56979184195386701	0.12196563663860471	0.078051349108314766	0.16683230664365345	0.9679595926629263	0.97772244661080165	0.92939244811393551	0.024370251991711132	0.012937555682507451	0.036233521531569002
BGC0002356	Polyketide Other	25	103	0.98322388923917292	0.98307178628981262	0.96883740562886023	0.0081302120632760436	0.0067394333980610897	0.010701885081384477	0.94235157089994426	0.94050695553716057	0.91728155761461383	0.019733189939112359	0.023345497785271885	0.028312377589525317	0.98272199026586338	0.98465768230626227	0.96734298430727028	0.010724993753870187	0.0069439744169141893	0.015149372214266044
BGC0002357	Polyketide Other	28	100	0.96655442511701573	0.9726990193729419	0.94196053002209434	0.02069883322491502	0.013480765954908037	0.033154018964805854	0.8168717073527475	0.91195402041949736	0.56723331726938842	0.17043801471306907	0.076545788752682212	0.25962933331882321	0.98114668973447827	0.98143712961500107	0.96552346742612238	0.0085678535529504132	0.0075708398215848403	0.012145360999587962
BGC0002358	Polyketide	24	104	0.8962892365609495	0.91398793817745916	0.76879429360270635	0.069299912233427588	0.042649153830573085	0.10362244669788556	0.88720885599082422	0.88668034619081437	0.75565161918664403	0.063497802795964772	0.046940350879649692	0.077647606269324321	0.89131399645699094	0.92129970560616203	0.75345879883477473	0.077783999478506644	0.044696536118429095	0.1191577980487194
BGC0002359	NRP	23	105	0.94088434794330988	0.98671758426504552	0.84843246731154043	0.064036404370947944	0.024345629902381892	0.096066337079291797	0.90937843774455995	0.95571041791649303	0.7927787159668489	0.082511278825740969	0.037742760085155272	0.13389334362416583	0.94281996662153877	0.9867193459819088	0.85397410379312821	0.061988473800560502	0.02351491591742192	0.092526957286326761
BGC0002360	NRP	21	107	0.983864137447932	0.98789621309792919	0.95868473932203158	0.012117193339954249	0.006478323500032768	0.016033787136242594	0.97087539288644842	0.97563174452022317	0.92554589918777164	0.020516555654924908	0.011734569011116847	0.023631117958464398	0.98491857478255118	0.98809771323847717	0.96124373770781568	0.011040789493665118	0.0060551399238904626	0.014782742858156506
BGC0002361	Polyketide Saccharide	32	96	0.93541518455028583	0.9579849224039525	0.84654755046616847	0.052891844915581798	0.026231609172318548	0.07837196514343181	0.8988273973989811	0.9062395258607101	0.72823957673296191	0.069554763540677661	0.041636089208836366	0.098203451871570646	0.93942261540029859	0.96603720678864069	0.86941997752258404	0.051712742961663928	0.024554702742116664	0.075352415086796021
BGC0002362	Polyketide	25	103	0.94410365706890842	0.95244869386889008	0.88327280788414642	0.040441582574083396	0.022646238940641217	0.0538349733897584	0.88253469195052081	0.91007025764808835	0.66883763537204299	0.095556942427297467	0.049474326269322841	0.10015374897360019	0.94789643581624772	0.9509085908772783	0.88299126935263328	0.036269618825831643	0.021072249731080905	0.049194231314751202
BGC0002363	RiPP	18	110	0.99052368227331888	0.99216119809497894	0.98307503660489837	0.0045362788266414414	0.0038032183810906561	0.0066112278593972729	0.99578444611459349	0.99604046834585902	0.99224527087149883	0.0020150987948116201	0.0016881977225676082	0.0028835065323637998	0.98747397722166697	0.98985832294402853	0.97780287930972076	0.0059799344863308594	0.005032233401308206	0.0084806367264753657
BGC0002364	Polyketide	15	113	0.99290730178679909	0.99379908647548332	0.98770119649474386	0.0031276561764980652	0.0028417821870222238	0.0039024488444057148	0.97657966388978168	0.97517015094183535	0.96426534666442798	0.0085217208727747205	0.0094292707907202011	0.013528619514013518	0.99324617201797416	0.99355049785931493	0.98668152227101225	0.0035306141044329914	0.0027058513042123255	0.0044847171083732817
BGC0002365	Other Polyketide	6	122	0.98478990250844523	0.98856994060500591	0.96322369374353001	0.010122979742364894	0.0061064928900485867	0.014282240585431594	0.9303700914764903	0.93939239574501454	0.86196631442485083	0.049512321737796135	0.02839320758573969	0.075438490759939913	0.98492667784446242	0.98835541106846658	0.96278417912806225	0.01001998211597235	0.0060510378022031299	0.013851675858691959
BGC0002366	Polyketide	20	108	0.91964481796276587	0.93370117866587732	0.81608917973971729	0.058727690492766833	0.032733296098192269	0.077438964877042493	0.88345947810449688	0.89810407510275458	0.72401116747807515	0.076966651111612994	0.048250776838889273	0.1159184485725312	0.9204681259505314	0.93579127746823287	0.81168895623204262	0.060294186635764517	0.032351519141926043	0.077891609823394936
BGC0002367	NRP	14	114	0.96935702438973848	0.96963355931437967	0.93563682400943526	0.016226104521154229	0.012346957298749328	0.020276975579618828	0.77654672880802	0.90901124619254658	0.43509195108473048	0.21760261259932984	0.095784249494515222	0.36072572188326069	0.97167047223590186	0.97047328726330639	0.9347744218283377	0.015837482528890726	0.011408947389768142	0.019786278326782258
BGC0002369	Polyketide	22	106	0.93654912989578332	0.93864259610050549	0.85889656289446925	0.038615460703831796	0.025873555870813348	0.05659227627340313	0.96438905521978258	0.97261325356289796	0.93037585525059752	0.023190190996103255	0.014400465769214277	0.03725154179443757	0.90827472205819082	0.91226005160386336	0.77955042036472	0.058375322484590111	0.037715498663887813	0.079414847195588778
BGC0002370	NRP	30	98	0.98567716694068519	0.98597276445560778	0.976704633762143	0.0064785590637634243	0.0057665231237273408	0.0072308725959688847	0.97891439824699167	0.97647134018868975	0.96662723698949893	0.010462682994911302	0.008481138731274495	0.011796365388241914	0.98590047792616464	0.98743373050902838	0.97810023343753383	0.0059197752026058544	0.0056827681469989065	0.0072838140540998353
BGC0002372	Polyketide Terpene Alkaloid	16	112	0.88008950972356403	0.89147775853644928	0.7015157756946705	0.077686340232975909	0.049688732405661587	0.11704987922225896	0.62260244585291213	0.63476118245215618	0.41868567878236362	0.14264591128459239	0.16714861935416497	0.22572893828400364	0.89312678306787985	0.90480442548453199	0.70906820990585129	0.077935790202474237	0.044185322716905714	0.11419485879506974
BGC0002373	NRP	30	98	0.99293573013118031	0.9936812407291572	0.98861327175440639	0.0027048898881360754	0.0028316976927295068	0.0043439152214889143	0.99148693794511034	0.99150194317546791	0.98651046973609491	0.0034128744425552708	0.0034124724720132173	0.0059981820232605232	0.99080426241573016	0.99150785875728364	0.98092087826949537	0.0045632879010227617	0.003692329133378025	0.0059375867944729821
BGC0002374	Polyketide	35	93	0.97926392274009455	0.97884385726647882	0.95142004279519465	0.016352817846655883	0.0083350916093904992	0.015329200260554066	0.95819434325503572	0.95769272448431364	0.91097705035958831	0.027246543283317798	0.016885681157573364	0.039092569197186289	0.97144773695225128	0.97803177096969163	0.92137371210751629	0.024084308641950481	0.011488999566387093	0.021097694282607771
BGC0002376	Polyketide	52	76	0.97077108151035874	0.98004535610257026	0.92430018191384655	0.02283837070159548	0.011765096342705261	0.031262054949237839	0.90559195322304531	0.96426622131754136	0.75821600668246059	0.087988404479875812	0.038634197410114979	0.12635666187590322	0.98397583415075884	0.98114799128482755	0.96583809206438798	0.0094144850436303027	0.0064321688817847722	0.012682828694860149
BGC0002377	NRP	40	88	0.95299314967092896	0.9599923528513914	0.91123906057352189	0.025577069992108587	0.019398470557401404	0.038186191455331975	0.89074718588649948	0.91593451894089872	0.73167259282486929	0.071758646787714431	0.047836923492521846	0.10179598096338105	0.95999525553604992	0.96190095715136015	0.92399321467913231	0.0230541498945134	0.016320831572018558	0.039750990264323716
BGC0002378	NRP	23	105	0.98379301097169647	0.98801310217016147	0.95891942798285557	0.013031070780949712	0.0065186578778550826	0.017614882462479997	0.98898948612278514	0.98820795509069892	0.97992163964009948	0.0061442633280083597	0.0044207995733874126	0.0087197299551959873	0.97417507898521816	0.98146902191645091	0.93041651802284375	0.021757544134797999	0.010425976392773827	0.028974756248853928
BGC0002379	NRP	77	51	0.98668488802128151	0.98772222361937156	0.96839389099031215	0.0075416205818915104	0.0053407257617259507	0.0087763351813108237	0.98394838766838455	0.98577166421974516	0.96469158431543334	0.0081010405099581247	0.0064459441441922618	0.010908816894454776	0.9842923065161594	0.98487561017177794	0.96742620224945641	0.0078828257910903542	0.0063110499205981663	0.010775170807634793
BGC0002380	RiPP	6	122	0.95860260648429185	0.9679579753762988	0.9151945243867351	0.027968544238768055	0.016737639451723397	0.040927574869106587	0.62519437849888726	0.62133490379315859	0.31758792505271022	0.1790495594231038	0.1695766468083563	0.36260648713962973	0.96108056156199129	0.97153154951245146	0.91822459404856394	0.02686072049985954	0.015727043063246127	0.039668849143158047
BGC0002381	Alkaloid Polyketide	28	100	0.95166727191691169	0.95585359217009502	0.89908753319648849	0.029642232674080199	0.019526652588641148	0.043316221286192835	0.86244372462557295	0.92560399714462338	0.67643194838810961	0.11090909183478873	0.056832601190961118	0.14574323212361695	0.96090980758807265	0.95623637153876073	0.93150976606932068	0.019169572572000651	0.015770772966380298	0.024842140994173367
BGC0002382	RiPP	11	117	0.98926332702481401	0.98987604874095925	0.97667092014399681	0.0068512953708062705	0.0043321390554549978	0.0098436801201348123	0.98370507436251198	0.98261923796336714	0.96680102541422774	0.0090552403798881131	0.0065723472071991026	0.014076633765740643	0.98918915427772514	0.99032870384771221	0.97667416765608461	0.0070648686587431392	0.0043628634181513744	0.010149454849738504
BGC0002383	Polyketide	27	101	0.95111217441349072	0.96698113157106524	0.87243997427605957	0.040753006795590366	0.019778160835349536	0.051956791303265693	0.93783898588773995	0.94947620518520059	0.83156543558317697	0.044002667932718259	0.025227232733304274	0.047433519814401692	0.94661697776650899	0.97383169660102764	0.85929062088599628	0.050310274559476634	0.021637436783013532	0.063316779424504865
BGC0002384	NRP	34	94	0.97786629971644623	0.98090659810483993	0.95729995865609829	0.015223080955518876	0.0089169464186121816	0.022674918322574511	0.96118029998903098	0.96599125665624941	0.91696825978052576	0.02305218680907133	0.01574226355782915	0.030116517844864243	0.97931726394179486	0.97999416540033923	0.95882614382697762	0.013901620436222416	0.0083393857755054372	0.020695804168078591
BGC0002385	Polyketide	21	107	0.98517683265720635	0.98404794286232455	0.97388640716541075	0.0070083092421908471	0.005951078812384103	0.011000195490701303	0.94566761371611052	0.9700253435850974	0.88526163932299229	0.039987408561179001	0.022027480225370266	0.055735555103460288	0.98764546697142441	0.98761354534565138	0.97992857400637146	0.0051066936649881624	0.0049582138271360154	0.00677360756920109
BGC0002386	NRP Polyketide	20	108	0.98801447148345789	0.98974642993651585	0.977597546995841	0.0059059203041647917	0.0048125472439063625	0.0081885915728067138	0.9797368319196369	0.98603708218041408	0.94934239704205836	0.015904351186625126	0.0081447423157128048	0.021535434721579594	0.98761810728219479	0.98810884570850221	0.9785900630820874	0.0056875463376007216	0.0049723872152308331	0.0081757083896006888
BGC0002387	Polyketide	34	94	0.97662060570032438	0.97655846889852171	0.95622018408542186	0.01143153450729812	0.0094165936939123226	0.016200484176565277	0.94207948226425575	0.95202042859179004	0.86073079176261258	0.040685262939419965	0.023596227243402202	0.059314609891446213	0.98057171954268441	0.98024453112085519	0.97036204004459037	0.0077133800605750421	0.0078106546769916903	0.010802391374249765
BGC0002389	Terpene	3	125	0.92023916780717807	0.92223956598061019	0.82260650087621179	0.040840651269537336	0.032551505671445935	0.058457678630247312	0.53642432919442751	0.64544218843353773	0.17597529078497082	0.21053865761291798	0.20913315316169606	0.31234567483285425	0.92303711706987779	0.92585248605417636	0.83010799947898894	0.039053990799414955	0.031390987521401723	0.056291426531103084
BGC0002390	Terpene	19	109	0.96579167884460426	0.97082419599102421	0.94417504859537094	0.013815727655999213	0.013808907717306629	0.025448121003586621	0.88298487719857532	0.8862878233292959	0.7754923220820652	0.047062970780299113	0.048152874810227696	0.074530786900557922	0.96669599366501746	0.97036102619770848	0.94621303548624103	0.014483559932303724	0.013449323044025286	0.025021497640272283
BGC0002391	Terpene	2	126	0.81742850605823703	0.86786542532628297	0.63705965920080165	0.11632086543374054	0.07680454574149391	0.16238590284183274	0.68761889644652907	0.7233951937063241	0.28658687232635871	0.23949162568490157	0.13629218668191387	0.25533989331297702	0.81718946812102788	0.86784667334816334	0.64018995356296615	0.11625042289518173	0.076919997586532715	0.16264137516334354
BGC0002392	Terpene	16	112	0.89195022054909767	0.91418813491909856	0.80597874137837111	0.06176988927996923	0.046366562774720864	0.086696852726016682	0.91481041932070417	0.93305927507330111	0.81073152073296884	0.048704848764015443	0.035210021397823629	0.058645622370285033	0.86961199695937419	0.87921178726677396	0.78090446682197512	0.076444156437783836	0.056470722123763452	0.1118277955301874
BGC0002393	Terpene	17	111	0.93239643427825225	0.96185363570986093	0.83420641444062715	0.054258591225294618	0.027838295815905401	0.086900202137445981	0.94424637972836345	0.95281430608496032	0.88191069666507949	0.03707867933431621	0.02263829207993422	0.056423101381491647	0.91606752032104255	0.95595169479357278	0.78580022590749832	0.072267872359778204	0.034817936000641515	0.11498794936366208
BGC0002394	Terpene	6	122	0.98558301826167727	0.98639665954534705	0.97351667062278446	0.0090326419067488055	0.0058073173131321099	0.011202915645994738	0.90191061947663909	0.91091820224781894	0.80557933390545022	0.068460457327256766	0.040979347883442416	0.1181360516498926	0.98575693832105726	0.98580017375394036	0.97427344494979307	0.0088017609731262623	0.0057375368355524706	0.010744572165912736
BGC0002395	Terpene	14	114	0.95147680833949444	0.95315191061534943	0.9007656139376381	0.029615034794436276	0.019625578306997182	0.042834292419841602	0.85067933980712562	0.86437300725172483	0.68902112185585374	0.084581013025743751	0.062126786687487744	0.1165898431109984	0.95167383201701017	0.94971595108172524	0.91175701504697315	0.02708739726517146	0.019578736698749453	0.040134203591907336
BGC0002396	Terpene	3	125	0.89882750882362372	0.90117765466007538	0.74678455840545777	0.064842242586000506	0.041869886185486482	0.095584379069469039	0.56894291938384067	0.62041345292451566	0.16558838192864256	0.29243604555291908	0.19946835961799886	0.30660041075720734	0.90235795890200188	0.90340666427672889	0.75355797172048244	0.062747183787968369	0.040346043082717206	0.092597105582305383
BGC0002397	Terpene	2	126	0.94290828658405379	0.95300655988964655	0.87298959104646656	0.034190270036556697	0.023457631536667977	0.043255633029477436	0.77260001158028868	0.91712834004015087	0.45274974142652014	0.22731417357535313	0.098829926998500267	0.39013317900138023	0.94258846789460049	0.95136830162558428	0.87357965068999377	0.034072807032163394	0.023591307114469818	0.04179518515707259
BGC0002398	Terpene	3	125	0.91602610712609212	0.93406259160981886	0.81511665250477805	0.055074265810828117	0.036152549983158089	0.078441639767678595	0.72263163951992193	0.80221551404574754	0.43322272048014548	0.16538792031929117	0.1289512100405053	0.27443871474303361	0.91734594084482379	0.93733758185531912	0.81470640622832668	0.055099005714977077	0.035546637272944645	0.07963130607608726
BGC0002399	Terpene	4	124	0.90064983455493741	0.91205779979884893	0.81628341130835336	0.053599559727332352	0.042044233635151307	0.082882290486391952	0.70096786195094674	0.78935573008772886	0.29184914790838096	0.23841623228492775	0.13323290110661318	0.43983795425880534	0.902770710765884	0.9137545191573595	0.81689419638766925	0.05291076851582547	0.041104538607350971	0.083738631815292952
BGC0002400	Terpene	3	125	0.96078438305243208	0.96283142648659825	0.92813222559583597	0.019654832609379742	0.015863845021373502	0.025033937992817279	0.68770310772386856	0.7843707929960706	0.33496757863861304	0.2156703021714885	0.13753817893510439	0.36841253401307383	0.96174227314200866	0.96440577138356065	0.93072208789912869	0.018933785277043771	0.015467516582259089	0.024511331563709993
BGC0002401	Terpene	9	119	0.69774921073509844	0.78986628177664919	0.2553971000483965	0.23317053733579865	0.13127944054205853	0.40368726781756858	0.64837835782504416	0.76847213926409408	0.23764682449769214	0.24032882998125471	0.15408560597178095	0.43490028371282285	0.69602095149048981	0.77687086048809806	0.2514290130764853	0.23286769238276253	0.13217859917100735	0.40319971134448684
BGC0002402	Terpene	5	123	0.94941969370454726	0.95425704708586201	0.90528089117701804	0.026942852873275407	0.020459538587900884	0.036777625212899179	0.93514379118954805	0.94081961577852746	0.86406174916805267	0.038179891580650473	0.026321572831786245	0.047733134175376168	0.94907143412679207	0.95365895182890492	0.90326625735411137	0.027199158291835841	0.020603972052518894	0.037572576618333464
BGC0002403	Polyketide	4	124	0.87203993261695767	0.89644167595067903	0.77485864969408602	0.063237556356596364	0.052959646410523843	0.10940494739727125	0.72402403109305824	0.7345368115455726	0.47211756204407418	0.14438559379983229	0.11758055920257686	0.21562056249936101	0.87368430943023401	0.89998466128746824	0.77824867049300461	0.061570406282945724	0.052280854568566661	0.10673436234499611
BGC0002404	Other	4	124	0.88480982859372193	0.88954317935502747	0.78103069046856377	0.05475189029124896	0.047417257878843079	0.077205400304717786	0.5455860911390833	0.79746092819299341	-0.074339011008204905	0.40948763333236765	0.21594861572103677	0.50329791742532026	0.88875453956606099	0.90112254013230975	0.7861068809925027	0.052562264939727453	0.045783085834596338	0.077049955119757763
BGC0002405	Saccharide	4	124	0.56840850917832497	0.6202665165715211	0.22141106719151271	0.23065174550356929	0.19146667445682744	0.34133743191053667	0.66091612384991671	0.67985483798691804	0.41203967291568327	0.16374212003645355	0.14718205549969796	0.21840901897050036	0.56372302518977013	0.61583276484586569	0.21117559946185596	0.23255532717477698	0.19378935509144352	0.34517315522323833
BGC0002406	Other	20	108	0.96227605786859483	0.96817704736488219	0.92850448082044734	0.018228707298237518	0.015212850053646542	0.020657429512745518	0.93648490829561393	0.93021207055985256	0.89168118159469911	0.0293506642453484	0.025789096429450088	0.044903134416047097	0.96080001384346958	0.96719489489290655	0.92869936110002083	0.019585279200968243	0.015811340216823445	0.021946052115706438
BGC0002407	Saccharide Other	7	121	0.88118474442491246	0.91005761312673839	0.71017276378343519	0.078004842012492331	0.048738749463758224	0.086599863627634832	0.85594338127595937	0.8775604002689178	0.70627702022708549	0.08490420441851998	0.05944947263081992	0.11473436792175518	0.87135290762881934	0.90374352379668554	0.69115068761120979	0.084346210869693891	0.052882799877894106	0.092940801172990528
BGC0002408	NRP	15	113	0.97438689738127116	0.97727781408271852	0.95529341958365144	0.011961274282039339	0.010339430938288041	0.018264272369199142	0.96572331224616192	0.96340342291981917	0.93956063577543825	0.014158579270818742	0.013808298131395769	0.021240689589512529	0.97282001745208857	0.97605091209898176	0.94993327784028736	0.013451837970953317	0.010995253412659722	0.019531742476776914
BGC0002409	NRP	16	112	0.98275943619941919	0.98603053289853371	0.9665063627194207	0.0078965021402777891	0.0069222548436660199	0.012055179908032843	0.98097455659660038	0.98219984767272495	0.96840334069328582	0.0078056034019797016	0.0076401901053273717	0.010756460243133037	0.98088066787462258	0.98466487367954092	0.96380686314097896	0.0088591956538664526	0.0076799510429297561	0.013375133982445164
BGC0002410	NRP	12	116	0.89835220191442722	0.93256886820217999	0.73343540014773589	0.076056223069411621	0.041619426926667626	0.10679347181367094	0.61633300329456175	0.60584986372881844	0.45910417276638704	0.1268656748563427	0.17032628599201907	0.18530082711818574	0.90325501030323119	0.93352258449934999	0.74128269182441842	0.074242630915963073	0.039573570758311069	0.10472294879373578
BGC0002411	NRP Polyketide	11	117	0.98543831403603865	0.9871003290786029	0.96944789374784979	0.0084924811744072626	0.0058424309189534004	0.011868054368416425	0.85235311245173173	0.95926171379443947	0.63903469693833048	0.15987338686724287	0.060941148487517902	0.21642560834444091	0.98599332053312172	0.9880819635487369	0.97056039099860913	0.0083871019701654854	0.0056200365023492353	0.011249041992605791
BGC0002412	NRP	10	118	0.97212567940018302	0.9793484220718528	0.93987214319115886	0.018216781121630127	0.011220644571003312	0.027517928142498094	0.95843657230683788	0.98467436076200965	0.8992589555290208	0.039489049744498926	0.016832814975186496	0.057273494284414528	0.97168427978089245	0.97843760179872596	0.93925387780190217	0.01808048943445437	0.011397456156065888	0.027258577680375318
BGC0002413	NRP	13	115	0.96839164676914602	0.96781826431137441	0.94454676669052773	0.013119481927280201	0.012763230344875632	0.020313645831710581	0.96050442529829838	0.95398269312725192	0.92753385100462982	0.020044451961932039	0.015934925924014486	0.027414399745937068	0.96789090700107516	0.96764553553543331	0.94301194774072861	0.013288768171286141	0.012972855149569718	0.020344117651326488
BGC0002414	NRP	13	115	0.92795375182149353	0.93351663138844287	0.86476026244479942	0.037134088437256935	0.02940643929150577	0.046249222931388778	0.89315653781240678	0.87786331498531722	0.8275819434142716	0.047124823626715856	0.043887146501968635	0.054397699817454792	0.92772694379024989	0.93553409171655066	0.85920064472849411	0.037878956235849283	0.029500765162450683	0.050377274590229559
BGC0002415	NRP	7	121	0.96915934167264839	0.97357082115276139	0.92722498541980214	0.019845056898635152	0.012456169547654161	0.026229128709253535	0.98562644819734457	0.98674896584590266	0.97746534947054298	0.0048136033180118821	0.0057736823634855217	0.0079107434416892941	0.96702908745842131	0.97201744727485384	0.9220601490021838	0.021257734483523732	0.013325443466179542	0.028110767036377271
BGC0002416	NRP Polyketide	14	114	0.99216197323013822	0.99279108827040408	0.9868132307556039	0.0034856895600959945	0.0031417756371885817	0.0041072055957221965	0.99014383349376656	0.99173147463401801	0.98113782361391866	0.0047336682422295818	0.0039512677032764731	0.0068440871342897447	0.99110027716129834	0.99169211624051579	0.98491793231608837	0.0040299188889334394	0.0035685888515349928	0.0045499944359552735
BGC0002417	NRP Polyketide	20	108	0.99375553607819267	0.99276476807877068	0.98951057875230053	0.0035458382464155008	0.0025011131443984035	0.0050418215554971502	0.99365893195211652	0.99427927568864183	0.98927063427889084	0.0030034104879536048	0.0025404950011390869	0.0034324069681583858	0.99300904629735365	0.99194566136292806	0.9872846503967817	0.004187889970101907	0.002800596981861081	0.0057791684856099979
BGC0002418	NRP Polyketide	29	99	0.9831708133438164	0.98482285566798766	0.97006680313128657	0.0090128810847089867	0.0067660427833914124	0.012022487576817453	0.97885934272377606	0.97944562020663173	0.95969528662013681	0.011172798787577152	0.0085005248413513312	0.016357693863783718	0.97859266527734456	0.97633132334624861	0.96220672437327837	0.012548493181480153	0.0086192868441860478	0.013508724532538818
BGC0002419	NRP Polyketide	16	112	0.99273664989574451	0.99191008073800013	0.98765574980005377	0.0029829296916664368	0.0029106191368376776	0.0037862590367133686	0.98484040411331597	0.99003871446343417	0.95874955136829354	0.012724905245557253	0.0060826416762833624	0.016683401811249388	0.99210441720375575	0.99157900648777808	0.98733764200664853	0.0034594428789344904	0.0031644912179021657	0.0048440451153468622
BGC0002420	NRP Polyketide	17	111	0.98931612940452285	0.99094312121579486	0.97784641829517382	0.0082137374354738519	0.0042830705393367861	0.0059168043794928238	0.99471758270515243	0.99447440391776454	0.98795306101254365	0.0039319656071979143	0.0021154189388347343	0.0034864028949940229	0.98786492620283362	0.99030949488398923	0.97381524749606019	0.0093340212720481961	0.0048664975147252763	0.0072853697866089862
BGC0002421	NRP	15	113	0.97968365366313692	0.98167178540622402	0.96209695265307693	0.0086460058696982856	0.0081828926453416662	0.013253363791964623	0.95974655209880688	0.96300088736284062	0.90286943638786477	0.0249352262138905	0.016252179852612691	0.033734242346184717	0.97959804329917011	0.98227897041886547	0.96527587735074671	0.0079895623228141352	0.0082214682700622269	0.012880557958014127
BGC0002422	NRP	13	115	0.98455996820811653	0.98477076693814203	0.96823282898854957	0.0066405708510387847	0.0062141294253084123	0.011187297957124254	0.97686251096577159	0.97634528490567463	0.95373483933665415	0.0099040734102596034	0.0093129215345789211	0.01591606192160655	0.98446804218538841	0.98464265920905381	0.96836241975946036	0.006672456390461632	0.0062526659018773637	0.011470686561671384
BGC0002423	Other	4	124	0.76106140325328719	0.74519938800728536	0.54508935441488238	0.10428721688227237	0.10127483627074345	0.16294675005081438	0.66977431771675433	0.65584584927296563	0.45003134832830133	0.1253763225813164	0.14262847136413001	0.22515159844882893	0.76204602357614526	0.74803861900207591	0.54771411287725857	0.10333994912977686	0.10083480480086596	0.16210259362246315
BGC0002424	NRP	6	122	0.97228806759227415	0.97773612805730759	0.93939073160719833	0.018643607714740263	0.011150982997246595	0.025929991140708708	0.95829862081828465	0.96592256825193656	0.90657327812822786	0.024708663974621809	0.016910418590653432	0.032635314046922215	0.9718270364341024	0.97699856218153769	0.94009678304787803	0.01895045495585114	0.011337400229960238	0.02630076283550431
BGC0002425	RiPP	24	104	0.96004718824984092	0.94719514899195301	0.9311336500485754	0.026577226911855347	0.016611581958161238	0.036717983037171109	0.94059076108606221	0.97224886027616964	0.87944045630624146	0.049140966628955084	0.024539876018614782	0.082373385446092517	0.95714158512631042	0.94657956792111664	0.9271664625590903	0.029929342859552323	0.017939729512460346	0.042097335965573968
BGC0002426	NRP	47	81	0.94172363517116364	0.95486916772097308	0.85574355493992771	0.042522827894355575	0.02360283284045055	0.05341078239148811	0.79267736277878131	0.80196034130793237	0.54619091273843234	0.14149401745294543	0.087473837641124791	0.22627087887917219	0.9672962409539908	0.97507179523719389	0.94417925839041561	0.018708269690182664	0.013172147666268442	0.03043417144955296
BGC0002427	Terpene Polyketide	6	122	0.9827290131800781	0.98527193750952791	0.95265206061927221	0.012190331127312435	0.0069434698576556816	0.014566336729407325	0.98004494140597331	0.98121194068703033	0.95570884821327773	0.011636090011447983	0.0080358271908918203	0.017612975043913903	0.9817437444879682	0.98466497143320253	0.94963772723409401	0.013053408489952118	0.0073410402388944581	0.015595405110440219
BGC0002428	Terpene Polyketide	1	127	0.58196387053872412	0.60439033560588307	0.29282350922097272	0.19391933871861389	0.18664058180046023	0.28302005131510888	0.72704234791987754	0.72975038253820634	0.49338978520161864	0.12262008887822928	0.11609234777264514	0.20648169139774675	0.58069503792931332	0.60215540169973669	0.29424343301714662	0.19445642594768328	0.18731183196866702	0.28244146001913895
BGC0002429	Terpene Polyketide	5	123	0.99180472193414193	0.9916584136167681	0.98659843802587299	0.0037863113687086635	0.0032859793301864169	0.0046080432069155464	0.98226339201034052	0.98571398941440203	0.9585346701132752	0.011458920272353214	0.0071281581451868139	0.014026229719168781	0.99192727071492204	0.99151619478178787	0.98730427090775874	0.0037052634527933274	0.0032368207601324974	0.0045391912520263977
BGC0002430	NRP Saccharide	68	60	0.95325211818870625	0.95886708480933569	0.91335944810998526	0.024386024427260983	0.018920618059301009	0.029128692720988725	0.95817933751888396	0.96499534152073307	0.93259401351187043	0.018835757594980424	0.016911247703814979	0.029079647629385197	0.93116452453499643	0.92896204412022021	0.86633481065199847	0.037767069337688121	0.028063943782341894	0.048069668303454494
BGC0002431	Polyketide Saccharide	38	90	0.98442055740239476	0.98827116224836242	0.9573766442963767	0.011292838190801456	0.0062566186924152278	0.011357242482273211	0.94478575717626045	0.95992342187215285	0.85221958695664668	0.047825121011020467	0.022416261382758495	0.047390093889358442	0.98956761086958722	0.99037853891038785	0.98049232416008347	0.0043902534274658615	0.0041821527052761983	0.0068677095724698489
BGC0002432	NRP	36	92	0.97334570560332079	0.97941423547951112	0.92619354802642406	0.019053687565604646	0.010790957997611117	0.024578689536238207	0.97903374950569921	0.9821800338342368	0.94965728046693465	0.012900491457404838	0.008442341807402198	0.013983771052356486	0.96821791971435667	0.9748213601363156	0.9093614204273851	0.024015750910484218	0.012911191410963928	0.032177385962019911
BGC0002433	NRP	12	116	0.99019378966656046	0.99142552806285278	0.97887829669696946	0.0053864588407714969	0.0039338445204785133	0.0080827306935611354	0.98626893463840692	0.98637664728663244	0.97824107554823814	0.0046590483170884309	0.0055092524872509376	0.0088999508747109601	0.98991540896524877	0.99104993121883511	0.97778661197858996	0.0056424282291357769	0.004046246497222827	0.008374590651795577
BGC0002434	Polyketide NRP	9	119	0.97086955322451751	0.98218885056437255	0.9337370048260234	0.022023718083768379	0.011773459268720532	0.033326092530662321	0.90531023327254145	0.92815369084600641	0.79135246930914349	0.062486898971395186	0.038677006640119596	0.055978188311341492	0.97095393052163337	0.98368300213387561	0.92953796632428509	0.02332410847483362	0.011744639714749972	0.034419008996866229
BGC0002435	Other	24	104	0.88243380857695242	0.89237792938790306	0.81092728121030999	0.043299606455588384	0.048242010159587331	0.071580331653810392	0.89889513623277284	0.91070436466632665	0.80811367891107422	0.050484358393890559	0.041346305018756933	0.081861999386378503	0.86482388603918103	0.88045884011369546	0.79129257683013998	0.053156404297634796	0.055678405767770368	0.083382549958587071
BGC0002436	Other	18	110	0.93914101759694102	0.93998666991612501	0.90610168386152079	0.025265856839794695	0.02468214120037162	0.036914860776591674	0.84037066718333442	0.86414871760104639	0.71672879051856886	0.062996614626012193	0.066266598478832983	0.11134354954287473	0.93925232354932686	0.94333103697021192	0.89981010235402181	0.026523719050265532	0.024630671886270928	0.040794419577365959
BGC0002437	NRP	1	127	0.97022138632386612	0.9730407147214144	0.94149474451407622	0.015240534839876413	0.012065406662113887	0.021688100805974164	0.93482873561908453	0.94647357420621758	0.87820868310815259	0.040093661145232364	0.026432780038071015	0.063998953945346382	0.96993660112566327	0.97281957448736001	0.94089928325725747	0.015439469765779323	0.012183847594407137	0.021895971083082055
BGC0002438	Alkaloid	21	107	0.92166469673109042	0.92090412084859974	0.84802531663036118	0.036992163419920059	0.03195374469078853	0.059216228263709425	0.92766086988085505	0.94746332445680381	0.86433680117954526	0.038078852916518878	0.029388876158854372	0.039432199544395363	0.91390007706478682	0.91498153439741825	0.8265629076031038	0.04410047819518257	0.035225896581115877	0.072184303185890086
BGC0002439	Other	20	108	0.96017426950320084	0.96000570321201928	0.93816701422046878	0.014586343421281506	0.016068867305024194	0.021415719019112212	0.92178767297799413	0.91999682725940124	0.87611155617270053	0.033579191570378836	0.031797876714267106	0.05932605796170598	0.95692644061740084	0.95904634494419272	0.92549314537222094	0.017027513361157248	0.01739418750626991	0.02675505482868934
BGC0002440	NRP	26	102	0.98391721189030845	0.98565336753294885	0.97132248214740535	0.0081839156907064729	0.0064614160776669486	0.012720575490728692	0.96172758010353476	0.96680498601989751	0.91498330947498485	0.024862101081301314	0.015518190012523747	0.038414628539473195	0.9851789701840401	0.9881302099594832	0.97445493262051497	0.0062587995457549705	0.0059508485473990904	0.009915167934490321
BGC0002441	Polyketide NRP	31	97	0.86352108202562528	0.84619190978314018	0.73693320807271923	0.066081436885770797	0.056857640644470277	0.081386946912189728	0.82082887649890668	0.85594418707439079	0.54428634577517054	0.12090862717018834	0.075290193835936672	0.13805854972777476	0.83889270938635774	0.85405539286587207	0.62625591205308695	0.093337803849189493	0.067627861714237736	0.12645585093608258
BGC0002442	RiPP	11	117	0.92770471282708156	0.92714277200909756	0.81807848300035557	0.050229726691648942	0.029483609944475919	0.066582045500610754	0.67319650473673875	0.6028761196333321	0.42920053664066815	0.19877473704307611	0.14101853958933011	0.27180629499293707	0.93495480088708971	0.93251082128808949	0.83390299796875877	0.045024477309845601	0.026509718353543564	0.056535419113434515
BGC0002443	Polyketide	23	105	0.90403264721316157	0.89232427094842204	0.83942375149437065	0.048064430684330466	0.039169224297121399	0.062435710900929919	0.82116187673810526	0.85758553490289002	0.55414569204434438	0.13641095398030131	0.074731140822450512	0.17420988375506019	0.91244699413498542	0.91949192610812958	0.82589121927036868	0.047003255177676631	0.035663005162322459	0.067967233218847456
BGC0002444	Terpene	1	127	0.89898117242278208	0.91126891145976396	0.83193411925288274	0.03920641608575709	0.041378204006313493	0.052782904566161637	0.29869915697430977	0.21837752795499549	-0.26407268207852869	0.44766186666186691	0.3493067281609889	0.53486723822596582	0.90004226517111385	0.91281615138437244	0.83271403360690321	0.039347138792026129	0.040934745862578968	0.052238634936952244
BGC0002445	Terpene	5	123	0.92892466228119397	0.93625943676163059	0.84945647864828167	0.041132890051358721	0.028982777949303505	0.065039415827790936	0.87883037487728299	0.89641903354266295	0.73058233367151293	0.06838056556925412	0.04970573409513783	0.096212700410887808	0.9274007966122827	0.93715921313209083	0.84791093985261812	0.041225302538343472	0.029627885994693171	0.065483321562189056
BGC0002446	Polyketide	16	112	0.9806500964996312	0.98376468951263774	0.94295945735485698	0.016389080094025146	0.0077832383117073297	0.019189699399418836	0.93354903867803785	0.94426772695256533	0.84366938620367282	0.037811466917650027	0.027069030856844069	0.044416034277954375	0.98191783749390071	0.98355290708314813	0.94744462630962734	0.015310122429677098	0.0072679548530644403	0.018374594977693781
BGC0002447	RiPP	10	118	0.7407009465150497	0.75296415119011251	0.57580231785172631	0.09463260094021049	0.11396466732764698	0.18611519073046101	0.44965412864009469	0.35714066919118309	-0.14875879458896549	0.372384679866334	0.28441428186202267	0.70592676389349629	0.73936220754403847	0.74273829951150627	0.59655862847112218	0.0951521210512868	0.11425001240123074	0.17309450994694497
BGC0002448	NRP	40	88	0.95883189630537458	0.94936219230640595	0.93419766657859582	0.024761709040210425	0.016605202432597332	0.029392209961616844	0.95674951299534994	0.94554221086929502	0.93176937997833553	0.025613007438674184	0.017513836239977487	0.03426118925230992	0.956747432056401	0.94630296551561988	0.92846729840026676	0.02601233724939446	0.017471352348896695	0.030698177234292467
BGC0002449	Other	11	117	0.83665502540301995	0.81016490043695399	0.73363374439200146	0.083171371500770988	0.067706374832630895	0.12241589852990209	0.8406134720742513	0.83794850589305625	0.75420450004168149	0.058896046407329816	0.066045636624630963	0.085255212355144105	0.82899629611973025	0.80064331611241857	0.72788294491705396	0.088754782987824687	0.07100182278053932	0.12880419932869314
BGC0002450	Other	16	112	0.79897738152541908	0.7774659445150387	0.61428296457764842	0.12920682905993996	0.085588530210770244	0.22328079265408574	0.78508759056583144	0.76941233754053262	0.64572540310071447	0.11269781106433127	0.092192923908353985	0.18788070265057144	0.79849556739978556	0.77848046011928629	0.60943947033897994	0.13322319985383077	0.085747116282869754	0.22996381566325308
BGC0002451	Polyketide	11	117	0.97385277126215042	0.97536571859964249	0.94146246404340017	0.016660983272465589	0.010519846162483826	0.02109974112750701	0.94467078279995476	0.96215137290660047	0.84241224856841723	0.049577292316319077	0.022848538276107489	0.073837131179681936	0.96645900750028646	0.97062349318694174	0.92150189428886986	0.022983667301603557	0.013514719948374743	0.027830016103383648
BGC0002452	Polyketide	51	77	0.99322209170429931	0.9918738767458779	0.98990500688269778	0.0028416958622699976	0.0027153697616110863	0.0035949985666401396	0.99181277477036223	0.9921723388302095	0.98569582768916297	0.0032582313821475917	0.0032804513547011636	0.0052011290728648518	0.99231286549338926	0.99282951924441809	0.98502438538650361	0.0041642221598179579	0.0030813578963786448	0.0052096239158616608
BGC0002453	Polyketide	36	92	0.97216401168026834	0.97832874569953432	0.94337389927673709	0.016054154995749723	0.011207815342172921	0.022866718943777564	0.97496527073696482	0.98437251677376336	0.94179339055659661	0.018923732940662422	0.010080247538171095	0.027971656742001305	0.96066691501911328	0.97100257897077791	0.90456136061077674	0.029286517852952013	0.015872070056014143	0.039581337732893407
BGC0002454	Polyketide	21	107	0.95266007201517611	0.97743485562991572	0.88331451068957068	0.044346587365722764	0.019230569477009896	0.054725252646942169	0.88266331582368751	0.91928874959614881	0.74216782763264877	0.08802642001241022	0.048444860783712421	0.13696608743550909	0.9476915730926706	0.98117038056310513	0.87057007884286042	0.052886491519506293	0.021235509134796549	0.065657286149688132
BGC0002455	Polyketide	46	82	0.95146073224161665	0.95400858575848058	0.90896745930883638	0.026411030342649099	0.019649729146761663	0.041253545289272942	0.897484317950482	0.93216644323658859	0.7715847212671233	0.085286847375651925	0.041950365222496358	0.12566785574442485	0.96514857949357791	0.96631103844637034	0.94321083153817786	0.01366147611156269	0.014071543062443782	0.018407868994638088
BGC0002456	Polyketide NRP	18	110	0.98324866371703101	0.98603445125254585	0.95215332598727787	0.013974536570673487	0.0067269634378988256	0.016672389852609104	0.97942759135114554	0.98332064128057928	0.95427162283532119	0.010856357710847911	0.008265414799026826	0.014741114216445306	0.98032481277219785	0.98510064794821006	0.94203837741206775	0.017933522290297564	0.0079077101680259838	0.021918714514277737
BGC0002457	NRP	16	112	0.80671292440476827	0.89208819793694061	0.56581300947062108	0.1578225332220862	0.084981536535441049	0.17376377278563937	0.49322591617657724	0.49449419203048794	0.19380843810093135	0.18417825525888154	0.23584788737059284	0.40710703984649266	0.81960169836135788	0.93548661338912098	0.55114543071490751	0.17533063921842784	0.078677894807095153	0.19206006159773759
BGC0002458	NRP	3	125	0.84338523285154332	0.84798235147006595	0.66043740960552888	0.095505726568093849	0.065465513882887946	0.14437110912445517	0.76161550888586105	0.75053081955572576	0.61528069498327376	0.10497822427818884	0.10049188377597565	0.15062498763672727	0.8415888826684732	0.8478761297265075	0.65411618948537642	0.097710605928627736	0.066261921022983297	0.14968150300504712
BGC0002460	Alkaloid	25	103	0.92308072081737258	0.92692405293761793	0.82825102323938382	0.046799057223309022	0.031408830343511628	0.065333969365140243	0.84873332688688274	0.84243388919155149	0.72146857738067527	0.090218316519955905	0.062822194735047882	0.13859407939435631	0.9238971477383966	0.91751576557136183	0.84542531422675082	0.04046114743127837	0.03101471487227625	0.054330715299885868
BGC0002461	Polyketide	41	87	0.9506453640132323	0.96006242101156458	0.87352296848016631	0.032289959806962421	0.02003450358837424	0.043817357647152222	0.93556059960473159	0.93932589502043418	0.8703000792434944	0.03861557154008078	0.026209252529626269	0.04585878667583132	0.94551292808933574	0.96075709009769938	0.85510364234473624	0.038443620672930834	0.022146412265431081	0.0561673107271774
BGC0002462	Saccharide	7	121	0.88154469156261128	0.86986847699771197	0.79552167903207294	0.057778969055037155	0.048874786856300645	0.10585740915868735	0.71697794498340295	0.67314910719182319	0.50684668208992023	0.16298347589664516	0.12119649492899982	0.21008197925085925	0.87510559449312009	0.86089163961453319	0.78958843352785235	0.05974542360786414	0.05163730620907301	0.1075248021429196
BGC0002464	Other	8	120	0.86648234091072085	0.91102362683935856	0.68412931585996151	0.098196351097430981	0.054994971786439459	0.14713446408886799	0.77494757934699543	0.81139978757544529	0.51513480161255565	0.14371980586046684	0.094958589584717548	0.24545672357501591	0.86095889066889553	0.90262173904689313	0.66484905158336016	0.10384105168823449	0.057350739477765166	0.15527271305270451
BGC0002465	NRP	8	120	0.9682664305454205	0.9644538032155302	0.94996570838845218	0.018248517744787574	0.01278307354121393	0.022475949602340561	0.84393160783120358	0.88810635539986893	0.60656739944432925	0.12741453107831985	0.064979515572506169	0.16524713574592931	0.97064864068641943	0.96493140766680519	0.95129186145238609	0.016648857474204963	0.011816337230844232	0.02147060306706905
BGC0002466	NRP	20	108	0.97959397300759987	0.9810365993042226	0.95752079641300281	0.010792900917273964	0.0082107796187480091	0.015502898616134297	0.9695917973536794	0.97200350081076881	0.94695606385062747	0.013277507985198443	0.012299111374244331	0.017573031263160788	0.97777950071276953	0.98063018208859809	0.94468359402996194	0.014285455639746756	0.0089561782238811068	0.018063156179279671
BGC0002467	NRP	13	115	0.96900410093877021	0.98130400930826522	0.93481073591490615	0.021723274582053198	0.012506725090510517	0.033982324328286295	0.95847864090490342	0.96531114664392392	0.91302610491382308	0.024944279589518899	0.016768184842452839	0.03952064824052115	0.96892400988418748	0.98075169557764874	0.93399369632650053	0.021852748590337003	0.012542664335069054	0.034035763345174774
BGC0002468	NRP	15	113	0.95674121876957408	0.95888599107776451	0.92786033471899843	0.019056973588075159	0.017533441250706661	0.024523855822025764	0.92831408770598001	0.92046499155399508	0.88912711799934108	0.033748858078126352	0.029473189121685041	0.04373012844078672	0.95844349217610247	0.96018856275984721	0.9289506684898744	0.018188486526661374	0.016825760189379913	0.024364700370767434
BGC0002469	Other	3	125	0.91694548011765653	0.96474347240940861	0.80870354467709704	0.07730819923660659	0.033851155519409981	0.10989372105242423	0.8451124235832348	0.86704704799033605	0.60905419339788103	0.096648772579672276	0.064174522344996945	0.12429252424557635	0.91569007766429755	0.96571694609066183	0.80430831308816053	0.079444122770482239	0.034368827840978722	0.1127105963216396
BGC0002470	Other	21	107	0.92485428966664929	0.93870056582902728	0.82196531984746135	0.048096154395547923	0.030674325979491601	0.061077783295176991	0.8813869685498622	0.92173315116079069	0.71943939151749692	0.076844115529267468	0.048956385162483594	0.11450489327221058	0.92850583890213123	0.93822364527007829	0.83683669165044372	0.044406888046192416	0.029142187080475068	0.056200325611323154
BGC0002471	Other	11	117	0.83946535821616342	0.83112581383564632	0.63111380429015318	0.089623997614254755	0.066828963959949056	0.13854334745912789	0.70174558020096867	0.69131611762786993	0.50370959667473225	0.11421252641913296	0.12791288718164986	0.18645488754278283	0.83962680975318504	0.83107827380058108	0.62455793339627497	0.096124384981921537	0.066835485899962424	0.15453151956830014
BGC0002472	NRP	7	121	0.95670625292444034	0.96735737805856736	0.90244849537243566	0.026361820840232846	0.017591484109332443	0.042561130361957078	0.96362112420636747	0.96482757368298022	0.93570800642807805	0.016179571072204749	0.014663470134390243	0.026513335357405188	0.95441128670437902	0.96757001124929309	0.89595704676565235	0.029407832211348864	0.01855275471108677	0.047457514328234307
BGC0002473	NRP	9	119	0.78046439543025659	0.77826617441320234	0.60386795150268158	0.11509451141190637	0.095786646035820697	0.14463088323771256	0.66595145285701107	0.68051566577000899	0.43118162091485179	0.14118654361762076	0.14883029750446286	0.24665156622249051	0.78127711925906829	0.78356055886742371	0.59607130454685398	0.11553841201913442	0.095357618044582204	0.1409527157539272
BGC0002474	NRP	6	122	0.88723086598078083	0.88090521945992861	0.80909064702928102	0.047255285768315468	0.046254452955188083	0.077367754586172621	0.9001012624362128	0.91362869460527363	0.84273244124611602	0.045555040534411048	0.041326591644479119	0.069012047885345096	0.88197491754726953	0.87354560703528317	0.80279378392414713	0.048367729966921812	0.048451527427653684	0.078864034948010087
BGC0002475	NRP	10	118	0.98400299415786763	0.9858161796150362	0.96298721771990703	0.0083263428314470714	0.0064312635564490071	0.010834291101530003	0.95350045884338142	0.9641125423635456	0.89874663355295725	0.031014320299936678	0.019033538260867244	0.051455350921199572	0.98401033845792951	0.98593317594289442	0.96499111590356579	0.0078050730085955835	0.0064286096865306284	0.010020196306798623
BGC0002476	NRP	10	118	0.76304360872128307	0.78518719223944355	0.43959965701465242	0.14878201120132289	0.099879485361566323	0.22128318928491397	0.58954978749803177	0.63215192256451092	0.051826029709474974	0.23203762877666628	0.1809340701311358	0.32475376014331048	0.77077171593810678	0.79421184513257637	0.4685050892658591	0.14173265007424143	0.096449550856269675	0.21187638280629251
BGC0002477	Polyketide	21	107	0.92743159581506396	0.94374628523166559	0.84209679493204925	0.048479105966569722	0.029578738886028466	0.059683726120049241	0.88751354523269532	0.89167284741222352	0.79384915919287791	0.054597142200172755	0.046176295147773307	0.074695658490148142	0.92123879638244743	0.94548732296778248	0.82385655512449607	0.056929433067858325	0.032154122537821059	0.069059996798827683
BGC0002478	Polyketide	39	89	0.98312316570482694	0.98165914348860728	0.9681649032781009	0.0091674666198336002	0.0067857319972199461	0.012379113586834745	0.94276131986579192	0.96293166140348985	0.86397072887421988	0.052129523133761464	0.023484727909958945	0.076253514247166976	0.98317866201974125	0.98377301685708063	0.96578880373783882	0.0085407149434563595	0.0067577719830281598	0.012582674310333997
BGC0002479	Polyketide NRP Saccharide	28	100	0.97556524768067576	0.97894948753604238	0.95402369980950175	0.013593508012824981	0.0098282045536733469	0.018654126790859871	0.90633162437007686	0.9299260982708818	0.72707716249551424	0.073087071735855935	0.038451809835449734	0.080252743934657533	0.97968623264203347	0.98120733408521033	0.96278246592155348	0.010639032198367425	0.0081631179098565539	0.013062839435614926
BGC0002480	Polyketide NRP	6	122	0.96378027258534049	0.96000291039142027	0.91750545544543627	0.024922357430423044	0.014597093935008475	0.033132761175043601	0.71765225312024072	0.86638181238452505	0.35970129321319111	0.27425487853841013	0.12018971534747333	0.4033649767592512	0.96407546913763187	0.96295400073100534	0.92038943004923013	0.025122316051301882	0.014477264233961739	0.034552682557311365
BGC0002482	Other	10	118	0.8267621950441546	0.85396064577354736	0.69017240322043871	0.075720438914086752	0.072033480034658773	0.10781463405807545	0.75443054579145841	0.80039210208990486	0.52362777715900566	0.11578516763378589	0.10377624932588389	0.16853671702696738	0.83117544848674463	0.85583800920104536	0.70084523696134104	0.072995205447643055	0.070134427967834048	0.10409002287344837
BGC0002483	Polyketide	15	113	0.98926788415650901	0.99399261598047661	0.97493708698863535	0.0089501546198738676	0.004306307920983121	0.012462043152087099	0.9911949141751627	0.9934588183477957	0.98048115473902819	0.0071531434562605379	0.003530313830524978	0.0096975441772926274	0.98685099286019606	0.99347012154809189	0.96950698920262424	0.01160034553337673	0.0052787285101291602	0.015864652674334789
BGC0002484	NRP Polyketide	13	115	0.9768484466011309	0.97865045530411754	0.94047800706151286	0.015445764341423475	0.0093247459019464522	0.016530260162116894	0.9745030754358035	0.98425872660689406	0.94510292252881845	0.023475666876780529	0.010319664102289728	0.034683398410607302	0.97207153310634031	0.97644376214936135	0.92440168581421345	0.019953551645548271	0.011276663707021206	0.022346925037691423
BGC0002485	RiPP Alkaloid	11	117	0.87783572326043502	0.87768335341019665	0.80071322889545127	0.052334493769699654	0.050826613177729164	0.085933289369764854	0.86821922396155882	0.86602405792636072	0.74347346253305613	0.078353127973331271	0.054523227080455539	0.10650940609256843	0.86176260006178274	0.85735936603081164	0.76469587751802903	0.064088459604400225	0.057784677951955896	0.10632488681705998
BGC0002486	RiPP	8	120	0.99665040181158504	0.99621698061372244	0.99590337550443775	0.00087987907033349572	0.0013414381147472288	0.0017407893038464683	0.99273316924202371	0.99121012240249406	0.98857929846623904	0.0035147028284828012	0.0029112237104212289	0.00529632800205182	0.99648792886187232	0.99625781059518692	0.99551604325548537	0.0009746502415779835	0.0014066119110940356	0.0018584846553431067
BGC0002487	Other	9	119	0.62738165712460858	0.90148200894100139	0.070093085329284294	0.39975216971803923	0.1677580084990789	0.50032500260288693	0.56114159196294866	0.77910025950146899	0.12451283707639822	0.35929768964918757	0.20229958290944369	0.4830695295048858	0.62740799718494356	0.90095775620470242	0.064697123316260041	0.40003038036217853	0.16751678937727149	0.50224191807155449
BGC0002488	Other	8	120	0.57630791529758163	0.63258040414488259	0.035762638469260248	0.28186746164715615	0.18852032222891829	0.30540704956058862	0.48860269401098105	0.38791447031990728	0.26902639720939558	0.23602724726999896	0.23331047830866281	0.33082689365305584	0.57814569634225499	0.62708345013606093	0.019140265403308467	0.28757706292353574	0.18766655879884769	0.32027914552900905
BGC0002489	Other	4	124	0.8008467583687251	0.83399666190663191	0.54361311982093286	0.11221401728594341	0.083227162889236816	0.15854685323688344	0.50703415974417321	0.54703475534585888	0.17658871645975618	0.26389481522065222	0.22218587444715973	0.49897358447380558	0.80307791611490165	0.83221426698398715	0.54507450263724067	0.11043652730926409	0.082245939382451463	0.15258695953187373
BGC0002490	Other	6	122	0.80267774482887899	0.80167926406779322	0.65962145410347073	0.078853899681786355	0.082553070225493033	0.11470316412223525	0.63274077154938968	0.62608701902370389	0.4726823279346109	0.11797550761927289	0.16021086459257217	0.22302484958314894	0.80368279446471202	0.80401792082752332	0.66128028275690232	0.078534438407476814	0.082123473173826594	0.11310048726857957
BGC0002491	NRP	11	117	0.96555886082608244	0.96459253748679674	0.91989515722314785	0.022406472518619429	0.013927691674048327	0.02937226970656226	0.93205584159818466	0.97804672394186021	0.84343341507387226	0.06966397342202145	0.027734831885122602	0.10204829458568299	0.96375108280683575	0.96384615999783807	0.91560022370462801	0.023981965435720478	0.014690349490350595	0.034882714537255
BGC0002492	NRP	9	119	0.95334623520269113	0.96241927198139399	0.90147013006590093	0.032341491940373626	0.018869487599706369	0.047209984505431013	0.89476175190668639	0.88718443152871895	0.78681369207652241	0.079905604427932708	0.04317030073063708	0.095600317662515311	0.95537750444409486	0.96037638840723161	0.90942773747565386	0.029354593263403693	0.01803629044899515	0.043692198172084917
BGC0002493	NRP	4	124	0.78735118901307599	0.77325630928100275	0.64011132736602905	0.10889041653057271	0.089561059511702679	0.20011532415987476	0.42405768371568237	0.54332874098359385	-0.15293082146394499	0.38126051298072505	0.28363352971394284	0.83515345188721701	0.79352341299270268	0.77585305128403714	0.6586831574878157	0.099794666456455405	0.086760098089673304	0.18534386119674973
BGC0002494	NRP	11	117	0.90601092219813606	0.8998107903505419	0.83873655467573016	0.0461437510939594	0.038397403982432451	0.065892559043556065	0.74405991520205028	0.7616097450407574	0.43658819109250774	0.13905834793200164	0.1087615919862148	0.22855350342020286	0.91042083783646588	0.90488078396117499	0.83668553782669364	0.046808855053429792	0.036561196802786203	0.067208230008979575
BGC0002495	NRP	12	116	0.97780399906090421	0.98275044249455257	0.94505926453455114	0.014196025754333175	0.0089817922868532518	0.017937837306380988	0.98035894530184142	0.98130255768637009	0.96865999639303879	0.0082885407851063207	0.0078922751573893279	0.013120539087399408	0.97563322568373678	0.98226919264992796	0.93708045402894702	0.016547718538692132	0.0098826710323795634	0.020896842644475666
BGC0002496	NRP	14	114	0.78167488449454647	0.7944016275858119	0.64357559189668334	0.069272501258093991	0.09176402109527633	0.14903146376988308	0.6176765310682627	0.60446846922496145	0.37492788935818039	0.15235120737316651	0.16823108724883779	0.31653172823089459	0.78685332939361896	0.78900468731357765	0.66108555326323604	0.065511122106135022	0.089472021449488626	0.13737423577349583
BGC0002497	Other	44	84	0.98790054068182054	0.98764547402123348	0.9806852899887698	0.004996317195873983	0.0048559549094298491	0.0079934963485712718	0.9470578297032638	0.94286893949450079	0.89947713805474394	0.029445585975692263	0.02148280885438163	0.04536476148672175	0.99567294072254242	0.99567428351739196	0.99290049216408682	0.001563451142314577	0.0017326413429661792	0.0025942938632818047
BGC0002498	Other	49	79	0.98091280727095076	0.98161477649800921	0.96837501646120405	0.0078726112354956367	0.007664518322127889	0.011837049138654021	0.94339416766267181	0.95674720876649266	0.85204395552849055	0.041243030453284681	0.022924940132057769	0.053254576844155022	0.98700497469210313	0.98863681356945377	0.97616764434437797	0.0060043239778405852	0.005212049674591079	0.0083816431402180536
BGC0002499	Polyketide NRP	24	104	0.93414204947494484	0.92944668339946945	0.86504049159687646	0.037573776027357973	0.026746241438388128	0.053322468162830483	0.90815008598834202	0.90355477402789042	0.82258486436778344	0.044482901369605976	0.03746485701994566	0.069761915357936521	0.93006184722228125	0.92186307020357616	0.86793772973176364	0.039830003022566361	0.028449313324874725	0.05711522346625364
BGC0002500	Polyketide	16	112	0.96027889440949254	0.97688412330701191	0.89943482852859102	0.035873162622018999	0.016024993220262119	0.049300350273872251	0.94040650256779246	0.94170070658380012	0.89492449906575677	0.033615225557198654	0.024159818053729843	0.052878396599421951	0.95928779335035497	0.97924352814767812	0.89620721353272637	0.038390207786570485	0.01642768333236715	0.052298114170362231
BGC0002501	Alkaloid	26	102	0.96300336918558549	0.97711977628139279	0.91635124617735164	0.027999241924026919	0.014925686393644689	0.035746946753190789	0.96887791856883898	0.97234605701806798	0.92315482384716918	0.02409094722693839	0.012535473590384316	0.028174004439358469	0.95868048771180558	0.97346176291729858	0.91105352938750295	0.030869358659083895	0.016687162372724142	0.039701803501856481
BGC0002502	Polyketide	16	112	0.98048704297213118	0.98360622303787593	0.96782753491531448	0.009171299906246792	0.0078437040948128537	0.013673157771285749	0.98511304193602156	0.98732328902170063	0.96221339291504415	0.0099215572535159384	0.0059851133039988012	0.011538785980413357	0.97772104869265752	0.98182186944886141	0.96191717555025558	0.010263545764110781	0.0089601352278413371	0.015111839761110191
BGC0002503	NRP Polyketide	12	116	0.97141536526100614	0.96948344463659142	0.95797506723623582	0.0093991228552132468	0.011533180301295909	0.018395379185835337	0.9711993298399404	0.97378705978103342	0.95116140308639319	0.01212329380462604	0.011594316914623403	0.021164271054762041	0.96873118099998989	0.96771831356053095	0.95301787430653595	0.011148566294030517	0.012632281577973803	0.021556565582335763
BGC0002504	Polyketide	22	106	0.99124039933273345	0.99163657140311057	0.9850717086127625	0.0032122277321982168	0.0035165854159793009	0.0056056225054402775	0.96023363823411234	0.97313621999377853	0.91382504193917358	0.029878026937269757	0.016176903668184715	0.047157264614093086	0.99181597484557693	0.99153753916782361	0.98667737194978322	0.0029170087816509272	0.0032837254487947829	0.0047779525285670532
BGC0002505	Polyketide NRP	7	121	0.98588852416714556	0.98708845898641129	0.97430707600714384	0.0065382934964060453	0.0056621493126922436	0.0099823679585080427	0.99055702698501613	0.98912952977131552	0.98516113897146462	0.0041330242371944515	0.003785923985418349	0.0068909108005756892	0.98517988556268887	0.98620952515206461	0.97287177276271186	0.0068611364201003749	0.0059472679912618617	0.010291712556749766
BGC0002506	Polyketide	23	105	0.97552057921321911	0.9787239064286023	0.94747855738867781	0.013473507750282538	0.0098568128490438278	0.018233473769886488	0.87453712351173285	0.88485575551096607	0.71005193960906388	0.082043751528733083	0.051958475069044871	0.13331601061611964	0.97524194233275208	0.97910891708487435	0.95762241790949565	0.012509215501159101	0.0099675742404678139	0.01778129496115588
BGC0002507	Polyketide	6	122	0.95908222992449554	0.96906839849819804	0.89865331403618065	0.033922956392473398	0.016506275808634018	0.043266012238709517	0.9686417579298302	0.96709448943665555	0.9403060299923004	0.018597314959404209	0.012625554970582532	0.023117917531499721	0.9575155269469201	0.96960772138206042	0.89341423233564599	0.035749368949576379	0.01714529800224749	0.045703507006502386
BGC0002508	Alkaloid	11	117	0.88306061491491195	0.90979389866605975	0.74044011696373746	0.070239263590120699	0.04793223294331321	0.083257866857136875	0.88171511354314647	0.89353661490096781	0.74352249471805998	0.068801156886244635	0.048596273148766134	0.10141548734846872	0.87390918154023078	0.89643660180594931	0.71782097592363092	0.078051141208651087	0.051785396694786948	0.096024120876663788
BGC0002509	NRP	9	119	0.92558068380435521	0.93778867953216549	0.82905249572645701	0.054345201588367961	0.030520304897650275	0.087050394130082198	0.8437236996104851	0.88117782813901524	0.6773099100494574	0.082382134821695527	0.06546272940974307	0.12369463753854226	0.92689819731376466	0.93826684963327911	0.83026199899552711	0.054868524158488086	0.029990645791007096	0.08706984846099397
BGC0002510	Polyketide	14	114	0.880907640662975	0.85736246485779422	0.78922002750242704	0.077660744635978371	0.048997777582878668	0.10189438364638759	0.84782358263491753	0.84554829269063347	0.73035317204279104	0.071217643503546313	0.063407284619656792	0.092610545136277311	0.88033684034117188	0.85458359332172318	0.77855060575731794	0.078390981569419343	0.049217802685966226	0.1033203305384558
BGC0002512	NRP	6	122	0.98293694389898401	0.98573092248703764	0.96939202177398176	0.007779925716145831	0.0068492270109525412	0.0088907642331774728	0.93684316427051573	0.93609343022557323	0.86293052521953673	0.038376414967297601	0.02563676333111593	0.058046099483122782	0.98254108256088446	0.98622645729356906	0.96976732483482742	0.0082609546000906951	0.0070086474451160228	0.009482700756739848
BGC0002514	Polyketide	15	113	0.99105139789081842	0.99270067911778048	0.97781288109698816	0.0057411382528197883	0.0035873692024730231	0.0068018065697574848	0.96916658138483547	0.97803240021954863	0.92187696086590942	0.026575228740580676	0.012468705287478343	0.038321320252949098	0.99142059536259952	0.99316157422295814	0.98178244420923089	0.0050905609441462335	0.0034389358800049896	0.0064595838616591239
BGC0002515	Polyketide	5	123	0.94191027651530901	0.95259390437965541	0.87341527504022953	0.033719013458942369	0.023552265625878553	0.048801145071365792	0.82358527825249861	0.84814901649699248	0.59751293354277712	0.11385214505736366	0.075109213140378689	0.14099689169271645	0.94477404712387913	0.95376005295600286	0.88270586958593911	0.031424345369120081	0.022371446797746053	0.046896052549907474
BGC0002517	Polyketide	25	103	0.95813748181779079	0.9763827109269505	0.89828765998514692	0.035108749388006594	0.01690544879902256	0.044120442726730102	0.91158195995698588	0.94523273840769606	0.82916675503282389	0.067029400509878878	0.036270508885112872	0.10890013992034897	0.95751451148377387	0.98242432990529982	0.88392427599892565	0.042427193490283878	0.017144065259795414	0.053721155559076861
BGC0002518	NRP	2	126	0.97215573396705146	0.97404074936951823	0.94138349880974248	0.015591060005496126	0.011224828110571327	0.018159751867715568	0.88249786574942668	0.88448562906239658	0.76180181811739611	0.067931498405449139	0.048833251482074645	0.075091300341921796	0.97223575446200383	0.97403796984164559	0.94199305591991411	0.015444083491371533	0.011191632535196106	0.018247497919492539
BGC0002520	Polyketide	59	69	0.97464797844536055	0.98013642051066108	0.94512020495244642	0.01645401469778536	0.010203769677206754	0.021764771732647348	0.93334338833269714	0.95870716646423326	0.83841976516784644	0.054259560694971537	0.027166250499632193	0.067952740120141075	0.98548779307509748	0.98602905523638573	0.97327918359380294	0.0066745375164314969	0.0058251167159642627	0.0097470868647456799
BGC0002521	NRP	9	119	0.97255481526887078	0.97193721854723925	0.95271893990879208	0.0085496935921428319	0.011045017883013042	0.016751257176085388	0.91537256733489003	0.94548558657587223	0.79786280671004539	0.061571241662788344	0.034574223897914133	0.083997576009601782	0.97156533526475486	0.97095685128936093	0.95001733559189327	0.0095792988631780915	0.011444954483757375	0.01755333756983779
BGC0002522	NRP	8	120	0.99053767510098711	0.99299492690659474	0.97909698962463321	0.0057168002418760428	0.0037923226841884094	0.0084038591207762359	0.97577441583505353	0.97217005878418972	0.95410757018589687	0.012008778024378627	0.0097917001459810974	0.018711487929278126	0.99012998547556363	0.99259009030416712	0.97765670199958321	0.005963742181169151	0.0039561847585989126	0.0085875105185114764
BGC0002523	NRP	56	72	0.98319259975084383	0.98514863381352336	0.96875338275971212	0.0074462377845054863	0.0067547694745542005	0.010718119567702189	0.94724654382907869	0.9528536763465103	0.90875004307699137	0.028128668113505912	0.021388856124787158	0.039411319522207999	0.99070968807191961	0.99116681219034752	0.98052979576346166	0.0054432734844927838	0.00372450031668885	0.0070682993317707776
BGC0002524	NRP	7	121	0.75102707826451609	0.75279702648773683	0.54746658265893233	0.10866049272795208	0.10639455680665173	0.19471037748708619	0.45747265194480458	0.50744492222269988	0.0041118867568854132	0.24051787953961307	0.25181451220772466	0.4316305351192965	0.74167436883433835	0.74313043344732588	0.5317860099825934	0.11485252863181941	0.11064273138768306	0.20444904586230506
BGC0002525	Polyketide	7	121	0.94036155939920385	0.98225774646905162	0.83593456736527516	0.066304923210660213	0.024149443454013243	0.082856719217866526	0.94098547465562576	0.99508310428379554	0.84627767921326291	0.071749028096156922	0.023977801254568432	0.086382142220003177	0.93940702623290639	0.98018573374741769	0.83351755251738324	0.066706037906711271	0.024539651082276979	0.083389032402290564
BGC0002526	Polyketide	41	87	0.95565994718703851	0.95783193623929885	0.91503776836317918	0.026190969101241555	0.017900888178914574	0.038496422990307755	0.88973880437968622	0.89593275367269998	0.78658891354295624	0.046164451212045834	0.045352877370952019	0.067712638638410705	0.96674728650620145	0.97139934333843314	0.92293362177859417	0.023043215260579897	0.013394694044028798	0.032222315596895368
BGC0002527	Other	7	121	0.90923165273334483	0.90986892761940052	0.78380928490339041	0.063189351604458988	0.037184079083357947	0.093373604008314293	0.87185776203276522	0.94134019082657505	0.722880295157173	0.1189711705972409	0.052943882600025451	0.18239000104101288	0.90788533073267852	0.9098382043916341	0.77979892356756575	0.062963652232154013	0.037746487941314452	0.090639763665649076
BGC0002528	NRP	8	120	0.95859635123388909	0.97159806541500482	0.91352384907317219	0.030678799537063383	0.016738870441416198	0.045497705248664033	0.89293340339188576	0.90369384860320845	0.817620119015256	0.048360635765283523	0.044297971719673021	0.072394793914231981	0.95746261057343918	0.97044198315685914	0.90750470835680697	0.032233879677943666	0.017202900583380299	0.047058510356720595
BGC0002529	NRP	5	123	0.98876966533762689	0.98900998840291054	0.97932849739807504	0.0058938165448486797	0.0045138251787971038	0.0072211137990784158	0.98248038259598225	0.98436695503843608	0.95972955456063114	0.010931531259375607	0.007037535877598167	0.013768596703513492	0.98852003580263437	0.98858279095121482	0.97987275568777632	0.0059368842859525974	0.0046151972043382283	0.0076745854749679099
BGC0002530	NRP	3	125	0.72147269262027425	0.66820453337461494	0.56416296181951731	0.1547907058587209	0.11910364004988779	0.26537125550724983	0.63869309711214539	0.65331009808639551	0.24810347187683773	0.20379984383867528	0.15786640986229108	0.37661373208300419	0.71796483128571831	0.66315562466286804	0.5605594188436589	0.15689473024836958	0.120659073706145	0.26767759186768092
BGC0002531	NRP	12	116	0.77414109147513588	0.79993633576594236	0.51276736792588851	0.12219161893263127	0.096036185381124725	0.1536396108274658	0.60052691484789533	0.57326118621627842	0.26738990694212617	0.23256678706740827	0.18404419292460719	0.27740880780453103	0.7738435497969427	0.79251207603149187	0.51117448514265695	0.12108545202834474	0.096031852368450354	0.15410824444459603
BGC0002532	NRP Polyketide	20	108	0.99219935257492931	0.99185215890685208	0.9849931732072148	0.0050022178002317851	0.0031286629433658676	0.005904003065000607	0.99149390627336109	0.99117642356493552	0.98468118548225703	0.0050410199516285857	0.0034105033606480982	0.0057794375146069665	0.99209747136121662	0.99192418891663281	0.98482165133165123	0.00517077215807698	0.0031699505448314234	0.0060706501024574422
BGC0002533	NRP Polyketide	16	112	0.98364685058083623	0.98849339335203457	0.96348035874724958	0.013513940552657493	0.0065657453685925571	0.0190731078880787	0.98823058966102972	0.9943269859053101	0.97108905512902255	0.01029872166677563	0.0047452069916719573	0.015040472496657187	0.98108538184733729	0.98645608987208133	0.95641432891428657	0.015847316905158074	0.0075959927914069914	0.021882324849566537
BGC0002535	NRP	8	120	0.96151831361618734	0.9754535167206424	0.91847764712018964	0.033048738312789101	0.015588358356600241	0.049281899768787607	0.91987744605306143	0.92812844353970392	0.84768196845068777	0.04958998109071526	0.032628885420635204	0.072979004190597885	0.96146000574513812	0.97367534040514769	0.91893598400398058	0.032381024273608588	0.015621936058328378	0.048749742524302309
BGC0002536	NRP	20	108	0.8870125195589893	0.89830724705816622	0.77688036150821815	0.052782277661364098	0.046273069444287572	0.080090251132164725	0.68977788890043668	0.6402829847084528	0.40320429361655813	0.20188983749272901	0.13345824624408614	0.21646612045445246	0.89395599616087451	0.90086493001311885	0.80526492300799457	0.048377966971116723	0.043358765262765123	0.068006599948490121
BGC0002537	Polyketide Terpene	12	116	0.96276493430719479	0.98004075601800711	0.91614488384338788	0.032985649180494403	0.015027935234112055	0.047105690352369667	0.97641721422574135	0.97743773178327387	0.95460127678294771	0.011921473268513635	0.0094886701289228718	0.017720695393049324	0.96010121452583452	0.97963139159538037	0.90671835220986841	0.036277529580703294	0.016112151867100265	0.051423620109644297
BGC0002538	Polyketide	3	125	0.97210633486188591	0.97481706996785222	0.9533216968763174	0.011908841625458993	0.011222378341665108	0.014063984155418874	0.96300382245271687	0.96549136887980291	0.93770342816621877	0.015151987048949163	0.014913746025223152	0.021246802904871465	0.97196221959756313	0.97491940649490672	0.95262154546945832	0.012109051747268496	0.011280684513468642	0.014458413717274632
BGC0002539	Alkaloid	12	116	0.97020816909489105	0.97438778274387927	0.94623040291302229	0.016651249425542393	0.011999893332199574	0.019538157423557467	0.96721649974309454	0.96408526654692395	0.94913968492986289	0.015248231656104335	0.013238890338861076	0.018394103075530244	0.96938888348780894	0.97535047519193463	0.9426206268618198	0.017932326774931864	0.012332223416606891	0.020915613107556741
BGC0002540	Polyketide	20	108	0.97406597113170168	0.9756908374485509	0.94879964830736419	0.01366527364643655	0.010440076819379996	0.021636696933082566	0.94697784797164553	0.9565202727332649	0.88212858094700597	0.03393229006937739	0.021443389569529448	0.045881600744121842	0.97241080472683483	0.97788811352883653	0.94655088209223903	0.017050838278781646	0.011111749031990147	0.026928353507966518
BGC0002541	Other	59	69	0.98320235292795899	0.98509859428867652	0.96685173751170339	0.008872118552089912	0.0067421482733424744	0.0095938296790659683	0.9695958601986181	0.96445732414988461	0.94421342417780829	0.018467132900918139	0.01223718617062588	0.026293134347355918	0.96929550752348492	0.97604165539312937	0.92580435233612746	0.021490424553098741	0.012358365100784252	0.02358275915796415
BGC0002542	Polyketide NRP	11	117	0.99165925599621352	0.99232602718492258	0.98701045572060742	0.0031028720538575504	0.0033421574821319356	0.0047624891158521976	0.96909324187945867	0.97908010314199223	0.92137182794244865	0.025641400606780478	0.012479261615075399	0.035913083070280627	0.99213274528010709	0.99242029150327493	0.98792455117447975	0.0031597043689367901	0.0031521292552870285	0.0050327748890240942
BGC0002543	NRP	15	113	0.94283004357679956	0.94788148251008919	0.90022513616696909	0.030173185599136662	0.023206912485962738	0.043574098484514989	0.96262996896659414	0.96824855759951367	0.93094510507449546	0.017651581822221169	0.015068274795933445	0.023449748287306393	0.93703840322417808	0.93833271174489652	0.89163850924192734	0.033972542438398624	0.025613003811966673	0.047770495780989797
BGC0002544	NRP	18	110	0.95339407096312434	0.96050375399346932	0.90988984348661972	0.022996861337723329	0.01887626879955031	0.037594408780700639	0.9148565345337174	0.89784610724361524	0.84959541669201011	0.052890593086284812	0.035163476621915435	0.051323306988992567	0.95393787538111974	0.96204710094661161	0.91637626402658801	0.022663091042756319	0.018648382565509693	0.03836978678247327
BGC0002545	Polyketide	31	97	0.96491058820108244	0.96445590211227294	0.93318932030616519	0.01774361907984235	0.014155076009635347	0.025460249806090296	0.93496618104595597	0.94237241146244766	0.87343601703046381	0.030939365243614625	0.026474060633599472	0.049636780247208523	0.96688143636820867	0.96510596535964643	0.94265217986038152	0.017127449472720439	0.013347355160447761	0.022588724021351259
BGC0002546	NRP Polyketide	11	117	0.98254036387648558	0.98306656957623795	0.96548633651770788	0.0094566246742141084	0.0070142877141587288	0.013237143063581813	0.95568180404160363	0.95352408709278813	0.91101787979919069	0.02188699502161438	0.017893890381957121	0.030256574299581618	0.98183556291908225	0.98250513750735102	0.96624981134927335	0.0095738036126819248	0.0073004415349225086	0.013448377316520155
BGC0002547	Polyketide	17	111	0.95467596991453907	0.95507225615288149	0.92683550433847472	0.019182696210699089	0.018309833891486393	0.027989157420991506	0.9448948433659764	0.93776098744227843	0.89808354889597408	0.0273908526820884	0.022407440336742846	0.046527644654210998	0.95081133402894946	0.95419996429845777	0.91396141092746097	0.0213144583702288	0.019884769136560697	0.033027709624422585
BGC0002548	NRP	8	120	0.98808538770951826	0.98855920759695504	0.97669928584662635	0.0056156693018651746	0.0047982331806501579	0.0079221417311087228	0.98221469671571404	0.98449925001599192	0.96642464431975938	0.0081038670131268111	0.0071416581154394084	0.012923024052860721	0.98745000457715459	0.9871973105218339	0.97420414815999445	0.0062667293234583889	0.0050587999292321939	0.0091482124109120155
BGC0002550	Polyketide	40	88	0.97846052707623166	0.98344571786707835	0.95089864588353201	0.013921682549779889	0.0086589855956784815	0.019086958159949652	0.96467741866650003	0.96990721955761405	0.92622998181975835	0.01858405970672913	0.014250430935067015	0.026437320969354694	0.9780107898497874	0.98160995280834906	0.94551528125965412	0.015590452771414827	0.0088405980077632899	0.020196621117483549
BGC0002551	Alkaloid RiPP Terpene	10	118	0.65647656202905313	0.65306425949828095	0.43691886097687127	0.14398160482474071	0.15325674435780207	0.24010488494319004	0.52346526622309597	0.5946226587598813	0.12027188179221827	0.22970974328329943	0.21849079812648436	0.43701363582778696	0.65874162070416753	0.65884105200545351	0.42065834108952438	0.14798921443590493	0.1520447313287146	0.25377266611780824
BGC0002552	Polyketide	48	80	0.95686771853811048	0.95626009414513091	0.91721622387967894	0.024102242001211856	0.017456159510033188	0.033081228737045998	0.93951728476745822	0.94588202364995966	0.87651692186702213	0.042623039188528458	0.024501186761191552	0.061557465876827644	0.95468308844863703	0.95668335459115972	0.90543323083002636	0.025513861126033946	0.01839225388588479	0.032141967752106093
BGC0002553	Other	16	112	0.82272586050234098	0.78705682472838046	0.71339833504189221	0.099607602412041113	0.073853089571645714	0.11518712593597291	0.68408950216498365	0.63772862876973313	0.46840791867998177	0.1688009298818729	0.13666953686691019	0.22067518359053151	0.83190401997400742	0.80732231362569062	0.7267289090543706	0.091465654684484476	0.069888824126504628	0.11036349226962694
BGC0002554	Alkaloid	8	120	0.84161206830989244	0.882032187073296	0.59027942481981965	0.099438413656614183	0.065513238459982095	0.1194322555089139	0.83772263120336243	0.86562090925087065	0.62942514010750006	0.092516619619618878	0.067363104420278083	0.1347838677626686	0.83705051231466432	0.88074230311070068	0.58161708800534528	0.10098380767162329	0.067484489618745466	0.12462271525109248
BGC0002555	NRP Polyketide	3	125	0.91955251165994556	0.93047043485655001	0.83427179871263635	0.045600220733011308	0.033356337825705219	0.053877299436652093	0.90290730258978014	0.90779923867039836	0.81104897398679143	0.04232796607346704	0.039921322922664815	0.066695472213461948	0.91759754289118212	0.92742567172636214	0.82773551478061425	0.047126792293187225	0.034195333460712463	0.057150598927391494
BGC0002556	Alkaloid	40	88	0.96766431590600122	0.97169720322696995	0.93976292568418285	0.013823958722837376	0.013023192128679039	0.021645403605376146	0.97101328632711392	0.97416610526646763	0.94908968075203337	0.012959592048493271	0.011665917168984463	0.021295585655599969	0.95665759035641729	0.95822223819327568	0.91618493761166242	0.01870333817556237	0.017503758873396013	0.027824331690899373
BGC0002557	Terpene	6	122	0.97214051092861564	0.97497663889862762	0.93600579937091122	0.015684948896224991	0.011283905940685957	0.02144650927217473	0.98369539972055597	0.98319071763816357	0.97260313324235426	0.0079415458301019398	0.006547955426171437	0.013224987706532243	0.9698295083885542	0.97318584400849806	0.92885528820310359	0.017493709220054086	0.012236506369137224	0.023609167400227782
BGC0002558	Polyketide	34	94	0.9748902326661899	0.97001494185065307	0.96566338484313896	0.01122838183701011	0.010100962249901757	0.011840064165257846	0.96058219976623727	0.95841420633234597	0.93737475805867121	0.018811008864287077	0.015920392612997734	0.022310623932617735	0.97173800089925277	0.96993009973805999	0.95071174220585331	0.015459214966269721	0.011376171925933719	0.015325506164694747
BGC0002559	Polyketide	29	99	0.98845054546909972	0.98806695398641775	0.98281375307772767	0.0043318085177853159	0.0046328319029324437	0.0073600815225419725	0.93945572339260175	0.94158657397432344	0.87877524544476648	0.037944373758161697	0.024551122844316396	0.039923592381236106	0.98972153507461047	0.98963833043557203	0.98424813056275229	0.0043100169805408654	0.0041207468220656237	0.0052338001051205341
BGC0002560	RiPP	10	118	0.94887244189275088	0.99008104786688933	0.85362082101662629	0.05938319427769595	0.020821235597162202	0.082481524007055218	0.8293780757758128	0.93119527261540935	0.48078502020627584	0.18003016448368805	0.072391162630179862	0.27839274455553398	0.95215001910968089	0.9907670785162952	0.86767809337269941	0.055315165091582734	0.019447724838906354	0.076326672614569935
BGC0002561	Alkaloid	16	112	0.83304425775818702	0.83063116709516582	0.72102530761813988	0.093059864589782715	0.069262491613416244	0.14330951465524133	0.68875366491548129	0.69529586443570723	0.4290467090800289	0.18549810775616626	0.13433500712879076	0.28118049548575863	0.84324653591454302	0.82640182140773	0.74296107939757261	0.083661452008139944	0.06487455394397075	0.1264872820784092
BGC0002563	NRP	14	114	0.97986522453463254	0.97872290340749291	0.96492556392725148	0.0088202209484025632	0.0080909693757968745	0.012630572088712766	0.969523223357452	0.98038827665314976	0.93589239583478134	0.022460690793518909	0.012280110527163001	0.032622066688412943	0.97950473061249776	0.98040002740571675	0.9602168933055234	0.0096238995173210141	0.0082356871325383937	0.014520205881940806
BGC0002564	NRP	13	115	0.98312165837361931	0.98425944746288274	0.9694088715618554	0.006806046613709738	0.0067795672790671004	0.011552632069353863	0.9584919495434423	0.95988550705348286	0.93028861545592634	0.01941128786840586	0.016827630076785692	0.029485084150901231	0.98403093960426846	0.98462415943585524	0.97117891683166357	0.0060974688055236304	0.0064125741281206407	0.010591946639384453
BGC0002565	NRP	12	116	0.97321849100316304	0.98035332399750341	0.94292166239958997	0.017049566283616112	0.010773739862987509	0.0214124167849018	0.95995244073932429	0.96988266555036651	0.91544739946554787	0.026664122779807863	0.016150408136268467	0.033530093569312913	0.97374130194502317	0.97920481773330792	0.94511492044167578	0.016322321851581962	0.010563274840965354	0.020619088962026466
BGC0002566	Other	4	124	0.95198912429506655	0.95833109436341335	0.88315592536624732	0.027211996030242588	0.019394460860667297	0.037130735013920058	0.8502645063406451	0.93793345384496152	0.63803700308228728	0.14123873604365467	0.061868063736374171	0.20355521036708424	0.94862971056178635	0.95437619393739181	0.87537706464799148	0.028996262847395489	0.020766017191932294	0.039730929772613388
BGC0002567	Other	9	119	0.97219537607194684	0.97410876783040523	0.94024967230389689	0.013077895573457139	0.01120934189532501	0.018903298661486878	0.74590277662987681	0.85421028698102264	0.41144866790052526	0.20979647972085594	0.10763987824165533	0.2972628733066911	0.97442185983012997	0.97701602670707155	0.95066976421667426	0.012228537751050388	0.010311568280539007	0.019038353601746327
BGC0002568	Other	9	119	0.81034160090725016	0.84157832991566295	0.6396481573375532	0.11056575786767953	0.079107786889353299	0.18024781518627231	0.44198009138936822	0.45767739781176098	-0.10082667995245534	0.31955531973785667	0.26207809313440567	0.48971064570223644	0.82441179923692665	0.8732600718192236	0.65143646341086692	0.11526875215868036	0.07297149714996945	0.18276481242992237
BGC0002569	NRP	15	113	0.96538554747406347	0.9707580183406741	0.92605982985996271	0.022393438372475333	0.014074113204310356	0.032805483624499532	0.95919987132693729	0.96436265029295065	0.92061704132856359	0.025440596570047377	0.016538816993493931	0.042128557344601414	0.9638288563993811	0.96987208259122115	0.92397386682306026	0.023063317542196302	0.01472668272488078	0.032932380746179213
BGC0002570	NRP Polyketide	12	116	0.99351976859160662	0.99334729330694227	0.98795155871427009	0.0034709407051807736	0.0025986301328192241	0.0043130082384705837	0.98746604282277095	0.98874154371658574	0.97143986212446309	0.0088034740529531839	0.0050373684671759286	0.011503290826210488	0.99241560563482789	0.99235577482166437	0.98608430616975218	0.0043144015381383159	0.0030423973307959875	0.005334915085118408
BGC0002571	NRP	63	65	0.8451342781420369	0.86616681806359253	0.65306896468990649	0.084309803242030579	0.06413083799433808	0.12465959222342904	0.77516708016119507	0.85238685728127472	0.39265594178671137	0.18293233444193083	0.09456139580017868	0.26765358096169833	0.84528181074659836	0.84540272114955251	0.72936851978322836	0.076373779457899402	0.063986322856652178	0.12035182502435215
BGC0002572	NRP Polyketide	11	117	0.9760110566796063	0.9856304589025624	0.94688374146526377	0.017638007719299974	0.0096461328902164752	0.02504799967679805	0.97400996311167753	0.97578804665283059	0.95291372501387783	0.012780963760102139	0.010485796989786911	0.016546585762111987	0.97383400940699028	0.9816896313637884	0.93986341787175542	0.018597274369689849	0.010529468891319449	0.026388590704473747
BGC0002573	Other	5	123	0.94883687411869533	0.95159031622244172	0.8914729190916767	0.033352786448850195	0.020702440705317571	0.049443126395311343	0.71507349717584101	0.75040331349126921	0.36279548152093349	0.21361295845986472	0.12158688417095602	0.20531998142179408	0.94639188407768948	0.94507513112026809	0.88062585283389483	0.035267844907526345	0.021709048305579938	0.050704299569663713
BGC0002575	RiPP	10	118	0.85489241301231833	0.84619537428704972	0.68843807017486869	0.091562488452450699	0.06171524523150973	0.1249899382915326	0.7394798194427602	0.78423343550232305	0.48961500779690514	0.15787466761303101	0.11207347489080241	0.19892154825189923	0.85722791619860317	0.84572710285316921	0.70381812086068618	0.086376936770564891	0.060664304082125864	0.12133626920135077
BGC0002576	RiPP	1	127	0.68294391444708547	0.68996251701568223	0.37156195452993446	0.14226411361042268	0.14436589038224704	0.29020180581292609	0.20574066891752527	0.27469699116967317	-0.23471765471025627	0.31765576816710311	0.41924575234664829	0.601044582694089	0.68371953887635395	0.69047428460480154	0.37228520893682282	0.14192001620955411	0.14406519495029713	0.28910885068671255
BGC0002577	RiPP	5	123	0.92156739212886052	0.92597402468649315	0.86560288752553727	0.031413273574532462	0.032295808566047322	0.059622081293159934	0.72322352007766333	0.75132399094272861	0.41437783164620412	0.15689607407968667	0.11767944625397746	0.23363605750226013	0.92006152545585673	0.92424242790129818	0.8586186762166077	0.033235362369776061	0.032955696998526983	0.063696201087676374
BGC0002578	Other	10	118	0.92801469091849587	0.94657168175834805	0.83460278086391426	0.045184074606888426	0.029277403943629966	0.059720865878920115	0.71332208002453623	0.87104729850525497	0.37183640273484975	0.25549593020594941	0.12323826224876774	0.35306645268477932	0.93264366140062349	0.95001065945493735	0.85908343135284759	0.042728842983565544	0.027363084984828468	0.057847810168803471
BGC0002579	RiPP	9	119	0.93925629162215407	0.94276108046716067	0.87242316161050759	0.039493688681041646	0.024889646408027644	0.054690194332025266	0.77059515481830354	0.79992356301820577	0.56433500065111497	0.13472112129918429	0.099095318117232531	0.25006669517791791	0.942886324338714	0.94780256629816906	0.8798365035948772	0.037410762392035807	0.023356891073518748	0.050273223064322581
BGC0002580	RiPP	4	124	0.77864159261047017	0.84052049957478592	0.53587681562678813	0.13766430326895357	0.093156565348957332	0.18846616212663803	0.61871906213269623	0.67830271942746811	0.24349779163382423	0.23904740034264851	0.16752743102870551	0.3725097072167326	0.76949668124044734	0.8359607861686249	0.51611076836457837	0.14758088820442652	0.09727654355444651	0.20197727989431236
BGC0002581	NRP	9	119	0.98465273281895149	0.98864891569829538	0.96452142103008787	0.0084263977794340594	0.0061717818671418899	0.011505499395869867	0.98104899202500651	0.9802174138163986	0.96677084992821594	0.0094783467487577402	0.0076278732041345828	0.014525309920067175	0.98358257229865786	0.98705148697399403	0.96122198521483393	0.0090913002739443742	0.0066043901984971006	0.011992957963269713
BGC0002582	NRP	5	123	0.94014611656828129	0.93600307096342017	0.90537244525500848	0.022593851059562964	0.024388415191331413	0.039074237299155046	0.59440102499266712	0.68523425264543913	0.14742649343418288	0.21097317364391238	0.18747351551302616	0.38248986307637101	0.94232813072728239	0.938907794279082	0.90714478034256163	0.022281881727680718	0.023469035334253551	0.03754678015486046
BGC0002583	RiPP	5	123	0.60132856612265506	0.64977282128757674	0.2962771146696534	0.21852661129247655	0.18470527666093026	0.37269027774706898	0.39842540350769146	0.36741228734700293	-0.14236359640642351	0.32448080740415297	0.2876190108551564	0.47897255928930293	0.60137537831849408	0.63512841877127102	0.30203889306496046	0.21839183486861133	0.18500592334461508	0.37100229503859272
BGC0002584	RiPP	9	119	0.90070035496593215	0.90827548213734666	0.79207960547044132	0.044950151081169697	0.040916161110571322	0.079615530017970837	0.68307075781814386	0.70134619722574465	0.53665591731413953	0.092285985460393169	0.13758802408415255	0.17524375833707551	0.90366469393076287	0.91317327539219872	0.80353114058281316	0.043045806918588177	0.039700899408199028	0.078834871977310539
BGC0002585	Other	16	112	0.91012778477194711	0.92424201908984271	0.78792222647545496	0.056063505889902027	0.036767912254768276	0.080124984569427848	0.70595290848432679	0.84417174992754274	0.29428531842598993	0.25711941656439102	0.12554067771705585	0.38156659435530593	0.91867279923339518	0.92761468021460236	0.83785543925295081	0.040902809165303887	0.033194500455397	0.057648942339671549
BGC0002586	RiPP	13	115	0.96973217320734029	0.96846707932891274	0.95023289221557539	0.012174447933513454	0.012307847284616735	0.021250862981621932	0.72348444089737207	0.95256425893960261	0.26911095855174655	0.32424050184408798	0.1233208582978443	0.55560544757327701	0.97352521479487053	0.96945653626863193	0.96397809257543832	0.0093817668252871179	0.010714811426869452	0.015628673478947808
BGC0002587	Polyketide	31	97	0.96534050266192106	0.97772571942151454	0.91605478436505039	0.024672309268796638	0.013970797479522856	0.033458892985797073	0.94378673894894161	0.93644039085367359	0.89259812674299288	0.03234506572100166	0.022773008462909482	0.046551696573707613	0.96598284872367279	0.97529888889368177	0.92228531842084871	0.022731436653038645	0.013710731322776847	0.031779662063582959
BGC0002588	Other	30	98	0.91268543555678983	0.93058847973115499	0.78321869736582928	0.062901972684972302	0.035810803699816686	0.075293762419599397	0.81962901879908867	0.87461234984498226	0.50564309528197493	0.15398702861467731	0.075128862508973299	0.21248179338978557	0.9288155887665136	0.94702653843178164	0.84313523031541882	0.045093319555141627	0.029053994713355458	0.045750002855057592
BGC0002591	Polyketide Terpene	15	113	0.9237581438235305	0.93744540584151892	0.82989614121368593	0.047534466531937568	0.031147746443359291	0.048065978003729137	0.6971333002936686	0.71051027758020835	0.47301907806708349	0.16084569080840655	0.13352189273546791	0.23193560041879957	0.91941936981208949	0.93607981703087351	0.81038188104594999	0.057764067315959351	0.033084049056305395	0.056847128706200345
BGC0002592	Polyketide	12	116	0.96339212769460425	0.97272357700131296	0.90313115221027263	0.026205332897333407	0.014784861152850848	0.027939359918463635	0.96510088396001081	0.96808991688382717	0.92043625582516952	0.021090325596027762	0.014065796091269234	0.028244619479457445	0.96231855438933833	0.9729176987084327	0.90112848553047509	0.027109874375807592	0.015227244886262658	0.029437588852899044
BGC0002594	Polyketide	9	119	0.98601788484021713	0.98795679234366385	0.96400297173963856	0.0094112783993784161	0.0056099933617727252	0.011951803320408572	0.99149062563677082	0.99306320579094598	0.98361898976659901	0.0048542172480799308	0.0034105566751117646	0.0057547564673275931	0.98517408418439545	0.98756894133208273	0.96163401160210871	0.010171457008144405	0.0059496872292548412	0.01305092791582485
BGC0002596	Polyketide	7	121	0.96672062969761252	0.96568639439365844	0.9490779796283082	0.013319018931056087	0.013473993611275015	0.021679483952782741	0.95826049998588236	0.95390394735936779	0.92927854809579924	0.020417996647500887	0.016913703645977284	0.031480827944275092	0.96661602142838166	0.96567642337277504	0.94834285215803305	0.013516051130945074	0.013516779225475029	0.02187445481414596
BGC0002597	NRP Polyketide	21	107	0.97474209293259073	0.97726842570907457	0.95209721571923001	0.014209056681782527	0.010165786905510999	0.01679727896889871	0.97046973550980398	0.97827244990688345	0.92635583520435638	0.0210531129462087	0.011889361529823627	0.029660985639954562	0.96947424118699654	0.97024245733538583	0.94644094471267337	0.01700665223574108	0.012302575549370975	0.020944039940737347
BGC0002598	Polyketide	5	123	0.98935839661570779	0.99103616017550344	0.97666473142142951	0.006266724974136547	0.0042716738942615295	0.0084349521248572312	0.99414128558687209	0.9945428209989835	0.98930843719859651	0.0027807088914380712	0.0023473948374293173	0.0047079605493692833	0.98886157677827957	0.99066181805693088	0.97590074944135674	0.0066367625887227841	0.0044718935886810304	0.0089379503350469625
BGC0002602	Alkaloid	6	122	0.78958416279260779	0.69154043669721543	0.62886699871737273	0.15711016068193071	0.089222183452345005	0.17018203365919893	0.74593947338170996	0.7134718923615464	0.45271574199151643	0.17873395320613999	0.10943656101817849	0.27926559805775342	0.78510291078148975	0.68353924402178223	0.6204244595497862	0.16071073467395341	0.091139642716166341	0.17164352709478015
BGC0002603	Polyketide	7	121	0.99643161172777239	0.99704158268024212	0.99024079575965485	0.0024536915651507548	0.0014283786741592808	0.0028298958902109872	0.99488562714278328	0.99460437238725918	0.99057431324493772	0.0026658470977067193	0.002047973576538431	0.0036970613950952913	0.99626457814488523	0.996869030936815	0.98967338230483637	0.0025773586192279116	0.001495289623380236	0.0028626369314557198
BGC0002604	Polyketide	6	122	0.94350091770888533	0.96216561141241674	0.86788562279324644	0.038017887896160993	0.022886351215386781	0.048179989529829714	0.9247584370676748	0.9430737545100254	0.80212056828868339	0.059073950435866038	0.03062375242093467	0.07786730308430001	0.94378695140095314	0.96280810371299486	0.8680955934563811	0.037391194117952234	0.022769251510306954	0.047043517656623068
BGC0002605	NRP Polyketide	5	123	0.96882314721602625	0.98453028744524307	0.92209360458800593	0.028243896220142319	0.012551798837610706	0.038539814578744447	0.96899714171607843	0.98924786227150641	0.91732132762108543	0.031617232871119338	0.012480127941277929	0.041478958381749753	0.96857170125050318	0.98366814193296703	0.9217305852456591	0.028123989993115672	0.012653909836787113	0.038478190077231744
BGC0002606	NRP Polyketide	5	123	0.98046831734199158	0.98753114251027752	0.95410477002837257	0.014119688625464021	0.0078511768773459108	0.018558227607772815	0.92219030550219527	0.97925530207031364	0.81256559699317565	0.082526632817061477	0.031735923954612957	0.11681854350899479	0.98151244145920857	0.98842965094712343	0.95724720034130539	0.012935252099546112	0.0074292079761854261	0.016775438943343102
BGC0002607	NRP Polyketide	5	123	0.96226357114158778	0.96596521766681731	0.92651936944801072	0.017892960933276286	0.01522762909274924	0.022174723655272066	0.98199657488036229	0.98453399919972751	0.94389246069600563	0.015690498918017149	0.007228783004226913	0.018334842548633268	0.9598829751278517	0.9647938227679943	0.91976257800013528	0.019548899063951759	0.016197236332131815	0.024290894504907845
BGC0002608	NRP Polyketide	1	127	0.75805424249086095	0.74822272798062017	0.66033606325582328	0.072905957469597063	0.1019834409289736	0.13360578299007153	0.53432803616740898	0.65082967661560409	-0.12333763017297959	0.3457451687414862	0.21093718209040313	0.49561313938866136	0.75836795445744598	0.75130816741727213	0.65826320077439737	0.072502727022665275	0.1018436630939572	0.13441096364517691
BGC0002609	NRP Polyketide	6	122	0.79715544023861074	0.7874747094192277	0.67502096360432795	0.070739691696483337	0.084998450027998843	0.11899541226302568	0.62894096344450401	0.74461010725157561	0.20091380704107062	0.25711241585621009	0.1638893230645842	0.48207186366445398	0.7911657715887821	0.78725240851233091	0.65349424808586576	0.076593400351906996	0.087621912359534163	0.13213119327885769
BGC0002610	Terpene	2	126	0.90018752060098206	0.90569057957088228	0.82325849222476244	0.050521733923039512	0.041980682816138558	0.067233785139612201	0.93310546162560259	0.94778110323149833	0.872785315773286	0.039278885047934926	0.027314295622410521	0.048431211499415427	0.89804562313366643	0.90361280433508218	0.81722359260798505	0.05194994159736193	0.042949200897724783	0.069543089694963811
BGC0002611	NRP	13	115	0.96830389857354504	0.9697095669644985	0.93742500341035195	0.014952654996243311	0.012848594811290614	0.022825305340012592	0.92711123120365946	0.95513451349960565	0.84412631679483352	0.063047152536702095	0.02978938839299048	0.094828575659146375	0.96795650805059918	0.96889457191109707	0.94336065947345527	0.014278990483491258	0.012988002641879026	0.020683036342632577
BGC0002612	Terpene	13	115	0.97955963413676828	0.9852383317130069	0.93693433197239773	0.018266955433924602	0.0082646642792759909	0.019918718597340512	0.97306797498008601	0.98310823193496044	0.92816615309100836	0.025570565717853041	0.010953763882969004	0.03573889288525145	0.97940163737142816	0.98578107898316314	0.93651329252323912	0.018188562020264143	0.0083244154011501877	0.019262123755700911
BGC0002613	NRP Polyketide	12	116	0.99191956131161463	0.9940463048936431	0.97767410611577465	0.006785588991499939	0.0032390392034802097	0.0083347963399418301	0.99134769182123039	0.99129870146891497	0.98335391923114446	0.004207439032485989	0.0034698103093330213	0.0062981817917305838	0.99118402056994204	0.9934162462045677	0.97631783773522307	0.0072333183481838072	0.0035349385888776563	0.0088697834893126659
BGC0002614	NRP Polyketide	10	118	0.97720990587368939	0.98098696122327911	0.94392153024506842	0.018368625299190103	0.0091722956529179493	0.021401937642983482	0.98725065650640453	0.98849422332476045	0.97872986979823551	0.0064296713346622238	0.0051161877098596879	0.010865516207305914	0.9751136376427203	0.97967836453117862	0.93781765720520849	0.020527076567558495	0.010020650287785005	0.023878320330832259
BGC0002615	Terpene	11	117	0.97093540021710179	0.97208459832581917	0.94224986645669728	0.014790089939314672	0.011720237116653954	0.018101192659444654	0.97082690810711525	0.97012704302063413	0.93013796914753288	0.01747504530676491	0.011760568560157992	0.023254032032792193	0.96992074805320738	0.97183796888621377	0.94186031806672688	0.015080782416935307	0.012139023221691869	0.01885931161842791
BGC0002616	Polyketide	7	121	0.9491675804239319	0.96485898429346229	0.88748073082370271	0.035743630209129254	0.020644661882381989	0.056370037542953555	0.96905246414901391	0.975184051864737	0.93246660392521175	0.024285806711986432	0.01248469144559965	0.035180462359916453	0.94627699626291317	0.96258727198626814	0.88235273089802169	0.037412310812301633	0.021834190080010463	0.059515376805960196
BGC0002617	NRP	3	125	0.92921158920803715	0.92966703287651797	0.87361363586258389	0.031807856561002726	0.028910161663648969	0.041320165717751323	0.83202937131538657	0.89915145827448606	0.56496719264359807	0.13916562824126918	0.071040365071484965	0.22784786666001011	0.928755917757492	0.92912852873985552	0.87089848883752907	0.032351167397220465	0.029095725117708571	0.040784733934323025
BGC0002618	Terpene	23	105	0.96079185300648651	0.95746198607845157	0.93557246524152704	0.019046193076333116	0.015830612337762683	0.027414754023701415	0.96474732276818997	0.96368440971970204	0.92987709936580154	0.01902441400423972	0.014223985680929595	0.026420332384008982	0.95773021175175965	0.95462061648675911	0.93122453214141165	0.020052472191285874	0.017076986798367399	0.028285736813553064
BGC0002619	Polyketide	11	117	0.97596831298721798	0.97142562964658874	0.95207872761863788	0.016890231656859041	0.0096965190105916532	0.019334147160361304	0.96964265827081453	0.97272978333099203	0.92647661897548284	0.022236173494250881	0.012275081281830681	0.026328991355262898	0.97625323422495336	0.97149847648439924	0.95408944932675022	0.016541665956549073	0.0095802217010075852	0.018862030128700025
BGC0002620	Other	6	122	0.87532339342322008	0.88974856027980787	0.76183045835928964	0.076802563855855766	0.051213407397761458	0.11513597062682501	0.79528064450359359	0.80936057035320763	0.67349234724921692	0.091445711931358059	0.086411665139364269	0.12452193984471116	0.87427489654193236	0.88982323842200617	0.7583565396741524	0.077713612828909123	0.051647453171717414	0.11687065682313025
BGC0002621	Alkaloid	9	119	0.77917076284689302	0.78673431964016471	0.54557514263297491	0.10110999875778634	0.093349277740949727	0.15957216269427443	0.48177984039009952	0.46164643241349973	0.29108442543882662	0.16158812016115251	0.2353475161686486	0.27288710627837076	0.78275325599637391	0.7987793467500206	0.51915348090048163	0.1097019299305946	0.091848503509369725	0.17233145036848252
BGC0002622	Other	3	125	0.9200867412484095	0.92333761905229417	0.87879990835666522	0.026777660548588059	0.032526457485967983	0.047396142118346862	0.80558805999905214	0.78162213184697715	0.68388904018734697	0.079929878568543389	0.081585184149723822	0.1559315630178203	0.9200930624661583	0.92201507332699228	0.87865040406131723	0.026645386896422856	0.032521424351914699	0.047579506950288009
BGC0002623	NRP Polyketide	7	121	0.98187593135709217	0.99149057081400827	0.94444978867110807	0.017613144281989315	0.0072841049528098219	0.021222785361277641	0.99144426967850074	0.99281524782054009	0.9823722300488672	0.0048690721992123613	0.0034291484922148729	0.0058230607932109324	0.98041627686484178	0.99129448515309737	0.93947195714305975	0.019470268159730356	0.0078743690822414836	0.023333091178798226
BGC0002624	NRP Polyketide	14	114	0.93388859785071232	0.93582606351842912	0.87755879671683168	0.035965203456134007	0.027000250045485296	0.048013314527384887	0.93861725671572616	0.93182830104033976	0.88926902423278287	0.036692486876154798	0.024928684360127538	0.049998368256595427	0.93267711340240511	0.93691333727138804	0.87067477575568408	0.037018319529703803	0.027530629975676034	0.049506973045712055
BGC0002625	NRP Polyketide	11	117	0.98812835787409692	0.99431451748257382	0.96869312177194244	0.010934806805021959	0.0047726405751269182	0.015396714791731547	0.9835813966076461	0.99116875670787075	0.96502234359956851	0.013053530861300412	0.0066030201450012708	0.019643248795530033	0.98784505500003783	0.99381629132493099	0.96719565308002342	0.01114849378242519	0.0048871327678252866	0.015600712815701745
BGC0002626	RiPP	8	120	0.91716022725293112	0.9289658833665897	0.80785232646526273	0.044450566407955701	0.033772623958351143	0.063013223733911383	0.58001518159999699	0.62122998851502675	0.083050538070572305	0.24233391475249996	0.1882518463502893	0.4396325030601661	0.92610431253616332	0.93712585356658606	0.82507154090206347	0.039886100148293052	0.030059120611911915	0.051565372012937871
BGC0002627	RiPP	5	123	0.84989734445028753	0.83224298246785078	0.72470114461706669	0.092026639929889631	0.063242146391862319	0.13249702652687001	0.60452898659049281	0.62546024737919037	0.33187758264710315	0.21697557840430176	0.18215776141137768	0.27965469540149945	0.85463942664676829	0.83577560293759312	0.72610189729560803	0.089998747954391597	0.061111041973624027	0.1276199479112341
BGC0002629	RiPP	7	121	0.79235219601115181	0.8500431577702382	0.57521934131948027	0.1521573586948605	0.087313225150471158	0.24742029125026888	0.85831268516386439	0.84703350127685595	0.75545200477040819	0.077976874995120543	0.058961713806602867	0.11207306165690778	0.78500730869295965	0.85112711126446916	0.55479940731809874	0.16054207625449537	0.090541896291505289	0.25989682534361669
BGC0002630	RiPP	4	124	0.92199439889805956	0.92145394680837245	0.84588754047306125	0.03976832403424068	0.032214437131756937	0.050492801073651061	0.74043956474372241	0.73529081864051193	0.42758664902574273	0.17500620885472629	0.11527978471734746	0.32698994549154659	0.92085404238086799	0.92265662468839404	0.83993867606332728	0.039991511137459336	0.032671002821503037	0.049738331206985786
BGC0002631	RiPP	3	125	0.75336764655275557	0.78097797321580409	0.43014435859114764	0.14814208030672163	0.10438428113517602	0.22377061270589782	0.57694952796918231	0.54570993535997836	0.28689091853157628	0.18460914882905116	0.18824780212455292	0.35785284855140509	0.75219072068042547	0.77839000058449781	0.42465878575562921	0.14979245034192096	0.10489726941480768	0.22488030061535025
BGC0002632	NRP	22	106	0.95694078268287297	0.95476280461597907	0.91096956807361229	0.025447391392267839	0.017522954476272924	0.02688114383631679	0.91863759078906582	0.93228731187048908	0.79295213538326326	0.056387805194694031	0.033468507029382269	0.076487643572167197	0.95703084807784256	0.9578187900908266	0.90404659805693932	0.026197959268488974	0.017495365122118821	0.031671181772230939
BGC0002633	Other	8	120	0.78846902805765506	0.8791139518715787	0.52045019601108733	0.17959368915427165	0.089080064630846542	0.24273343525689706	0.75375998916772902	0.73923213070747429	0.55920438695554808	0.10778952558349308	0.10416529878549996	0.18180166741420278	0.78818569968947139	0.88605764026500911	0.51677528160291464	0.18495240068393082	0.089275411951042785	0.24694733594986051
BGC0002634	Polyketide NRP Other	20	108	0.9704439660130314	0.96914507631638336	0.95184393991620297	0.013925639585690278	0.01189914387708133	0.018181611089944538	0.96445012664820506	0.96555791473545471	0.92019084128794548	0.019638096181915664	0.014354766062634305	0.027182163774958634	0.96886874176071058	0.96859822744277091	0.95150883404950304	0.014340018216216634	0.012534257912330848	0.018221426071170166
BGC0002635	RiPP	6	122	0.99671082585963622	0.99760324381036491	0.99314738051082441	0.0025115246638046924	0.0013169200278641212	0.0036025027715121949	0.977001862828074	0.98499281170659603	0.94036685266230857	0.019360209281893529	0.0092953266334248504	0.026878776327800558	0.99660143325351025	0.99777141870311814	0.99275531629460823	0.0027300660204962494	0.0013609020492312274	0.0038923807954630574
BGC0002636	Polyketide	29	99	0.98303544887546546	0.98539061281819118	0.96836730466785581	0.0087332997048157127	0.0068146048562690801	0.012839457264297582	0.93670578147992845	0.93845973972938768	0.87855129909259932	0.035870154745730215	0.025713254802476194	0.040308471707179994	0.98861030779022419	0.98916332251599526	0.97375315348498359	0.00681877327483911	0.0045694964308884648	0.0085979547719401417
BGC0002637	NRP	29	99	0.97996658443606521	0.98055576481537732	0.96122016698116308	0.0099856164800848062	0.00806087417454413	0.012962631350035392	0.9652558457731043	0.96898810736813434	0.93291043311283917	0.017269682781884385	0.014149272779441802	0.021559559781670457	0.97912202234844758	0.98263350169060282	0.95609275635704027	0.012051213965542752	0.008395356997216363	0.015705541364708031
BGC0002638	NRP	38	90	0.98381811880470738	0.98612852178496091	0.96466803784511768	0.0093256692370697475	0.0064945705460239143	0.013557334898162132	0.98102913529024072	0.98275469065310883	0.96105584454863002	0.010438215197746539	0.0076220763322373038	0.013490912869119298	0.98025840610778625	0.98124434706827657	0.9638385470776808	0.010440078980608945	0.0079306359985283452	0.014749224732074961
BGC0002639	NRP	6	122	0.87710130770823036	0.87687304964963997	0.77555712669198085	0.072760707213939735	0.050887270835377162	0.11697874499062488	0.79172396420343316	0.80462223191767313	0.65069709875898907	0.08636133904380329	0.087572228056544257	0.14768521225978037	0.87448193991756307	0.87406420579257471	0.76749097312234427	0.075811087769577873	0.052058131540352104	0.12240279124501796
BGC0002640	RiPP	2	126	0.87178700679652521	0.89229897054231389	0.65856739973041056	0.10096601198002088	0.05457033112426575	0.16187886005276819	0.91271735708797141	0.92482932528766493	0.84622405129331701	0.037360192782404496	0.036250356243440016	0.058669553728055268	0.86777167334732253	0.89145076113112331	0.64671940297868213	0.10520612114757866	0.0563399348600623	0.16918508101058183
BGC0002641	NRP	7	121	0.95959103027943016	0.95494831155199611	0.93064821577412404	0.021585132000653647	0.016319648564626886	0.021122442586751555	0.90971269939970834	0.9205493203809485	0.81135211673551955	0.052902672336663036	0.036891043048352799	0.071208209728695904	0.95817610123082841	0.95257609555175238	0.93329093191682144	0.022566592896707257	0.016897413945472017	0.02113667057489188
BGC0002642	Alkaloid	44	84	0.95911761979976995	0.96334612658619345	0.92377423561017513	0.026688111516204569	0.016491351700841393	0.039653688086650485	0.91803735529140784	0.92743284839161855	0.87730695884383147	0.028033955767416047	0.033375329818336505	0.049773556624016058	0.95598560524525955	0.96492269493487315	0.89531565886395414	0.033837247949640693	0.017764509933206329	0.046641068180182765
BGC0002643	Alkaloid	6	122	0.76175651503922004	0.78835485275293893	0.54446418320165313	0.12328011685238423	0.10089494390377478	0.17815977521987303	0.81821616230379879	0.82966982298267422	0.63033061231720589	0.11480403651589903	0.076983270370686613	0.19788055972368224	0.75462947261955049	0.78316229088810196	0.53269177936247181	0.12680485081929124	0.10405804940191783	0.18867087402620852
BGC0002644	Other Terpene	3	125	0.84993774266682021	0.94179809878391496	0.63212344786700181	0.14476070247912876	0.062369542757934049	0.18409051278735122	0.85754975613661022	0.92064152579121639	0.69462264740707269	0.11225471960294721	0.061349236856464519	0.12397659854926013	0.84625876866860616	0.93899788100828252	0.61945078198244308	0.14808295328546256	0.063954222106369224	0.18833303065850326
BGC0002645	Other	5	123	0.93352522414960171	0.93486781152814924	0.90998632960395065	0.013469485270659482	0.02700060935382511	0.032334262012683079	0.7380636611815985	0.83934217897127339	0.38393331048125956	0.21670194317664349	0.11203716540408859	0.28883952336741403	0.93608136455331059	0.93681917005242799	0.91180649240345435	0.012546722641174063	0.02594956905357455	0.030278872202805229
BGC0002646	Polyketide	6	122	0.97383921501034632	0.97674895744079104	0.92969131977859987	0.017854294314122457	0.01053105847650646	0.023419132583073932	0.97971384769043213	0.98131822003802383	0.95770406960974108	0.010905310725520107	0.0081536179214200637	0.012320247383258875	0.97320303807619868	0.97657356201892775	0.92758484859982282	0.018604135190488799	0.010788958053908893	0.024575722872044237
BGC0002647	Alkaloid	3	125	0.7370393063624473	0.72428560073450743	0.5689270354745507	0.11848045819726559	0.11228847645180913	0.21526466440903724	0.6833333815797662	0.65658074924000842	0.49192670376423925	0.15300569114854051	0.1362671245752729	0.22375757181141898	0.73203223515417359	0.72123565217631191	0.56352664596384694	0.11961187355953209	0.11457462462749408	0.21809892554203503
BGC0002648	Polyketide	6	122	0.94409054857227326	0.9515255641710928	0.90038487707161141	0.023306750251620035	0.022664618449037978	0.036736653620367932	0.90840218897460456	0.93340449516684987	0.80372616436761701	0.061324628271239294	0.037537613067701203	0.075312731693228496	0.94335218503575891	0.94928311630149076	0.89598242911350168	0.024075743054968245	0.022967925493789742	0.037806189255497391
BGC0002649	NRP Polyketide	24	104	0.97775096482399615	0.98168904593635564	0.95432240861962847	0.012324567836321847	0.0089548399022396415	0.017292513448759039	0.96522828856422438	0.9709397124029564	0.89853104229371217	0.027347674135660787	0.014010294114971057	0.032404776703211402	0.97460700519651522	0.97361403635297949	0.95459013034529527	0.013578833110873141	0.010227309925895444	0.017913772683444629
BGC0002651	Terpene	8	120	0.96494108473372742	0.96935983913972101	0.9105820406844175	0.025986372769414529	0.014308808344649449	0.03910527964012489	0.96451486699118905	0.98119869287836592	0.91504141952555618	0.02727370446057447	0.014493651381488015	0.043357453160990933	0.96357408746774487	0.96758123227362636	0.90548993537355538	0.027191341638791937	0.014867824721735801	0.040429002996866248
BGC0002652	Other Saccharide	34	94	0.92124954520055979	0.94123883009727893	0.84292509969691598	0.048260596604710625	0.032184702323089474	0.068075714347024086	0.84858495848841109	0.88128864215722202	0.66745069296565185	0.086588927678837496	0.062704782857987668	0.11990358363402287	0.92419378250272854	0.92807336546872643	0.81961884627439074	0.047574116203299502	0.030989173313512631	0.057507954835346098
BGC0002653	NRP	5	123	0.9804815274681058	0.9875792176162973	0.95666494890698472	0.013649337099804378	0.0079010275808966586	0.022222526628864481	0.98584463417531631	0.98698361765581999	0.97082585314957637	0.0080784097334767758	0.0056793976591192228	0.012281731564710685	0.97899717700266964	0.98676085902067068	0.95332767808979679	0.015171355629303121	0.0085127471697571851	0.024583786328406854
BGC0002654	NRP	16	112	0.96973244323061869	0.98595441205252743	0.91733482978492464	0.028783442058570082	0.012196319022987723	0.039085334325001941	0.96097611551539597	0.9890827418742093	0.90144052644741024	0.039919206741986311	0.015734154765315811	0.052306859690480212	0.97007221786873055	0.98336788270819597	0.9169846259239941	0.027352298703864967	0.012062303807342079	0.03722870252581123
BGC0002656	Polyketide	29	99	0.63864028906984338	0.71332564613042537	0.16071743291893117	0.21931411676390417	0.15769042085174184	0.31243637591456674	0.6596062579211095	0.63684150722291033	0.39852126306954305	0.16927507976169234	0.14825149748188232	0.20978157708194711	0.59374724299244774	0.6603453932452843	0.091043911752984208	0.23327072763691967	0.17892509864333064	0.36054871195623472
BGC0002657	Polyketide NRP	70	58	0.86559405762179931	0.88491485988325957	0.73513236461212583	0.08878304267042389	0.05537441535270702	0.14375407842528332	0.74882998819052071	0.88071685388518262	0.41403646008001299	0.23475560124261496	0.10766125344685777	0.39209289871053765	0.94044324627390485	0.93788424569466478	0.90338927081279941	0.022163077534650251	0.024120014043819315	0.033134910155911301
BGC0002659	RiPP	5	123	0.91729358348503798	0.91913570366608277	0.84354725133138087	0.055659125677881685	0.034549617099215071	0.087272054973823066	0.77644027100851853	0.85267000451416886	0.53233524531956289	0.16849955794365853	0.095505260217382898	0.29315480860943666	0.91447263257777645	0.92126748042218576	0.8306620787903477	0.059671273388990184	0.035777766059279958	0.095571977282855491
BGC0002660	NRP	5	123	0.96813849819161502	0.98694638994375605	0.92165308850710592	0.030628755366281981	0.01301547462291348	0.046858405764996891	0.960180748889776	0.97323539897753997	0.91515193476598866	0.030184996394473317	0.016253567016061087	0.048177066404215929	0.96784253498780348	0.98691381141428969	0.92086160873761225	0.030909240938345038	0.013138306031224034	0.047319408389872253
BGC0002661	NRP	16	112	0.9504722458886562	0.94695183338883671	0.88916319831202839	0.032323857350402607	0.02001522002403331	0.043597750054877871	0.88959497369500196	0.8962489330267005	0.74144037229278459	0.076424690809811416	0.045195270898748932	0.10603878404144607	0.95330876388818808	0.95137665831713281	0.89708167458759025	0.029961396703654348	0.018857418836396932	0.040127207253595643
BGC0002662	NRP	67	61	0.7987344464386823	0.80164346028727373	0.61932732030949122	0.11042708558125183	0.084166308560299802	0.1685633826385079	0.66449257471640244	0.62665391441023088	0.24430955507364396	0.21275358784026802	0.14478246567076128	0.29497432937170165	0.84763831415870894	0.86224631562306864	0.67411875607543925	0.079778431678171155	0.062974909494113995	0.099087423044574852
BGC0002663	RiPP	15	113	0.98320051845620249	0.98371478953047342	0.9692817313996156	0.007512519862960255	0.0067870984927989268	0.0095794235377161252	0.90135291821042929	0.95410192812243766	0.76061063617472491	0.09408928602404365	0.0413049688469697	0.15285609210200035	0.9848904343016146	0.98431177342673648	0.97153014502343393	0.0065354475386641356	0.0060964035211663603	0.009064148997546595
BGC0002665	RiPP	8	120	0.92621610882934746	0.92144746861087934	0.88454485617701983	0.035572820896509441	0.030283301380589787	0.036063274993159755	0.89596219287425927	0.90005312419563666	0.81267608118130574	0.052092920621741326	0.042971544080757831	0.074706878563458035	0.92020879365335251	0.92163035897271639	0.86473987616069781	0.040952772743323644	0.032795959104455277	0.041436263630698078
BGC0002666	NRP Alkaloid	25	103	0.95204796691539462	0.95195707023273801	0.88656597067282727	0.035724067549415407	0.019400787066446479	0.045824094681079286	0.91759894109854712	0.92193827593498812	0.83722884603455927	0.055034617626110463	0.033839476112045699	0.06545043720502064	0.95027316922047922	0.95952468669813706	0.8570119106263363	0.043683235863567871	0.020138343188168872	0.051954637015467431
BGC0002667	RiPP	25	103	0.88846558229343287	0.90612587492170416	0.76557012322703777	0.074255094456159937	0.047759390453502679	0.11286373119091719	0.52553776963151455	0.51602998410571022	0.15733879099987361	0.26173636575890086	0.23327379475002288	0.45182244980999064	0.91770548657082074	0.93685493721645852	0.79695448686143389	0.063380111271574932	0.034556924912305977	0.097952472771170473
BGC0002668	RiPP	13	115	0.99766570704016377	0.99876935568919578	0.99475758356757693	0.0019504864839244957	0.00093492213149475316	0.0028101251713543718	0.91700274823546812	0.9296070660733371	0.82286032075262161	0.052197783150199788	0.03397195881539785	0.066339242021347888	0.99814688798536388	0.99900305985498172	0.99588220292968788	0.0015353395383121708	0.00074221549285136135	0.0022158195603055875
BGC0002669	RiPP	42	86	0.97637307651975525	0.99090420112214228	0.94159452562081591	0.022540465357077284	0.0097178614276880685	0.03510183604471806	0.90199555497945794	0.98562839168753502	0.76009180103037732	0.11163440001295576	0.041355549841935769	0.17687470948747874	0.98164362416703066	0.9911521543962365	0.95310912850911178	0.016427191352214897	0.0074796896165234324	0.024563589975290623
BGC0002670	Other	13	115	0.87617898960669383	0.89109910021393635	0.7394315331682233	0.076821638503707254	0.050853941711915748	0.11387492535532207	0.88539629984339074	0.90682727682243613	0.78504292895880068	0.066638690890974045	0.047001404222404106	0.10313805867119075	0.87355411244681169	0.88806723926601039	0.73043809663048853	0.079380448219039376	0.051961339279845628	0.11669142321290071
BGC0002671	Polyketide	33	95	0.9848087479540284	0.99121315984933289	0.96630217480618597	0.011719261475199883	0.0060973970352885985	0.016579268689656201	0.97080025284357596	0.97827349678457776	0.93340710245293901	0.018135039291788065	0.011767506081690327	0.024631125241338925	0.98630303591859891	0.99178058979579597	0.97118152532865265	0.010433237247459488	0.0054953124955353875	0.015073278246171551
BGC0002672	Polyketide	29	99	0.940274684846783	0.95280336415023026	0.86379067297328838	0.038715927619026473	0.024264018544227238	0.056334444062793532	0.88666107188569288	0.90492118174151792	0.72455615880752811	0.070618322039268697	0.047000385566955204	0.078298731583834491	0.94908925155651613	0.95665594022420541	0.87544990493752106	0.032781916129413058	0.020675550756020587	0.048844511303680171
BGC0002673	Polyketide Alkaloid	22	106	0.95787806507885376	0.97616134611276051	0.89016619148556464	0.03625008173726494	0.017101900722905537	0.051534986423105833	0.96422006541009286	0.95973860351761364	0.94188136621627017	0.01915629836117734	0.014445099583302468	0.026940977361805896	0.95196064490969001	0.97091534220120201	0.87069418119739994	0.042024413572022856	0.019583054227044629	0.059132868615650036
BGC0002674	RiPP	5	123	0.89705710757646817	0.90490295108589969	0.75439241503223042	0.066288696805691952	0.042585508276698311	0.095409163079751336	0.5883331767309844	0.62380919900504161	0.13250845087781501	0.19913022031181202	0.18955923475279143	0.3543153709531216	0.89631818927403817	0.90225194402522924	0.75004639274091311	0.068445945708270853	0.042871563400759725	0.09698142901744633
BGC0002675	Polyketide	13	115	0.88846740513973277	0.89701025296114945	0.73802098098934865	0.065392898619356862	0.045835884087351862	0.099794598792008804	0.88896389920118857	0.89883524184288566	0.77053402273641514	0.064768011641861786	0.045598257088834845	0.088041113759716794	0.8840937006918157	0.89400396224952572	0.72180009589525829	0.070320489807519038	0.047681013264667983	0.10629753328657598
BGC0002676	NRP	76	52	0.98786637300763247	0.98942031380616058	0.97462208656187965	0.0072838737041691541	0.0048820345707982771	0.011677593522307905	0.98007981137158584	0.98569615487784779	0.95169189144659261	0.014721253255899408	0.0080802817393616604	0.022901806002743941	0.98553477203428597	0.99066253424361994	0.96791379087106322	0.01159623842451595	0.0058035810657553807	0.015850313374993319
BGC0002677	Other	18	110	0.92984888659222231	0.94013000794793766	0.8334352281073234	0.050300141602112936	0.028484022978670986	0.045016658051472924	0.84180195097338095	0.87120454111157319	0.66700153342705337	0.11458234729439591	0.065801899467892278	0.094283993113036924	0.93807947708256578	0.9499949178053726	0.85371196249833992	0.041960223915861697	0.02509026512125543	0.03951552145404813
BGC0002678	NRP	14	114	0.98908951218427976	0.99042401434792859	0.97518144728763045	0.0067656075206911021	0.0043767815997280525	0.009619681125560442	0.97998824046946509	0.98542565234600965	0.95660535891761345	0.013220492851800518	0.0080473708588782115	0.020558359567285134	0.98886231910251809	0.98967875364063174	0.97555044570759686	0.0065658938537359463	0.0044689296542181232	0.0091390612253839931
BGC0002679	NRP	10	118	0.87817453805591494	0.949007952311133	0.67644457842778993	0.12319547145870928	0.051156915715782805	0.19312274951035369	0.72743106361440502	0.88935661888611839	0.39645116678730347	0.24335046813412892	0.1183721952365191	0.42687876600512475	0.87984302179739515	0.95081194630305488	0.68341581101285553	0.12266885711760889	0.050300921402241981	0.19029041872060604
BGC0002680	NRP	13	115	0.94898890258132274	0.96859504831302456	0.89306617179072301	0.032446237272975478	0.020840488052490946	0.055581989263706721	0.93805133174163213	0.95424562101686838	0.85978628671716684	0.045781168396904395	0.025280705586961293	0.071212452335848608	0.94753266693308491	0.96605603415572383	0.89591662783856474	0.030589677935424886	0.021461896940151836	0.054771397084895757
BGC0002681	Other	7	121	0.74808677197812135	0.74421670385933025	0.63275836117228434	0.082286690647037516	0.10724920501423485	0.1564867944650753	0.53890451111375282	0.54863383258094478	0.33314364927095186	0.17299553240717211	0.20599781642178669	0.3185585200774026	0.75242022484529547	0.74870528648209622	0.62813054266264101	0.081745539850251667	0.10531525255174894	0.16035005792286194
BGC0002682	Other	8	120	0.94030264138688957	0.95058509825855675	0.88193646024332517	0.039537881442678648	0.024221950734745912	0.060937742657260152	0.91489768424442242	0.91911298007107733	0.84336427351626053	0.044117727953631378	0.034747382677953811	0.066297396360636585	0.93866484287108976	0.95065629010592345	0.87778556330975333	0.041552915349026914	0.024893977628896578	0.063911292849844537
BGC0002683	Other	10	118	0.93816283302388181	0.94515049614586299	0.85399109167961418	0.037164086139797235	0.025110795922137542	0.051239918673514628	0.68159286820165865	0.72528628276371554	0.35711441597664828	0.23257855667668215	0.13681344973920684	0.37505543654290552	0.94439193722588277	0.95002618701685804	0.87041767654871516	0.032698715843362806	0.022564086819523287	0.045828089929071725
BGC0002685	NRP	9	119	0.98241103642004712	0.98558920827101582	0.96190478238178068	0.0098474000255599249	0.0070645573150463605	0.015377257584549109	0.98075602420562968	0.98574177058295698	0.95480025920054667	0.013416769158392869	0.0077288718727173801	0.018808896241972239	0.98213405996042924	0.98499083790864472	0.9623160915966058	0.0095180894876705866	0.0071770268270267001	0.015185234317280361
BGC0002686	NRP	81	47	0.98946597832510985	0.99108507667701495	0.97520583563306906	0.0060734025691557914	0.0042254882497238851	0.0082463494367727153	0.98890075764979812	0.98956855919205045	0.97671980733218011	0.0054134375244116999	0.0044501059054516288	0.0073261910793731566	0.98303417058786824	0.98806709912775603	0.95403669413195713	0.012767620507908266	0.0068354972695910728	0.017749487760942317
BGC0002687	Polyketide NRP	9	119	0.87791895962369682	0.89476077910692076	0.71672323498123869	0.081825711144005081	0.050126494616433523	0.1183539514766706	0.76900448136839883	0.83869386958771042	0.43397054400836238	0.18030166938527561	0.098831899356620331	0.28997561683787421	0.87769013094921389	0.90413434515467261	0.7313288629296878	0.076321052075099649	0.050218524332344236	0.10784362278761495
BGC0002688	NRP	13	115	0.94580478566247039	0.95129457395903749	0.87681010334142717	0.033813373891836675	0.02209547174799702	0.047298341361006302	0.97220498571349478	0.97969677203175332	0.94327181941634186	0.018396389963014289	0.011187584653552584	0.027916778694225153	0.93381568914657476	0.94776302333997431	0.84920767816208387	0.044884794096764255	0.027123555833658199	0.065967469439168425
BGC0002689	NRP	19	109	0.95282821690191266	0.9626732422894424	0.90452963383771656	0.027260161368676171	0.019157345792013114	0.046705280514460878	0.95303301805981844	0.95395942474059081	0.90682605531887472	0.020308325246934988	0.019068718787701822	0.036214864535093039	0.94882293980379517	0.96448300390807828	0.89151972738764862	0.033997506375769877	0.020826528770053421	0.056278276063840615
BGC0002690	Other	8	120	0.95565881991959623	0.96297879478999304	0.91637528241952637	0.027846955172920636	0.017903087705706543	0.026208140412150138	0.88852153773807352	0.89895345363813495	0.74506615244609153	0.064481331153807678	0.045650799724715065	0.082742862968569475	0.95521819663181484	0.96082252939917001	0.91512098265992803	0.028758719487157757	0.01808193108952505	0.02779535361966079
BGC0002691	NRP	8	120	0.98217832230905944	0.9843008674989342	0.95896379292273637	0.010157133679730678	0.0071782136171163026	0.014088110818535893	0.98424963883686267	0.98554846296389109	0.96796265930670466	0.0087425083891240467	0.0063202645984614444	0.01325388847368647	0.98066321425550274	0.98317575623755293	0.95393601018911567	0.011512681512646636	0.0077957271315693081	0.015881791520325983
BGC0002692	Other	9	119	0.93451473069620405	0.94031186554563695	0.82246761500461307	0.050488436061099935	0.026585014624888159	0.059462076634266281	0.81317435707253305	0.84602589346277546	0.56107663640465233	0.13727742797745565	0.077956126556155844	0.21024109113204226	0.9382109532285694	0.94438762358298567	0.83130505918825304	0.047878706476300978	0.025058289719681937	0.054204501986850118
BGC0002693	NRP	31	97	0.96749001443172844	0.96783194109218784	0.94640368631902616	0.015792935238192994	0.0131664321133669	0.024559337753857102	0.97752793099774582	0.97624298285210731	0.96905518747779051	0.0071197989656261295	0.0090401151135218964	0.012111729805921789	0.95249879892494926	0.95080554275136042	0.92360267997184031	0.024435051212680824	0.019381246029751265	0.03908167915978733
BGC0002694	Other	12	116	0.89375982345399052	0.90477233966549453	0.84074715951177081	0.03812670625559688	0.043494841662390371	0.053223112653999927	0.81821498654322866	0.82144827949453059	0.65757594027799615	0.076719096433346942	0.075653929469261708	0.10372895370551516	0.89777324523664492	0.90541990491612001	0.85199905472394355	0.036019941779663625	0.041822442549759795	0.049980520045484589
BGC0002695	NRP	10	118	0.92649734484567359	0.93700978867065832	0.88092039409322687	0.034325168173448307	0.029883630556490504	0.039700190981700745	0.94542796269849139	0.94724676162286192	0.90809842298905807	0.025687405761080116	0.02208224316335845	0.033196511358314806	0.92334070603717477	0.93511446004688925	0.87550529836139357	0.035493988554674616	0.031197302249148982	0.04217332967522669
BGC0002696	NRP	11	117	0.96137909755508288	0.96820028951732817	0.92404387494762152	0.016510895387751041	0.015752441024626716	0.023231636443584947	0.96416343582538855	0.96740122140516549	0.91998000551485259	0.018783901103415903	0.014486888305438294	0.024933069733309887	0.95606165723455983	0.96158998770073645	0.90346369575975449	0.021772174963576384	0.017982710817404414	0.02941116633813623
BGC0002697	NRP Polyketide	18	110	0.97873636268259312	0.97896127095531393	0.96342642432768977	0.010981121191027491	0.0085454260047912456	0.017520171402177542	0.98043249912660291	0.98434989265827133	0.96300842376380347	0.010346680964631826	0.0078582767933472967	0.014577308891063789	0.97535422369499225	0.97812492011420193	0.9555545722696458	0.013098256558634972	0.0099129998543611812	0.020273668586932136
BGC0002698	RiPP	8	120	0.83935202057819258	0.85042987518868052	0.62345912000584003	0.089462460341391575	0.066716794628320031	0.11799118655657037	0.69049954392786417	0.76976186896460086	0.34023278419536662	0.24608906627286256	0.13712422648375708	0.27069645108778673	0.84329674490772744	0.86075040418129189	0.63852100742316842	0.085215251054238425	0.064964248815573791	0.11991343126062781
BGC0002699	RiPP	6	122	0.88306436153504164	0.92004017103549685	0.76636171634085537	0.091253973038622385	0.048152280564369196	0.14203001934093928	0.71442993172407221	0.71261976675609895	0.53855429842559766	0.11509158064899025	0.12430875654205879	0.20681915433381615	0.88583757189460999	0.92586517640963661	0.76906618706048635	0.091262677927356442	0.046980483372453065	0.14156046722739801
BGC0002700	RiPP	4	124	0.88179692078690408	0.88192258426149572	0.8015077347051458	0.059230194310031924	0.049028198843028246	0.10173925665927919	0.65774660917856453	0.68625452920191155	0.346471230260952	0.1725626786627899	0.14843885240491717	0.29893088830790138	0.881552569948717	0.88359742342122294	0.79508327182653915	0.05877021473802066	0.049193855799275599	0.10107546388376509
BGC0002701	RiPP	11	117	0.9477145670619741	0.95515484159665087	0.89388999813856729	0.026024027566341163	0.021510086192012869	0.032093771371773383	0.84251457209766301	0.84128203557869785	0.65902974708398609	0.094442595261795631	0.067355232086489192	0.13902340893367471	0.94992271654991034	0.95944215755426809	0.90694260742926358	0.023934509515994552	0.020568678145796902	0.029958773666278637
BGC0002702	NRP	22	106	0.95776714031271182	0.96271864163560261	0.90309038852909207	0.028713637071861659	0.01705322848737989	0.039620180424113083	0.89976135170407756	0.89104323759920923	0.81752265916823919	0.058294241242264712	0.041484757121209671	0.098440419595474671	0.9584850649764316	0.96222002268598106	0.89717044006677305	0.030085835458062236	0.016751202051992386	0.03946548628857649
BGC0002703	RiPP	9	119	0.98601008543375879	0.99620261950718692	0.96439040896216977	0.014301466658376198	0.005613844827241565	0.019211164382717416	0.97059307936368244	0.98044878028663596	0.93499492475326151	0.022404284786650162	0.011859880129159794	0.032676854573112535	0.9843855153279355	0.99620941926703599	0.95907294816172795	0.016529268522271	0.0062666803190601691	0.021853017077114734
BGC0002704	RiPP	8	120	0.98171133963932866	0.9810769969745724	0.97189082418349626	0.0048306445906722085	0.0073557233064648116	0.0088600752812830752	0.89157216197300326	0.92442802237026866	0.72188345802185161	0.081420219172640737	0.044716938853936884	0.10465874518543128	0.98199221289770888	0.98182196705871327	0.97378848103454974	0.0041306068110392351	0.0072460557183187998	0.008446543843086296
BGC0002706	NRP	3	125	0.97431902613328347	0.97610995457663718	0.94932074404666378	0.012015397620400579	0.010338259584999321	0.017256837418204829	0.97649274897856242	0.97946399042053289	0.95984944187462495	0.007929524066060907	0.0094484978725233541	0.014070204490960081	0.97378057295190312	0.97570503969839506	0.94817408460590491	0.012301894958838872	0.010557413770532676	0.017896161502379826
BGC0002707	Terpene	5	123	0.88889087758752861	0.90083687261410861	0.79830867243551518	0.062348177067688922	0.046916437599144899	0.095075987444871113	0.72952832033151183	0.82137488156852179	0.41061147606181958	0.23488137616461635	0.11753293956211634	0.39939974278809454	0.89010137961204949	0.89654051985712879	0.80852808390605946	0.062730042557238394	0.046373794287811833	0.097316354455545873
BGC0002708	Terpene	1	127	0.80639393466973497	0.83598437538743853	0.57754193350717564	0.11231190643277333	0.081139208424364145	0.17493564621317981	0.66294752063206119	0.67640521949115984	0.41038841834687062	0.13059304623205839	0.14587085885130735	0.23615143749263212	0.80648248513118781	0.83501563941332746	0.57659423677076849	0.11257972188049647	0.081104990503419377	0.17579507996678301
BGC0002709	Polyketide	11	117	0.98592011592952089	0.99295831035267024	0.9660956180767033	0.012569406901932039	0.0056622331499407872	0.015790772993869551	0.9843452126604092	0.98551776118906742	0.96302120280074599	0.010366821905604274	0.0062904087604012341	0.013663678951037705	0.98567485518650089	0.99294342884121001	0.96477648056342169	0.01285302047890945	0.0057619783840824335	0.016097734659374141
BGC0002710	NRP	8	120	0.88750820981422618	0.8946093707801368	0.79868259187321822	0.045915415012166554	0.046411643939165748	0.074584403751045025	0.84728484718000363	0.85489601737920995	0.67100641921386295	0.086315008145844363	0.064334055622374792	0.12207040922663726	0.88793430133540363	0.89572539072073087	0.79320113117253988	0.046565662924607641	0.046204818385737936	0.077985041519126219
BGC0002711	Polyketide	7	121	0.79226557891670135	0.79766415480154151	0.6204369389395894	0.091119475697507779	0.087130109887763818	0.1436393884227104	0.66117860716670784	0.65841429273314178	0.46637419401878516	0.16588202302539953	0.14997435235898701	0.31970447355250986	0.79635902409284876	0.79735681612052245	0.63099251370444609	0.091642008042408213	0.085296247094368824	0.14688469116758029
BGC0002712	Polyketide	23	105	0.94240823871673318	0.95017761063201633	0.88353567077401507	0.029668676451622106	0.023407922981614183	0.036016317364228834	0.84741580322452015	0.85371762173159782	0.73401539980753472	0.066443551471092085	0.064229237072498321	0.13156005405260585	0.94453244483407528	0.94903407929897454	0.88356229110752882	0.029970854355564062	0.022520429633111027	0.033398889507231688
BGC0002713	NRP	42	86	0.98199291422107282	0.98479923167995542	0.96314836273464144	0.010765936598467989	0.0072327698230134404	0.01508926882062267	0.95387902808034963	0.9591149549265281	0.91044261975590368	0.028471264187240049	0.01864882651013482	0.040495788152573042	0.98419559315109506	0.98512863553401064	0.97075267671676124	0.0076714219353191896	0.006353998933475968	0.0090947681625067611
BGC0002715	NRP Polyketide	41	87	0.9888524029927217	0.9885796985747517	0.97695815651059525	0.0062146006414169437	0.0044751576389540524	0.0067515965055217064	0.99328612069161459	0.99531769588955687	0.98551715862067613	0.0048910142032852055	0.0026897601828535398	0.0070087299152948868	0.98476051659682862	0.98688726471469512	0.9708671177005902	0.0089146246603397858	0.0061290930430570436	0.010286160874833472
BGC0002716	NRP	37	91	0.96728953031230736	0.97918759008118927	0.93578625330339027	0.022697768365128865	0.013178758306050064	0.032902923418628216	0.91147725031508953	0.94311588504034682	0.80428101814628905	0.067261762495804955	0.036172647329051767	0.10357846931314407	0.9685929547860187	0.98140043185066672	0.93492308119599365	0.023921539599166944	0.012687513867582666	0.032225038676224949
BGC0002718	NRP	17	111	0.98498550219967806	0.98703451941888776	0.9719972725218784	0.0075926762983942672	0.0060426621295126322	0.011026017832640567	0.97884563604520913	0.98151621460728489	0.95649394394598719	0.011522744166147174	0.0085084487593602102	0.017996121765930462	0.98321424239808819	0.98699902264998263	0.96610329576858045	0.0095820171707568357	0.0067622811828973008	0.013555785859198477
BGC0002719	NRP	9	119	0.98262202685081479	0.98951002154351198	0.95724208937374	0.012725929887563854	0.007011113493007648	0.019539849271708154	0.97475933502044576	0.98026530908360687	0.94784025332000377	0.017617511099746824	0.01020895979438341	0.027631993850081304	0.9827985397321285	0.98942577534663456	0.95758208709769399	0.012404028065609108	0.0069391508163247021	0.019078618761102284
BGC0002721	Saccharide	4	124	0.86206896795638333	0.86828726017691227	0.69053594682811492	0.076549383696779549	0.056828868728606929	0.11079154762783172	0.63815407461059848	0.70420036041280709	0.22450110188269842	0.2304118810182828	0.1612201689953518	0.26654813317145354	0.86180942319872023	0.86960092205504691	0.69166566906275528	0.076349545664499002	0.056930526347289234	0.11390733252266039
BGC0002722	Alkaloid Terpene Saccharide	22	106	0.86378026949298459	0.87722495257661937	0.76473511097477154	0.056721853754165413	0.05631735137843772	0.10696000064483824	0.9259314617576837	0.9243334983047492	0.89564744725236778	0.018436243016315659	0.030112898901052822	0.037372780553128093	0.83118204342993951	0.8449398366445563	0.71766670639210017	0.065888502276954669	0.070361684304246011	0.13196828779448766
BGC0002723	Terpene	2	126	0.79017767518824589	0.8300837667029044	0.48888927875954219	0.14691213958992544	0.090773879498586091	0.23595999210337704	0.51948072631425324	0.57503445753323956	0.10500779518756898	0.31894975659262326	0.23352191890594115	0.41786796730507869	0.79253024629662916	0.83297929162672912	0.49477033061778225	0.14495838386832494	0.089650014751672974	0.23323187036195858
BGC0002724	Terpene	4	124	0.83250850024518441	0.96511995730428102	0.54406612584605663	0.19269414424073383	0.073646188771898061	0.32606257235222347	0.60595305936578181	0.88696987685037365	0.082526472740125492	0.43100052888563239	0.17789309940776543	0.76358567702487246	0.83485621541781452	0.96648524970218785	0.54812079339151942	0.19019054743309738	0.072482541279195997	0.32054004711046946
BGC0002725	RiPP	2	126	0.74493379421648498	0.81448428416614049	0.40621525118759844	0.20219827090898004	0.11138471123348692	0.34382354615782273	0.70258230014422518	0.75485379576807787	0.22526256892812957	0.21450335079381821	0.12859744155648678	0.26114835127935043	0.74405384140171371	0.81386374141437079	0.4028109840590039	0.2030458188726719	0.11181044612970845	0.3464552141005246
BGC0002726	Polyketide	20	108	0.97532375191615217	0.98250700116934375	0.94319436156352432	0.01889320418066491	0.0099215014395642957	0.025865000918291692	0.97637730868258443	0.9788428853085076	0.94500871244631779	0.015545362134776048	0.0094980656984110061	0.018924965186739029	0.97403382088171386	0.98097698427950453	0.94086792247992368	0.019907861266039904	0.010442668675499278	0.027396203720841283
BGC0002729	Polyketide	10	118	0.97442374526505871	0.98055138048065948	0.93065799845830066	0.021747365244002451	0.01029208815340903	0.027840566005656653	0.9664536199553847	0.97856251599446997	0.91415617227867862	0.026991832526746209	0.013514016884973844	0.034479155641660708	0.97366995824213931	0.98021036977393838	0.93046574255216719	0.021484106253094642	0.010599154917613296	0.02760755369046819
BGC0002731	Polyketide	13	115	0.9879713873636119	0.98848072397819164	0.97983245055451929	0.0056218495571844019	0.0048237818426533517	0.0078804145064296227	0.98847111836430346	0.99185563879452543	0.97390337353561396	0.0079406351955412235	0.0046247201299301375	0.010215903941436566	0.98680511022978679	0.9878233537402642	0.97765338072272667	0.0061233745275686971	0.0052931215505477745	0.0084628107695622345
BGC0002732	Polyketide	37	91	0.9606505443213329	0.97038231887054116	0.90889541407062646	0.026990971149277083	0.015936012037434756	0.041876186997227394	0.9187193029078502	0.93943077989410695	0.800388548426202	0.060417312193706676	0.033214209756806667	0.084580731751333071	0.9679412397139755	0.97611798060773225	0.93823232552663494	0.018706459033061975	0.012951383802473581	0.031794259962512061
BGC0002733	Other	13	115	0.82604205818236154	0.83929975576363014	0.63359772237476775	0.092619644920193325	0.072311437685718266	0.13458617394528105	0.73478793516523044	0.77212143696568192	0.23850917655873446	0.19600944976233248	0.11301500470482125	0.25795729042444782	0.83057520552969633	0.847017422162746	0.66490255773378504	0.087586120318598915	0.07033504540071947	0.13381420594104909
BGC0002734	Polyketide	7	121	0.99428409886894276	0.99441925608825432	0.99098045678763569	0.0017805508483069242	0.0022893064133869601	0.0030263709307161157	0.9796090484764669	0.99103303809586962	0.95141198767847834	0.018872330589401982	0.0081980919146009464	0.02438996440867458	0.99437222320421115	0.99489581462510301	0.99068673755227066	0.0018994337873914171	0.0022539609785179105	0.0029922751294345629
BGC0002735	Polyketide NRP	20	108	0.99117495408609901	0.99227130263755103	0.98055913173568321	0.0051651148307874199	0.0035403312254218998	0.0062941528090271204	0.97887117272619883	0.98467130551612991	0.94263573578419158	0.016760117213374014	0.008488675532636613	0.018943907955727313	0.98980831950643233	0.99133180436445101	0.97339899251602657	0.0072655649698346782	0.0040906827715988968	0.0080589080131858726
BGC0002736	Terpene	2	126	0.9713171320554318	0.97374651379209531	0.94709087261383529	0.014277646480681994	0.011588842178119795	0.021739337789583257	0.93264656079682029	0.93775463984475671	0.86195582308706642	0.0477204747873443	0.028168504044438068	0.074363225565470703	0.97061773821664443	0.97343328418379405	0.94529164295189283	0.014839071388602585	0.011879407584490598	0.022624735406867602
BGC0002745	Polyketide	10	118	0.98670542919570681	0.98596267213657018	0.97774513138033692	0.0059319571285947935	0.0053356137526504588	0.0089471855646628962	0.98958219107549739	0.98881127929942658	0.9819593683186032	0.0064047730005537895	0.0041811447495243344	0.0064571951543851425	0.98573085193722998	0.98537432657105462	0.97542041466199192	0.006369139259669125	0.0057282929507638022	0.009845008203499761
BGC0002746	RiPP	17	111	0.92347474081943393	0.92020266981404264	0.85191842132312312	0.045525221620396503	0.03179503728545776	0.05544872398046008	0.74992117502706968	0.81582780296596757	0.51805620471310843	0.14403722664270924	0.10756142319368156	0.1957354440407153	0.93540192915764853	0.94872213487656309	0.87151351497846652	0.043681517416667141	0.02681410927947836	0.052677602034265969
BGC0002747	RiPP	11	117	0.90008697944040361	0.90966670942759864	0.7493427706034419	0.068551846679197032	0.041161896257070965	0.075302008548388866	0.90373274005124915	0.92494717250892178	0.80239776916983452	0.06408534492608535	0.039306136303143835	0.095674285326011521	0.89714904542466789	0.91039103005878097	0.74168993288068863	0.07019519308111713	0.042452505069404831	0.075087748518567254
BGC0002749	NRP Polyketide	4	124	0.95277289035744861	0.97177313778289698	0.88170721581122213	0.045166560377613185	0.019127311031464277	0.061665560209523185	0.93520287660827195	0.96170091951842185	0.81766442372421433	0.061494841663070364	0.026384280853341546	0.078846450616632868	0.9528460318294707	0.97181021874364037	0.88309066031574768	0.044835052022138562	0.019097701856179629	0.061552936783278667
